timestamp,temp,rhum,prcp,wdir,wspd,cldc,pres,coco
2023-01-01 00:00:00,23.0,83,0.0,285,5.4,7,1014.0,2
2023-01-01 01:00:00,23.0,83,0.0,10,7.6,7,1015.0,2
2023-01-01 02:00:00,25.0,74,0.2,360,13.0,7,1016.0,2
2023-01-01 03:00:00,27.0,66,0.4,20,14.8,7,1015.0,2
2023-01-01 04:00:00,29.0,58,0.0,10,11.2,7,1014.0,3
2023-01-01 05:00:00,30.0,52,0.0,10,14.8,7,1013.0,3
2023-01-01 06:00:00,30.0,52,0.0,356,9.4,7,1012.0,3
2023-01-01 07:00:00,30.0,55,0.0,4,7.6,7,1011.0,3
2023-01-01 08:00:00,31.0,52,0.0,360,11.2,7,1010.0,3
2023-01-01 09:00:00,31.0,52,0.0,18,11.2,7,1010.0,3
2023-01-01 10:00:00,30.0,55,0.0,60,11.2,7,1010.0,3
2023-01-01 11:00:00,28.0,66,0.0,50,7.6,7,1011.0,3
2023-01-01 12:00:00,28.0,66,0.0,350,3.6,7,1011.0,3
2023-01-01 13:00:00,28.0,70,0.0,350,9.4,7,1012.0,3
2023-01-01 14:00:00,27.0,70,0.0,10,9.4,7,1013.0,2
2023-01-01 15:00:00,26.0,70,0.0,7,5.4,6,1013.0,2
2023-01-01 16:00:00,25.0,78,0.0,40,7.6,6,1014.0,2
2023-01-01 17:00:00,25.0,74,0.0,356,3.6,6,1014.0,2
2023-01-01 18:00:00,24.0,83,0.0,330,7.6,6,1013.0,2
2023-01-01 19:00:00,24.0,83,0.0,330,7.6,6,1013.0,2
2023-01-01 20:00:00,23.0,88,0.0,340,7.6,6,1012.0,2
2023-01-01 21:00:00,23.0,88,0.0,330,3.6,6,1012.0,2
2023-01-01 22:00:00,23.0,88,0.0,61,1.8,6,1013.0,2
2023-01-01 23:00:00,23.0,88,0.0,3,3.6,7,1014.0,2
2023-01-02 00:00:00,24.0,83,0.0,338,5.4,7,1014.0,2
2023-01-02 01:00:00,25.0,78,0.0,40,5.4,7,1015.0,3
2023-01-02 02:00:00,27.0,74,0.0,39,5.4,7,1016.0,3
2023-01-02 03:00:00,28.0,70,0.0,38,5.4,6,1016.0,3
2023-01-02 04:00:00,29.0,70,0.0,330,7.6,7,1015.0,2
2023-01-02 05:00:00,31.0,62,0.0,310,9.4,7,1014.0,3
2023-01-02 06:00:00,31.0,62,0.0,320,7.6,7,1013.0,3
2023-01-02 07:00:00,32.0,59,0.0,310,9.4,7,1011.0,3
2023-01-02 08:00:00,31.0,62,0.0,300,9.4,7,1010.0,3
2023-01-02 09:00:00,31.0,59,0.0,320,11.2,7,1011.0,3
2023-01-02 10:00:00,27.0,89,0.0,24,5.4,7,1011.0,3
2023-01-02 11:00:00,26.0,94,0.0,200,9.4,7,1012.0,3
2023-01-02 12:00:00,27.0,89,0.0,220,7.6,7,1013.0,3
2023-01-02 13:00:00,27.0,89,0.0,220,7.6,7,1013.0,3
2023-01-02 14:00:00,27.0,89,0.0,160,5.4,7,1014.0,3
2023-01-02 15:00:00,27.0,89,0.0,11,3.6,7,1014.0,3
2023-01-02 16:00:00,26.0,94,0.0,18,1.8,6,1014.0,2
2023-01-02 17:00:00,26.0,94,0.0,356,1.8,6,1014.0,2
2023-01-02 18:00:00,25.0,100,0.0,280,3.6,6,1013.0,2
2023-01-02 19:00:00,25.0,100,0.0,320,5.4,6,1013.0,2
2023-01-02 20:00:00,25.0,94,0.0,350,7.6,6,1012.0,2
2023-01-02 21:00:00,24.0,94,0.0,30,5.4,6,1012.0,2
2023-01-02 22:00:00,24.0,94,0.0,303,1.8,6,1013.0,2
2023-01-02 23:00:00,24.0,89,0.0,325,5.4,7,1013.0,3
2023-01-03 00:00:00,24.0,94,0.0,276,3.6,7,1014.0,3
2023-01-03 01:00:00,26.0,84,0.0,20,9.4,7,1014.0,3
2023-01-03 02:00:00,28.0,74,0.0,30,11.2,7,1014.0,3
2023-01-03 03:00:00,29.0,70,0.0,80,16.6,7,1014.0,3
2023-01-03 04:00:00,31.0,59,0.0,70,11.2,6,1014.0,2
2023-01-03 05:00:00,32.0,52,0.0,70,13.0,7,1013.0,3
2023-01-03 06:00:00,33.0,49,0.0,50,14.8,7,1011.0,3
2023-01-03 07:00:00,33.0,49,0.0,50,13.0,7,1010.0,3
2023-01-03 08:00:00,33.0,46,0.0,50,14.8,7,1009.0,3
2023-01-03 09:00:00,32.0,49,0.3,50,13.0,7,1009.0,7
2023-01-03 10:00:00,31.0,55,0.7,10,7.6,7,1010.0,2
2023-01-03 11:00:00,31.0,52,0.0,40,11.2,7,1011.0,2
2023-01-03 12:00:00,28.0,84,0.0,120,16.6,7,1012.0,3
2023-01-03 13:00:00,27.0,89,0.0,5,5.4,7,1013.0,2
2023-01-03 14:00:00,28.0,62,0.0,40,13.0,6,1013.0,2
2023-01-03 15:00:00,28.0,58,0.0,40,16.6,6,1014.0,2
2023-01-03 16:00:00,27.0,66,0.0,20,11.2,6,1013.0,2
2023-01-03 17:00:00,26.0,70,0.0,30,11.2,6,1013.0,2
2023-01-03 18:00:00,26.0,70,0.0,30,11.2,6,1012.0,2
2023-01-03 19:00:00,25.0,74,0.0,30,9.4,6,1012.0,2
2023-01-03 20:00:00,25.0,74,0.0,20,7.6,6,1011.0,2
2023-01-03 21:00:00,24.0,78,0.0,292,5.4,6,1011.0,2
2023-01-03 22:00:00,24.0,78,0.0,20,9.4,6,1012.0,2
2023-01-03 23:00:00,24.0,83,0.0,30,3.6,7,1012.0,2
2023-01-04 00:00:00,24.0,83,0.0,20,9.4,7,1012.0,2
2023-01-04 01:00:00,25.0,78,0.0,30,7.6,7,1013.0,3
2023-01-04 02:00:00,27.0,70,0.0,30,16.6,7,1013.0,3
2023-01-04 03:00:00,28.0,66,0.0,40,13.0,7,1013.0,3
2023-01-04 04:00:00,31.0,52,0.0,30,16.6,7,1013.0,3
2023-01-04 05:00:00,32.0,46,0.0,40,16.6,7,1012.0,3
2023-01-04 06:00:00,33.0,46,0.0,40,16.6,8,1011.0,3
2023-01-04 07:00:00,32.0,46,0.0,40,22.3,7,1010.0,3
2023-01-04 08:00:00,31.0,49,0.0,30,18.4,7,1009.0,7
2023-01-04 09:00:00,31.0,49,0.0,30,18.4,7,1009.0,7
2023-01-04 10:00:00,30.0,55,0.1,20,16.6,7,1010.0,3
2023-01-04 11:00:00,29.0,55,0.0,30,18.4,7,1011.0,3
2023-01-04 12:00:00,28.0,62,0.0,20,14.8,8,1011.0,3
2023-01-04 13:00:00,28.0,58,0.0,30,20.5,8,1012.0,3
2023-01-04 14:00:00,27.0,62,0.0,40,14.8,7,1013.0,3
2023-01-04 15:00:00,27.0,66,0.0,30,11.2,7,1013.0,3
2023-01-04 16:00:00,26.0,70,0.0,30,13.0,7,1012.0,3
2023-01-04 17:00:00,26.0,70,0.0,30,14.8,7,1012.0,3
2023-01-04 18:00:00,26.0,70,0.2,20,14.8,7,1012.0,3
2023-01-04 19:00:00,25.0,74,0.0,30,14.8,7,1011.0,3
2023-01-04 20:00:00,25.0,74,0.0,10,13.0,7,1011.0,3
2023-01-04 21:00:00,25.0,74,0.0,20,13.0,7,1010.0,3
2023-01-04 22:00:00,25.0,74,0.0,20,11.2,7,1011.0,7
2023-01-04 23:00:00,25.0,74,0.0,10,11.2,8,1011.0,7
2023-01-05 00:00:00,25.0,78,0.0,10,11.2,8,1012.0,7
2023-01-05 01:00:00,25.0,78,0.0,20,11.2,8,1012.0,7
2023-01-05 02:00:00,26.0,74,0.0,40,18.4,8,1013.0,7
2023-01-05 03:00:00,27.0,70,0.1,20,18.4,8,1013.0,7
2023-01-05 04:00:00,28.0,66,0.0,20,18.4,8,1012.0,7
2023-01-05 05:00:00,28.0,62,0.0,30,24.1,8,1011.0,7
2023-01-05 06:00:00,28.0,66,0.7,30,22.3,8,1011.0,7
2023-01-05 07:00:00,27.0,70,0.5,30,18.4,8,1010.0,8
2023-01-05 08:00:00,27.0,74,0.1,10,18.4,8,1009.0,8
2023-01-05 09:00:00,27.0,70,0.3,20,20.5,8,1010.0,8
2023-01-05 10:00:00,26.0,74,0.7,20,24.1,8,1010.0,7
2023-01-05 11:00:00,25.0,78,0.0,20,24.1,8,1011.0,7
2023-01-05 12:00:00,25.0,74,0.0,30,18.4,8,1011.0,3
2023-01-05 13:00:00,25.0,74,0.0,30,18.4,8,1012.0,3
2023-01-05 14:00:00,25.0,74,0.2,30,18.4,7,1012.0,3
2023-01-05 15:00:00,25.0,74,0.6,30,20.5,7,1012.0,3
2023-01-05 16:00:00,24.0,78,2.4,30,14.8,7,1012.0,3
2023-01-05 17:00:00,23.0,88,1.8,20,14.8,8,1012.0,3
2023-01-05 18:00:00,23.0,88,0.2,10,11.2,8,1011.0,7
2023-01-05 19:00:00,22.0,94,0.0,20,13.0,8,1011.0,3
2023-01-05 20:00:00,22.0,88,2.7,20,9.4,8,1010.0,3
2023-01-05 21:00:00,23.0,83,4.0,350,11.2,8,1010.0,3
2023-01-05 22:00:00,22.0,88,0.0,350,9.4,8,1010.0,3
2023-01-05 23:00:00,22.0,88,0.6,360,11.2,8,1011.0,3
2023-01-06 00:00:00,23.0,88,0.8,360,11.2,8,1011.0,3
2023-01-06 01:00:00,24.0,78,0.1,10,9.4,8,1012.0,3
2023-01-06 02:00:00,25.0,74,0.3,20,11.2,8,1013.0,3
2023-01-06 03:00:00,26.0,65,0.4,20,14.8,8,1013.0,3
2023-01-06 04:00:00,27.0,62,0.0,20,24.1,8,1012.0,7
2023-01-06 05:00:00,29.0,55,0.0,30,20.5,8,1011.0,7
2023-01-06 06:00:00,29.0,55,0.0,30,20.5,8,1010.0,7
2023-01-06 07:00:00,30.0,52,4.5,20,18.4,8,1009.0,7
2023-01-06 08:00:00,29.0,55,2.6,30,22.3,8,1009.0,7
2023-01-06 09:00:00,29.0,55,0.3,20,18.4,8,1009.0,7
2023-01-06 10:00:00,28.0,58,0.0,20,14.8,8,1010.0,3
2023-01-06 11:00:00,28.0,58,0.0,20,18.4,8,1010.0,3
2023-01-06 12:00:00,27.0,62,0.0,30,18.4,8,1011.0,3
2023-01-06 13:00:00,27.0,62,0.0,20,14.8,8,1011.0,3
2023-01-06 14:00:00,27.0,66,0.0,20,14.8,7,1012.0,3
2023-01-06 15:00:00,26.0,65,0.0,20,16.6,7,1012.0,3
2023-01-06 16:00:00,26.0,65,0.0,30,14.8,7,1012.0,3
2023-01-06 17:00:00,26.0,65,0.0,10,14.8,7,1012.0,3
2023-01-06 18:00:00,25.0,69,0.0,360,11.2,7,1011.0,3
2023-01-06 19:00:00,25.0,69,0.0,10,11.2,7,1010.0,3
2023-01-06 20:00:00,25.0,69,0.0,360,9.4,7,1010.0,3
2023-01-06 21:00:00,25.0,69,0.0,10,9.4,7,1009.0,3
2023-01-06 22:00:00,24.0,74,0.0,350,9.4,7,1010.0,3
2023-01-06 23:00:00,24.0,74,0.1,360,11.2,8,1010.0,3
2023-01-07 00:00:00,24.0,74,0.0,10,13.0,8,1011.0,3
2023-01-07 01:00:00,25.0,69,0.2,10,11.2,8,1011.0,3
2023-01-07 02:00:00,25.0,69,0.0,20,13.0,8,1012.0,3
2023-01-07 03:00:00,27.0,62,0.0,20,16.6,8,1012.0,3
2023-01-07 04:00:00,28.0,62,0.0,20,18.4,8,1011.0,7
2023-01-07 05:00:00,28.0,58,0.2,30,18.4,8,1011.0,7
2023-01-07 06:00:00,28.0,58,0.2,10,16.6,8,1010.0,7
2023-01-07 07:00:00,29.0,55,0.0,20,14.8,8,1009.0,7
2023-01-07 08:00:00,28.0,58,0.0,20,14.8,8,1008.0,7
2023-01-07 09:00:00,28.0,58,0.0,10,16.6,8,1008.0,7
2023-01-07 10:00:00,27.0,62,0.0,10,14.8,8,1009.0,7
2023-01-07 11:00:00,26.0,65,0.0,350,16.6,8,1009.0,7
2023-01-07 12:00:00,26.0,65,0.0,10,13.0,8,1010.0,7
2023-01-07 13:00:00,25.0,69,0.0,10,14.8,8,1010.0,3
2023-01-07 14:00:00,25.0,69,1.0,10,13.0,8,1011.0,3
2023-01-07 15:00:00,25.0,69,0.2,10,13.0,7,1012.0,3
2023-01-07 16:00:00,24.0,74,0.0,360,11.2,8,1011.0,7
2023-01-07 17:00:00,24.0,74,0.2,10,11.2,8,1011.0,7
2023-01-07 18:00:00,24.0,74,0.6,332,5.4,8,1011.0,7
2023-01-07 19:00:00,23.0,78,0.4,326,5.4,7,1010.0,7
2023-01-07 20:00:00,23.0,78,0.8,320,3.6,7,1010.0,3
2023-01-07 21:00:00,23.0,78,0.6,320,3.6,7,1010.0,3
2023-01-07 22:00:00,23.0,78,0.5,342,5.4,7,1010.0,7
2023-01-07 23:00:00,23.0,78,0.3,340,7.6,8,1010.0,7
2023-01-08 00:00:00,23.0,78,0.0,340,7.6,8,1011.0,7
2023-01-08 01:00:00,24.0,78,0.0,340,7.6,8,1011.0,7
2023-01-08 02:00:00,25.0,74,0.0,350,9.4,7,1012.0,7
2023-01-08 03:00:00,27.0,66,0.0,350,9.4,7,1012.0,7
2023-01-08 04:00:00,28.0,66,0.0,341,5.4,8,1011.0,7
2023-01-08 05:00:00,28.0,66,0.0,320,7.6,8,1011.0,8
2023-01-08 06:00:00,29.0,62,0.0,343,5.4,8,1010.0,8
2023-01-08 07:00:00,29.0,58,0.1,347,3.6,8,1010.0,8
2023-01-08 08:00:00,29.0,62,0.0,351,1.8,8,1009.0,9
2023-01-08 09:00:00,29.0,62,0.0,290,7.6,8,1009.0,9
2023-01-08 10:00:00,28.0,70,0.0,270,11.2,8,1009.0,8
2023-01-08 11:00:00,28.0,70,0.0,270,5.4,8,1010.0,8
2023-01-08 12:00:00,27.0,79,0.0,260,9.4,8,1011.0,7
2023-01-08 13:00:00,27.0,79,0.0,280,7.6,8,1012.0,7
2023-01-08 14:00:00,27.0,79,0.0,359,5.4,8,1012.0,7
2023-01-08 15:00:00,26.0,84,0.5,340,9.4,8,1012.0,7
2023-01-08 16:00:00,25.0,89,0.3,4,3.6,8,1012.0,7
2023-01-08 17:00:00,25.0,89,0.8,348,5.4,8,1013.0,3
2023-01-08 18:00:00,25.0,89,4.3,323,3.6,8,1012.0,3
2023-01-08 19:00:00,25.0,89,0.6,320,3.6,8,1012.0,3
2023-01-08 20:00:00,25.0,89,0.9,301,5.4,8,1011.0,3
2023-01-08 21:00:00,25.0,94,0.4,90,9.4,7,1011.0,3
2023-01-08 22:00:00,25.0,94,0.3,353,1.8,8,1011.0,7
2023-01-08 23:00:00,25.0,94,1.6,313,1.8,8,1011.0,7
2023-01-09 00:00:00,25.0,94,2.4,298,3.6,8,1012.0,7
2023-01-09 01:00:00,26.0,89,1.8,22,3.6,8,1013.0,7
2023-01-09 02:00:00,27.0,84,1.4,21,5.4,8,1013.0,7
2023-01-09 03:00:00,30.0,75,0.0,70,3.6,8,1014.0,7
2023-01-09 04:00:00,30.0,70,0.0,25,5.4,8,1013.0,8
2023-01-09 05:00:00,31.0,66,0.0,90,16.6,8,1012.0,8
2023-01-09 06:00:00,31.0,66,0.0,90,18.4,8,1011.0,8
2023-01-09 07:00:00,31.0,62,0.1,90,18.4,8,1010.0,8
2023-01-09 08:00:00,30.0,66,5.0,90,14.8,8,1009.0,8
2023-01-09 09:00:00,25.0,94,2.9,110,14.8,8,1010.0,8
2023-01-09 10:00:00,25.0,100,0.1,150,3.6,8,1010.0,8
2023-01-09 11:00:00,26.0,94,1.0,100,9.4,8,1011.0,8
2023-01-09 12:00:00,26.0,94,0.0,57,3.6,8,1011.0,7
2023-01-09 13:00:00,26.0,94,0.0,49,5.4,8,1012.0,7
2023-01-09 14:00:00,26.0,94,0.0,90,5.4,8,1013.0,7
2023-01-09 15:00:00,26.0,89,0.0,120,9.4,8,1012.0,7
2023-01-09 16:00:00,26.0,89,0.0,100,13.0,8,1012.0,7
2023-01-09 17:00:00,25.0,94,0.0,80,9.4,8,1012.0,7
2023-01-09 18:00:00,25.0,94,0.0,60,7.6,7,1012.0,7
2023-01-09 19:00:00,25.0,94,0.0,80,7.6,7,1011.0,7
2023-01-09 20:00:00,25.0,94,0.0,120,7.6,7,1011.0,3
2023-01-09 21:00:00,24.0,100,2.1,140,7.6,7,1011.0,3
2023-01-09 22:00:00,24.0,100,1.9,67,1.8,7,1011.0,3
2023-01-09 23:00:00,24.0,100,0.0,355,3.6,8,1011.0,3
2023-01-10 00:00:00,25.0,94,0.0,305,5.4,8,1012.0,3
2023-01-10 01:00:00,25.0,100,0.0,63,5.4,7,1013.0,3
2023-01-10 02:00:00,26.0,94,0.0,90,9.4,7,1013.0,3
2023-01-10 03:00:00,27.0,89,0.0,100,13.0,7,1013.0,3
2023-01-10 04:00:00,29.0,79,0.2,90,13.0,7,1012.0,7
2023-01-10 05:00:00,26.0,94,5.2,110,22.3,7,1012.0,7
2023-01-10 06:00:00,27.0,89,2.4,130,13.0,8,1010.0,7
2023-01-10 07:00:00,29.0,74,2.0,120,22.3,8,1009.0,7
2023-01-10 08:00:00,29.0,74,1.6,120,20.5,8,1009.0,7
2023-01-10 09:00:00,29.0,74,0.8,130,18.4,8,1009.0,8
2023-01-10 10:00:00,28.0,74,0.0,120,18.4,8,1009.0,7
2023-01-10 11:00:00,27.0,79,0.0,120,14.8,8,1010.0,7
2023-01-10 12:00:00,27.0,79,0.0,130,16.6,8,1011.0,7
2023-01-10 13:00:00,27.0,79,0.0,120,16.6,8,1011.0,7
2023-01-10 14:00:00,26.0,84,0.0,110,14.8,7,1012.0,3
2023-01-10 15:00:00,26.0,84,0.0,140,11.2,7,1012.0,3
2023-01-10 16:00:00,26.0,84,0.0,130,13.0,7,1012.0,3
2023-01-10 17:00:00,26.0,84,0.0,130,9.4,7,1012.0,3
2023-01-10 18:00:00,26.0,84,0.0,140,9.4,7,1011.0,3
2023-01-10 19:00:00,26.0,84,0.3,140,9.4,7,1011.0,3
2023-01-10 20:00:00,25.0,89,0.0,120,7.6,7,1010.0,3
2023-01-10 21:00:00,25.0,89,0.0,130,5.4,7,1010.0,3
2023-01-10 22:00:00,25.0,89,0.0,253,1.8,7,1010.0,3
2023-01-10 23:00:00,25.0,89,0.0,264,1.8,7,1011.0,3
2023-01-11 00:00:00,25.0,94,0.0,268,1.8,8,1011.0,3
2023-01-11 01:00:00,26.0,89,0.0,310,5.4,7,1012.0,3
2023-01-11 02:00:00,26.0,89,0.0,77,3.6,7,1013.0,3
2023-01-11 03:00:00,27.0,84,0.0,78,3.6,7,1013.0,3
2023-01-11 04:00:00,29.0,74,0.0,110,13.0,7,1012.0,3
2023-01-11 05:00:00,29.0,70,0.2,110,14.8,7,1011.0,3
2023-01-11 06:00:00,29.0,70,0.0,130,14.8,7,1010.0,3
2023-01-11 07:00:00,29.0,70,0.0,130,14.8,7,1009.0,3
2023-01-11 08:00:00,30.0,66,0.1,130,13.0,7,1009.0,3
2023-01-11 09:00:00,30.0,66,0.1,140,13.0,7,1009.0,17
2023-01-11 10:00:00,29.0,70,0.0,150,14.8,7,1009.0,3
2023-01-11 11:00:00,29.0,70,0.0,140,16.6,7,1009.0,3
2023-01-11 12:00:00,28.0,74,0.0,140,16.6,7,1010.0,3
2023-01-11 13:00:00,28.0,74,0.0,130,18.4,7,1011.0,3
2023-01-11 14:00:00,27.0,79,0.0,130,11.2,7,1011.0,3
2023-01-11 15:00:00,27.0,79,0.0,130,16.6,7,1011.0,3
2023-01-11 16:00:00,26.0,84,0.0,140,13.0,6,1011.0,2
2023-01-11 17:00:00,26.0,84,0.0,130,14.8,6,1011.0,2
2023-01-11 18:00:00,26.0,84,0.0,140,14.8,6,1011.0,2
2023-01-11 19:00:00,26.0,84,0.0,140,13.0,6,1011.0,2
2023-01-11 20:00:00,26.0,84,0.0,233,5.4,6,1010.0,2
2023-01-11 21:00:00,25.0,94,0.0,236,3.6,6,1010.0,2
2023-01-11 22:00:00,25.0,89,0.0,140,9.4,6,1010.0,2
2023-01-11 23:00:00,25.0,89,0.0,130,13.0,6,1011.0,2
2023-01-12 00:00:00,26.0,84,0.0,140,11.2,6,1011.0,2
2023-01-12 01:00:00,28.0,74,0.0,130,13.0,6,1012.0,2
2023-01-12 02:00:00,28.0,79,0.0,140,16.6,6,1012.0,2
2023-01-12 03:00:00,29.0,70,0.0,150,11.2,6,1012.0,2
2023-01-12 04:00:00,29.0,70,0.4,130,7.6,6,1012.0,2
2023-01-12 05:00:00,30.0,66,0.7,160,13.0,6,1011.0,2
2023-01-12 06:00:00,30.0,66,1.5,180,13.0,6,1010.0,2
2023-01-12 07:00:00,31.0,62,0.1,160,13.0,6,1009.0,2
2023-01-12 08:00:00,30.0,70,0.4,180,13.0,6,1009.0,2
2023-01-12 09:00:00,30.0,70,0.7,160,14.8,6,1009.0,2
2023-01-12 10:00:00,29.0,74,0.0,160,13.0,6,1009.0,2
2023-01-12 11:00:00,28.0,79,0.0,170,11.2,6,1010.0,2
2023-01-12 12:00:00,27.0,84,0.0,190,16.6,6,1010.0,2
2023-01-12 13:00:00,27.0,84,0.0,150,14.8,6,1011.0,2
2023-01-12 14:00:00,27.0,84,0.0,140,13.0,6,1012.0,2
2023-01-12 15:00:00,26.0,89,0.0,140,14.8,6,1012.0,2
2023-01-12 16:00:00,26.0,89,0.0,120,13.0,6,1012.0,2
2023-01-12 17:00:00,25.0,94,0.0,140,13.0,6,1012.0,2
2023-01-12 18:00:00,25.0,100,0.0,140,11.2,6,1012.0,2
2023-01-12 19:00:00,25.0,94,0.0,130,7.6,6,1011.0,2
2023-01-12 20:00:00,25.0,94,0.0,130,11.2,5,1011.0,2
2023-01-12 21:00:00,25.0,94,0.0,110,7.6,5,1010.0,2
2023-01-12 22:00:00,24.0,100,0.0,110,9.4,6,1010.0,2
2023-01-12 23:00:00,25.0,94,0.0,130,9.4,6,1011.0,2
2023-01-13 00:00:00,25.0,94,0.0,266,3.6,6,1012.0,2
2023-01-13 01:00:00,26.0,89,0.0,45,3.6,6,1013.0,2
2023-01-13 02:00:00,28.0,79,0.0,57,1.8,6,1013.0,2
2023-01-13 03:00:00,29.0,74,0.0,140,9.4,6,1013.0,2
2023-01-13 04:00:00,30.0,70,0.0,51,3.6,6,1012.0,2
2023-01-13 05:00:00,30.0,70,0.0,310,3.6,6,1011.0,2
2023-01-13 06:00:00,32.0,59,0.2,31,7.6,6,1010.0,2
2023-01-13 07:00:00,31.0,66,0.0,290,7.6,6,1009.0,2
2023-01-13 08:00:00,32.0,59,0.0,270,11.2,6,1009.0,2
2023-01-13 09:00:00,32.0,56,0.0,290,9.4,6,1008.0,2
2023-01-13 10:00:00,31.0,62,0.0,270,9.4,6,1009.0,2
2023-01-13 11:00:00,29.0,74,2.4,300,9.4,6,1009.0,2
2023-01-13 12:00:00,28.0,89,0.2,190,7.6,6,1010.0,2
2023-01-13 13:00:00,28.0,84,0.0,210,7.6,6,1010.0,2
2023-01-13 14:00:00,27.0,89,1.1,200,9.4,6,1011.0,2
2023-01-13 15:00:00,27.0,89,0.7,200,7.6,6,1011.0,2
2023-01-13 16:00:00,27.0,89,0.0,220,11.2,6,1011.0,2
2023-01-13 17:00:00,26.0,94,0.0,200,9.4,6,1011.0,2
2023-01-13 18:00:00,26.0,94,0.0,210,7.6,5,1011.0,2
2023-01-13 19:00:00,26.0,94,0.0,210,7.6,5,1010.0,2
2023-01-13 20:00:00,26.0,94,0.0,200,7.6,5,1009.0,2
2023-01-13 21:00:00,26.0,94,0.0,230,9.4,5,1009.0,2
2023-01-13 22:00:00,26.0,94,0.0,240,7.6,6,1009.0,2
2023-01-13 23:00:00,25.0,100,0.0,257,3.6,6,1010.0,2
2023-01-14 00:00:00,25.0,100,0.0,257,3.6,6,1010.0,2
2023-01-14 01:00:00,27.0,89,0.0,20,5.4,6,1011.0,2
2023-01-14 02:00:00,28.0,84,0.0,27,3.6,6,1011.0,2
2023-01-14 03:00:00,30.0,79,0.1,29,3.6,5,1011.0,2
2023-01-14 04:00:00,30.0,75,0.0,7,5.4,5,1011.0,2
2023-01-14 05:00:00,32.0,67,0.0,357,5.4,5,1009.0,2
2023-01-14 06:00:00,32.0,59,0.0,330,11.2,6,1008.0,2
2023-01-14 07:00:00,33.0,56,0.0,358,1.8,6,1007.0,2
2023-01-14 08:00:00,33.0,52,0.0,7,7.6,5,1006.0,2
2023-01-14 09:00:00,33.0,52,0.0,300,9.4,5,1006.0,2
2023-01-14 10:00:00,32.0,56,0.0,290,11.2,5,1006.0,2
2023-01-14 11:00:00,30.0,62,0.0,280,13.0,5,1007.0,2
2023-01-14 12:00:00,29.0,70,0.0,280,7.6,5,1008.0,2
2023-01-14 13:00:00,29.0,74,0.0,280,7.6,5,1008.0,2
2023-01-14 14:00:00,29.0,74,0.0,240,7.6,5,1009.0,2
2023-01-14 15:00:00,28.0,89,0.0,210,9.4,4,1009.0,2
2023-01-14 16:00:00,27.0,94,0.0,220,9.4,4,1009.0,2
2023-01-14 17:00:00,27.0,94,0.0,230,9.4,4,1009.0,2
2023-01-14 18:00:00,26.0,94,0.0,260,11.2,4,1008.0,2
2023-01-14 19:00:00,25.0,100,0.0,260,11.2,4,1008.0,2
2023-01-14 20:00:00,25.0,100,0.0,260,7.6,4,1007.0,2
2023-01-14 21:00:00,25.0,100,0.0,236,3.6,4,1007.0,2
2023-01-14 22:00:00,25.0,100,0.0,230,5.4,4,1007.0,2
2023-01-14 23:00:00,25.0,100,0.0,251,3.6,4,1008.0,2
2023-01-15 00:00:00,25.0,94,0.0,258,5.4,4,1009.0,2
2023-01-15 01:00:00,27.0,89,0.0,290,5.4,4,1010.0,2
2023-01-15 02:00:00,28.0,79,0.0,26,5.4,0,1010.0,2
2023-01-15 03:00:00,30.0,66,0.0,350,9.4,4,1010.0,2
2023-01-15 04:00:00,30.0,59,0.0,20,9.4,4,1010.0,2
2023-01-15 05:00:00,33.0,44,0.0,330,7.6,4,1009.0,2
2023-01-15 06:00:00,33.0,41,0.0,280,3.6,4,1008.0,2
2023-01-15 07:00:00,33.0,41,0.0,10,5.4,4,1007.0,2
2023-01-15 08:00:00,33.0,41,0.0,30,7.6,4,1006.0,2
2023-01-15 09:00:00,33.0,41,0.0,20,3.6,4,1006.0,2
2023-01-15 10:00:00,33.0,46,0.0,20,3.6,4,1007.0,2
2023-01-15 11:00:00,30.0,59,0.0,290,7.6,4,1007.0,2
2023-01-15 12:00:00,29.0,62,0.0,250,9.4,4,1008.0,2
2023-01-15 13:00:00,28.0,70,0.0,250,7.6,4,1009.0,2
2023-01-15 14:00:00,29.0,62,0.0,37,5.4,4,1010.0,2
2023-01-15 15:00:00,28.0,89,0.0,140,14.8,4,1010.0,2
2023-01-15 16:00:00,27.0,84,0.0,130,14.8,4,1010.0,2
2023-01-15 17:00:00,27.0,89,0.0,140,14.8,4,1010.0,2
2023-01-15 18:00:00,26.0,94,0.0,130,13.0,3,1009.0,2
2023-01-15 19:00:00,26.0,94,0.0,130,14.8,3,1009.0,2
2023-01-15 20:00:00,26.0,94,0.0,140,11.2,3,1009.0,2
2023-01-15 21:00:00,26.0,94,0.0,130,7.6,3,1009.0,2
2023-01-15 22:00:00,25.0,94,0.0,120,5.4,4,1010.0,2
2023-01-15 23:00:00,26.0,89,0.0,184,1.8,4,1010.0,2
2023-01-16 00:00:00,27.0,84,0.0,196,5.4,4,1011.0,2
2023-01-16 01:00:00,28.0,84,0.0,130,11.2,5,1012.0,2
2023-01-16 02:00:00,29.0,79,0.0,120,13.0,5,1013.0,2
2023-01-16 03:00:00,30.0,70,0.0,58,7.6,5,1013.0,2
2023-01-16 04:00:00,31.0,62,0.0,39,9.4,5,1012.0,2
2023-01-16 05:00:00,33.0,49,0.1,80,7.6,5,1011.0,2
2023-01-16 06:00:00,33.0,41,0.1,27,3.6,5,1010.0,2
2023-01-16 07:00:00,34.0,41,0.0,30,3.6,4,1009.0,2
2023-01-16 08:00:00,33.0,44,0.0,31,3.6,4,1008.0,2
2023-01-16 09:00:00,32.0,49,0.0,33,5.4,4,1008.0,2
2023-01-16 10:00:00,31.0,52,0.0,38,1.8,4,1008.0,2
2023-01-16 11:00:00,29.0,79,0.0,180,14.8,4,1009.0,2
2023-01-16 12:00:00,27.0,84,0.0,190,18.4,4,1010.0,2
2023-01-16 13:00:00,27.0,84,0.0,160,14.8,4,1011.0,2
2023-01-16 14:00:00,27.0,84,0.0,160,11.2,4,1012.0,2
2023-01-16 15:00:00,26.0,84,0.0,160,7.6,4,1012.0,2
2023-01-16 16:00:00,26.0,89,0.0,48,5.4,4,1011.0,2
2023-01-16 17:00:00,26.0,84,0.0,322,5.4,4,1011.0,2
2023-01-16 18:00:00,26.0,84,0.0,241,3.6,4,1011.0,2
2023-01-16 19:00:00,25.0,94,0.0,290,3.6,4,1010.0,2
2023-01-16 20:00:00,24.0,94,0.0,236,3.6,4,1010.0,2
2023-01-16 21:00:00,24.0,94,0.0,10,9.4,4,1011.0,2
2023-01-16 22:00:00,24.0,94,0.0,10,7.6,4,1011.0,2
2023-01-16 23:00:00,23.0,100,0.0,270,1.8,5,1012.0,2
2023-01-17 00:00:00,24.0,94,0.0,350,5.4,5,1012.0,2
2023-01-17 01:00:00,26.0,84,0.0,23,3.6,5,1013.0,2
2023-01-17 02:00:00,27.0,74,0.0,31,5.4,5,1014.0,2
2023-01-17 03:00:00,29.0,66,0.0,34,5.4,5,1013.0,2
2023-01-17 04:00:00,30.0,62,0.0,35,7.6,5,1013.0,2
2023-01-17 05:00:00,30.0,62,0.0,310,11.2,5,1012.0,2
2023-01-17 06:00:00,32.0,49,0.0,27,5.4,6,1011.0,2
2023-01-17 07:00:00,32.0,49,0.0,30,7.6,5,1010.0,2
2023-01-17 08:00:00,32.0,43,0.0,32,5.4,5,1009.0,2
2023-01-17 09:00:00,32.0,49,0.0,230,11.2,5,1009.0,2
2023-01-17 10:00:00,29.0,74,0.0,210,18.4,2,1009.9,2
2023-01-17 11:00:00,28.0,79,0.0,180,16.6,5,1011.0,2
2023-01-17 12:00:00,28.0,74,0.0,170,11.2,7,1005.7,3
2023-01-17 13:00:00,28.0,74,0.0,170,9.4,7,1012.0,3
2023-01-17 14:00:00,27.0,79,0.1,110,9.4,7,1013.0,3
2023-01-17 15:00:00,27.0,79,0.0,89,3.6,7,1013.0,3
2023-01-17 16:00:00,26.0,84,0.0,60,3.6,6,1013.0,2
2023-01-17 17:00:00,26.0,89,0.0,57,1.8,6,1013.0,2
2023-01-17 18:00:00,25.0,94,0.0,44,5.4,6,1013.0,2
2023-01-17 19:00:00,25.0,84,0.0,330,7.6,6,1012.0,2
2023-01-17 20:00:00,24.0,78,0.0,326,5.4,6,1012.0,2
2023-01-17 21:00:00,23.0,83,0.0,40,3.6,6,1012.0,2
2023-01-17 22:00:00,23.0,83,0.0,301,5.4,5,1012.0,2
2023-01-17 23:00:00,23.0,78,0.0,295,3.6,6,1012.0,2
2023-01-18 00:00:00,23.0,83,0.0,293,5.4,6,1013.0,2
2023-01-18 01:00:00,25.0,74,0.0,33,5.4,6,1014.0,2
2023-01-18 02:00:00,27.0,66,0.0,39,3.6,6,1015.0,2
2023-01-18 03:00:00,28.0,66,0.0,330,7.6,6,1015.0,2
2023-01-18 04:00:00,29.0,58,0.0,34,3.6,6,1014.0,2
2023-01-18 05:00:00,31.0,52,0.0,28,5.4,6,1013.0,2
2023-01-18 06:00:00,31.0,55,0.0,340,7.6,6,1012.0,3
2023-01-18 07:00:00,32.0,46,0.0,24,5.4,6,1011.0,3
2023-01-18 08:00:00,32.0,46,0.0,10,7.6,6,1010.0,3
2023-01-18 09:00:00,30.0,62,0.0,290,14.8,6,1010.0,3
2023-01-18 10:00:00,29.0,58,0.0,290,13.0,6,1010.0,2
2023-01-18 11:00:00,29.0,58,0.0,21,5.4,6,1011.0,2
2023-01-18 12:00:00,28.0,62,0.0,19,3.6,6,1011.0,2
2023-01-18 13:00:00,28.0,58,0.0,60,18.4,6,1012.0,2
2023-01-18 14:00:00,27.0,62,0.0,60,16.6,6,1013.0,2
2023-01-18 15:00:00,26.0,65,0.0,40,9.4,6,1013.0,2
2023-01-18 16:00:00,26.0,65,0.0,30,11.2,6,1013.0,2
2023-01-18 17:00:00,25.0,65,0.0,30,11.2,6,1013.0,2
2023-01-18 18:00:00,25.0,61,0.0,50,16.6,6,1012.0,2
2023-01-18 19:00:00,24.0,69,0.0,60,11.2,6,1012.0,2
2023-01-18 20:00:00,24.0,69,0.0,60,7.6,6,1011.0,2
2023-01-18 21:00:00,24.0,69,0.0,50,11.2,6,1011.0,2
2023-01-18 22:00:00,24.0,74,0.0,20,7.6,6,1012.0,2
2023-01-18 23:00:00,24.0,74,0.0,20,7.6,6,1012.0,2
2023-01-19 00:00:00,24.0,74,0.0,299,3.6,7,1013.0,2
2023-01-19 01:00:00,25.0,69,0.0,10,7.6,6,1014.0,2
2023-01-19 02:00:00,27.0,62,0.0,50,11.2,6,1014.0,2
2023-01-19 03:00:00,29.0,55,0.0,70,7.6,6,1014.0,2
2023-01-19 04:00:00,30.0,55,0.0,40,7.6,6,1013.0,2
2023-01-19 05:00:00,31.0,52,0.0,24,5.4,6,1012.0,2
2023-01-19 06:00:00,32.0,49,0.0,30,7.6,7,1011.0,2
2023-01-19 07:00:00,32.0,46,0.0,25,7.6,7,1010.0,2
2023-01-19 08:00:00,33.0,44,0.0,360,3.6,7,1009.0,2
2023-01-19 09:00:00,33.0,44,0.0,32,1.8,6,1010.0,2
2023-01-19 10:00:00,31.0,55,0.0,34,5.4,6,1010.0,2
2023-01-19 11:00:00,30.0,62,0.0,270,3.6,7,1010.0,2
2023-01-19 12:00:00,28.0,84,0.0,180,11.2,7,1011.0,2
2023-01-19 13:00:00,27.0,84,0.0,180,11.2,6,1012.0,2
2023-01-19 14:00:00,27.0,79,0.0,180,13.0,6,1012.0,2
2023-01-19 15:00:00,27.0,79,0.0,190,7.6,6,1012.0,2
2023-01-19 16:00:00,27.0,79,0.0,23,3.6,6,1012.0,2
2023-01-19 17:00:00,27.0,79,0.0,358,5.4,6,1012.0,2
2023-01-19 18:00:00,26.0,89,0.0,20,3.6,6,1011.0,2
2023-01-19 19:00:00,26.0,89,0.0,300,5.4,6,1010.0,2
2023-01-19 20:00:00,25.0,74,0.0,280,5.4,6,1010.0,2
2023-01-19 21:00:00,24.0,78,0.0,10,7.6,6,1010.0,2
2023-01-19 22:00:00,23.0,83,0.0,10,9.4,6,1010.0,2
2023-01-19 23:00:00,23.0,83,0.0,281,5.4,6,1011.0,2
2023-01-20 00:00:00,24.0,78,0.0,0,0.0,7,1012.0,2
2023-01-20 01:00:00,25.0,74,0.0,360,11.2,6,1013.0,2
2023-01-20 02:00:00,27.0,66,0.0,10,9.4,6,1013.0,2
2023-01-20 03:00:00,29.0,62,0.0,30,7.6,6,1013.0,2
2023-01-20 04:00:00,30.0,59,0.0,29,5.4,6,1013.0,3
2023-01-20 05:00:00,32.0,56,0.0,340,9.4,7,1012.6,3
2023-01-20 06:00:00,29.2,60,0.0,22,13.0,7,1011.7,3
2023-01-20 07:00:00,33.0,49,0.0,310,9.4,7,1009.0,3
2023-01-20 08:00:00,32.0,56,0.0,280,13.0,7,1010.4,3
2023-01-20 09:00:00,31.0,59,0.0,280,11.2,7,1009.0,3
2023-01-20 10:00:00,28.0,79,0.0,280,9.4,7,1010.2,3
2023-01-20 11:00:00,29.0,74,0.0,140,13.0,7,1010.0,3
2023-01-20 12:00:00,28.0,84,0.0,180,9.4,7,1011.0,3
2023-01-20 13:00:00,28.0,84,0.0,20,5.4,7,1011.6,3
2023-01-20 14:00:00,28.0,84,0.0,130,9.4,7,1012.0,3
2023-01-20 15:00:00,27.0,84,0.0,337,3.6,7,1012.0,2
2023-01-20 16:00:00,28.0,79,0.0,19,3.6,6,1012.0,2
2023-01-20 17:00:00,27.0,84,0.0,4,5.4,6,1012.0,2
2023-01-20 18:00:00,27.0,84,0.0,336,5.4,6,1011.0,2
2023-01-20 19:00:00,26.0,89,0.0,328,1.8,6,1010.0,2
2023-01-20 20:00:00,26.0,74,0.0,10,13.0,6,1010.0,2
2023-01-20 21:00:00,25.0,74,0.0,30,9.4,6,1010.0,2
2023-01-20 22:00:00,24.0,78,0.0,312,5.4,6,1010.0,2
2023-01-20 23:00:00,24.0,78,0.0,20,7.6,6,1010.0,2
2023-01-21 00:00:00,24.0,78,0.0,287,5.4,6,1011.0,2
2023-01-21 01:00:00,26.0,74,0.0,44,7.6,6,1012.0,2
2023-01-21 02:00:00,28.0,62,0.0,45,3.6,6,1012.0,2
2023-01-21 03:00:00,30.0,55,0.0,46,3.6,6,1012.0,2
2023-01-21 04:00:00,31.0,55,0.0,36,3.6,6,1012.0,2
2023-01-21 05:00:00,32.0,49,0.0,39,3.6,6,1010.0,2
2023-01-21 06:00:00,34.0,44,0.0,30,7.6,6,1009.0,2
2023-01-21 07:00:00,34.0,44,0.0,40,7.6,6,1008.0,2
2023-01-21 08:00:00,33.0,46,0.0,110,7.6,6,1007.0,2
2023-01-21 09:00:00,33.0,46,0.0,37,5.4,6,1007.0,2
2023-01-21 10:00:00,33.0,49,0.0,46,3.6,6,1007.0,2
2023-01-21 11:00:00,31.0,62,0.0,260,7.6,6,1008.0,2
2023-01-21 12:00:00,30.0,75,0.0,190,7.6,6,1009.0,2
2023-01-21 13:00:00,29.0,79,0.0,190,9.4,6,1010.0,2
2023-01-21 14:00:00,29.0,79,0.0,180,9.4,6,1011.0,2
2023-01-21 15:00:00,29.0,79,0.0,352,5.4,6,1011.0,2
2023-01-21 16:00:00,28.0,84,0.0,22,1.8,6,1011.0,2
2023-01-21 17:00:00,28.0,84,0.0,16,3.6,6,1011.0,2
2023-01-21 18:00:00,28.0,79,0.0,351,1.8,6,1010.0,2
2023-01-21 19:00:00,26.0,89,0.0,50,1.8,6,1010.0,2
2023-01-21 20:00:00,27.0,89,0.0,30,7.6,6,1009.0,2
2023-01-21 21:00:00,26.0,94,0.0,340,5.4,6,1009.0,2
2023-01-21 22:00:00,25.0,84,0.0,20,7.0,6,1009.0,2
2023-01-21 23:00:00,25.0,89,0.0,10,3.6,6,1009.0,2
2023-01-22 00:00:00,25.0,89,0.0,50,7.6,6,1010.0,2
2023-01-22 01:00:00,27.0,84,0.0,50,3.6,6,1011.0,2
2023-01-22 02:00:00,29.0,74,0.0,80,7.6,6,1011.0,2
2023-01-22 03:00:00,30.0,70,0.0,56,5.4,6,1011.0,2
2023-01-22 04:00:00,31.0,62,0.0,310,7.6,6,1010.0,2
2023-01-22 05:00:00,33.0,52,0.0,46,3.6,6,1009.0,2
2023-01-22 06:00:00,32.0,56,0.0,10,9.4,6,1008.0,2
2023-01-22 07:00:00,33.0,49,0.0,45,1.8,6,1007.0,2
2023-01-22 08:00:00,33.0,56,0.0,43,7.6,6,1007.0,2
2023-01-22 09:00:00,31.0,62,0.0,190,18.4,6,1007.0,2
2023-01-22 10:00:00,30.0,66,0.1,190,20.5,6,1007.0,2
2023-01-22 11:00:00,29.0,74,0.0,200,13.0,6,1008.0,2
2023-01-22 12:00:00,29.0,74,0.0,76,5.4,6,1009.0,2
2023-01-22 13:00:00,29.0,70,0.0,69,3.6,6,1009.0,2
2023-01-22 14:00:00,29.0,70,0.0,49,5.4,6,1010.0,2
2023-01-22 15:00:00,29.0,74,0.0,342,5.4,6,1010.0,2
2023-01-22 16:00:00,28.0,84,0.0,0,0.0,5,1010.0,2
2023-01-22 17:00:00,28.0,79,0.0,30,1.8,5,1010.0,2
2023-01-22 18:00:00,27.0,84,0.0,86,5.4,5,1009.0,2
2023-01-22 19:00:00,27.0,84,0.0,146,1.8,5,1009.0,2
2023-01-22 20:00:00,26.0,89,0.0,30,5.4,5,1008.0,2
2023-01-22 21:00:00,26.0,89,0.0,360,5.4,5,1008.0,2
2023-01-22 22:00:00,25.0,94,0.0,340,3.6,6,1008.0,2
2023-01-22 23:00:00,26.0,89,0.0,20,3.6,6,1009.0,2
2023-01-23 00:00:00,27.0,89,0.0,272,3.6,6,1009.0,2
2023-01-23 01:00:00,29.0,79,0.0,330,7.6,6,1010.0,2
2023-01-23 02:00:00,29.0,74,0.0,63,3.6,6,1011.0,2
2023-01-23 03:00:00,31.0,66,0.0,64,3.6,6,1010.0,2
2023-01-23 04:00:00,31.0,66,0.0,59,3.6,6,1010.0,2
2023-01-23 05:00:00,32.0,59,0.0,54,1.8,6,1009.0,2
2023-01-23 06:00:00,34.0,47,0.0,110,11.2,6,1008.0,2
2023-01-23 07:00:00,34.0,47,0.2,47,5.4,6,1007.0,2
2023-01-23 08:00:00,34.0,47,0.0,120,11.2,6,1006.0,2
2023-01-23 09:00:00,33.0,56,0.0,190,16.6,6,1006.0,2
2023-01-23 10:00:00,31.0,62,0.0,190,18.4,6,1007.0,2
2023-01-23 11:00:00,31.0,52,0.0,160,13.0,6,1007.0,2
2023-01-23 12:00:00,30.0,55,0.0,140,14.8,6,1008.0,2
2023-01-23 13:00:00,29.0,66,0.0,140,14.8,5,1009.0,2
2023-01-23 14:00:00,28.0,74,0.0,140,9.4,5,1009.0,2
2023-01-23 15:00:00,27.0,84,0.0,130,7.6,5,1009.0,2
2023-01-23 16:00:00,26.0,89,0.0,36,3.6,5,1009.0,2
2023-01-23 17:00:00,26.0,89,0.0,46,5.4,5,1009.0,2
2023-01-23 18:00:00,26.0,89,0.0,67,3.6,5,1009.0,2
2023-01-23 19:00:00,26.0,89,0.0,50,5.4,5,1009.0,2
2023-01-23 20:00:00,26.0,84,0.0,30,7.6,5,1009.0,2
2023-01-23 21:00:00,26.0,84,0.0,211,3.6,5,1009.0,2
2023-01-23 22:00:00,25.0,89,0.0,360,5.4,5,1009.0,2
2023-01-23 23:00:00,25.0,84,0.0,30,7.6,5,1010.0,2
2023-01-24 00:00:00,25.0,84,0.0,40,9.4,6,1010.0,2
2023-01-24 01:00:00,27.0,74,0.0,60,14.8,6,1011.0,2
2023-01-24 02:00:00,29.0,62,0.0,60,14.8,6,1012.0,2
2023-01-24 03:00:00,30.0,59,0.0,70,9.4,6,1012.0,2
2023-01-24 04:00:00,31.0,52,0.0,90,9.4,6,1011.0,2
2023-01-24 05:00:00,33.0,46,0.0,45,5.4,6,1010.0,2
2023-01-24 06:00:00,33.0,44,0.0,46,7.6,6,1009.0,2
2023-01-24 07:00:00,34.0,39,0.0,80,9.4,6,1008.0,2
2023-01-24 08:00:00,35.0,34,0.0,110,7.6,6,1007.0,2
2023-01-24 09:00:00,31.0,66,0.0,190,20.5,6,1007.0,2
2023-01-24 10:00:00,31.0,59,0.0,180,14.8,6,1007.0,2
2023-01-24 11:00:00,30.0,66,0.2,170,11.2,6,1008.0,2
2023-01-24 12:00:00,24.0,94,0.5,360,18.4,6,1010.0,2
2023-01-24 13:00:00,25.0,94,0.0,160,5.4,6,1010.0,2
2023-01-24 14:00:00,25.0,94,0.0,24,3.6,6,1011.0,2
2023-01-24 15:00:00,25.0,100,0.0,351,1.8,6,1011.0,2
2023-01-24 16:00:00,25.0,84,0.0,70,13.0,6,1010.0,2
2023-01-24 17:00:00,25.0,74,0.0,70,14.8,6,1010.0,2
2023-01-24 18:00:00,24.0,78,0.0,70,14.8,6,1010.0,2
2023-01-24 19:00:00,24.0,78,0.0,70,11.2,6,1009.0,2
2023-01-24 20:00:00,23.0,83,0.0,70,7.6,6,1009.0,2
2023-01-24 21:00:00,24.0,78,0.0,30,3.6,6,1009.0,2
2023-01-24 22:00:00,23.0,78,0.0,349,5.4,6,1009.0,2
2023-01-24 23:00:00,23.0,78,0.0,50,7.6,6,1010.0,2
2023-01-25 00:00:00,23.0,78,0.0,20,7.6,7,1010.0,2
2023-01-25 01:00:00,24.0,74,0.0,20,11.2,6,1011.0,2
2023-01-25 02:00:00,26.0,65,0.0,50,13.0,7,1012.0,2
2023-01-25 03:00:00,28.0,55,0.0,70,13.0,7,1012.0,3
2023-01-25 04:00:00,29.0,48,0.0,50,9.4,7,1011.0,3
2023-01-25 05:00:00,30.0,49,0.0,70,7.6,7,1010.0,3
2023-01-25 06:00:00,31.0,46,0.0,27,5.4,7,1009.0,3
2023-01-25 07:00:00,32.0,38,0.0,110,11.2,7,1008.0,3
2023-01-25 08:00:00,32.0,41,0.0,27,3.6,7,1007.0,3
2023-01-25 09:00:00,30.0,52,0.0,190,14.8,7,1007.0,3
2023-01-25 10:00:00,29.0,58,0.0,180,13.0,7,1008.0,3
2023-01-25 11:00:00,28.0,66,0.0,170,11.2,7,1009.0,3
2023-01-25 12:00:00,27.0,74,0.0,42,5.4,7,1010.0,3
2023-01-25 13:00:00,26.0,79,0.0,18,3.6,7,1011.0,3
2023-01-25 14:00:00,26.0,79,0.0,344,5.4,7,1011.0,2
2023-01-25 15:00:00,26.0,58,0.0,340,9.4,7,1011.0,2
2023-01-25 16:00:00,26.0,58,0.0,350,7.6,7,1011.0,2
2023-01-25 17:00:00,25.0,61,0.0,340,7.6,6,1011.0,2
2023-01-25 18:00:00,24.0,65,0.0,340,7.6,6,1011.0,2
2023-01-25 19:00:00,24.0,65,0.0,10,9.4,6,1010.0,2
2023-01-25 20:00:00,23.0,69,0.0,20,7.6,6,1010.0,2
2023-01-25 21:00:00,23.0,69,0.0,20,9.4,6,1010.0,2
2023-01-25 22:00:00,23.0,69,0.0,225,3.6,6,1010.0,2
2023-01-25 23:00:00,23.0,74,0.0,274,5.4,7,1010.0,2
2023-01-26 00:00:00,23.0,74,0.0,10,7.6,7,1011.0,2
2023-01-26 01:00:00,24.0,65,0.0,360,9.4,7,1012.0,2
2023-01-26 02:00:00,26.0,58,0.0,29,5.4,7,1012.0,3
2023-01-26 03:00:00,28.0,51,0.0,30,3.6,7,1012.0,3
2023-01-26 04:00:00,29.0,52,0.0,27,1.8,7,1011.0,3
2023-01-26 05:00:00,31.0,46,0.0,23,1.8,7,1010.0,3
2023-01-26 06:00:00,31.0,43,0.0,300,5.4,7,1009.0,3
2023-01-26 07:00:00,31.0,46,0.0,21,3.6,7,1008.0,3
2023-01-26 08:00:00,32.0,41,0.0,23,3.6,7,1007.0,3
2023-01-26 09:00:00,32.0,46,0.0,250,7.6,7,1007.0,3
2023-01-26 10:00:00,31.0,49,0.0,33,5.4,7,1008.0,3
2023-01-26 11:00:00,29.0,62,0.0,260,11.2,7,1009.0,3
2023-01-26 12:00:00,28.0,66,0.0,260,9.4,7,1009.0,3
2023-01-26 13:00:00,27.0,74,0.0,250,9.4,7,1010.0,3
2023-01-26 14:00:00,27.0,84,0.0,180,9.4,7,1011.0,3
2023-01-26 15:00:00,27.0,79,0.0,220,9.4,7,1011.0,3
2023-01-26 16:00:00,26.0,84,0.0,210,9.4,6,1010.0,2
2023-01-26 17:00:00,26.0,84,0.0,200,13.0,6,1010.0,2
2023-01-26 18:00:00,27.0,74,0.0,210,9.4,6,1009.0,2
2023-01-26 19:00:00,26.0,79,0.0,210,7.6,6,1009.0,2
2023-01-26 20:00:00,26.0,79,0.0,254,5.4,6,1009.0,2
2023-01-26 21:00:00,24.0,89,0.0,320,3.6,6,1009.0,2
2023-01-26 22:00:00,24.0,89,0.0,254,1.8,6,1009.0,2
2023-01-26 23:00:00,24.0,94,0.0,260,5.4,6,1010.0,2
2023-01-27 00:00:00,24.0,94,0.0,340,3.6,7,1011.0,2
2023-01-27 01:00:00,26.0,84,0.0,34,3.6,7,1012.0,2
2023-01-27 02:00:00,28.0,74,0.0,42,3.6,7,1012.0,2
2023-01-27 03:00:00,29.0,70,0.0,45,5.4,7,1012.0,3
2023-01-27 04:00:00,30.0,66,0.0,290,7.6,7,1011.0,3
2023-01-27 05:00:00,32.0,52,0.0,36,3.6,7,1010.0,3
2023-01-27 06:00:00,33.0,52,0.0,33,5.4,7,1008.0,3
2023-01-27 07:00:00,33.0,49,0.0,33,3.6,7,1007.0,3
2023-01-27 08:00:00,31.0,55,0.0,32,5.4,7,1007.0,3
2023-01-27 09:00:00,31.0,55,0.0,31,5.4,7,1007.0,17
2023-01-27 10:00:00,27.0,89,1.2,190,13.0,7,1008.0,3
2023-01-27 11:00:00,27.0,94,0.0,180,13.0,7,1009.0,3
2023-01-27 12:00:00,27.0,89,0.0,140,9.4,7,1009.0,3
2023-01-27 13:00:00,27.0,84,0.0,120,7.6,7,1010.0,3
2023-01-27 14:00:00,26.0,89,0.0,23,5.4,7,1010.0,3
2023-01-27 15:00:00,26.0,79,0.0,60,14.8,7,1010.0,3
2023-01-27 16:00:00,26.0,70,0.0,40,9.4,6,1009.0,2
2023-01-27 17:00:00,26.0,61,0.0,60,13.0,6,1009.0,2
2023-01-27 18:00:00,26.0,61,0.0,50,13.0,6,1009.0,2
2023-01-27 19:00:00,25.0,65,0.0,30,7.6,6,1009.0,2
2023-01-27 20:00:00,24.0,69,0.0,50,7.6,6,1008.0,2
2023-01-27 21:00:00,24.0,69,0.0,40,9.4,6,1008.0,2
2023-01-27 22:00:00,24.0,69,0.0,60,9.4,6,1009.0,2
2023-01-27 23:00:00,23.0,78,0.0,60,9.4,6,1009.0,2
2023-01-28 00:00:00,24.0,74,0.0,50,9.4,7,1010.0,2
2023-01-28 01:00:00,26.0,65,0.0,50,18.4,7,1011.0,2
2023-01-28 02:00:00,27.0,62,0.0,50,16.6,7,1011.0,3
2023-01-28 03:00:00,29.0,52,0.0,80,11.2,7,1011.0,3
2023-01-28 04:00:00,30.0,49,0.0,80,7.6,7,1010.0,3
2023-01-28 05:00:00,31.0,46,0.0,40,9.4,7,1009.0,3
2023-01-28 06:00:00,31.0,46,0.0,60,14.8,7,1008.0,3
2023-01-28 07:00:00,32.0,43,0.0,350,7.6,7,1007.0,3
2023-01-28 08:00:00,31.0,46,0.0,38,3.6,7,1007.0,3
2023-01-28 09:00:00,31.0,43,0.0,32,1.8,7,1007.0,7
2023-01-28 10:00:00,30.0,55,0.0,200,11.2,7,1008.0,3
2023-01-28 11:00:00,28.0,74,0.0,150,11.2,7,1009.0,3
2023-01-28 12:00:00,28.0,70,0.0,9,5.4,7,1010.0,3
2023-01-28 13:00:00,27.0,51,0.0,60,20.5,7,1010.0,3
2023-01-28 14:00:00,26.0,54,0.0,40,13.0,7,1011.0,3
2023-01-28 15:00:00,25.0,57,0.0,30,13.0,6,1011.0,2
2023-01-28 16:00:00,24.0,61,0.0,50,14.8,6,1010.0,2
2023-01-28 17:00:00,24.0,61,0.0,40,11.2,6,1010.0,2
2023-01-28 18:00:00,24.0,61,0.0,50,13.0,6,1010.0,2
2023-01-28 19:00:00,23.0,69,0.0,40,5.4,6,1009.0,2
2023-01-28 20:00:00,23.0,69,0.0,50,7.6,6,1009.0,2
2023-01-28 21:00:00,23.0,69,0.0,10,5.4,6,1009.0,2
2023-01-28 22:00:00,23.0,69,0.0,10,9.4,6,1009.0,2
2023-01-28 23:00:00,23.0,69,0.0,30,9.4,7,1010.0,2
2023-01-29 00:00:00,23.0,69,0.0,20,9.4,7,1011.0,2
2023-01-29 01:00:00,24.0,65,0.0,20,9.4,7,1012.0,3
2023-01-29 02:00:00,24.0,65,0.0,40,9.4,7,1013.0,3
2023-01-29 03:00:00,26.0,58,0.0,360,9.4,7,1013.0,3
2023-01-29 04:00:00,26.0,58,0.0,20,11.2,7,1012.0,3
2023-01-29 05:00:00,27.0,58,0.0,16,5.4,7,1011.0,3
2023-01-29 06:00:00,28.0,51,0.0,360,9.4,7,1010.0,3
2023-01-29 07:00:00,29.0,48,0.0,350,13.0,7,1009.0,3
2023-01-29 08:00:00,30.0,46,0.0,20,9.4,7,1008.0,3
2023-01-29 09:00:00,30.0,46,0.0,340,9.4,7,1009.0,3
2023-01-29 10:00:00,30.0,46,0.0,0,0.0,7,1009.0,3
2023-01-29 11:00:00,29.0,48,0.0,13,3.6,7,1010.0,3
2023-01-29 12:00:00,27.0,62,0.0,7,5.4,7,1011.0,3
2023-01-29 13:00:00,27.0,54,0.0,70,13.0,7,1011.0,3
2023-01-29 14:00:00,26.0,58,0.0,40,13.0,7,1012.0,3
2023-01-29 15:00:00,25.0,57,0.0,40,16.6,7,1013.0,3
2023-01-29 16:00:00,24.0,61,0.0,10,11.2,6,1013.0,2
2023-01-29 17:00:00,23.0,65,0.0,20,11.2,6,1012.0,2
2023-01-29 18:00:00,22.0,69,0.0,20,9.4,6,1012.0,2
2023-01-29 19:00:00,22.0,69,0.0,10,11.2,6,1011.0,2
2023-01-29 20:00:00,21.0,73,0.0,360,7.6,6,1011.0,2
2023-01-29 21:00:00,22.0,64,0.0,10,9.4,6,1011.0,2
2023-01-29 22:00:00,21.0,64,0.0,20,11.2,6,1012.0,2
2023-01-29 23:00:00,21.0,64,0.0,20,9.4,6,1012.0,2
2023-01-30 00:00:00,21.0,69,0.0,30,7.6,7,1013.0,2
2023-01-30 01:00:00,22.0,64,0.0,24,3.6,6,1014.0,2
2023-01-30 02:00:00,24.0,61,0.0,35,3.6,6,1014.0,2
2023-01-30 03:00:00,26.0,54,0.0,40,1.8,6,1014.0,2
2023-01-30 04:00:00,28.0,55,0.0,36,5.4,6,1013.0,3
2023-01-30 05:00:00,29.0,52,0.0,290,7.6,7,1012.0,2
2023-01-30 06:00:00,30.0,52,0.0,21,3.6,7,1011.0,2
2023-01-30 07:00:00,30.0,52,0.0,290,7.6,6,1009.0,2
2023-01-30 08:00:00,29.0,58,0.0,290,11.2,6,1009.0,2
2023-01-30 09:00:00,29.0,58,0.0,270,14.8,6,1009.0,2
2023-01-30 10:00:00,28.0,62,0.0,290,11.2,6,1010.0,2
2023-01-30 11:00:00,27.0,66,0.0,230,14.8,6,1010.0,2
2023-01-30 12:00:00,26.0,70,0.0,220,9.4,6,1011.0,2
2023-01-30 13:00:00,26.0,79,0.0,200,14.8,6,1012.0,2
2023-01-30 14:00:00,25.0,84,0.0,210,13.0,6,1012.0,2
2023-01-30 15:00:00,25.0,84,0.0,210,14.8,6,1013.0,2
2023-01-30 16:00:00,25.0,84,0.0,220,11.2,6,1012.0,2
2023-01-30 17:00:00,25.0,84,0.0,220,9.4,6,1012.0,2
2023-01-30 18:00:00,24.0,83,0.0,230,11.2,6,1011.0,2
2023-01-30 19:00:00,23.0,88,0.0,250,9.4,6,1010.0,2
2023-01-30 20:00:00,22.0,88,0.0,260,7.6,6,1010.0,2
2023-01-30 21:00:00,22.0,88,0.0,260,7.6,6,1010.0,2
2023-01-30 22:00:00,21.0,94,0.0,260,7.6,5,1010.0,2
2023-01-30 23:00:00,21.0,94,0.0,278,1.8,5,1011.0,2
2023-01-31 00:00:00,22.0,88,0.0,273,1.8,0,1011.0,2
2023-01-31 01:00:00,24.0,83,0.0,39,1.8,0,1012.0,2
2023-01-31 02:00:00,27.0,70,0.0,50,1.8,0,1012.0,2
2023-01-31 03:00:00,29.0,62,0.0,54,5.4,6,1012.0,2
2023-01-31 04:00:00,30.0,55,0.0,43,3.6,6,1012.0,2
2023-01-31 05:00:00,32.0,46,0.0,360,7.6,6,1010.0,2
2023-01-31 06:00:00,33.0,44,0.0,42,3.6,6,1009.0,2
2023-01-31 07:00:00,33.0,44,0.0,40,3.6,6,1008.0,2
2023-01-31 08:00:00,33.0,46,0.0,39,3.6,6,1008.0,2
2023-01-31 09:00:00,33.0,49,0.0,240,13.0,6,1008.0,2
2023-01-31 10:00:00,31.0,59,0.0,170,13.0,6,1008.0,2
2023-01-31 11:00:00,29.0,66,0.0,190,16.6,6,1008.0,2
2023-01-31 12:00:00,28.0,74,0.0,190,14.8,6,1010.0,2
2023-01-31 13:00:00,27.0,79,0.0,200,11.2,6,1010.0,2
2023-01-31 14:00:00,27.0,79,0.0,210,7.6,6,1011.0,2
2023-01-31 15:00:00,27.0,79,0.0,190,7.6,5,1011.0,2
2023-01-31 16:00:00,27.0,79,0.0,16,3.6,5,1010.0,2
2023-01-31 17:00:00,26.0,84,0.0,13,1.8,5,1010.0,2
2023-01-31 18:00:00,26.0,84,0.0,320,5.4,5,1009.0,2
2023-01-31 19:00:00,25.0,89,0.0,310,7.6,5,1008.0,2
2023-01-31 20:00:00,24.0,94,0.0,242,3.6,5,1008.0,2
2023-01-31 21:00:00,25.0,89,0.0,237,1.8,5,1008.0,2
2023-01-31 22:00:00,25.0,89,0.0,246,1.8,6,1009.0,2
2023-01-31 23:00:00,25.0,89,0.0,257,1.8,6,1010.0,2
2023-02-01 00:00:00,26.0,84,0.0,262,5.4,6,1010.0,2
2023-02-01 01:00:00,26.0,84,0.0,260,11.2,6,1011.0,2
2023-02-01 02:00:00,27.0,84,0.0,300,9.4,6,1011.0,2
2023-02-01 03:00:00,27.0,84,0.0,310,9.4,6,1011.0,2
2023-02-01 04:00:00,28.0,74,0.0,3,3.6,7,1011.0,2
2023-02-01 05:00:00,29.0,70,0.0,310,9.4,7,1010.0,3
2023-02-01 06:00:00,29.0,58,0.0,280,9.4,7,1009.0,7
2023-02-01 07:00:00,31.0,55,0.0,280,11.2,7,1008.0,7
2023-02-01 08:00:00,30.0,59,0.0,300,11.2,7,1007.0,7
2023-02-01 09:00:00,30.0,55,0.0,13,5.4,7,1008.0,7
2023-02-01 10:00:00,29.0,62,0.0,250,13.0,7,1008.0,25
2023-02-01 11:00:00,29.0,66,0.4,220,11.2,7,1009.0,25
2023-02-01 12:00:00,28.0,70,0.0,200,11.2,7,1009.0,3
2023-02-01 13:00:00,28.0,70,0.0,170,11.2,7,1010.0,3
2023-02-01 14:00:00,28.0,74,0.0,160,11.2,7,1011.0,3
2023-02-01 15:00:00,28.0,74,0.0,170,3.6,7,1011.0,3
2023-02-01 16:00:00,28.0,79,0.0,34,1.8,7,1011.0,2
2023-02-01 17:00:00,27.0,79,0.0,110,7.6,6,1010.0,2
2023-02-01 18:00:00,27.0,79,0.0,110,7.6,6,1010.0,2
2023-02-01 19:00:00,25.0,89,0.0,327,1.8,6,1009.0,2
2023-02-01 20:00:00,25.0,89,0.0,80,5.4,6,1009.0,2
2023-02-01 21:00:00,25.0,94,0.0,40,1.8,6,1009.0,2
2023-02-01 22:00:00,26.0,89,0.0,274,6.0,6,1009.0,2
2023-02-01 23:00:00,25.0,94,0.0,70,7.6,6,1010.0,2
2023-02-02 00:00:00,24.0,87,0.0,278,1.8,6,1010.9,2
2023-02-02 01:00:00,25.8,80,0.0,64,5.5,6,1011.6,2
2023-02-02 02:00:00,28.0,84,0.0,90,7.6,6,1012.0,2
2023-02-02 03:00:00,28.0,79,0.0,100,7.6,6,1013.0,2
2023-02-02 04:00:00,30.0,66,0.1,66,5.4,6,1012.0,2
2023-02-02 05:00:00,31.0,62,0.0,65,3.6,6,1011.0,3
2023-02-02 06:00:00,32.0,59,0.0,100,9.4,7,1010.0,3
2023-02-02 07:00:00,31.0,62,0.6,140,9.4,7,1009.0,3
2023-02-02 08:00:00,31.0,62,0.0,61,3.6,6,1008.0,3
2023-02-02 09:00:00,32.0,59,1.5,130,11.2,6,1008.0,3
2023-02-02 10:00:00,28.0,94,0.3,66,1.8,6,1008.0,2
2023-02-02 11:00:00,29.0,79,0.0,130,5.4,6,1008.0,2
2023-02-02 12:00:00,28.0,79,0.0,150,11.2,6,1009.0,2
2023-02-02 13:00:00,28.0,79,0.0,140,16.6,6,1009.0,2
2023-02-02 14:00:00,27.0,84,0.0,130,13.0,6,1010.0,2
2023-02-02 15:00:00,27.0,84,0.0,110,14.8,6,1010.0,2
2023-02-02 16:00:00,27.0,84,0.0,110,16.6,6,1010.0,2
2023-02-02 17:00:00,27.0,79,0.0,110,16.6,6,1010.0,2
2023-02-02 18:00:00,27.0,79,0.0,100,11.2,6,1010.0,2
2023-02-02 19:00:00,27.0,79,0.0,110,11.2,6,1009.0,2
2023-02-02 20:00:00,26.0,84,0.0,130,11.2,6,1009.0,2
2023-02-02 21:00:00,26.0,84,0.0,110,7.6,6,1010.0,2
2023-02-02 22:00:00,26.0,84,0.0,80,11.0,6,1010.0,2
2023-02-02 23:00:00,25.0,89,0.0,60,9.4,6,1011.0,2
2023-02-03 00:00:00,26.0,84,0.0,40,7.6,6,1012.0,2
2023-02-03 01:00:00,28.0,74,0.0,58,5.4,6,1012.0,2
2023-02-03 02:00:00,30.0,66,0.0,90,7.6,6,1013.0,2
2023-02-03 03:00:00,31.0,55,0.0,120,13.0,6,1012.0,2
2023-02-03 04:00:00,32.0,56,0.0,90,18.4,6,1011.0,2
2023-02-03 05:00:00,33.0,49,0.0,100,20.5,6,1010.0,2
2023-02-03 06:00:00,33.0,46,0.0,100,14.8,6,1010.6,2
2023-02-03 07:00:00,34.0,44,0.0,120,14.8,6,1009.8,2
2023-02-03 08:00:00,34.0,44,0.0,160,13.0,6,1007.0,2
2023-02-03 09:00:00,34.0,44,0.0,140,7.6,5,1008.2,2
2023-02-03 10:00:00,32.0,56,0.0,200,18.4,5,1008.7,2
2023-02-03 11:00:00,31.0,59,0.0,180,14.8,5,1009.1,2
2023-02-03 12:00:00,30.0,62,0.0,140,9.4,5,1009.6,2
2023-02-03 13:00:00,29.0,62,0.0,140,14.8,5,1010.2,2
2023-02-03 14:00:00,29.0,66,0.0,130,14.8,5,1010.9,2
2023-02-03 15:00:00,28.0,66,0.0,130,13.0,5,1011.6,2
2023-02-03 16:00:00,28.0,66,0.0,110,16.6,5,1011.4,2
2023-02-03 17:00:00,27.0,74,0.0,60,11.2,5,1011.2,2
2023-02-03 18:00:00,26.0,79,0.0,70,7.6,5,1011.1,2
2023-02-03 19:00:00,26.0,79,0.0,50,7.6,5,1010.6,2
2023-02-03 20:00:00,26.0,79,0.0,246,3.6,5,1010.2,2
2023-02-03 21:00:00,25.0,84,0.0,237,1.8,5,1009.8,2
2023-02-03 22:00:00,24.0,85,0.0,239,1.8,5,1010.2,2
2023-02-03 23:00:00,24.0,89,0.0,70,5.4,5,1010.6,2
2023-02-04 00:00:00,27.0,79,0.0,266,3.6,6,1010.9,2
2023-02-04 01:00:00,28.0,70,0.0,50,7.6,5,1011.4,2
2023-02-04 02:00:00,30.0,55,0.0,80,11.2,6,1011.8,2
2023-02-04 03:00:00,32.0,49,0.0,80,16.6,6,1012.3,2
2023-02-04 04:00:00,33.0,46,0.0,110,16.6,6,1011.5,2
2023-02-04 05:00:00,35.0,39,0.0,100,18.4,6,1010.0,2
2023-02-04 06:00:00,34.0,41,0.0,130,16.6,6,1008.0,2
2023-02-04 07:00:00,34.0,39,0.0,110,18.4,5,1007.0,2
2023-02-04 08:00:00,33.0,44,0.0,110,9.4,5,1006.0,2
2023-02-04 09:00:00,33.0,46,0.0,160,13.0,5,1006.0,2
2023-02-04 10:00:00,32.0,52,0.0,190,20.5,5,1007.0,2
2023-02-04 11:00:00,31.0,55,0.0,150,14.8,5,1007.0,2
2023-02-04 12:00:00,30.0,55,0.0,140,20.5,5,1008.0,2
2023-02-04 13:00:00,29.0,62,0.0,130,22.3,5,1009.0,2
2023-02-04 14:00:00,28.0,70,0.0,140,18.4,5,1009.0,2
2023-02-04 15:00:00,27.0,74,0.0,130,20.5,4,1009.0,2
2023-02-04 16:00:00,26.0,84,0.0,130,14.8,4,1009.0,2
2023-02-04 17:00:00,26.0,79,0.0,130,13.0,4,1009.0,2
2023-02-04 18:00:00,25.0,84,0.0,80,9.4,4,1009.0,2
2023-02-04 19:00:00,24.0,89,0.0,90,9.4,4,1008.0,2
2023-02-04 20:00:00,24.0,89,0.0,90,5.4,4,1008.0,2
2023-02-04 21:00:00,24.0,89,0.0,70,3.6,4,1008.0,2
2023-02-04 22:00:00,24.0,94,0.0,217,4.0,4,1009.0,2
2023-02-04 23:00:00,24.0,89,0.0,110,7.6,4,1009.0,2
2023-02-05 00:00:00,24.0,94,0.0,269,3.6,4,1010.0,2
2023-02-05 01:00:00,27.0,79,0.0,53,5.4,5,1011.0,2
2023-02-05 02:00:00,29.0,66,0.0,80,7.6,5,1012.0,2
2023-02-05 03:00:00,30.0,62,0.0,59,5.4,5,1011.0,2
2023-02-05 04:00:00,32.0,52,0.0,80,9.4,5,1011.0,2
2023-02-05 05:00:00,33.0,41,0.0,110,9.4,5,1010.0,2
2023-02-05 06:00:00,34.0,39,0.0,90,13.0,5,1009.0,2
2023-02-05 07:00:00,34.0,39,0.0,90,9.4,5,1008.0,2
2023-02-05 08:00:00,33.0,44,0.0,150,11.2,5,1007.0,2
2023-02-05 09:00:00,33.0,49,0.0,180,13.0,5,1007.0,2
2023-02-05 10:00:00,31.0,55,0.0,170,14.8,5,1007.0,2
2023-02-05 11:00:00,30.0,59,0.0,130,13.0,5,1008.0,2
2023-02-05 12:00:00,30.0,59,0.0,140,11.2,5,1008.0,2
2023-02-05 13:00:00,29.0,58,0.0,130,11.2,4,1009.0,2
2023-02-05 14:00:00,28.0,62,0.0,150,9.4,4,1010.0,2
2023-02-05 15:00:00,28.0,62,0.0,150,5.4,4,1009.0,2
2023-02-05 16:00:00,27.0,66,0.0,170,7.6,4,1009.0,2
2023-02-05 17:00:00,27.0,70,0.0,170,9.4,4,1009.0,2
2023-02-05 18:00:00,27.0,70,0.0,130,9.4,4,1010.0,2
2023-02-05 19:00:00,27.0,70,0.0,130,9.4,4,1010.0,2
2023-02-05 20:00:00,26.0,74,0.0,140,14.8,4,1009.0,2
2023-02-05 21:00:00,26.0,74,0.0,110,13.0,3,1010.0,2
2023-02-05 22:00:00,26.0,79,0.0,110,17.0,4,1010.0,2
2023-02-05 23:00:00,25.0,89,0.0,110,13.0,4,1011.0,2
2023-02-06 00:00:00,25.0,89,0.0,130,13.0,4,1011.0,2
2023-02-06 01:00:00,27.0,79,0.0,110,9.4,4,1012.0,2
2023-02-06 02:00:00,29.0,70,0.0,110,14.8,5,1012.0,2
2023-02-06 03:00:00,30.0,62,0.0,110,18.4,5,1012.0,2
2023-02-06 04:00:00,32.0,52,0.0,100,14.8,5,1011.0,2
2023-02-06 05:00:00,33.0,49,0.0,61,7.6,5,1010.0,2
2023-02-06 06:00:00,33.0,46,0.0,40,5.4,5,1009.0,2
2023-02-06 07:00:00,34.0,44,0.0,20,7.6,5,1007.0,2
2023-02-06 08:00:00,34.0,41,0.0,51,3.6,5,1007.0,2
2023-02-06 09:00:00,32.0,52,0.0,190,18.4,5,1007.0,2
2023-02-06 10:00:00,31.0,55,0.0,190,18.4,5,1007.0,2
2023-02-06 11:00:00,30.0,59,0.0,190,13.0,5,1007.0,2
2023-02-06 12:00:00,29.0,66,0.0,170,9.4,5,1008.0,2
2023-02-06 13:00:00,29.0,66,0.0,140,11.2,5,1009.0,2
2023-02-06 14:00:00,28.0,66,0.0,130,18.4,5,1010.0,2
2023-02-06 15:00:00,27.0,74,0.0,150,14.8,4,1010.0,2
2023-02-06 16:00:00,28.0,66,0.0,140,14.8,4,1010.0,2
2023-02-06 17:00:00,27.0,70,0.0,140,16.6,4,1010.0,2
2023-02-06 18:00:00,27.0,74,0.0,150,9.4,4,1010.0,2
2023-02-06 19:00:00,27.0,74,0.0,140,13.0,4,1010.0,2
2023-02-06 20:00:00,26.0,84,0.0,140,14.8,4,1009.0,2
2023-02-06 21:00:00,26.0,84,0.0,140,16.6,4,1009.0,2
2023-02-06 22:00:00,26.0,84,0.0,130,19.0,4,1009.0,2
2023-02-06 23:00:00,26.0,79,0.0,130,13.0,5,1010.0,2
2023-02-07 00:00:00,26.0,84,0.0,110,11.2,5,1011.0,2
2023-02-07 01:00:00,28.0,74,0.0,120,13.0,5,1011.0,2
2023-02-07 02:00:00,29.0,66,0.0,120,9.4,5,1012.0,2
2023-02-07 03:00:00,31.0,59,0.0,120,11.2,5,1012.0,2
2023-02-07 04:00:00,32.0,56,0.0,110,11.2,6,1011.0,2
2023-02-07 05:00:00,33.0,52,0.0,62,9.4,6,1010.0,2
2023-02-07 06:00:00,34.0,50,0.0,57,7.6,6,1009.0,2
2023-02-07 07:00:00,32.0,59,0.0,200,14.8,6,1008.0,2
2023-02-07 08:00:00,32.0,56,0.3,160,16.6,6,1008.0,2
2023-02-07 09:00:00,31.0,62,0.3,180,18.4,6,1008.0,2
2023-02-07 10:00:00,30.0,66,0.0,180,18.4,6,1008.0,2
2023-02-07 11:00:00,29.0,66,0.0,150,16.6,6,1009.0,2
2023-02-07 12:00:00,28.0,74,0.0,140,14.8,6,1009.0,2
2023-02-07 13:00:00,27.0,79,0.0,140,16.6,5,1010.0,2
2023-02-07 14:00:00,27.0,79,0.0,150,9.4,5,1011.0,2
2023-02-07 15:00:00,27.0,79,0.0,140,14.8,5,1011.0,2
2023-02-07 16:00:00,27.0,84,0.0,130,16.6,5,1011.0,2
2023-02-07 17:00:00,27.0,79,0.0,140,9.4,5,1011.0,2
2023-02-07 18:00:00,26.0,84,0.0,179,5.4,5,1010.0,2
2023-02-07 19:00:00,26.0,84,0.0,191,5.4,5,1009.0,2
2023-02-07 20:00:00,26.0,84,0.0,203,3.6,5,1009.0,2
2023-02-07 21:00:00,26.0,84,0.0,160,3.6,5,1009.0,2
2023-02-07 22:00:00,25.0,89,0.0,145,3.6,5,1010.0,2
2023-02-07 23:00:00,25.0,89,0.0,262,1.8,5,1010.0,2
2023-02-08 00:00:00,26.0,84,0.0,50,7.6,5,1011.0,2
2023-02-08 01:00:00,27.0,84,0.0,67,3.6,5,1012.0,2
2023-02-08 02:00:00,29.0,74,0.0,80,7.6,5,1012.0,2
2023-02-08 03:00:00,30.0,70,0.0,30,13.0,6,1012.0,2
2023-02-08 04:00:00,32.0,56,0.0,50,13.0,5,1011.0,2
2023-02-08 05:00:00,32.0,56,0.0,58,7.6,6,1010.0,2
2023-02-08 06:00:00,33.0,46,0.0,120,7.6,6,1009.0,2
2023-02-08 07:00:00,34.0,44,0.0,54,5.4,6,1008.0,2
2023-02-08 08:00:00,35.0,42,0.0,53,7.6,5,1007.0,2
2023-02-08 09:00:00,34.0,44,0.4,53,1.8,5,1007.0,2
2023-02-08 10:00:00,31.0,62,0.0,130,18.4,5,1007.0,2
2023-02-08 11:00:00,28.0,84,0.0,240,11.2,5,1008.0,2
2023-02-08 12:00:00,29.0,70,0.0,140,9.4,5,1009.0,2
2023-02-08 13:00:00,29.0,66,0.0,150,7.6,5,1009.0,2
2023-02-08 14:00:00,29.0,66,0.0,160,9.4,5,1010.0,2
2023-02-08 15:00:00,28.0,70,0.0,140,9.4,5,1010.0,2
2023-02-08 16:00:00,28.0,70,0.0,150,7.6,5,1010.0,2
2023-02-08 17:00:00,28.0,70,0.0,106,5.4,5,1010.0,2
2023-02-08 18:00:00,27.0,79,0.0,150,7.6,5,1010.0,2
2023-02-08 19:00:00,27.0,79,0.0,130,16.6,5,1009.0,2
2023-02-08 20:00:00,26.0,79,0.0,140,13.0,5,1009.0,2
2023-02-08 21:00:00,27.0,74,0.0,130,13.0,5,1009.0,2
2023-02-08 22:00:00,26.0,79,0.0,130,13.0,5,1009.0,2
2023-02-08 23:00:00,26.0,79,0.0,130,13.0,5,1010.0,2
2023-02-09 00:00:00,27.0,74,0.0,110,13.0,4,1010.0,2
2023-02-09 01:00:00,28.0,70,0.0,100,20.5,5,1011.0,2
2023-02-09 02:00:00,30.0,59,0.0,110,22.3,5,1012.0,2
2023-02-09 03:00:00,31.0,55,0.0,90,22.3,5,1012.0,2
2023-02-09 04:00:00,33.0,49,0.0,67,11.2,5,1011.0,2
2023-02-09 05:00:00,33.0,46,0.0,80,11.2,5,1010.0,2
2023-02-09 06:00:00,34.0,47,0.1,80,16.6,6,1009.0,2
2023-02-09 07:00:00,35.0,42,0.1,80,9.4,5,1008.0,2
2023-02-09 08:00:00,34.0,47,0.2,140,9.4,5,1007.0,2
2023-02-09 09:00:00,33.0,52,0.1,170,14.8,5,1007.0,2
2023-02-09 10:00:00,32.0,52,0.0,160,14.8,5,1007.0,2
2023-02-09 11:00:00,31.0,55,0.0,150,13.0,5,1008.0,2
2023-02-09 12:00:00,29.0,62,0.0,150,14.8,5,1009.0,2
2023-02-09 13:00:00,29.0,58,0.0,140,18.4,5,1010.0,2
2023-02-09 14:00:00,28.0,66,0.0,140,13.0,4,1010.0,2
2023-02-09 15:00:00,27.0,70,0.0,130,20.5,4,1010.0,2
2023-02-09 16:00:00,27.0,70,0.0,130,18.4,4,1010.0,2
2023-02-09 17:00:00,26.0,74,0.0,140,13.0,4,1010.0,2
2023-02-09 18:00:00,26.0,74,0.0,130,9.4,4,1010.0,2
2023-02-09 19:00:00,26.0,70,0.0,142,5.4,4,1010.0,2
2023-02-09 20:00:00,26.0,70,0.0,140,7.6,4,1009.0,2
2023-02-09 21:00:00,26.0,70,0.0,140,11.2,4,1009.0,2
2023-02-09 22:00:00,26.0,70,0.0,120,9.4,4,1010.0,2
2023-02-09 23:00:00,26.0,70,0.0,120,11.2,4,1011.0,2
2023-02-10 00:00:00,26.0,70,0.0,90,13.0,4,1011.0,2
2023-02-10 01:00:00,28.0,62,0.0,100,16.6,5,1012.0,2
2023-02-10 02:00:00,30.0,55,0.0,110,24.1,5,1012.0,2
2023-02-10 03:00:00,31.0,52,0.0,110,20.5,5,1013.0,2
2023-02-10 04:00:00,33.0,44,0.0,110,14.8,5,1012.0,2
2023-02-10 05:00:00,34.0,39,0.0,130,11.2,5,1011.0,2
2023-02-10 06:00:00,34.0,39,0.0,150,11.2,5,1009.0,2
2023-02-10 07:00:00,35.0,34,0.0,140,9.4,5,1008.0,2
2023-02-10 08:00:00,35.0,34,0.0,130,13.0,4,1007.0,2
2023-02-10 09:00:00,33.0,46,0.0,160,14.8,4,1008.0,2
2023-02-10 10:00:00,32.0,49,0.0,140,18.4,4,1008.0,2
2023-02-10 11:00:00,30.0,55,0.0,140,14.8,4,1008.0,2
2023-02-10 12:00:00,29.0,62,0.0,130,20.5,4,1009.0,2
2023-02-10 13:00:00,28.0,70,0.0,130,18.4,4,1010.0,2
2023-02-10 14:00:00,27.0,79,0.0,140,20.5,4,1010.0,2
2023-02-10 15:00:00,27.0,79,0.0,130,16.6,4,1011.4,2
2023-02-10 16:00:00,27.0,79,0.0,130,14.8,4,1011.0,2
2023-02-10 17:00:00,26.0,84,0.0,130,13.0,3,1011.0,2
2023-02-10 18:00:00,26.0,84,0.0,130,14.8,3,1010.0,2
2023-02-10 19:00:00,26.0,84,0.0,140,16.6,3,1010.0,2
2023-02-10 20:00:00,26.0,84,0.0,140,14.8,4,1010.0,2
2023-02-10 21:00:00,26.0,84,0.0,140,11.2,4,1010.0,2
2023-02-10 22:00:00,25.0,89,0.0,120,13.0,4,1010.0,2
2023-02-10 23:00:00,26.0,84,0.0,120,13.0,4,1011.0,2
2023-02-11 00:00:00,26.0,84,0.0,110,9.4,4,1011.0,2
2023-02-11 01:00:00,27.0,79,0.0,90,9.4,5,1012.0,2
2023-02-11 02:00:00,29.0,66,0.0,120,16.6,5,1013.0,2
2023-02-11 03:00:00,31.0,59,0.0,100,16.6,5,1013.0,2
2023-02-11 04:00:00,32.0,52,0.0,61,13.0,5,1012.0,2
2023-02-11 05:00:00,32.0,52,0.0,56,9.4,5,1011.0,2
2023-02-11 06:00:00,34.0,47,0.0,50,9.4,5,1010.0,2
2023-02-11 07:00:00,34.0,47,0.0,50,9.4,5,1009.0,2
2023-02-11 08:00:00,34.0,44,0.0,80,7.6,5,1008.0,2
2023-02-11 09:00:00,34.0,44,0.0,190,7.6,5,1008.0,2
2023-02-11 10:00:00,31.0,59,0.0,200,22.3,5,1008.0,2
2023-02-11 11:00:00,30.0,66,0.0,170,16.6,5,1009.0,2
2023-02-11 12:00:00,28.0,74,0.0,160,13.0,5,1009.0,2
2023-02-11 13:00:00,28.0,79,0.0,150,11.2,5,1010.0,2
2023-02-11 14:00:00,28.0,74,0.0,130,16.6,4,1010.0,2
2023-02-11 15:00:00,27.0,79,0.0,130,14.8,4,1010.0,2
2023-02-11 16:00:00,27.0,79,0.0,140,18.4,4,1011.0,2
2023-02-11 17:00:00,27.0,79,0.0,150,11.2,4,1010.0,2
2023-02-11 18:00:00,27.0,79,0.0,140,16.6,4,1010.0,2
2023-02-11 19:00:00,27.0,79,0.0,140,13.0,4,1010.0,2
2023-02-11 20:00:00,26.0,84,0.0,202,5.4,4,1010.0,2
2023-02-11 21:00:00,27.0,79,0.0,140,9.4,4,1010.0,2
2023-02-11 22:00:00,26.0,84,0.0,217,1.8,4,1010.0,2
2023-02-11 23:00:00,26.0,84,0.0,250,5.4,5,1011.0,2
2023-02-12 00:00:00,25.0,94,0.0,263,3.6,5,1011.0,2
2023-02-12 01:00:00,28.0,74,0.0,140,7.6,0,1012.0,2
2023-02-12 02:00:00,29.0,70,0.0,120,14.8,5,1013.0,2
2023-02-12 03:00:00,31.0,59,0.0,110,13.0,5,1013.0,2
2023-02-12 04:00:00,32.0,56,0.0,60,9.4,5,1012.0,2
2023-02-12 05:00:00,33.0,52,0.0,55,5.4,5,1011.0,2
2023-02-12 06:00:00,33.0,52,0.0,50,5.4,6,1010.0,2
2023-02-12 07:00:00,34.0,50,0.0,50,5.4,5,1009.0,2
2023-02-12 08:00:00,33.0,52,0.0,170,9.4,5,1009.0,2
2023-02-12 09:00:00,32.0,59,0.0,210,18.4,5,1009.0,2
2023-02-12 10:00:00,31.0,66,0.0,190,20.5,5,1009.0,2
2023-02-12 11:00:00,29.0,70,0.0,180,14.8,5,1009.0,2
2023-02-12 12:00:00,28.0,79,0.0,180,13.0,5,1010.0,2
2023-02-12 13:00:00,28.0,74,0.0,150,11.2,5,1011.0,2
2023-02-12 14:00:00,28.0,70,0.0,140,16.6,5,1011.0,2
2023-02-12 15:00:00,28.0,70,0.0,140,14.8,5,1012.0,2
2023-02-12 16:00:00,27.0,74,0.0,140,9.4,4,1012.0,2
2023-02-12 17:00:00,27.0,74,0.0,140,16.6,4,1011.0,2
2023-02-12 18:00:00,27.0,79,0.0,150,9.4,4,1010.0,2
2023-02-12 19:00:00,27.0,79,0.0,183,3.6,4,1010.0,2
2023-02-12 20:00:00,27.0,79,0.0,201,3.6,4,1010.0,2
2023-02-12 21:00:00,26.0,84,0.0,211,3.6,4,1010.3,2
2023-02-12 22:00:00,26.0,84,0.0,170,7.6,5,1010.0,2
2023-02-12 23:00:00,26.0,84,0.0,160,11.2,5,1011.0,2
2023-02-13 00:00:00,26.0,89,0.0,150,7.6,5,1012.0,2
2023-02-13 01:00:00,28.0,79,0.0,160,13.0,5,1012.0,2
2023-02-13 02:00:00,29.0,74,0.0,130,18.4,5,1013.0,2
2023-02-13 03:00:00,30.0,66,0.0,150,9.4,6,1012.0,2
2023-02-13 04:00:00,32.0,59,0.0,150,9.4,5,1012.0,2
2023-02-13 05:00:00,33.0,52,0.0,140,11.2,5,1011.0,2
2023-02-13 06:00:00,33.0,52,0.0,130,9.4,5,1010.0,2
2023-02-13 07:00:00,33.0,59,0.0,190,16.6,5,1009.0,2
2023-02-13 08:00:00,32.0,67,0.0,210,22.3,5,1008.0,2
2023-02-13 09:00:00,31.0,70,0.0,180,20.5,5,1009.0,2
2023-02-13 10:00:00,29.0,79,0.0,210,20.5,5,1009.0,2
2023-02-13 11:00:00,28.0,84,0.0,180,13.0,5,1010.0,2
2023-02-13 12:00:00,27.0,84,0.0,200,18.4,5,1010.0,2
2023-02-13 13:00:00,27.0,84,0.0,190,13.0,5,1011.0,2
2023-02-13 14:00:00,27.0,84,0.0,180,14.8,5,1012.0,2
2023-02-13 15:00:00,27.0,84,0.0,170,11.2,4,1012.0,2
2023-02-13 16:00:00,27.0,84,0.0,130,13.0,4,1012.0,2
2023-02-13 17:00:00,26.0,89,0.0,140,9.4,4,1012.0,2
2023-02-13 18:00:00,26.0,89,0.0,201,5.4,4,1011.0,2
2023-02-13 19:00:00,26.0,89,0.0,218,5.4,4,1010.0,2
2023-02-13 20:00:00,26.0,89,0.0,226,5.4,4,1010.0,2
2023-02-13 21:00:00,26.0,89,0.0,210,1.8,4,1011.0,2
2023-02-13 22:00:00,25.0,94,0.0,170,3.6,5,1011.0,2
2023-02-13 23:00:00,25.0,94,0.0,258,3.6,5,1012.0,2
2023-02-14 00:00:00,25.0,100,0.0,264,5.4,5,1012.0,5
2023-02-14 01:00:00,27.0,84,0.0,80,9.4,5,1013.0,2
2023-02-14 02:00:00,28.0,79,0.0,100,7.6,6,1013.0,2
2023-02-14 03:00:00,30.0,66,0.0,69,3.6,6,1013.0,2
2023-02-14 04:00:00,31.0,59,0.0,57,5.4,6,1013.0,2
2023-02-14 05:00:00,31.0,59,0.0,54,5.4,6,1011.0,2
2023-02-14 06:00:00,32.0,56,0.0,52,4.0,6,1009.0,2
2023-02-14 07:00:00,33.0,52,0.0,110,7.6,6,1009.0,2
2023-02-14 08:00:00,32.0,63,0.0,200,16.6,5,1008.0,2
2023-02-14 09:00:00,30.0,70,0.0,220,20.5,5,1008.0,2
2023-02-14 10:00:00,29.0,74,0.0,190,20.5,5,1008.0,2
2023-02-14 11:00:00,28.0,79,0.0,170,14.8,6,1009.0,2
2023-02-14 12:00:00,28.0,79,0.0,130,16.6,6,1009.0,2
2023-02-14 13:00:00,27.0,79,0.0,110,16.6,6,1009.0,2
2023-02-14 14:00:00,27.0,79,0.0,140,14.8,5,1010.0,2
2023-02-14 15:00:00,26.0,84,0.0,100,14.8,5,1011.0,2
2023-02-14 16:00:00,26.0,84,0.0,130,11.2,5,1011.0,2
2023-02-14 17:00:00,26.0,84,0.0,140,9.4,5,1011.0,2
2023-02-14 18:00:00,26.0,84,0.0,140,9.4,5,1011.0,2
2023-02-14 19:00:00,26.0,84,0.0,150,7.6,5,1010.0,2
2023-02-14 20:00:00,26.0,84,0.0,190,5.4,5,1010.0,2
2023-02-14 21:00:00,26.0,84,0.0,0,0.0,5,1010.0,2
2023-02-14 22:00:00,26.0,84,0.0,172,5.4,6,1010.0,2
2023-02-14 23:00:00,26.0,84,0.0,90,6.0,6,1011.0,2
2023-02-15 00:00:00,26.0,84,0.0,80,7.6,6,1012.0,2
2023-02-15 01:00:00,27.0,74,0.0,63,5.4,6,1012.0,2
2023-02-15 02:00:00,29.0,66,0.0,80,11.2,6,1013.0,2
2023-02-15 03:00:00,30.0,62,0.0,67,5.4,6,1013.0,2
2023-02-15 04:00:00,31.0,55,0.0,60,5.4,6,1012.0,2
2023-02-15 05:00:00,32.0,52,0.0,59,3.6,6,1011.0,2
2023-02-15 06:00:00,33.0,44,0.0,58,3.6,6,1010.0,2
2023-02-15 07:00:00,34.0,39,0.0,70,7.6,6,1009.0,2
2023-02-15 08:00:00,33.0,49,0.0,170,18.4,6,1009.0,2
2023-02-15 09:00:00,32.0,56,0.0,210,18.4,6,1009.0,2
2023-02-15 10:00:00,30.0,62,0.0,180,14.8,6,1009.0,2
2023-02-15 11:00:00,30.0,62,0.0,180,11.2,6,1010.0,2
2023-02-15 12:00:00,29.0,62,0.0,160,11.2,6,1010.0,2
2023-02-15 13:00:00,29.0,62,0.0,160,13.0,6,1011.0,2
2023-02-15 14:00:00,28.0,62,0.0,110,16.6,6,1012.0,2
2023-02-15 15:00:00,27.0,74,0.0,20,11.2,6,1012.0,2
2023-02-15 16:00:00,25.0,84,0.0,27,3.6,5,1012.0,2
2023-02-15 17:00:00,25.0,84,0.0,1,3.6,5,1012.0,2
2023-02-15 18:00:00,24.0,89,0.0,300,5.4,5,1012.0,2
2023-02-15 19:00:00,24.0,78,0.0,302,3.6,5,1011.0,2
2023-02-15 20:00:00,24.0,89,0.0,284,3.6,5,1011.0,2
2023-02-15 21:00:00,23.0,88,0.0,80,5.4,5,1011.0,2
2023-02-15 22:00:00,23.0,78,0.0,90,7.6,5,1011.0,2
2023-02-15 23:00:00,23.0,88,0.0,40,1.8,5,1012.0,2
2023-02-16 00:00:00,25.0,78,0.0,285,1.8,6,1012.0,2
2023-02-16 01:00:00,27.0,66,0.0,70,7.6,6,1013.0,2
2023-02-16 02:00:00,29.0,52,0.0,65,5.4,6,1014.0,2
2023-02-16 03:00:00,30.0,49,0.0,67,5.4,6,1013.0,2
2023-02-16 04:00:00,31.0,46,0.0,60,3.6,6,1013.0,2
2023-02-16 05:00:00,32.0,43,0.0,60,5.4,6,1012.0,2
2023-02-16 06:00:00,32.0,41,0.0,30,9.4,6,1011.0,2
2023-02-16 07:00:00,32.0,38,0.0,56,1.8,6,1010.0,2
2023-02-16 08:00:00,33.0,34,0.0,30,7.6,6,1009.0,2
2023-02-16 09:00:00,32.0,49,0.0,47,5.4,6,1009.0,2
2023-02-16 10:00:00,30.0,55,0.0,220,14.8,6,1010.0,2
2023-02-16 11:00:00,29.0,58,0.0,180,14.8,6,1010.0,2
2023-02-16 12:00:00,29.0,62,0.0,180,7.6,6,1011.0,2
2023-02-16 13:00:00,29.0,62,0.0,220,7.6,6,1011.0,2
2023-02-16 14:00:00,28.0,66,0.0,41,3.6,6,1012.0,2
2023-02-16 15:00:00,27.0,74,0.0,360,3.6,6,1013.0,2
2023-02-16 16:00:00,27.0,79,0.0,31,1.8,6,1013.0,2
2023-02-16 17:00:00,26.0,84,0.0,300,5.4,6,1013.0,2
2023-02-16 18:00:00,25.0,78,0.0,337,1.8,6,1013.0,2
2023-02-16 19:00:00,25.0,78,0.0,323,3.6,6,1013.0,2
2023-02-16 20:00:00,24.0,83,0.0,320,1.8,6,1012.0,2
2023-02-16 21:00:00,25.0,78,0.0,80,7.6,6,1012.0,2
2023-02-16 22:00:00,24.0,83,0.0,281,3.6,6,1012.0,2
2023-02-16 23:00:00,23.0,83,0.0,20,7.6,6,1012.0,2
2023-02-17 00:00:00,24.0,78,0.0,276,3.6,0,1013.0,2
2023-02-17 01:00:00,26.0,65,0.0,50,13.0,6,1013.0,2
2023-02-17 02:00:00,28.0,55,0.0,60,11.2,6,1013.0,2
2023-02-17 03:00:00,30.0,49,0.0,60,7.6,0,1013.0,2
2023-02-17 04:00:00,32.0,41,0.0,68,7.6,6,1012.0,2
2023-02-17 05:00:00,33.0,38,0.0,130,11.2,6,1011.0,2
2023-02-17 06:00:00,34.0,39,0.0,140,9.0,6,1010.0,2
2023-02-17 07:00:00,34.0,39,0.0,62,7.6,6,1009.0,2
2023-02-17 08:00:00,33.0,41,0.0,130,9.4,6,1008.0,2
2023-02-17 09:00:00,33.0,46,0.0,180,11.2,6,1008.0,2
2023-02-17 10:00:00,31.0,59,0.6,200,16.6,6,1009.0,2
2023-02-17 11:00:00,30.0,62,0.0,190,16.6,6,1010.0,2
2023-02-17 12:00:00,29.0,70,0.0,190,11.2,6,1011.0,2
2023-02-17 13:00:00,29.0,70,0.0,150,11.2,6,1011.0,2
2023-02-17 14:00:00,29.0,70,0.0,130,9.4,6,1012.0,2
2023-02-17 15:00:00,28.0,74,0.0,130,9.4,6,1013.0,2
2023-02-17 16:00:00,28.0,70,0.0,90,11.2,6,1013.0,2
2023-02-17 17:00:00,26.0,84,0.0,130,11.2,6,1013.0,2
2023-02-17 18:00:00,26.0,89,0.0,90,9.4,6,1012.0,2
2023-02-17 19:00:00,26.0,84,0.0,70,7.6,6,1012.0,2
2023-02-17 20:00:00,26.0,84,0.0,50,9.4,6,1011.0,2
2023-02-17 21:00:00,25.0,89,0.0,60,11.2,6,1011.0,2
2023-02-17 22:00:00,25.0,89,0.0,50,7.6,6,1011.0,2
2023-02-17 23:00:00,25.0,89,0.0,0,0.0,6,1012.0,2
2023-02-18 00:00:00,26.0,89,0.0,269,3.6,7,1013.0,2
2023-02-18 01:00:00,26.0,89,0.0,50,7.6,6,1013.0,2
2023-02-18 02:00:00,27.0,84,0.0,66,5.4,6,1014.0,2
2023-02-18 03:00:00,28.0,79,0.0,66,5.4,6,1014.0,2
2023-02-18 04:00:00,29.0,74,0.0,53,5.4,6,1013.0,2
2023-02-18 05:00:00,31.0,66,0.0,50,1.8,6,1012.0,2
2023-02-18 06:00:00,32.0,59,0.0,47,1.8,6,1010.0,2
2023-02-18 07:00:00,32.0,52,0.0,44,3.6,6,1009.0,2
2023-02-18 08:00:00,33.0,52,0.0,200,7.6,6,1008.0,2
2023-02-18 09:00:00,32.0,56,0.0,250,7.6,6,1008.0,2
2023-02-18 10:00:00,30.0,70,0.1,240,18.4,6,1008.0,2
2023-02-18 11:00:00,27.0,89,0.0,210,9.4,6,1009.0,2
2023-02-18 12:00:00,27.0,84,0.0,150,9.4,6,1010.0,2
2023-02-18 13:00:00,27.0,79,0.0,75,5.4,6,1011.0,2
2023-02-18 14:00:00,27.0,79,0.0,190,9.4,6,1012.0,2
2023-02-18 15:00:00,26.0,89,0.0,190,7.6,6,1012.0,2
2023-02-18 16:00:00,26.0,89,0.0,190,9.4,6,1012.0,2
2023-02-18 17:00:00,26.0,89,0.0,180,7.6,6,1012.0,2
2023-02-18 18:00:00,26.0,89,0.0,60,9.4,6,1011.0,2
2023-02-18 19:00:00,25.0,89,0.1,292,1.8,6,1011.0,2
2023-02-18 20:00:00,26.0,84,0.0,330,1.8,6,1010.0,2
2023-02-18 21:00:00,25.0,89,0.0,244,1.8,6,1010.0,2
2023-02-18 22:00:00,25.0,94,0.0,360,1.8,6,1011.0,2
2023-02-18 23:00:00,25.0,94,0.0,262,1.8,6,1011.0,2
2023-02-19 00:00:00,26.0,89,0.0,265,1.8,6,1012.0,2
2023-02-19 01:00:00,27.0,84,0.0,55,3.6,6,1013.0,2
2023-02-19 02:00:00,28.0,79,0.0,40,9.4,6,1013.0,2
2023-02-19 03:00:00,29.0,74,0.0,61,3.6,6,1013.0,2
2023-02-19 04:00:00,31.0,62,0.0,330,9.4,6,1013.0,2
2023-02-19 05:00:00,32.0,59,0.0,290,11.2,6,1011.0,2
2023-02-19 06:00:00,33.0,49,0.0,41,7.6,6,1010.0,2
2023-02-19 07:00:00,33.0,46,0.0,10,13.0,6,1009.0,2
2023-02-19 08:00:00,34.0,44,0.0,36,9.4,6,1008.0,2
2023-02-19 09:00:00,30.0,75,0.7,200,16.6,6,1008.0,2
2023-02-19 10:00:00,28.0,79,0.3,180,22.3,6,1008.0,2
2023-02-19 11:00:00,27.0,79,1.1,180,22.3,6,1009.0,2
2023-02-19 12:00:00,28.0,79,0.6,180,13.0,7,1009.0,2
2023-02-19 13:00:00,27.0,79,0.1,170,11.2,7,1010.0,2
2023-02-19 14:00:00,27.0,79,0.0,180,11.2,6,1011.0,2
2023-02-19 15:00:00,27.0,79,0.0,160,7.6,6,1011.0,2
2023-02-19 16:00:00,26.0,84,0.4,100,7.6,6,1012.0,2
2023-02-19 17:00:00,26.0,84,0.0,339,3.6,6,1011.0,2
2023-02-19 18:00:00,25.0,94,0.0,310,5.4,6,1011.0,2
2023-02-19 19:00:00,25.0,94,0.0,290,9.4,6,1010.0,2
2023-02-19 20:00:00,25.0,94,0.0,260,7.6,6,1010.0,2
2023-02-19 21:00:00,24.0,100,0.0,270,3.6,6,1010.0,2
2023-02-19 22:00:00,25.0,94,0.0,300,3.6,6,1010.0,2
2023-02-19 23:00:00,25.0,94,0.0,300,5.4,6,1011.0,2
2023-02-20 00:00:00,25.0,94,0.0,330,1.8,6,1012.0,2
2023-02-20 01:00:00,25.0,94,0.0,310,7.6,6,1013.0,2
2023-02-20 02:00:00,27.0,84,0.0,52,5.4,6,1013.0,2
2023-02-20 03:00:00,28.0,62,0.0,330,7.6,6,1013.0,2
2023-02-20 04:00:00,29.0,55,0.0,310,1.8,6,1013.0,2
2023-02-20 05:00:00,30.0,52,0.0,39,5.4,6,1012.0,2
2023-02-20 06:00:00,31.0,49,0.0,35,7.6,6,1011.0,2
2023-02-20 07:00:00,32.0,46,0.0,340,7.6,6,1009.0,2
2023-02-20 08:00:00,33.0,44,0.0,250,9.4,6,1009.0,2
2023-02-20 09:00:00,33.0,44,0.0,33,3.6,6,1008.0,2
2023-02-20 10:00:00,32.0,46,0.0,39,5.4,6,1009.0,2
2023-02-20 11:00:00,29.0,74,0.0,170,20.5,6,1009.0,2
2023-02-20 12:00:00,27.0,84,0.0,180,14.8,6,1010.0,2
2023-02-20 13:00:00,27.0,79,0.0,170,11.2,6,1011.0,2
2023-02-20 14:00:00,27.0,79,0.0,170,9.4,6,1012.0,2
2023-02-20 15:00:00,27.0,79,0.0,150,11.2,6,1012.0,2
2023-02-20 16:00:00,26.0,84,0.0,23,4.0,5,1012.0,2
2023-02-20 17:00:00,25.0,94,0.0,330,2.0,5,1012.0,2
2023-02-20 18:00:00,25.0,94,0.0,10,1.8,5,1012.0,2
2023-02-20 19:00:00,25.0,89,0.0,10,5.4,5,1012.0,2
2023-02-20 20:00:00,25.0,89,0.0,330,3.6,5,1011.0,2
2023-02-20 21:00:00,24.0,89,0.0,330,7.6,5,1011.0,2
2023-02-20 22:00:00,24.0,83,0.0,330,7.6,5,1012.0,2
2023-02-20 23:00:00,23.0,83,0.0,340,5.4,6,1013.0,2
2023-02-21 00:00:00,24.0,78,0.0,273,5.4,6,1013.0,2
2023-02-21 01:00:00,25.0,74,0.0,46,5.4,5,1014.0,2
2023-02-21 02:00:00,28.0,62,0.0,51,5.4,5,1014.0,2
2023-02-21 03:00:00,30.0,52,0.0,53,3.6,5,1014.0,2
2023-02-21 04:00:00,32.0,46,0.0,50,3.6,6,1013.0,2
2023-02-21 05:00:00,32.0,43,0.0,40,7.6,6,1012.0,2
2023-02-21 06:00:00,32.0,43,0.0,50,5.4,6,1011.0,2
2023-02-21 07:00:00,33.0,41,0.0,48,5.4,6,1010.0,2
2023-02-21 08:00:00,33.0,44,0.0,46,5.4,5,1009.0,2
2023-02-21 09:00:00,34.0,36,0.0,300,7.6,5,1009.0,2
2023-02-21 10:00:00,30.0,66,0.0,190,20.5,5,1009.0,2
2023-02-21 11:00:00,28.0,74,0.0,180,16.6,5,1010.0,2
2023-02-21 12:00:00,27.0,70,0.0,170,18.4,5,1011.0,2
2023-02-21 13:00:00,27.0,79,0.0,180,13.0,5,1011.0,2
2023-02-21 14:00:00,27.0,79,0.0,160,13.0,5,1012.0,2
2023-02-21 15:00:00,27.0,79,0.0,32,3.6,5,1012.0,2
2023-02-21 16:00:00,26.0,84,0.0,26,3.6,5,1012.0,2
2023-02-21 17:00:00,26.0,84,0.0,351,1.8,5,1012.0,2
2023-02-21 18:00:00,25.0,89,0.0,330,7.6,5,1012.0,2
2023-02-21 19:00:00,24.0,94,0.0,300,1.8,5,1011.0,2
2023-02-21 20:00:00,24.0,94,0.0,320,3.6,5,1012.0,2
2023-02-21 21:00:00,24.0,94,0.0,320,7.6,5,1012.0,2
2023-02-21 22:00:00,24.0,83,0.0,330,7.0,5,1012.0,2
2023-02-21 23:00:00,23.0,88,0.0,330,5.4,5,1013.0,2
2023-02-22 00:00:00,23.0,83,0.0,269,5.4,5,1013.0,2
2023-02-22 01:00:00,25.0,78,0.0,48,5.4,5,1014.0,2
2023-02-22 02:00:00,28.0,66,0.0,54,3.6,5,1014.0,2
2023-02-22 03:00:00,29.0,58,0.0,56,5.4,5,1014.0,2
2023-02-22 04:00:00,31.0,52,0.0,53,5.4,6,1013.0,2
2023-02-22 05:00:00,32.0,46,0.0,30,7.6,6,1012.0,2
2023-02-22 06:00:00,32.0,46,0.0,53,5.4,6,1011.0,2
2023-02-22 07:00:00,33.0,44,0.0,50,5.4,5,1010.0,2
2023-02-22 08:00:00,33.0,41,0.0,48,5.4,5,1009.0,2
2023-02-22 09:00:00,32.0,46,0.5,230,7.6,5,1009.0,2
2023-02-22 10:00:00,30.0,62,0.4,170,16.6,5,1010.0,2
2023-02-22 11:00:00,29.0,70,0.0,190,16.6,5,1010.0,2
2023-02-22 12:00:00,28.0,66,0.0,190,16.6,5,1011.0,2
2023-02-22 13:00:00,27.0,70,0.0,170,13.0,5,1011.0,2
2023-02-22 14:00:00,27.0,79,0.0,180,11.2,5,1012.0,2
2023-02-22 15:00:00,27.0,79,0.0,130,11.2,5,1012.0,2
2023-02-22 16:00:00,26.0,84,0.0,12,1.8,4,1012.0,2
2023-02-22 17:00:00,26.0,84,0.0,338,1.8,4,1012.0,2
2023-02-22 18:00:00,25.0,89,0.0,290,3.6,4,1012.0,2
2023-02-22 19:00:00,25.0,89,0.0,300,3.6,0,1011.0,5
2023-02-22 20:00:00,25.0,89,0.0,251,3.6,4,1011.0,5
2023-02-22 21:00:00,24.0,83,0.0,360,5.4,4,1011.0,2
2023-02-22 22:00:00,24.0,83,0.0,261,1.8,4,1011.0,2
2023-02-22 23:00:00,24.0,83,0.0,264,3.6,5,1012.0,2
2023-02-23 00:00:00,24.0,83,0.0,266,3.6,5,1012.0,2
2023-02-23 01:00:00,26.0,74,0.0,46,1.8,5,1013.0,2
2023-02-23 02:00:00,29.0,62,0.0,54,5.4,5,1013.0,2
2023-02-23 03:00:00,30.0,55,0.0,56,1.8,5,1013.0,2
2023-02-23 04:00:00,31.0,52,0.0,53,3.6,5,1012.0,2
2023-02-23 05:00:00,32.0,49,0.0,50,5.4,5,1011.0,2
2023-02-23 06:00:00,32.0,49,0.0,47,5.4,5,1010.0,2
2023-02-23 07:00:00,32.0,49,0.0,44,3.6,5,1009.0,2
2023-02-23 08:00:00,33.0,46,0.0,260,11.2,5,1008.0,2
2023-02-23 09:00:00,32.0,49,0.0,270,7.6,5,1008.0,2
2023-02-23 10:00:00,32.0,52,0.0,260,13.0,5,1008.0,2
2023-02-23 11:00:00,29.0,70,0.0,180,14.8,5,1009.0,2
2023-02-23 12:00:00,28.0,74,0.0,160,16.6,5,1010.0,2
2023-02-23 13:00:00,27.0,74,0.0,150,13.0,5,1010.0,2
2023-02-23 14:00:00,27.0,74,0.0,170,13.0,5,1011.0,2
2023-02-23 15:00:00,27.0,74,0.0,20,5.4,5,1011.0,2
2023-02-23 16:00:00,26.0,79,0.0,140,13.0,4,1011.0,2
2023-02-23 17:00:00,26.0,84,0.0,334,1.8,4,1011.0,2
2023-02-23 18:00:00,25.0,89,0.0,280,3.6,4,1011.0,2
2023-02-23 19:00:00,25.0,89,0.0,255,3.6,4,1010.0,2
2023-02-23 20:00:00,24.0,94,0.0,110,3.6,4,1011.0,2
2023-02-23 21:00:00,24.0,94,0.0,40,1.8,4,1010.0,2
2023-02-23 22:00:00,24.0,94,0.0,247,1.8,4,1011.0,2
2023-02-23 23:00:00,24.0,94,0.0,340,5.4,5,1011.0,2
2023-02-24 00:00:00,24.0,94,0.0,269,3.6,5,1012.0,5
2023-02-24 01:00:00,25.0,94,0.0,30,7.6,5,1012.0,5
2023-02-24 02:00:00,27.0,84,0.0,30,9.4,5,1013.0,2
2023-02-24 03:00:00,29.0,66,0.0,20,9.4,5,1013.0,2
2023-02-24 04:00:00,30.0,59,0.0,310,7.6,5,1012.0,2
2023-02-24 05:00:00,31.0,49,0.0,51,9.4,5,1011.0,2
2023-02-24 06:00:00,32.0,46,0.0,50,11.2,5,1010.0,2
2023-02-24 07:00:00,33.0,41,0.0,100,9.4,5,1009.0,2
2023-02-24 08:00:00,34.0,36,0.0,320,7.6,5,1008.0,2
2023-02-24 09:00:00,31.0,59,0.0,190,20.5,5,1009.0,2
2023-02-24 10:00:00,30.0,62,0.0,190,18.4,5,1009.0,2
2023-02-24 11:00:00,29.0,58,0.0,170,16.6,5,1010.0,2
2023-02-24 12:00:00,28.0,62,0.0,160,14.8,5,1010.0,2
2023-02-24 13:00:00,28.0,58,0.0,150,11.2,5,1011.0,2
2023-02-24 14:00:00,26.0,74,0.0,120,13.0,4,1012.0,2
2023-02-24 15:00:00,26.0,74,0.0,120,9.4,4,1013.0,2
2023-02-24 16:00:00,26.0,74,0.0,140,7.6,4,1013.0,2
2023-02-24 17:00:00,25.0,84,0.0,349,1.8,4,1013.0,2
2023-02-24 18:00:00,24.0,89,0.0,296,3.6,4,1013.0,2
2023-02-24 19:00:00,24.0,89,0.0,80,7.6,4,1012.0,2
2023-02-24 20:00:00,24.0,89,0.0,350,3.6,4,1012.0,2
2023-02-24 21:00:00,23.0,88,0.0,234,5.4,4,1012.0,2
2023-02-24 22:00:00,23.0,74,0.0,282,5.4,4,1013.0,2
2023-02-24 23:00:00,23.0,78,0.0,281,3.6,4,1014.0,2
2023-02-25 00:00:00,23.0,78,0.0,281,5.4,4,1015.0,2
2023-02-25 01:00:00,24.0,74,0.0,57,5.4,5,1015.0,2
2023-02-25 02:00:00,26.0,74,0.0,64,3.6,5,1015.3,2
2023-02-25 03:00:00,28.0,62,0.0,66,5.4,5,1016.0,2
2023-02-25 04:00:00,30.0,55,0.0,62,3.6,5,1015.0,2
2023-02-25 05:00:00,30.0,52,0.0,61,3.6,5,1014.0,2
2023-02-25 06:00:00,32.0,46,0.0,60,3.6,5,1013.0,2
2023-02-25 07:00:00,32.0,43,0.0,58,9.4,5,1012.0,2
2023-02-25 08:00:00,33.0,38,0.0,270,3.6,5,1011.0,2
2023-02-25 09:00:00,33.0,38,0.0,110,7.6,5,1011.0,2
2023-02-25 10:00:00,32.0,46,0.0,200,11.2,5,1011.0,2
2023-02-25 11:00:00,29.0,62,0.0,200,14.8,5,1012.0,2
2023-02-25 12:00:00,28.0,66,0.0,170,9.4,5,1013.0,2
2023-02-25 13:00:00,28.0,62,0.0,50,5.4,5,1014.0,2
2023-02-25 14:00:00,27.0,70,0.0,33,3.6,4,1015.0,2
2023-02-25 15:00:00,27.0,51,0.0,40,11.2,4,1015.0,2
2023-02-25 16:00:00,26.0,58,0.0,10,11.2,4,1015.0,2
2023-02-25 17:00:00,25.0,57,0.0,30,9.4,4,1015.0,2
2023-02-25 18:00:00,25.0,57,0.0,30,11.2,4,1015.0,2
2023-02-25 19:00:00,24.0,61,0.0,30,9.4,4,1014.0,2
2023-02-25 20:00:00,24.0,61,0.0,30,5.4,4,1014.0,2
2023-02-25 21:00:00,23.0,69,0.0,60,7.6,4,1014.0,2
2023-02-25 22:00:00,22.0,73,0.0,30,5.4,4,1014.0,2
2023-02-25 23:00:00,23.0,69,0.0,10,7.6,5,1015.0,2
2023-02-26 00:00:00,23.0,69,0.0,20,11.2,5,1016.0,2
2023-02-26 01:00:00,26.0,58,0.0,20,14.8,5,1016.0,2
2023-02-26 02:00:00,27.0,58,0.0,30,14.8,5,1016.8,2
2023-02-26 03:00:00,29.0,52,0.0,20,13.0,6,1016.0,2
2023-02-26 04:00:00,30.0,46,0.0,360,13.0,6,1016.0,2
2023-02-26 05:00:00,32.0,41,0.0,330,9.4,6,1015.0,2
2023-02-26 06:00:00,33.0,36,0.0,360,11.2,6,1014.0,2
2023-02-26 07:00:00,34.0,34,0.0,54,13.0,6,1013.0,2
2023-02-26 08:00:00,34.0,32,0.0,30,11.2,6,1012.0,2
2023-02-26 09:00:00,34.0,34,0.0,40,11.2,5,1012.0,2
2023-02-26 10:00:00,33.0,34,0.0,60,11.2,5,1012.0,2
2023-02-26 11:00:00,29.0,58,0.0,130,16.6,6,1013.0,2
2023-02-26 12:00:00,28.0,66,0.0,180,11.2,6,1014.0,2
2023-02-26 13:00:00,28.0,66,0.0,45,3.6,5,1015.0,2
2023-02-26 14:00:00,27.0,70,0.0,24,3.6,5,1015.0,2
2023-02-26 15:00:00,27.0,54,0.0,20,11.2,5,1016.0,2
2023-02-26 16:00:00,26.0,51,0.0,10,14.8,5,1016.0,2
2023-02-26 17:00:00,25.0,57,0.0,30,14.8,5,1016.0,2
2023-02-26 18:00:00,24.0,61,0.0,20,9.4,5,1015.0,2
2023-02-26 19:00:00,24.0,61,0.0,20,9.4,5,1015.0,2
2023-02-26 20:00:00,23.0,65,0.0,30,9.4,5,1014.0,2
2023-02-26 21:00:00,23.0,69,0.0,30,7.6,5,1014.0,2
2023-02-26 22:00:00,23.0,69,0.0,10,5.4,5,1014.0,2
2023-02-26 23:00:00,22.0,73,0.0,316,3.6,5,1015.0,2
2023-02-27 00:00:00,24.0,65,0.0,287,5.4,6,1016.0,2
2023-02-27 01:00:00,25.0,61,0.0,52,5.4,6,1016.0,2
2023-02-27 02:00:00,28.0,51,0.0,60,11.2,6,1017.0,2
2023-02-27 03:00:00,30.0,46,0.0,100,11.2,6,1017.0,2
2023-02-27 04:00:00,32.0,41,0.0,58,11.2,6,1016.0,2
2023-02-27 05:00:00,32.0,41,0.0,56,5.4,6,1015.0,2
2023-02-27 06:00:00,33.0,38,0.0,54,9.4,6,1014.0,2
2023-02-27 07:00:00,34.0,36,0.0,53,7.6,6,1013.0,2
2023-02-27 08:00:00,34.0,36,0.0,53,1.8,6,1012.0,2
2023-02-27 09:00:00,33.0,38,0.0,70,7.6,6,1012.0,2
2023-02-27 10:00:00,30.0,62,0.0,190,18.4,6,1012.0,2
2023-02-27 11:00:00,29.0,62,0.0,210,14.8,6,1013.0,2
2023-02-27 12:00:00,29.0,66,0.0,210,9.4,6,1013.0,2
2023-02-27 13:00:00,28.0,70,0.0,52,3.6,6,1014.0,2
2023-02-27 14:00:00,28.0,66,0.0,36,5.4,6,1014.0,2
2023-02-27 15:00:00,27.0,79,0.0,359,5.4,6,1015.0,2
2023-02-27 16:00:00,27.0,74,0.0,350,7.6,6,1014.0,2
2023-02-27 17:00:00,27.0,66,0.0,20,9.4,6,1014.0,2
2023-02-27 18:00:00,26.0,70,0.0,339,5.4,6,1014.0,2
2023-02-27 19:00:00,25.0,74,0.0,10,7.6,6,1013.0,2
2023-02-27 20:00:00,25.0,74,0.0,30,7.6,6,1013.0,2
2023-02-27 21:00:00,24.0,78,0.0,60,7.6,5,1013.0,2
2023-02-27 22:00:00,24.0,78,0.0,50,7.6,6,1013.0,2
2023-02-27 23:00:00,24.0,78,0.0,50,5.4,6,1014.0,2
2023-02-28 00:00:00,25.0,78,0.0,293,5.4,6,1015.0,2
2023-02-28 01:00:00,27.0,70,0.0,80,7.6,6,1015.0,2
2023-02-28 02:00:00,28.0,66,0.0,64,3.6,6,1015.0,2
2023-02-28 03:00:00,29.0,62,0.0,66,3.6,6,1016.0,2
2023-02-28 04:00:00,31.0,55,0.0,61,7.6,7,1015.0,3
2023-02-28 05:00:00,31.0,52,0.0,61,9.4,7,1014.0,3
2023-02-28 06:00:00,33.0,44,0.0,61,5.4,7,1012.0,3
2023-02-28 07:00:00,34.0,39,0.0,50,13.0,7,1011.0,2
2023-02-28 08:00:00,34.0,41,0.0,60,14.8,6,1011.0,2
2023-02-28 09:00:00,34.0,41,0.0,54,9.4,6,1011.0,2
2023-02-28 10:00:00,30.0,70,0.0,190,14.8,6,1012.0,2
2023-02-28 11:00:00,30.0,66,0.0,180,14.8,7,1012.0,2
2023-02-28 12:00:00,29.0,70,0.0,150,7.6,7,1013.0,2
2023-02-28 13:00:00,30.0,66,0.0,120,9.4,6,1013.0,2
2023-02-28 14:00:00,29.0,70,0.0,55,3.6,6,1014.0,2
2023-02-28 15:00:00,28.0,79,0.0,290,3.6,6,1014.0,2
2023-02-28 16:00:00,28.0,79,0.0,36,5.4,6,1015.0,2
2023-02-28 17:00:00,27.0,84,0.0,310,3.6,6,1014.0,2
2023-02-28 18:00:00,27.0,84,0.0,320,3.6,6,1014.0,2
2023-02-28 19:00:00,26.0,89,0.0,310,3.6,6,1013.0,2
2023-02-28 20:00:00,26.0,89,0.0,300,5.4,6,1013.0,2
2023-02-28 21:00:00,26.0,89,0.0,248,1.8,6,1013.0,2
2023-02-28 22:00:00,25.0,94,0.0,320,3.6,6,1012.0,2
2023-02-28 23:00:00,25.0,89,0.0,0,0.0,6,1014.0,2
2023-03-01 00:00:00,26.0,84,0.0,80,7.6,6,1015.0,2
2023-03-01 01:00:00,27.0,79,0.0,63,3.6,6,1015.0,2
2023-03-01 02:00:00,29.0,70,0.0,67,1.8,6,1016.0,2
2023-03-01 03:00:00,30.0,66,0.0,190,7.6,6,1016.0,2
2023-03-01 04:00:00,31.0,59,0.0,180,7.6,6,1015.0,2
2023-03-01 05:00:00,33.0,49,0.0,60,7.6,6,1014.0,2
2023-03-01 06:00:00,34.0,47,0.0,58,5.4,6,1013.0,2
2023-03-01 07:00:00,35.0,39,0.0,70,11.2,6,1012.0,2
2023-03-01 08:00:00,35.0,39,0.0,54,5.4,6,1011.0,2
2023-03-01 09:00:00,34.0,47,0.0,210,7.6,6,1011.0,2
2023-03-01 10:00:00,32.0,59,0.0,200,24.1,6,1011.0,2
2023-03-01 11:00:00,30.0,66,0.0,170,14.8,6,1012.0,2
2023-03-01 12:00:00,29.0,66,0.0,180,13.0,6,1013.0,2
2023-03-01 13:00:00,28.0,70,0.0,170,9.4,6,1014.0,2
2023-03-01 14:00:00,27.0,74,0.0,130,13.0,6,1014.0,2
2023-03-01 15:00:00,27.0,74,0.0,130,11.2,5,1014.0,2
2023-03-01 16:00:00,26.0,79,0.0,100,13.0,5,1015.0,2
2023-03-01 17:00:00,26.0,79,0.0,360,3.6,5,1014.0,2
2023-03-01 18:00:00,26.0,79,0.0,313,3.6,5,1014.0,2
2023-03-01 19:00:00,26.0,79,0.0,140,7.6,5,1014.0,2
2023-03-01 20:00:00,26.0,79,0.0,140,7.6,5,1013.0,2
2023-03-01 21:00:00,25.0,84,0.0,80,9.4,5,1013.0,2
2023-03-01 22:00:00,24.0,89,0.0,281,5.4,5,1014.0,2
2023-03-01 23:00:00,25.0,84,0.0,90,7.6,5,1014.0,2
2023-03-02 00:00:00,25.0,89,0.0,273,5.4,6,1014.0,2
2023-03-02 01:00:00,27.0,74,0.0,60,9.4,6,1015.0,2
2023-03-02 02:00:00,30.0,55,0.0,70,11.2,6,1016.0,2
2023-03-02 03:00:00,31.0,52,0.0,50,9.4,6,1015.0,2
2023-03-02 04:00:00,33.0,49,0.0,65,9.4,6,1015.0,2
2023-03-02 05:00:00,33.0,49,0.0,10,7.6,6,1013.0,2
2023-03-02 06:00:00,34.0,47,0.0,63,7.6,6,1012.0,2
2023-03-02 07:00:00,35.0,44,0.0,60,11.2,6,1011.0,2
2023-03-02 08:00:00,34.0,44,0.0,60,5.4,6,1010.0,2
2023-03-02 09:00:00,35.0,42,0.0,120,7.6,5,1010.0,2
2023-03-02 10:00:00,32.0,52,0.0,190,16.6,6,1011.0,2
2023-03-02 11:00:00,31.0,59,0.0,170,9.4,6,1011.0,2
2023-03-02 12:00:00,30.0,59,0.0,140,11.2,6,1012.0,2
2023-03-02 13:00:00,29.0,62,0.0,130,9.4,5,1013.0,2
2023-03-02 14:00:00,28.0,66,0.0,100,7.6,5,1014.0,2
2023-03-02 15:00:00,27.0,70,0.0,90,9.4,5,1014.0,2
2023-03-02 16:00:00,27.0,70,0.0,60,7.6,5,1014.0,2
2023-03-02 17:00:00,26.0,65,0.0,60,7.6,5,1014.0,2
2023-03-02 18:00:00,25.0,74,0.0,50,9.0,5,1014.0,2
2023-03-02 19:00:00,25.0,74,0.0,60,7.6,4,1013.0,2
2023-03-02 20:00:00,25.0,69,0.0,40,5.4,4,1013.0,2
2023-03-02 21:00:00,24.0,74,0.0,50,7.6,4,1013.0,2
2023-03-02 22:00:00,23.0,78,0.0,60,4.0,4,1014.0,2
2023-03-02 23:00:00,24.0,74,0.0,70,6.0,4,1015.0,2
2023-03-03 00:00:00,25.0,69,0.0,279,6.0,5,1015.0,2
2023-03-03 01:00:00,27.0,66,0.0,50,7.0,5,1016.0,2
2023-03-03 02:00:00,28.0,58,0.0,71,6.0,5,1016.0,2
2023-03-03 03:00:00,30.0,49,0.0,73,4.0,5,1017.0,2
2023-03-03 04:00:00,31.0,49,0.0,66,6.0,5,1016.0,2
2023-03-03 05:00:00,32.0,46,0.0,330,15.0,5,1015.0,2
2023-03-03 06:00:00,33.0,44,0.0,320,9.0,5,1014.0,2
2023-03-03 07:00:00,33.0,44,0.0,330,11.2,5,1013.0,2
2023-03-03 08:00:00,32.0,49,0.0,300,14.8,5,1013.0,2
2023-03-03 09:00:00,30.0,55,0.0,290,16.6,5,1013.0,2
2023-03-03 10:00:00,30.0,55,0.0,280,18.4,5,1013.0,2
2023-03-03 11:00:00,29.0,66,0.0,260,14.8,5,1014.0,2
2023-03-03 12:00:00,28.0,70,0.0,190,13.0,5,1014.0,2
2023-03-03 13:00:00,28.0,66,0.0,190,13.0,5,1015.0,2
2023-03-03 14:00:00,27.0,70,0.0,180,7.6,5,1016.0,2
2023-03-03 15:00:00,27.0,70,0.0,8,3.6,5,1016.0,2
2023-03-03 16:00:00,26.0,79,0.0,25,3.6,5,1016.0,2
2023-03-03 17:00:00,25.0,89,0.0,3,5.4,5,1016.0,2
2023-03-03 18:00:00,25.0,84,0.0,310,1.8,5,1015.0,2
2023-03-03 19:00:00,24.0,94,0.0,340,3.6,4,1015.0,2
2023-03-03 20:00:00,24.0,89,0.0,330,4.0,4,1014.0,2
2023-03-03 21:00:00,23.0,78,0.0,230,1.8,4,1015.0,2
2023-03-03 22:00:00,23.0,78,0.0,287,1.8,4,1015.0,2
2023-03-03 23:00:00,22.0,83,0.0,282,1.8,5,1016.0,2
2023-03-04 00:00:00,24.0,74,0.0,80,5.4,0,1016.0,2
2023-03-04 01:00:00,26.0,70,0.0,70,1.8,0,1017.0,2
2023-03-04 02:00:00,27.0,66,0.0,60,7.6,5,1018.0,2
2023-03-04 03:00:00,28.0,58,0.0,76,7.6,5,1018.0,2
2023-03-04 04:00:00,30.0,49,0.0,70,9.4,5,1017.0,2
2023-03-04 05:00:00,31.0,43,0.0,69,5.4,5,1017.0,2
2023-03-04 06:00:00,31.0,43,0.0,130,7.6,5,1015.0,2
2023-03-04 07:00:00,31.0,43,0.0,61,3.6,5,1014.0,2
2023-03-04 08:00:00,32.0,41,0.0,56,3.6,5,1013.0,2
2023-03-04 09:00:00,31.0,52,0.0,51,5.4,5,1013.0,2
2023-03-04 10:00:00,30.0,55,0.0,270,9.4,5,1013.0,2
2023-03-04 11:00:00,28.0,62,0.0,210,14.8,5,1014.0,2
2023-03-04 12:00:00,28.0,58,0.0,190,14.8,5,1014.0,2
2023-03-04 13:00:00,27.0,58,0.0,150,9.4,5,1015.0,2
2023-03-04 14:00:00,27.0,58,0.0,100,7.6,5,1016.0,2
2023-03-04 15:00:00,25.0,65,0.0,80,11.2,5,1016.0,2
2023-03-04 16:00:00,25.0,65,0.0,28,5.4,4,1016.0,2
2023-03-04 17:00:00,25.0,65,0.0,343,5.4,4,1016.0,2
2023-03-04 18:00:00,24.0,74,0.0,285,3.6,4,1015.0,2
2023-03-04 19:00:00,24.0,78,0.0,30,9.4,4,1014.0,2
2023-03-04 20:00:00,23.0,78,0.0,30,5.4,4,1014.0,2
2023-03-04 21:00:00,23.0,74,0.0,50,7.6,4,1014.0,2
2023-03-04 22:00:00,23.0,74,0.0,70,5.4,4,1015.0,2
2023-03-04 23:00:00,22.0,78,0.0,20,3.6,4,1015.0,2
2023-03-05 00:00:00,23.0,78,0.0,50,9.4,5,1016.0,2
2023-03-05 01:00:00,25.0,65,0.0,60,7.6,0,1017.0,2
2023-03-05 02:00:00,26.0,61,0.0,50,11.2,0,1017.0,2
2023-03-05 03:00:00,29.0,45,0.0,75,5.4,0,1017.0,2
2023-03-05 04:00:00,30.0,40,0.0,20,11.2,0,1017.0,2
2023-03-05 05:00:00,31.0,38,0.0,66,5.4,0,1015.0,2
2023-03-05 06:00:00,33.0,32,0.0,63,5.4,5,1014.0,2
2023-03-05 07:00:00,33.0,32,0.0,90,9.4,5,1013.0,2
2023-03-05 08:00:00,33.0,32,0.0,55,9.4,5,1012.0,2
2023-03-05 09:00:00,33.0,32,0.0,180,14.8,5,1012.0,2
2023-03-05 10:00:00,31.0,38,0.0,200,16.6,5,1013.0,2
2023-03-05 11:00:00,29.0,48,0.0,190,13.0,5,1013.0,2
2023-03-05 12:00:00,28.0,51,0.0,220,9.4,5,1014.0,2
2023-03-05 13:00:00,27.0,62,0.0,220,9.4,5,1014.0,2
2023-03-05 14:00:00,26.0,70,0.0,230,9.4,5,1015.0,2
2023-03-05 15:00:00,26.0,74,0.0,220,5.4,5,1015.0,2
2023-03-05 16:00:00,25.0,84,0.0,30,3.6,4,1015.0,2
2023-03-05 17:00:00,25.0,78,0.0,310,9.4,4,1015.0,2
2023-03-05 18:00:00,24.0,83,0.0,300,11.2,4,1014.0,2
2023-03-05 19:00:00,24.0,65,0.0,330,5.4,4,1014.0,2
2023-03-05 20:00:00,23.0,69,0.0,232,3.6,4,1013.0,2
2023-03-05 21:00:00,23.0,69,0.0,30,5.4,4,1013.0,2
2023-03-05 22:00:00,22.0,73,0.0,30,7.6,4,1014.0,2
2023-03-05 23:00:00,22.0,73,0.0,30,5.4,4,1014.0,2
2023-03-06 00:00:00,23.0,69,0.0,270,5.4,4,1015.0,2
2023-03-06 01:00:00,26.0,65,0.0,160,7.6,5,1016.0,2
2023-03-06 02:00:00,27.0,70,0.0,180,14.8,5,1016.0,2
2023-03-06 03:00:00,27.0,70,0.0,220,9.4,5,1016.0,2
2023-03-06 04:00:00,29.0,55,0.0,69,7.6,5,1015.0,2
2023-03-06 05:00:00,31.0,49,0.0,240,7.6,5,1014.0,2
2023-03-06 06:00:00,31.0,46,0.0,65,1.8,5,1013.0,2
2023-03-06 07:00:00,32.0,43,0.0,320,7.6,5,1012.0,2
2023-03-06 08:00:00,31.0,46,0.0,220,13.0,5,1011.0,2
2023-03-06 09:00:00,31.0,46,0.0,230,11.2,4,1011.0,2
2023-03-06 10:00:00,29.0,58,0.0,180,24.1,4,1012.0,2
2023-03-06 11:00:00,28.0,62,0.0,170,13.0,4,1012.0,2
2023-03-06 12:00:00,27.0,62,0.0,180,16.6,5,1013.0,2
2023-03-06 13:00:00,27.0,66,0.0,160,11.2,4,1013.0,2
2023-03-06 14:00:00,26.0,61,0.0,150,11.2,4,1014.0,2
2023-03-06 15:00:00,26.0,61,0.0,160,9.4,4,1014.0,2
2023-03-06 16:00:00,25.0,65,0.0,130,13.0,4,1015.0,2
2023-03-06 17:00:00,25.0,69,0.0,130,7.6,4,1014.0,2
2023-03-06 18:00:00,24.0,78,0.0,100,11.2,4,1014.0,2
2023-03-06 19:00:00,23.0,83,0.0,90,7.6,4,1013.0,2
2023-03-06 20:00:00,23.0,83,0.0,60,5.4,3,1013.0,2
2023-03-06 21:00:00,23.0,83,0.0,234,3.6,3,1013.0,2
2023-03-06 22:00:00,23.0,83,0.0,284,1.8,4,1014.0,2
2023-03-06 23:00:00,21.0,94,0.0,0,0.0,4,1014.0,2
2023-03-07 00:00:00,23.0,83,0.0,272,3.6,4,1015.0,2
2023-03-07 01:00:00,25.0,69,0.0,69,3.6,4,1015.0,2
2023-03-07 02:00:00,28.0,55,0.0,73,5.4,4,1016.0,2
2023-03-07 03:00:00,29.0,48,0.0,20,11.2,4,1016.0,2
2023-03-07 04:00:00,30.0,46,0.0,40,11.2,5,1015.0,2
2023-03-07 05:00:00,32.0,38,0.0,20,9.4,5,1014.0,2
2023-03-07 06:00:00,33.0,36,0.0,320,7.6,5,1013.0,2
2023-03-07 07:00:00,34.0,34,0.0,60,9.4,4,1012.0,2
2023-03-07 08:00:00,33.0,34,0.0,57,3.6,4,1012.0,2
2023-03-07 09:00:00,31.0,49,0.0,180,16.6,4,1012.0,2
2023-03-07 10:00:00,29.0,58,0.0,200,18.4,4,1012.0,2
2023-03-07 11:00:00,29.0,58,0.0,170,13.0,4,1012.0,2
2023-03-07 12:00:00,28.0,62,0.0,160,11.2,4,1013.0,2
2023-03-07 13:00:00,28.0,58,0.0,170,13.0,4,1014.0,2
2023-03-07 14:00:00,27.0,66,0.0,130,14.8,4,1014.0,2
2023-03-07 15:00:00,26.0,70,0.0,130,9.4,4,1014.0,2
2023-03-07 16:00:00,26.0,70,0.0,140,7.6,4,1015.0,2
2023-03-07 17:00:00,26.0,70,0.0,140,9.4,4,1015.0,2
2023-03-07 18:00:00,25.0,74,0.0,140,7.6,4,1014.0,2
2023-03-07 19:00:00,24.0,83,0.0,30,1.8,3,1013.0,2
2023-03-07 20:00:00,23.0,88,0.0,70,3.6,3,1013.0,2
2023-03-07 21:00:00,23.0,94,0.0,232,1.8,3,1013.0,2
2023-03-07 22:00:00,23.0,88,0.0,279,1.8,3,1013.0,2
2023-03-07 23:00:00,22.0,94,0.0,271,1.8,4,1014.0,2
2023-03-08 00:00:00,24.0,89,0.0,10,7.6,4,1015.0,2
2023-03-08 01:00:00,26.0,79,0.0,72,2.0,4,1016.0,2
2023-03-08 02:00:00,27.0,70,0.0,75,3.6,4,1016.0,2
2023-03-08 03:00:00,29.0,52,0.0,76,5.4,4,1016.0,2
2023-03-08 04:00:00,30.0,49,0.0,69,1.8,5,1015.0,2
2023-03-08 05:00:00,32.0,43,0.0,65,3.6,5,1014.0,2
2023-03-08 06:00:00,33.0,36,0.0,61,3.6,5,1013.0,2
2023-03-08 07:00:00,33.0,36,0.0,58,3.6,4,1012.0,2
2023-03-08 08:00:00,33.0,41,0.0,55,5.4,4,1011.0,2
2023-03-08 09:00:00,32.0,49,0.0,210,13.0,4,1011.0,2
2023-03-08 10:00:00,30.0,55,0.0,190,20.5,4,1011.0,2
2023-03-08 11:00:00,29.5,52,0.0,59,13.0,4,1011.7,2
2023-03-08 12:00:00,28.0,62,0.0,150,14.8,4,1012.0,2
2023-03-08 13:00:00,27.0,62,0.0,150,16.6,4,1013.0,2
2023-03-08 14:00:00,26.0,61,0.0,140,13.0,4,1014.0,2
2023-03-08 15:00:00,26.0,65,0.0,140,14.8,4,1014.0,2
2023-03-08 16:00:00,25.0,74,0.0,130,20.5,4,1014.0,2
2023-03-08 17:00:00,25.0,78,0.0,130,9.4,3,1014.0,2
2023-03-08 18:00:00,24.0,83,0.0,253,5.4,3,1013.0,2
2023-03-08 19:00:00,24.0,83,0.0,140,13.0,3,1012.0,2
2023-03-08 20:00:00,24.0,83,0.0,110,7.6,3,1012.0,2
2023-03-08 21:00:00,23.0,88,0.0,100,5.4,3,1012.5,2
2023-03-08 22:00:00,23.0,88,0.0,100,5.4,3,1012.9,2
2023-03-08 23:00:00,23.0,88,0.0,100,7.6,3,1013.0,2
2023-03-09 00:00:00,24.0,89,0.0,90,7.6,3,1014.0,2
2023-03-09 01:00:00,25.0,74,0.0,100,13.0,4,1015.0,2
2023-03-09 02:00:00,27.0,66,0.0,100,13.0,4,1015.0,2
2023-03-09 03:00:00,29.0,55,0.0,73,5.4,4,1015.0,2
2023-03-09 04:00:00,30.0,52,0.0,69,1.8,4,1014.0,2
2023-03-09 05:00:00,31.0,46,0.0,110,3.6,4,1013.0,2
2023-03-09 06:00:00,32.0,41,0.0,66,9.4,4,1012.0,2
2023-03-09 07:00:00,33.0,36,0.0,140,5.4,4,1011.0,2
2023-03-09 08:00:00,33.0,36,0.0,61,3.6,4,1010.0,2
2023-03-09 09:00:00,32.0,41,0.0,170,18.4,4,1010.0,2
2023-03-09 10:00:00,30.0,46,0.0,190,18.4,4,1010.0,2
2023-03-09 11:00:00,29.2,53,0.0,160,13.0,4,1011.0,2
2023-03-09 12:00:00,28.0,55,0.0,140,14.8,4,1012.0,2
2023-03-09 13:00:00,28.0,51,0.0,140,11.2,4,1012.0,2
2023-03-09 14:00:00,26.0,65,0.0,130,18.4,4,1013.0,2
2023-03-09 15:00:00,26.0,70,0.0,140,16.6,3,1013.0,2
2023-03-09 16:00:00,25.0,78,0.0,120,14.8,3,1013.0,2
2023-03-09 17:00:00,25.0,78,0.0,271,5.4,3,1013.0,2
2023-03-09 18:00:00,24.0,89,0.0,140,9.4,3,1012.0,2
2023-03-09 19:00:00,24.0,83,0.0,140,5.4,3,1012.0,2
2023-03-09 20:00:00,23.0,94,0.0,40,7.6,3,1012.0,2
2023-03-09 21:00:00,22.0,94,0.0,70,5.4,3,1012.0,2
2023-03-09 22:00:00,22.0,94,0.0,280,3.6,3,1012.0,2
2023-03-09 23:00:00,22.0,94,0.0,330,3.6,3,1013.0,2
2023-03-10 00:00:00,23.0,94,0.0,312,3.6,0,1014.0,2
2023-03-10 01:00:00,26.0,74,0.0,70,1.8,0,1014.0,2
2023-03-10 02:00:00,27.0,70,0.0,73,1.8,0,1014.0,2
2023-03-10 03:00:00,29.0,52,0.0,74,7.6,4,1014.0,2
2023-03-10 04:00:00,31.0,46,0.0,68,5.4,4,1013.0,2
2023-03-10 05:00:00,33.0,38,0.0,67,3.6,4,1012.0,2
2023-03-10 06:00:00,32.0,43,0.0,200,7.6,4,1011.0,2
2023-03-10 07:00:00,32.0,43,0.0,64,5.4,4,1010.0,2
2023-03-10 08:00:00,32.0,52,0.0,200,18.4,4,1009.0,2
2023-03-10 09:00:00,30.0,55,0.0,190,18.4,4,1009.0,2
2023-03-10 10:00:00,29.0,62,0.0,190,18.4,4,1010.0,2
2023-03-10 11:00:00,28.0,58,0.0,190,18.4,4,1010.0,2
2023-03-10 12:00:00,27.0,66,0.0,180,13.0,4,1011.0,2
2023-03-10 13:00:00,26.0,74,0.0,140,16.6,4,1011.0,2
2023-03-10 14:00:00,26.0,74,0.0,130,18.4,4,1012.0,2
2023-03-10 15:00:00,25.0,78,0.0,130,13.0,4,1012.0,2
2023-03-10 16:00:00,25.0,84,0.0,130,16.6,3,1013.0,2
2023-03-10 17:00:00,25.0,84,0.0,140,13.0,3,1012.0,2
2023-03-10 18:00:00,24.0,89,0.0,130,13.0,3,1012.0,2
2023-03-10 19:00:00,24.0,89,0.0,140,13.0,3,1011.0,2
2023-03-10 20:00:00,24.0,89,0.0,130,7.6,3,1011.0,2
2023-03-10 21:00:00,24.0,89,0.0,120,5.4,3,1011.0,2
2023-03-10 22:00:00,24.0,89,0.0,110,13.0,4,1012.0,2
2023-03-10 23:00:00,23.0,94,0.0,110,13.0,4,1012.0,2
2023-03-11 00:00:00,24.0,89,0.0,70,9.4,4,1013.0,2
2023-03-11 01:00:00,25.0,84,0.0,90,9.4,4,1014.0,2
2023-03-11 02:00:00,27.0,74,0.0,80,3.6,4,1014.0,2
2023-03-11 03:00:00,29.0,66,0.0,60,7.6,4,1014.0,2
2023-03-11 04:00:00,30.0,59,0.0,69,3.6,4,1014.0,2
2023-03-11 05:00:00,32.0,49,0.0,63,5.4,4,1013.0,2
2023-03-11 06:00:00,32.0,46,0.0,320,1.8,5,1012.0,2
2023-03-11 07:00:00,33.0,46,0.0,30,7.6,4,1011.0,2
2023-03-11 08:00:00,33.0,46,0.0,54,3.6,4,1010.0,2
2023-03-11 09:00:00,32.0,52,0.0,190,14.8,4,1010.0,2
2023-03-11 10:00:00,30.0,59,0.0,180,18.4,4,1010.0,2
2023-03-11 11:00:00,29.0,48,0.0,180,18.4,4,1011.0,2
2023-03-11 12:00:00,27.0,58,0.0,160,13.0,4,1012.0,2
2023-03-11 13:00:00,27.0,66,0.0,140,13.0,4,1012.0,2
2023-03-11 14:00:00,26.0,65,0.0,150,13.0,4,1013.0,2
2023-03-11 15:00:00,26.0,70,0.0,140,14.8,4,1013.0,2
2023-03-11 16:00:00,26.0,74,0.0,150,11.2,4,1013.0,2
2023-03-11 17:00:00,26.0,74,0.0,160,13.0,4,1013.0,2
2023-03-11 18:00:00,25.0,78,0.0,160,9.4,3,1012.0,2
2023-03-11 19:00:00,25.0,84,0.0,140,13.0,3,1012.0,2
2023-03-11 20:00:00,25.0,84,0.0,140,11.2,3,1012.0,2
2023-03-11 21:00:00,24.0,89,0.0,130,9.4,3,1012.0,2
2023-03-11 22:00:00,24.0,89,0.0,140,13.0,4,1012.0,2
2023-03-11 23:00:00,24.0,89,0.0,140,9.4,4,1013.0,2
2023-03-12 00:00:00,25.0,84,0.0,100,7.6,4,1014.0,2
2023-03-12 01:00:00,26.0,79,0.0,80,11.2,4,1014.0,2
2023-03-12 02:00:00,27.0,74,0.0,80,9.4,4,1014.0,2
2023-03-12 03:00:00,28.0,70,0.0,90,7.6,5,1015.0,2
2023-03-12 04:00:00,29.0,62,0.0,110,11.2,5,1014.0,2
2023-03-12 05:00:00,30.0,59,0.0,90,9.4,5,1013.0,2
2023-03-12 06:00:00,32.0,46,0.0,90,7.6,5,1012.0,2
2023-03-12 07:00:00,33.0,41,0.0,110,9.4,5,1011.0,2
2023-03-12 08:00:00,32.0,43,0.0,61,14.8,5,1010.0,2
2023-03-12 09:00:00,32.0,41,0.0,170,14.8,5,1010.0,2
2023-03-12 10:00:00,31.0,49,0.0,160,16.6,5,1010.0,2
2023-03-12 11:00:00,29.0,55,0.0,170,13.0,5,1011.0,2
2023-03-12 12:00:00,28.0,62,0.0,180,14.8,5,1011.0,2
2023-03-12 13:00:00,27.0,70,0.0,190,13.0,4,1012.0,2
2023-03-12 14:00:00,26.0,79,0.0,190,11.2,4,1012.0,2
2023-03-12 15:00:00,26.0,79,0.0,200,7.6,4,1013.0,2
2023-03-12 16:00:00,26.0,79,0.0,38,5.4,4,1013.0,2
2023-03-12 17:00:00,26.0,79,0.0,14,1.8,4,1013.0,2
2023-03-12 18:00:00,25.0,84,0.0,110,5.4,4,1013.0,2
2023-03-12 19:00:00,24.0,94,0.0,10,9.4,4,1012.0,2
2023-03-12 20:00:00,24.0,94,0.0,330,5.4,4,1013.0,2
2023-03-12 21:00:00,23.0,94,0.0,228,3.6,3,1013.0,2
2023-03-12 22:00:00,24.0,78,0.0,40,11.2,4,1013.0,2
2023-03-12 23:00:00,23.0,78,0.0,70,9.4,4,1013.0,2
2023-03-13 00:00:00,24.0,74,0.0,60,9.4,0,1014.0,2
2023-03-13 01:00:00,26.0,65,0.0,110,13.0,0,1014.0,2
2023-03-13 02:00:00,28.0,58,0.0,80,9.4,0,1014.0,2
2023-03-13 03:00:00,29.0,55,0.0,70,11.2,5,1014.0,2
2023-03-13 04:00:00,30.0,52,0.0,80,9.4,5,1013.0,2
2023-03-13 05:00:00,32.0,43,0.0,70,5.4,5,1012.0,2
2023-03-13 06:00:00,33.0,38,0.0,120,7.6,5,1011.0,2
2023-03-13 07:00:00,33.0,36,0.0,65,5.4,5,1010.0,2
2023-03-13 08:00:00,33.0,34,0.0,63,1.8,5,1009.0,2
2023-03-13 09:00:00,33.0,44,0.0,60,1.8,4,1009.0,2
2023-03-13 10:00:00,31.0,55,0.0,190,18.4,5,1009.0,2
2023-03-13 11:00:00,29.0,62,0.0,190,14.8,5,1010.0,2
2023-03-13 12:00:00,29.0,62,0.0,160,9.4,5,1010.0,2
2023-03-13 13:00:00,28.0,58,0.0,130,13.0,5,1011.0,2
2023-03-13 14:00:00,27.0,62,0.0,120,13.0,4,1012.0,2
2023-03-13 15:00:00,27.0,66,0.0,34,5.4,4,1012.0,2
2023-03-13 16:00:00,25.0,78,0.0,32,3.6,4,1012.0,2
2023-03-13 17:00:00,25.0,84,0.0,22,1.8,4,1012.0,2
2023-03-13 18:00:00,24.0,89,0.0,320,5.4,4,1011.0,2
2023-03-13 19:00:00,23.0,94,0.0,320,3.6,4,1011.0,2
2023-03-13 20:00:00,23.0,94,0.0,310,3.6,4,1011.0,5
2023-03-13 21:00:00,23.0,94,0.0,300,1.8,3,1011.0,2
2023-03-13 22:00:00,23.0,94,0.0,320,1.8,4,1011.0,2
2023-03-13 23:00:00,23.0,88,0.0,120,9.4,4,1012.0,2
2023-03-14 00:00:00,25.0,74,0.0,140,13.0,0,1012.0,2
2023-03-14 01:00:00,26.0,70,0.0,80,7.6,4,1013.0,2
2023-03-14 02:00:00,28.0,58,0.0,60,9.4,0,1013.0,2
2023-03-14 03:00:00,30.0,43,0.0,90,11.2,4,1012.0,2
2023-03-14 04:00:00,31.0,40,0.0,30,7.6,4,1011.0,2
2023-03-14 05:00:00,32.0,38,0.0,63,7.6,4,1010.0,2
2023-03-14 06:00:00,33.0,34,0.0,59,5.4,4,1009.0,2
2023-03-14 07:00:00,34.0,30,0.0,90,7.6,4,1008.0,2
2023-03-14 08:00:00,34.0,30,0.0,58,5.4,4,1008.0,2
2023-03-14 09:00:00,34.0,30,0.0,57,5.4,4,1007.0,2
2023-03-14 10:00:00,31.0,49,0.0,180,18.4,4,1008.0,2
2023-03-14 11:00:00,29.0,58,0.0,170,13.0,5,1009.0,2
2023-03-14 12:00:00,29.0,55,0.0,160,9.4,5,1009.0,2
2023-03-14 13:00:00,28.0,55,0.0,160,11.2,4,1010.0,2
2023-03-14 14:00:00,27.0,66,0.0,160,11.2,4,1011.0,2
2023-03-14 15:00:00,27.0,66,0.0,150,11.2,4,1011.0,2
2023-03-14 16:00:00,26.0,70,0.0,120,14.8,4,1011.0,2
2023-03-14 17:00:00,25.0,78,0.0,130,18.4,4,1011.0,2
2023-03-14 18:00:00,25.0,84,0.0,150,14.8,4,1010.0,2
2023-03-14 19:00:00,25.0,84,0.0,130,13.0,3,1010.0,2
2023-03-14 20:00:00,24.0,89,0.0,130,11.2,3,1010.0,2
2023-03-14 21:00:00,24.0,89,0.0,217,5.4,3,1010.0,2
2023-03-14 22:00:00,24.0,89,0.0,140,7.6,3,1010.0,2
2023-03-14 23:00:00,23.0,88,0.0,90,7.6,4,1011.0,2
2023-03-15 00:00:00,24.0,89,0.0,80,7.6,4,1012.0,2
2023-03-15 01:00:00,26.0,79,0.0,88,5.4,4,1013.0,2
2023-03-15 02:00:00,28.0,66,0.0,60,7.6,4,1013.0,2
2023-03-15 03:00:00,31.0,46,0.0,82,9.4,4,1013.0,2
2023-03-15 04:00:00,32.0,43,0.0,120,11.2,4,1013.0,2
2023-03-15 05:00:00,33.0,38,0.0,70,9.4,5,1011.0,2
2023-03-15 06:00:00,33.3,40,0.0,66,16.7,5,1010.7,2
2023-03-15 07:00:00,33.0,42,0.0,64,18.5,5,1010.0,2
2023-03-15 08:00:00,32.7,43,0.0,62,20.4,4,1009.4,2
2023-03-15 09:00:00,32.0,43,0.0,160,18.4,4,1008.7,2
2023-03-15 10:00:00,31.0,43,0.0,160,18.4,4,1009.0,2
2023-03-15 11:00:00,29.0,58,0.0,170,16.6,4,1010.0,2
2023-03-15 12:00:00,27.9,59,0.0,62,11.1,4,1010.7,2
2023-03-15 13:00:00,27.1,64,0.0,64,9.3,4,1011.4,2
2023-03-15 14:00:00,26.3,68,0.0,66,7.4,4,1012.0,2
2023-03-15 15:00:00,26.0,74,0.0,150,16.6,4,1012.7,2
2023-03-15 16:00:00,26.0,74,0.0,140,16.6,4,1012.5,2
2023-03-15 17:00:00,26.0,74,0.0,140,14.8,4,1013.0,2
2023-03-15 18:00:00,23.5,79,0.0,250,1.8,4,1012.3,2
2023-03-15 19:00:00,23.1,81,0.0,234,1.8,3,1011.9,2
2023-03-15 20:00:00,25.0,78,0.0,225,5.4,3,1011.6,2
2023-03-15 21:00:00,25.0,78,0.0,140,11.2,3,1011.3,2
2023-03-15 22:00:00,25.0,78,0.0,130,11.2,3,1012.0,2
2023-03-15 23:00:00,25.0,78,0.0,130,7.6,4,1012.2,2
2023-03-16 00:00:00,21.6,91,0.0,92,0.0,4,1012.9,2
2023-03-16 01:00:00,24.4,76,0.0,92,5.5,4,1013.1,2
2023-03-16 02:00:00,29.0,55,0.0,80,11.2,4,1013.5,2
2023-03-16 03:00:00,30.0,52,0.0,70,7.6,4,1014.0,2
2023-03-16 04:00:00,32.0,43,0.0,70,11.2,5,1013.4,2
2023-03-16 05:00:00,34.0,39,0.0,80,11.2,5,1012.0,2
2023-03-16 06:00:00,34.0,36,0.0,66,14.8,5,1011.0,2
2023-03-16 07:00:00,35.0,34,0.0,30,11.2,5,1010.8,2
2023-03-16 08:00:00,34.0,44,0.0,60,7.6,5,1010.0,2
2023-03-16 09:00:00,32.4,46,0.0,60,22.2,5,1009.2,2
2023-03-16 10:00:00,32.0,43,0.0,160,16.6,5,1009.8,2
2023-03-16 11:00:00,30.0,52,0.0,170,14.8,5,1010.4,2
2023-03-16 12:00:00,29.0,58,0.0,140,16.6,5,1011.0,2
2023-03-16 13:00:00,28.0,58,0.0,150,18.4,4,1012.0,2
2023-03-16 14:00:00,27.0,70,0.0,140,20.5,4,1012.3,2
2023-03-16 15:00:00,27.0,70,0.0,140,20.5,4,1013.0,2
2023-03-16 16:00:00,27.0,70,0.0,140,14.8,4,1012.8,2
2023-03-16 17:00:00,26.0,79,0.0,140,18.4,4,1012.7,2
2023-03-16 18:00:00,26.0,79,0.0,140,13.0,4,1012.6,2
2023-03-16 19:00:00,25.0,84,0.0,140,14.8,4,1012.0,2
2023-03-16 20:00:00,25.0,84,0.0,140,9.4,3,1011.8,2
2023-03-16 21:00:00,24.0,89,0.0,225,5.4,3,1011.4,2
2023-03-16 22:00:00,24.0,89,0.0,90,9.4,4,1011.0,2
2023-03-16 23:00:00,24.0,89,0.0,90,5.4,4,1012.0,2
2023-03-17 00:00:00,25.0,84,0.0,316,5.4,4,1013.0,2
2023-03-17 01:00:00,27.0,74,0.0,85,5.4,0,1013.0,2
2023-03-17 02:00:00,28.0,70,0.0,60,7.6,0,1014.0,2
2023-03-17 03:00:00,31.0,55,0.0,140,9.4,4,1013.7,2
2023-03-17 04:00:00,32.0,49,0.0,72,7.6,5,1012.6,2
2023-03-17 05:00:00,33.0,46,0.0,120,9.4,5,1012.0,2
2023-03-17 06:00:00,34.0,44,0.0,60,9.4,5,1010.6,2
2023-03-17 07:00:00,35.0,39,0.0,60,7.6,5,1010.0,2
2023-03-17 08:00:00,34.0,44,0.0,55,7.6,5,1009.0,2
2023-03-17 09:00:00,33.0,49,0.0,170,14.8,5,1009.0,2
2023-03-17 10:00:00,31.0,52,0.0,190,20.5,5,1009.0,2
2023-03-17 11:00:00,30.0,52,0.0,160,13.0,5,1010.0,2
2023-03-17 12:00:00,29.0,58,0.0,180,13.0,5,1011.0,2
2023-03-17 13:00:00,28.0,66,0.0,140,16.6,4,1012.0,2
2023-03-17 14:00:00,27.0,74,0.0,130,18.4,4,1012.0,2
2023-03-17 15:00:00,26.0,79,0.0,140,13.0,4,1012.0,2
2023-03-17 16:00:00,26.0,79,0.0,140,11.2,4,1012.0,2
2023-03-17 17:00:00,26.0,79,0.0,130,13.0,4,1011.0,2
2023-03-17 18:00:00,26.0,79,0.0,150,13.0,4,1011.0,2
2023-03-17 19:00:00,26.0,79,0.0,140,7.6,4,1010.0,2
2023-03-17 20:00:00,25.0,84,0.0,190,9.4,3,1010.0,2
2023-03-17 21:00:00,25.0,84,0.0,211,5.4,3,1011.0,2
2023-03-17 22:00:00,25.0,84,0.0,160,5.4,4,1011.0,2
2023-03-17 23:00:00,26.0,79,0.0,130,11.2,4,1011.0,2
2023-03-18 00:00:00,26.0,79,0.0,130,11.2,4,1012.0,2
2023-03-18 01:00:00,27.0,74,0.0,150,14.8,4,1012.0,2
2023-03-18 02:00:00,29.0,66,0.0,130,11.2,4,1013.0,2
2023-03-18 03:00:00,30.0,59,0.0,100,14.8,4,1013.0,2
2023-03-18 04:00:00,31.0,55,0.0,110,9.4,5,1012.0,2
2023-03-18 05:00:00,34.0,47,0.0,60,11.2,5,1011.0,2
2023-03-18 06:00:00,33.0,46,0.0,60,9.4,5,1010.0,2
2023-03-18 07:00:00,34.0,47,0.0,60,3.6,5,1009.0,2
2023-03-18 08:00:00,33.0,49,0.0,190,14.8,5,1008.0,2
2023-03-18 09:00:00,32.0,52,0.0,180,18.4,5,1008.0,2
2023-03-18 10:00:00,31.0,55,0.0,180,20.5,5,1009.0,2
2023-03-18 11:00:00,29.0,66,0.0,180,14.8,5,1009.0,2
2023-03-18 12:00:00,28.0,70,0.0,160,16.6,5,1010.0,2
2023-03-18 13:00:00,28.0,70,0.0,130,14.8,5,1011.0,2
2023-03-18 14:00:00,28.0,70,0.0,130,13.0,4,1011.0,2
2023-03-18 15:00:00,27.0,74,0.0,140,13.0,4,1011.0,2
2023-03-18 16:00:00,27.0,74,0.0,140,20.5,4,1011.0,2
2023-03-18 17:00:00,27.0,74,0.0,140,18.4,4,1011.0,2
2023-03-18 18:00:00,26.0,79,0.0,140,16.6,4,1010.0,2
2023-03-18 19:00:00,26.0,84,0.0,140,14.8,4,1010.0,2
2023-03-18 20:00:00,26.0,79,0.0,140,18.4,4,1010.0,2
2023-03-18 21:00:00,26.0,79,0.0,140,20.5,3,1010.0,2
2023-03-18 22:00:00,26.0,79,0.0,130,13.0,4,1010.0,2
2023-03-18 23:00:00,26.0,79,0.0,130,7.6,4,1011.0,2
2023-03-19 00:00:00,26.0,79,0.0,130,14.8,4,1011.0,2
2023-03-19 01:00:00,28.0,70,0.0,120,13.0,4,1012.0,2
2023-03-19 02:00:00,30.0,59,0.0,120,16.6,4,1013.0,2
2023-03-19 03:00:00,32.0,52,0.0,120,20.5,4,1013.0,2
2023-03-19 04:00:00,33.0,46,0.0,120,14.8,5,1012.0,2
2023-03-19 05:00:00,35.0,42,0.0,110,11.2,5,1010.0,2
2023-03-19 06:00:00,36.0,39,0.0,100,11.2,5,1009.0,2
2023-03-19 07:00:00,35.0,44,0.0,150,14.8,5,1008.0,2
2023-03-19 08:00:00,35.0,42,0.0,180,14.8,5,1007.0,2
2023-03-19 09:00:00,34.0,50,0.0,180,14.8,5,1007.0,2
2023-03-19 10:00:00,32.0,52,0.0,180,20.5,5,1007.0,2
2023-03-19 11:00:00,30.0,59,0.0,180,20.5,5,1008.0,2
2023-03-19 12:00:00,29.0,66,0.0,160,14.8,5,1008.0,2
2023-03-19 13:00:00,28.0,74,0.0,150,13.0,4,1009.0,2
2023-03-19 14:00:00,28.0,74,0.0,140,11.2,4,1009.0,2
2023-03-19 15:00:00,27.0,79,0.0,160,11.2,4,1010.0,2
2023-03-19 16:00:00,27.0,79,0.0,180,13.0,4,1010.0,2
2023-03-19 17:00:00,27.0,79,0.0,130,9.4,4,1010.0,2
2023-03-19 18:00:00,27.0,79,0.0,150,13.0,4,1010.0,2
2023-03-19 19:00:00,26.0,89,0.0,170,9.4,4,1009.0,2
2023-03-19 20:00:00,26.0,89,0.0,219,3.6,4,1009.0,2
2023-03-19 21:00:00,26.0,89,0.0,213,5.4,4,1009.0,2
2023-03-19 22:00:00,26.0,89,0.0,190,5.4,4,1010.0,2
2023-03-19 23:00:00,26.0,89,0.0,180,7.6,4,1010.0,2
2023-03-20 00:00:00,27.0,84,0.0,141,5.4,5,1011.0,2
2023-03-20 01:00:00,29.0,70,0.0,130,14.8,5,1011.0,2
2023-03-20 02:00:00,30.0,66,0.0,140,14.8,5,1012.0,2
2023-03-20 03:00:00,32.0,56,0.0,110,16.6,5,1012.0,2
2023-03-20 04:00:00,33.0,52,0.0,150,11.2,5,1011.0,2
2023-03-20 05:00:00,33.0,52,0.0,66,5.4,5,1010.0,2
2023-03-20 06:00:00,34.0,50,0.0,60,5.4,5,1009.0,2
2023-03-20 07:00:00,34.0,47,0.0,180,11.2,5,1008.0,2
2023-03-20 08:00:00,34.0,50,0.0,160,14.8,5,1007.0,2
2023-03-20 09:00:00,33.0,52,0.2,200,18.4,5,1007.0,2
2023-03-20 10:00:00,31.0,55,0.0,180,18.4,6,1007.0,2
2023-03-20 11:00:00,29.0,66,0.0,190,20.5,5,1008.0,2
2023-03-20 12:00:00,28.0,74,0.0,170,14.8,5,1009.0,2
2023-03-20 13:00:00,28.0,74,0.0,150,18.4,5,1010.0,2
2023-03-20 14:00:00,28.0,74,0.0,150,13.0,5,1010.0,2
2023-03-20 15:00:00,27.0,84,0.0,150,14.8,5,1011.0,2
2023-03-20 16:00:00,27.0,84,0.0,140,16.6,5,1011.0,2
2023-03-20 17:00:00,27.0,84,0.0,130,11.2,5,1011.0,2
2023-03-20 18:00:00,26.0,89,0.0,180,9.4,5,1010.0,2
2023-03-20 19:00:00,27.0,84,0.0,140,9.4,4,1010.0,2
2023-03-20 20:00:00,26.0,89,0.0,130,11.2,4,1009.0,2
2023-03-20 21:00:00,26.0,89,0.0,140,11.2,4,1008.9,2
2023-03-20 22:00:00,26.0,89,0.0,130,11.2,4,1009.4,2
2023-03-20 23:00:00,26.0,89,0.0,217,5.4,5,1009.8,2
2023-03-21 00:00:00,27.0,84,0.0,213,3.6,5,1010.0,2
2023-03-21 01:00:00,28.0,79,0.0,150,9.4,5,1011.0,2
2023-03-21 02:00:00,30.0,70,0.0,90,9.4,5,1011.0,2
2023-03-21 03:00:00,31.0,62,0.0,94,5.4,5,1011.0,2
2023-03-21 04:00:00,32.0,59,0.0,120,9.4,5,1011.0,2
2023-03-21 05:00:00,34.0,50,0.0,210,11.2,5,1010.0,2
2023-03-21 06:00:00,34.0,50,0.0,60,5.4,6,1009.0,2
2023-03-21 07:00:00,35.0,50,0.0,170,13.0,5,1008.0,2
2023-03-21 08:00:00,34.0,50,0.0,180,14.8,5,1007.0,2
2023-03-21 09:00:00,32.0,56,0.0,170,18.4,5,1007.0,2
2023-03-21 10:00:00,31.0,66,0.0,170,20.5,5,1007.0,2
2023-03-21 11:00:00,29.0,79,0.0,170,14.8,5,1008.0,2
2023-03-21 12:00:00,28.0,84,0.0,160,16.6,5,1008.0,2
2023-03-21 13:00:00,27.0,89,0.0,170,14.8,5,1009.0,2
2023-03-21 14:00:00,27.0,89,0.0,150,14.8,5,1010.0,2
2023-03-21 15:00:00,27.0,89,0.0,160,13.0,4,1010.0,2
2023-03-21 16:00:00,27.0,89,0.0,150,11.2,4,1010.0,2
2023-03-21 17:00:00,26.0,94,0.0,120,13.0,4,1010.0,2
2023-03-21 18:00:00,26.0,94,0.0,140,11.2,4,1009.0,2
2023-03-21 19:00:00,26.0,94,0.0,160,9.4,4,1008.0,2
2023-03-21 20:00:00,26.0,89,0.0,160,7.6,4,1008.0,2
2023-03-21 21:00:00,26.0,89,0.0,170,11.0,4,1007.0,2
2023-03-21 22:00:00,26.0,89,0.0,160,11.2,5,1008.0,2
2023-03-21 23:00:00,26.0,89,0.0,150,11.2,5,1008.0,2
2023-03-22 00:00:00,27.0,84,0.0,140,13.0,6,1009.0,2
2023-03-22 01:00:00,28.0,79,0.0,90,9.4,5,1010.0,2
2023-03-22 02:00:00,29.0,74,0.0,80,7.6,5,1011.0,2
2023-03-22 03:00:00,31.0,62,0.0,99,3.6,5,1010.0,2
2023-03-22 04:00:00,32.0,59,0.0,77,7.6,5,1010.0,2
2023-03-22 05:00:00,33.0,56,0.0,170,5.4,5,1008.0,2
2023-03-22 06:00:00,33.0,56,0.0,210,13.0,5,1007.0,2
2023-03-22 07:00:00,35.0,50,0.0,180,14.8,5,1006.0,2
2023-03-22 08:00:00,34.0,50,0.0,190,16.6,5,1006.0,2
2023-03-22 09:00:00,33.0,49,0.0,190,18.4,5,1006.0,2
2023-03-22 10:00:00,32.0,56,0.0,170,16.6,5,1006.0,2
2023-03-22 11:00:00,30.0,70,0.0,170,18.4,5,1007.0,2
2023-03-22 12:00:00,29.0,74,0.0,150,18.4,5,1007.0,2
2023-03-22 13:00:00,28.0,84,0.0,150,14.8,5,1008.0,2
2023-03-22 14:00:00,27.0,89,0.0,170,13.0,5,1009.0,2
2023-03-22 15:00:00,27.0,89,0.0,160,11.2,4,1009.0,2
2023-03-22 16:00:00,27.0,89,0.0,150,9.4,4,1009.0,2
2023-03-22 17:00:00,27.0,89,0.0,170,9.4,4,1009.0,2
2023-03-22 18:00:00,27.0,89,0.0,180,14.8,4,1008.0,2
2023-03-22 19:00:00,27.0,89,0.0,200,11.2,4,1008.0,2
2023-03-22 20:00:00,27.0,89,0.0,160,7.6,4,1008.0,2
2023-03-22 21:00:00,27.0,89,0.0,120,9.4,4,1008.0,2
2023-03-22 22:00:00,26.0,94,0.0,140,7.6,5,1008.0,2
2023-03-22 23:00:00,27.0,89,0.0,130,7.6,5,1009.0,2
2023-03-23 00:00:00,27.0,89,0.0,140,7.6,5,1010.0,2
2023-03-23 01:00:00,29.0,79,0.0,170,9.4,5,1010.0,2
2023-03-23 02:00:00,30.0,75,0.0,190,13.0,5,1011.0,2
2023-03-23 03:00:00,31.0,66,0.0,200,13.0,5,1011.0,2
2023-03-23 04:00:00,33.0,56,0.0,180,9.4,5,1011.0,2
2023-03-23 05:00:00,33.0,56,0.0,78,9.4,5,1010.0,2
2023-03-23 06:00:00,33.0,52,0.0,140,11.2,5,1009.0,2
2023-03-23 07:00:00,33.0,52,0.0,230,9.4,5,1008.0,2
2023-03-23 08:00:00,33.0,52,0.0,190,13.0,5,1007.0,2
2023-03-23 09:00:00,32.0,59,0.0,160,11.2,5,1007.0,2
2023-03-23 10:00:00,32.0,59,0.0,170,14.8,5,1007.0,2
2023-03-23 11:00:00,31.0,55,0.0,190,14.8,5,1007.0,2
2023-03-23 12:00:00,29.0,70,0.0,170,11.2,5,1007.0,2
2023-03-23 13:00:00,28.0,84,0.0,180,11.2,5,1008.0,2
2023-03-23 14:00:00,28.0,84,0.0,170,9.4,4,1008.0,2
2023-03-23 15:00:00,28.0,84,0.0,180,11.2,4,1008.0,2
2023-03-23 16:00:00,27.0,89,0.0,180,11.2,4,1009.0,2
2023-03-23 17:00:00,27.0,89,0.0,190,11.2,4,1009.0,2
2023-03-23 18:00:00,27.0,89,0.0,200,11.2,4,1009.0,2
2023-03-23 19:00:00,27.0,89,0.0,180,13.0,4,1008.0,2
2023-03-23 20:00:00,27.0,89,0.0,190,13.0,4,1008.0,2
2023-03-23 21:00:00,27.0,89,0.0,190,13.0,4,1009.0,2
2023-03-23 22:00:00,26.0,94,0.0,200,11.2,5,1009.0,2
2023-03-23 23:00:00,26.0,94,0.0,200,11.2,5,1010.0,2
2023-03-24 00:00:00,27.0,89,0.0,170,9.4,5,1011.0,2
2023-03-24 01:00:00,29.0,79,0.0,150,7.6,5,1011.0,2
2023-03-24 02:00:00,30.0,70,0.0,126,3.6,6,1012.0,2
2023-03-24 03:00:00,30.0,70,0.0,111,5.4,6,1012.0,2
2023-03-24 04:00:00,32.0,63,0.0,79,3.6,6,1011.0,2
2023-03-24 05:00:00,34.0,56,0.0,64,7.6,6,1010.0,2
2023-03-24 06:00:00,34.0,53,0.0,47,5.4,6,1009.0,2
2023-03-24 07:00:00,34.0,53,0.0,240,9.4,5,1008.0,2
2023-03-24 08:00:00,35.0,50,0.0,190,9.4,5,1007.0,2
2023-03-24 09:00:00,34.0,60,0.0,200,18.4,5,1006.0,2
2023-03-24 10:00:00,31.0,70,0.0,190,22.3,5,1006.0,2
2023-03-24 11:00:00,29.0,79,0.0,180,20.5,5,1007.0,2
2023-03-24 12:00:00,29.0,74,0.0,170,16.6,5,1008.0,2
2023-03-24 13:00:00,28.0,79,0.0,150,16.6,4,1009.0,2
2023-03-24 14:00:00,28.0,79,0.0,140,13.0,4,1009.0,2
2023-03-24 15:00:00,28.0,79,0.0,140,13.0,4,1010.0,2
2023-03-24 16:00:00,27.0,84,0.0,150,11.2,4,1010.0,2
2023-03-24 17:00:00,27.0,84,0.0,140,11.2,4,1010.0,2
2023-03-24 18:00:00,27.0,89,0.0,170,9.4,4,1009.0,2
2023-03-24 19:00:00,27.0,89,0.0,160,9.4,4,1009.0,2
2023-03-24 20:00:00,26.0,94,0.0,160,7.6,4,1009.0,2
2023-03-24 21:00:00,27.0,89,0.0,170,9.4,4,1009.0,2
2023-03-24 22:00:00,27.0,89,0.0,150,9.4,5,1010.0,2
2023-03-24 23:00:00,27.0,84,0.0,160,11.2,5,1010.0,2
2023-03-25 00:00:00,27.0,84,0.0,140,13.0,5,1011.0,2
2023-03-25 01:00:00,28.0,84,0.0,140,13.0,5,1012.0,2
2023-03-25 02:00:00,29.0,74,0.0,140,13.0,5,1013.0,2
2023-03-25 03:00:00,30.0,70,0.0,120,9.4,5,1013.0,2
2023-03-25 04:00:00,33.0,52,0.0,160,11.2,5,1012.0,2
2023-03-25 05:00:00,32.0,56,0.0,130,7.6,5,1011.0,2
2023-03-25 06:00:00,33.0,56,0.0,47,11.2,5,1010.0,2
2023-03-25 07:00:00,32.0,59,0.0,190,13.0,5,1009.0,2
2023-03-25 08:00:00,32.0,59,0.0,140,11.2,5,1008.0,2
2023-03-25 09:00:00,32.0,63,0.0,200,13.0,5,1008.0,2
2023-03-25 10:00:00,31.0,66,0.0,190,18.4,5,1008.0,2
2023-03-25 11:00:00,29.0,74,0.0,180,18.4,5,1008.0,2
2023-03-25 12:00:00,28.0,79,0.0,170,18.4,5,1009.0,2
2023-03-25 13:00:00,27.0,84,0.0,160,13.0,4,1010.0,2
2023-03-25 14:00:00,27.0,84,0.0,160,9.4,4,1011.0,2
2023-03-25 15:00:00,27.0,84,0.0,160,11.2,4,1011.0,2
2023-03-25 16:00:00,27.0,84,0.0,160,11.2,4,1011.0,2
2023-03-25 17:00:00,27.0,84,0.0,160,7.6,4,1010.0,2
2023-03-25 18:00:00,27.0,89,0.0,260,5.4,4,1010.0,2
2023-03-25 19:00:00,26.0,94,0.0,252,5.4,4,1009.0,2
2023-03-25 20:00:00,26.0,94,0.0,120,7.6,4,1009.0,2
2023-03-25 21:00:00,26.0,94,0.0,130,7.6,4,1009.0,2
2023-03-25 22:00:00,25.0,94,0.0,70,9.4,4,1009.0,2
2023-03-25 23:00:00,25.0,94,0.0,80,5.4,5,1010.0,2
2023-03-26 00:00:00,26.0,94,0.0,254,1.8,5,1010.0,2
2023-03-26 01:00:00,28.0,79,0.0,119,1.8,5,1011.0,2
2023-03-26 02:00:00,30.0,70,0.0,97,5.4,5,1012.0,2
2023-03-26 03:00:00,31.0,62,0.0,92,7.6,5,1011.0,2
2023-03-26 04:00:00,32.0,56,0.0,180,7.6,5,1011.0,2
2023-03-26 05:00:00,33.0,52,0.0,150,7.6,5,1010.0,2
2023-03-26 06:00:00,34.0,50,0.0,46,5.4,5,1008.0,2
2023-03-26 07:00:00,35.0,47,0.0,36,5.4,5,1007.0,2
2023-03-26 08:00:00,36.0,47,0.0,190,14.8,5,1007.0,2
2023-03-26 09:00:00,35.0,50,0.0,180,14.8,5,1006.0,2
2023-03-26 10:00:00,33.0,56,0.0,160,16.6,5,1007.0,2
2023-03-26 11:00:00,31.0,46,0.0,180,18.4,5,1007.0,2
2023-03-26 12:00:00,30.0,70,0.0,180,20.5,5,1008.0,2
2023-03-26 13:00:00,29.0,74,0.0,180,14.8,5,1008.0,2
2023-03-26 14:00:00,28.0,84,0.0,150,11.2,4,1009.0,2
2023-03-26 15:00:00,28.0,84,0.0,150,13.0,4,1009.0,2
2023-03-26 16:00:00,28.0,84,0.0,150,11.2,4,1009.0,2
2023-03-26 17:00:00,27.0,89,0.0,150,13.0,4,1009.0,2
2023-03-26 18:00:00,27.0,89,0.0,170,9.4,4,1009.0,2
2023-03-26 19:00:00,27.0,89,0.0,150,11.2,4,1008.0,2
2023-03-26 20:00:00,27.0,89,0.0,140,11.2,4,1008.0,2
2023-03-26 21:00:00,27.0,89,0.0,160,7.6,4,1008.0,2
2023-03-26 22:00:00,27.0,89,0.0,150,9.4,4,1009.0,2
2023-03-26 23:00:00,27.0,89,0.0,130,9.4,4,1010.0,2
2023-03-27 00:00:00,27.0,89,0.0,130,14.8,5,1010.0,2
2023-03-27 01:00:00,29.0,74,0.0,140,14.8,5,1012.0,2
2023-03-27 02:00:00,30.0,70,0.0,120,14.8,5,1012.0,2
2023-03-27 03:00:00,31.0,66,0.0,150,13.0,5,1012.0,2
2023-03-27 04:00:00,33.0,56,0.0,150,13.0,5,1011.0,2
2023-03-27 05:00:00,33.0,56,0.0,170,9.4,5,1010.0,2
2023-03-27 06:00:00,34.0,53,0.0,66,7.6,5,1009.0,2
2023-03-27 07:00:00,34.0,50,0.0,61,9.4,5,1008.0,2
2023-03-27 08:00:00,33.0,59,0.0,180,13.0,5,1008.0,2
2023-03-27 09:00:00,33.0,59,0.0,190,16.6,5,1008.0,2
2023-03-27 10:00:00,31.0,70,0.0,190,18.4,5,1008.0,2
2023-03-27 11:00:00,30.0,70,0.0,170,18.4,5,1008.0,2
2023-03-27 12:00:00,29.0,79,0.0,170,14.8,5,1009.0,2
2023-03-27 13:00:00,29.0,79,0.0,160,14.8,5,1009.0,2
2023-03-27 14:00:00,28.0,84,0.0,150,13.0,5,1010.0,2
2023-03-27 15:00:00,28.0,84,0.0,140,13.0,4,1011.0,2
2023-03-27 16:00:00,28.0,89,0.0,140,14.8,4,1011.0,2
2023-03-27 17:00:00,28.0,84,0.0,140,13.0,4,1011.0,2
2023-03-27 18:00:00,28.0,84,0.0,140,14.8,4,1010.0,2
2023-03-27 19:00:00,28.0,84,0.0,140,9.4,4,1009.0,2
2023-03-27 20:00:00,28.0,84,0.0,140,11.2,4,1009.0,2
2023-03-27 21:00:00,27.0,94,0.0,140,11.2,4,1009.0,2
2023-03-27 22:00:00,27.0,94,0.0,140,14.8,4,1010.0,2
2023-03-27 23:00:00,27.0,89,0.0,130,7.6,5,1011.0,2
2023-03-28 00:00:00,28.0,84,0.0,140,14.8,5,1012.0,2
2023-03-28 01:00:00,30.0,75,0.0,110,16.6,5,1012.0,2
2023-03-28 02:00:00,31.0,70,0.0,110,24.1,5,1012.0,2
2023-03-28 03:00:00,32.0,67,0.0,110,18.4,5,1012.0,2
2023-03-28 04:00:00,35.0,53,0.0,110,20.5,5,1012.0,2
2023-03-28 05:00:00,36.0,44,0.0,130,20.5,6,1010.0,2
2023-03-28 06:00:00,36.0,44,0.0,140,14.8,6,1009.0,2
2023-03-28 07:00:00,36.0,50,0.0,190,24.1,6,1008.0,2
2023-03-28 08:00:00,34.0,56,0.9,190,24.1,5,1008.0,2
2023-03-28 09:00:00,34.0,56,0.4,170,20.5,5,1008.0,2
2023-03-28 10:00:00,31.0,70,0.0,170,22.3,5,1008.0,2
2023-03-28 11:00:00,30.0,75,0.0,150,22.3,5,1009.0,2
2023-03-28 12:00:00,29.0,74,0.0,150,22.3,5,1010.0,2
2023-03-28 13:00:00,29.0,79,0.0,150,18.4,5,1010.0,2
2023-03-28 14:00:00,28.0,79,0.0,150,13.0,5,1012.0,2
2023-03-28 15:00:00,28.0,79,0.0,130,16.6,5,1012.0,2
2023-03-28 16:00:00,28.0,79,0.0,130,16.6,5,1012.0,2
2023-03-28 17:00:00,28.0,79,0.0,130,16.6,5,1011.0,2
2023-03-28 18:00:00,27.0,84,0.0,130,14.8,5,1011.0,2
2023-03-28 19:00:00,27.0,84,0.0,140,14.8,5,1010.0,2
2023-03-28 20:00:00,27.0,89,0.0,140,13.0,4,1009.0,2
2023-03-28 21:00:00,26.0,89,0.0,120,14.8,4,1010.0,2
2023-03-28 22:00:00,26.0,89,0.0,110,13.0,5,1011.0,2
2023-03-28 23:00:00,26.0,89,0.0,234,5.4,5,1012.0,2
2023-03-29 00:00:00,27.0,84,0.0,242,5.4,5,1012.0,2
2023-03-29 01:00:00,29.0,74,0.0,110,13.0,5,1013.0,2
2023-03-29 02:00:00,31.0,59,0.0,100,16.6,5,1013.0,2
2023-03-29 03:00:00,33.0,49,0.0,120,18.4,5,1012.0,2
2023-03-29 04:00:00,33.0,49,0.1,80,11.2,6,1012.0,2
2023-03-29 05:00:00,34.0,41,0.0,110,5.4,6,1011.0,2
2023-03-29 06:00:00,35.0,39,0.0,61,9.4,6,1010.0,2
2023-03-29 07:00:00,35.0,37,0.0,50,7.6,6,1009.0,2
2023-03-29 08:00:00,36.0,42,0.0,200,13.0,5,1008.0,2
2023-03-29 09:00:00,34.0,50,0.0,180,16.6,5,1008.0,2
2023-03-29 10:00:00,33.0,49,0.0,190,13.0,6,1008.0,2
2023-03-29 11:00:00,31.0,52,0.0,170,14.8,6,1009.0,2
2023-03-29 12:00:00,30.0,62,0.0,160,13.0,5,1010.0,2
2023-03-29 13:00:00,30.0,62,0.0,160,11.2,5,1010.0,2
2023-03-29 14:00:00,29.0,66,0.0,130,13.0,5,1011.0,2
2023-03-29 15:00:00,29.0,66,0.0,140,13.0,5,1011.0,2
2023-03-29 16:00:00,28.0,70,0.0,140,7.6,5,1011.0,2
2023-03-29 17:00:00,28.0,74,0.0,160,7.6,5,1011.0,2
2023-03-29 18:00:00,28.0,79,0.0,180,11.2,5,1010.0,2
2023-03-29 19:00:00,27.0,84,0.0,170,7.6,4,1010.0,2
2023-03-29 20:00:00,27.0,84,0.0,120,13.0,4,1009.0,2
2023-03-29 21:00:00,27.0,84,0.0,120,11.2,4,1009.0,2
2023-03-29 22:00:00,27.0,89,0.0,140,7.6,4,1010.0,2
2023-03-29 23:00:00,27.0,89,0.0,130,11.2,5,1010.0,2
2023-03-30 00:00:00,28.0,84,0.0,120,16.6,5,1010.0,2
2023-03-30 01:00:00,29.0,79,0.0,140,16.6,5,1011.0,2
2023-03-30 02:00:00,30.0,75,0.0,120,13.0,5,1011.0,2
2023-03-30 03:00:00,32.0,59,0.0,150,11.2,5,1011.0,2
2023-03-30 04:00:00,33.0,52,0.0,140,11.2,5,1010.0,2
2023-03-30 05:00:00,33.0,52,0.0,150,7.6,5,1010.0,2
2023-03-30 06:00:00,33.0,56,0.0,210,9.4,6,1008.0,2
2023-03-30 07:00:00,34.0,53,0.9,180,14.8,6,1007.0,2
2023-03-30 08:00:00,33.0,52,0.1,200,22.3,5,1007.0,2
2023-03-30 09:00:00,33.0,56,0.1,200,24.1,5,1007.0,2
2023-03-30 10:00:00,31.0,62,0.0,200,18.4,6,1007.0,2
2023-03-30 11:00:00,29.0,74,0.0,170,18.4,6,1008.0,2
2023-03-30 12:00:00,29.0,74,0.0,160,13.0,6,1009.0,2
2023-03-30 13:00:00,28.0,84,0.0,160,11.2,6,1009.0,2
2023-03-30 14:00:00,28.0,79,0.0,140,11.2,5,1010.0,2
2023-03-30 15:00:00,28.0,79,0.0,150,9.4,5,1010.0,2
2023-03-30 16:00:00,28.0,84,0.0,140,11.2,5,1011.0,2
2023-03-30 17:00:00,27.0,89,0.0,150,9.4,5,1010.0,2
2023-03-30 18:00:00,27.0,89,0.0,170,7.6,5,1010.0,2
2023-03-30 19:00:00,27.0,89,0.0,180,7.6,5,1009.0,2
2023-03-30 20:00:00,27.0,89,0.0,150,11.2,5,1009.0,2
2023-03-30 21:00:00,27.0,84,0.0,140,9.4,5,1009.0,2
2023-03-30 22:00:00,27.0,84,0.0,150,9.4,5,1009.0,2
2023-03-30 23:00:00,27.0,84,0.0,150,11.2,5,1010.0,2
2023-03-31 00:00:00,28.0,84,0.0,140,14.8,5,1011.0,2
2023-03-31 01:00:00,28.0,79,0.0,150,14.8,5,1012.0,2
2023-03-31 02:00:00,31.0,66,0.0,140,18.4,5,1012.0,2
2023-03-31 03:00:00,31.0,66,0.0,130,16.6,5,1012.0,2
2023-03-31 04:00:00,31.0,66,0.1,150,11.2,6,1012.0,2
2023-03-31 05:00:00,32.0,63,0.3,130,14.8,6,1011.0,2
2023-03-31 06:00:00,32.0,59,0.0,150,9.4,6,1010.0,2
2023-03-31 07:00:00,32.0,63,0.0,190,11.2,6,1008.0,2
2023-03-31 08:00:00,33.0,59,0.0,190,14.8,6,1007.0,2
2023-03-31 09:00:00,32.0,63,0.0,180,16.6,6,1007.0,2
2023-03-31 10:00:00,31.0,66,0.0,190,18.4,6,1007.0,2
2023-03-31 11:00:00,30.0,70,0.0,210,16.6,6,1008.0,2
2023-03-31 12:00:00,29.0,79,0.0,190,16.6,6,1009.0,2
2023-03-31 13:00:00,28.0,74,0.0,180,14.8,6,1010.0,2
2023-03-31 14:00:00,28.0,79,0.0,180,16.6,5,1010.0,2
2023-03-31 15:00:00,28.0,84,0.0,160,11.2,5,1011.0,2
2023-03-31 16:00:00,28.0,84,0.0,130,11.2,5,1011.0,2
2023-03-31 17:00:00,27.0,89,0.0,150,16.6,5,1010.0,2
2023-03-31 18:00:00,27.0,89,0.0,140,11.2,5,1010.0,2
2023-03-31 19:00:00,27.0,89,0.0,150,7.6,5,1009.0,2
2023-03-31 20:00:00,27.0,89,0.0,150,13.0,4,1009.0,2
2023-03-31 21:00:00,27.0,89,0.0,150,7.6,4,1009.0,2
2023-03-31 22:00:00,27.0,89,0.0,140,13.0,5,1009.0,2
2023-03-31 23:00:00,27.0,89,0.0,130,7.6,5,1010.0,2
2023-04-01 00:00:00,28.0,79,0.0,130,9.4,5,1011.0,2
2023-04-01 01:00:00,29.0,74,0.0,130,13.0,5,1012.0,2
2023-04-01 02:00:00,30.0,70,0.0,140,11.2,5,1012.0,2
2023-04-01 03:00:00,31.0,66,0.0,90,5.4,6,1012.0,2
2023-04-01 04:00:00,32.0,63,0.0,130,9.4,6,1011.0,2
2023-04-01 05:00:00,32.0,67,0.0,130,9.4,6,1010.0,2
2023-04-01 06:00:00,33.0,63,0.0,130,7.6,6,1009.0,2
2023-04-01 07:00:00,34.0,60,0.0,230,9.4,6,1007.0,2
2023-04-01 08:00:00,33.0,63,0.0,180,16.6,6,1007.0,2
2023-04-01 09:00:00,32.0,67,0.0,180,16.6,6,1007.0,2
2023-04-01 10:00:00,30.0,79,0.0,180,18.4,6,1007.0,2
2023-04-01 11:00:00,29.0,74,0.0,170,16.6,6,1008.0,2
2023-04-01 12:00:00,28.0,84,0.0,160,13.0,6,1009.0,2
2023-04-01 13:00:00,28.0,79,0.0,150,14.8,6,1009.0,2
2023-04-01 14:00:00,28.0,79,0.0,140,13.0,5,1010.0,2
2023-04-01 15:00:00,27.0,84,0.0,130,11.2,5,1010.0,2
2023-04-01 16:00:00,27.0,84,0.0,140,11.2,5,1011.0,2
2023-04-01 17:00:00,27.0,84,0.0,140,9.4,5,1010.0,2
2023-04-01 18:00:00,26.0,84,0.0,170,7.6,4,1010.0,2
2023-04-01 19:00:00,26.0,89,0.0,160,9.4,4,1009.0,2
2023-04-01 20:00:00,26.0,89,0.0,160,7.6,4,1009.0,2
2023-04-01 21:00:00,26.0,89,0.0,130,7.6,4,1009.0,2
2023-04-01 22:00:00,25.0,94,0.0,209,3.6,4,1009.0,2
2023-04-01 23:00:00,25.0,94,0.0,80,7.6,5,1010.0,2
2023-04-02 00:00:00,27.0,89,0.0,100,5.4,0,1010.0,2
2023-04-02 01:00:00,29.0,79,0.0,110,7.6,0,1011.0,2
2023-04-02 02:00:00,31.0,70,0.0,130,9.4,5,1011.0,2
2023-04-02 03:00:00,32.0,67,0.0,100,5.4,5,1011.0,2
2023-04-02 04:00:00,33.0,59,0.0,110,7.6,5,1011.0,2
2023-04-02 05:00:00,33.0,52,0.0,71,7.6,5,1009.0,2
2023-04-02 06:00:00,34.0,47,0.0,180,7.6,6,1008.0,2
2023-04-02 07:00:00,35.0,44,0.0,180,9.4,6,1007.0,2
2023-04-02 08:00:00,36.0,39,0.0,220,11.2,5,1006.0,2
2023-04-02 09:00:00,35.0,44,0.0,170,13.0,5,1005.0,2
2023-04-02 10:00:00,34.0,50,0.0,150,16.6,5,1005.0,2
2023-04-02 11:00:00,31.0,66,0.0,170,16.6,5,1006.0,2
2023-04-02 12:00:00,29.0,79,0.0,180,18.4,5,1008.0,2
2023-04-02 13:00:00,29.0,84,0.0,170,13.0,5,1008.0,2
2023-04-02 14:00:00,29.0,84,0.0,160,11.2,5,1009.0,2
2023-04-02 15:00:00,28.0,89,0.0,180,14.8,5,1010.0,2
2023-04-02 16:00:00,28.0,89,0.0,170,11.2,5,1009.0,2
2023-04-02 17:00:00,28.0,89,0.0,170,11.2,5,1009.0,2
2023-04-02 18:00:00,28.0,89,0.1,160,7.6,5,1009.0,2
2023-04-02 19:00:00,28.0,89,0.0,160,9.4,5,1008.0,2
2023-04-02 20:00:00,28.0,89,0.0,190,9.4,5,1008.0,2
2023-04-02 21:00:00,28.0,89,0.0,150,9.4,5,1008.0,2
2023-04-02 22:00:00,27.0,94,0.0,140,11.2,5,1008.0,2
2023-04-02 23:00:00,27.0,94,0.0,130,9.4,6,1009.0,2
2023-04-03 00:00:00,29.0,84,0.0,130,7.6,6,1009.0,2
2023-04-03 01:00:00,29.0,84,0.0,130,9.4,5,1010.0,2
2023-04-03 02:00:00,30.0,75,0.0,121,5.4,5,1011.0,2
2023-04-03 03:00:00,32.0,63,0.0,112,5.4,5,1011.0,2
2023-04-03 04:00:00,33.0,59,0.0,95,5.4,6,1010.0,2
2023-04-03 05:00:00,34.0,50,0.0,84,9.4,6,1009.0,2
2023-04-03 06:00:00,33.0,59,2.2,180,14.8,6,1008.0,2
2023-04-03 07:00:00,34.0,56,2.3,200,14.8,6,1007.0,2
2023-04-03 08:00:00,33.0,59,1.4,160,13.0,6,1006.0,2
2023-04-03 09:00:00,29.0,74,0.2,300,18.4,6,1006.0,2
2023-04-03 10:00:00,31.0,66,0.0,73,1.8,6,1007.0,2
2023-04-03 11:00:00,27.0,74,0.0,270,18.4,6,1008.0,2
2023-04-03 12:00:00,27.0,79,0.0,93,5.4,6,1009.0,2
2023-04-03 13:00:00,26.0,89,1.5,100,3.6,6,1009.0,2
2023-04-03 14:00:00,26.0,89,0.0,117,1.8,6,1010.0,2
2023-04-03 15:00:00,27.0,89,0.0,171,5.4,6,1010.0,2
2023-04-03 16:00:00,28.0,84,0.0,236,3.6,6,1010.0,2
2023-04-03 17:00:00,28.0,84,0.0,180,11.2,5,1010.0,2
2023-04-03 18:00:00,28.0,84,0.0,210,9.4,5,1009.0,2
2023-04-03 19:00:00,27.0,89,0.0,190,7.6,5,1008.0,2
2023-04-03 20:00:00,28.0,84,0.0,224,5.4,5,1008.0,2
2023-04-03 21:00:00,27.0,89,0.0,180,7.6,5,1008.0,2
2023-04-03 22:00:00,27.0,89,0.0,209,5.4,5,1008.0,2
2023-04-03 23:00:00,26.0,94,0.0,350,5.4,6,1009.0,2
2023-04-04 00:00:00,27.0,94,0.0,360,5.4,6,1009.0,5
2023-04-04 01:00:00,29.0,84,0.0,141,3.6,5,1010.0,2
2023-04-04 02:00:00,30.0,79,0.0,60,1.8,5,1010.0,2
2023-04-04 03:00:00,32.0,67,0.0,108,3.6,5,1010.0,2
2023-04-04 04:00:00,34.0,53,0.0,120,7.6,5,1009.0,2
2023-04-04 05:00:00,35.0,50,0.0,80,9.4,6,1008.0,2
2023-04-04 06:00:00,35.0,50,0.0,260,7.6,6,1007.0,2
2023-04-04 07:00:00,36.0,44,0.1,210,11.2,6,1006.0,2
2023-04-04 08:00:00,35.0,50,0.6,200,14.8,6,1005.0,2
2023-04-04 09:00:00,34.0,60,0.0,180,18.4,6,1005.0,2
2023-04-04 10:00:00,31.0,70,0.0,180,22.3,6,1006.0,2
2023-04-04 11:00:00,30.0,79,0.0,170,18.4,6,1007.0,2
2023-04-04 12:00:00,29.0,84,0.0,150,18.4,6,1007.0,2
2023-04-04 13:00:00,29.0,84,0.0,170,11.2,6,1008.0,2
2023-04-04 14:00:00,29.0,84,0.0,180,14.8,6,1008.0,2
2023-04-04 15:00:00,29.0,84,0.0,160,14.8,5,1009.0,2
2023-04-04 16:00:00,29.0,84,0.0,170,14.8,5,1009.0,2
2023-04-04 17:00:00,28.0,89,0.0,170,14.8,5,1009.0,2
2023-04-04 18:00:00,28.0,89,0.0,180,14.8,5,1008.0,2
2023-04-04 19:00:00,28.0,89,0.1,210,13.0,5,1008.0,2
2023-04-04 20:00:00,28.0,89,0.0,210,9.4,5,1008.0,2
2023-04-04 21:00:00,28.0,89,0.0,200,11.2,5,1008.0,2
2023-04-04 22:00:00,27.0,94,0.0,210,7.6,5,1008.0,2
2023-04-04 23:00:00,28.0,84,0.0,220,9.4,6,1009.0,2
2023-04-05 00:00:00,28.0,89,0.0,220,7.6,6,1010.0,2
2023-04-05 01:00:00,29.0,79,0.0,220,9.4,5,1011.0,2
2023-04-05 02:00:00,31.0,70,0.1,200,11.2,5,1011.0,2
2023-04-05 03:00:00,31.0,70,0.0,190,9.4,5,1011.0,2
2023-04-05 04:00:00,32.0,67,0.0,170,11.2,5,1011.0,2
2023-04-05 05:00:00,34.0,56,0.0,112,7.6,6,1010.0,2
2023-04-05 06:00:00,35.0,50,0.0,170,7.6,6,1008.0,2
2023-04-05 07:00:00,34.0,53,0.0,170,13.0,6,1007.0,2
2023-04-05 08:00:00,34.0,53,0.0,170,16.6,6,1007.0,2
2023-04-05 09:00:00,34.0,50,0.0,180,18.4,6,1006.0,2
2023-04-05 10:00:00,32.0,63,0.0,150,18.4,6,1006.0,2
2023-04-05 11:00:00,30.0,70,0.0,170,16.6,6,1007.0,2
2023-04-05 12:00:00,30.0,75,0.0,170,14.8,6,1008.0,2
2023-04-05 13:00:00,29.0,84,0.0,180,14.8,6,1009.0,2
2023-04-05 14:00:00,29.0,84,0.0,160,11.2,5,1009.0,2
2023-04-05 15:00:00,29.0,84,0.0,170,11.2,5,1010.0,2
2023-04-05 16:00:00,29.0,84,0.0,160,7.6,5,1010.0,2
2023-04-05 17:00:00,28.0,89,0.0,200,11.2,5,1010.0,2
2023-04-05 18:00:00,28.0,89,0.0,210,9.4,5,1009.0,2
2023-04-05 19:00:00,28.0,89,0.0,220,7.6,5,1009.0,2
2023-04-05 20:00:00,27.0,94,0.0,250,7.6,5,1008.0,2
2023-04-05 21:00:00,27.0,94,0.0,216,5.4,5,1008.0,2
2023-04-05 22:00:00,27.0,89,0.0,226,3.6,4,1009.0,2
2023-04-05 23:00:00,26.0,94,0.0,211,1.8,4,1010.0,2
2023-04-06 00:00:00,27.0,94,0.0,330,3.6,4,1010.0,2
2023-04-06 01:00:00,29.0,79,0.0,118,3.6,4,1011.0,2
2023-04-06 02:00:00,31.0,70,0.0,101,5.4,4,1012.0,2
2023-04-06 03:00:00,33.0,63,0.0,97,5.4,4,1011.0,2
2023-04-06 04:00:00,33.0,59,0.0,85,5.4,4,1011.0,2
2023-04-06 05:00:00,34.0,56,0.0,74,3.6,5,1010.0,2
2023-04-06 06:00:00,34.0,53,0.0,190,11.2,5,1009.0,2
2023-04-06 07:00:00,35.0,53,0.0,160,11.2,5,1007.0,2
2023-04-06 08:00:00,35.0,56,0.0,170,16.6,5,1007.0,2
2023-04-06 09:00:00,34.0,56,0.1,190,20.5,5,1006.0,2
2023-04-06 10:00:00,32.0,59,0.0,150,16.6,5,1007.0,2
2023-04-06 11:00:00,31.0,66,0.0,160,14.8,5,1007.0,2
2023-04-06 12:00:00,30.0,75,0.0,150,16.6,5,1008.0,2
2023-04-06 13:00:00,29.0,79,0.0,160,16.6,5,1009.0,2
2023-04-06 14:00:00,29.0,79,0.0,150,16.6,5,1009.0,2
2023-04-06 15:00:00,29.0,84,0.0,140,13.0,4,1010.0,2
2023-04-06 16:00:00,29.0,84,0.0,150,9.4,4,1010.0,2
2023-04-06 17:00:00,29.0,79,0.0,170,13.0,4,1010.0,2
2023-04-06 18:00:00,28.0,84,0.0,160,14.8,4,1009.0,2
2023-04-06 19:00:00,28.0,84,0.0,170,9.4,4,1009.0,2
2023-04-06 20:00:00,28.0,84,0.0,170,11.2,4,1009.0,2
2023-04-06 21:00:00,28.0,84,0.0,180,11.2,4,1010.0,2
2023-04-06 22:00:00,28.0,84,0.0,180,11.2,4,1010.0,2
2023-04-06 23:00:00,28.0,89,0.0,190,7.6,4,1011.0,2
2023-04-07 00:00:00,29.0,79,0.0,170,9.4,4,1012.0,2
2023-04-07 01:00:00,31.0,70,0.0,140,11.2,4,1013.0,2
2023-04-07 02:00:00,31.0,70,0.0,180,11.2,5,1013.0,2
2023-04-07 03:00:00,33.0,63,0.0,130,14.8,5,1013.0,2
2023-04-07 04:00:00,32.0,63,0.0,130,13.0,5,1012.0,2
2023-04-07 05:00:00,33.0,59,0.0,110,14.8,5,1011.0,2
2023-04-07 06:00:00,34.0,56,0.0,140,11.2,5,1010.0,2
2023-04-07 07:00:00,35.0,50,0.0,170,13.0,5,1009.0,2
2023-04-07 08:00:00,34.0,56,0.0,200,18.4,5,1008.0,2
2023-04-07 09:00:00,34.0,53,0.0,200,20.5,5,1008.0,2
2023-04-07 10:00:00,32.0,63,0.0,180,18.4,5,1008.0,2
2023-04-07 11:00:00,30.0,75,0.0,180,18.4,5,1009.0,2
2023-04-07 12:00:00,30.0,75,0.0,180,20.5,5,1010.0,2
2023-04-07 13:00:00,29.0,79,0.0,180,16.6,4,1011.0,2
2023-04-07 14:00:00,29.0,84,0.0,170,14.8,4,1012.0,2
2023-04-07 15:00:00,29.0,84,0.0,140,14.8,4,1013.0,2
2023-04-07 16:00:00,29.0,84,0.0,140,11.2,4,1013.0,2
2023-04-07 17:00:00,28.0,89,0.0,150,13.0,4,1012.0,2
2023-04-07 18:00:00,28.0,89,0.0,140,13.0,4,1012.0,2
2023-04-07 19:00:00,28.0,84,0.0,221,5.4,4,1012.0,2
2023-04-07 20:00:00,28.0,89,0.0,160,9.4,4,1011.0,2
2023-04-07 21:00:00,28.0,89,0.0,130,13.0,4,1011.0,2
2023-04-07 22:00:00,27.0,94,0.0,140,11.2,4,1011.0,2
2023-04-07 23:00:00,28.0,89,0.0,130,9.4,4,1012.0,2
2023-04-08 00:00:00,29.0,84,0.0,140,11.2,4,1013.0,2
2023-04-08 01:00:00,30.0,75,0.0,120,14.8,4,1014.0,2
2023-04-08 02:00:00,30.0,75,0.0,150,11.2,4,1015.0,2
2023-04-08 03:00:00,32.0,67,0.0,140,13.0,4,1015.0,2
2023-04-08 04:00:00,34.0,50,0.0,120,14.8,4,1014.0,2
2023-04-08 05:00:00,36.0,39,0.0,130,13.0,5,1013.0,2
2023-04-08 06:00:00,37.0,35,0.0,100,14.8,5,1012.0,2
2023-04-08 07:00:00,36.0,37,0.0,80,11.2,5,1010.0,2
2023-04-08 08:00:00,36.0,42,0.0,170,11.2,4,1010.0,2
2023-04-08 09:00:00,35.0,50,0.0,190,16.6,4,1009.0,2
2023-04-08 10:00:00,33.0,56,0.0,170,14.8,5,1010.0,2
2023-04-08 11:00:00,32.0,59,0.0,180,16.6,5,1010.0,2
2023-04-08 12:00:00,31.0,66,0.0,160,14.8,5,1011.0,2
2023-04-08 13:00:00,30.0,70,0.0,180,13.0,4,1011.0,2
2023-04-08 14:00:00,30.0,75,0.0,170,13.0,4,1012.0,2
2023-04-08 15:00:00,30.0,70,0.0,160,13.0,4,1013.0,2
2023-04-08 16:00:00,29.0,74,0.0,170,11.2,4,1013.0,2
2023-04-08 17:00:00,29.0,74,0.0,160,9.4,4,1013.0,2
2023-04-08 18:00:00,29.0,79,0.0,160,9.4,4,1012.0,2
2023-04-08 19:00:00,29.0,79,0.0,160,11.2,4,1012.0,2
2023-04-08 20:00:00,28.0,89,0.0,200,5.4,4,1012.0,2
2023-04-08 21:00:00,28.0,89,0.0,160,7.6,4,1012.0,2
2023-04-08 22:00:00,28.0,84,0.0,130,7.6,4,1012.0,2
2023-04-08 23:00:00,28.0,89,0.0,130,5.4,4,1013.0,2
2023-04-09 00:00:00,29.0,84,0.0,71,3.6,4,1013.0,2
2023-04-09 01:00:00,29.0,84,0.0,89,5.4,4,1014.0,2
2023-04-09 02:00:00,31.0,70,0.0,82,5.4,4,1014.0,2
2023-04-09 03:00:00,32.0,67,0.0,81,5.4,4,1014.0,2
2023-04-09 04:00:00,33.0,63,0.0,76,5.4,5,1013.0,2
2023-04-09 05:00:00,35.0,50,0.0,320,3.6,5,1012.0,2
2023-04-09 06:00:00,35.0,47,0.0,67,3.6,5,1011.0,2
2023-04-09 07:00:00,36.0,42,0.0,64,5.4,5,1010.0,2
2023-04-09 08:00:00,36.0,42,0.6,10,7.6,5,1009.0,2
2023-04-09 09:00:00,33.0,63,0.2,180,22.3,5,1008.0,2
2023-04-09 10:00:00,31.0,70,0.0,190,22.3,5,1009.0,2
2023-04-09 11:00:00,31.0,70,0.0,170,14.8,5,1009.0,2
2023-04-09 12:00:00,30.0,79,0.0,180,14.8,5,1010.0,2
2023-04-09 13:00:00,30.0,79,0.0,170,13.0,5,1011.0,2
2023-04-09 14:00:00,29.0,84,0.0,170,11.2,5,1012.0,2
2023-04-09 15:00:00,29.0,79,0.0,150,11.2,5,1012.0,2
2023-04-09 16:00:00,29.0,79,0.0,120,11.2,5,1012.0,2
2023-04-09 17:00:00,29.0,79,0.0,140,14.8,5,1012.0,2
2023-04-09 18:00:00,29.0,79,0.0,150,9.4,5,1011.0,2
2023-04-09 19:00:00,29.0,79,0.2,150,7.6,4,1010.0,2
2023-04-09 20:00:00,27.0,94,2.0,160,9.4,4,1010.0,2
2023-04-09 21:00:00,26.0,100,0.1,218,3.6,4,1010.0,2
2023-04-09 22:00:00,27.0,94,0.0,274,1.8,5,1011.0,2
2023-04-09 23:00:00,26.0,100,0.0,300,1.8,5,1011.0,2
2023-04-10 00:00:00,28.0,89,0.0,350,3.6,5,1012.0,2
2023-04-10 01:00:00,29.0,84,0.0,0,0.0,5,1013.0,2
2023-04-10 02:00:00,30.0,75,0.0,80,3.6,5,1013.0,2
2023-04-10 03:00:00,31.0,70,0.0,78,5.4,5,1012.0,2
2023-04-10 04:00:00,32.0,67,0.0,76,3.6,5,1012.0,2
2023-04-10 05:00:00,33.0,63,0.0,71,3.6,5,1011.0,2
2023-04-10 06:00:00,33.0,63,0.0,67,3.6,6,1010.0,2
2023-04-10 07:00:00,34.0,56,0.0,66,5.4,6,1008.0,2
2023-04-10 08:00:00,34.0,56,0.0,66,5.4,5,1008.0,2
2023-04-10 09:00:00,33.0,67,0.4,200,16.6,5,1007.0,2
2023-04-10 10:00:00,32.0,71,0.2,180,18.4,6,1007.0,2
2023-04-10 11:00:00,31.0,75,0.0,180,18.4,6,1008.0,2
2023-04-10 12:00:00,30.0,79,0.0,160,13.0,6,1009.0,2
2023-04-10 13:00:00,30.0,79,0.0,150,13.0,5,1010.0,2
2023-04-10 14:00:00,30.0,70,0.0,150,11.2,5,1011.0,2
2023-04-10 15:00:00,29.0,79,0.0,120,9.4,5,1011.0,2
2023-04-10 16:00:00,29.0,79,0.0,140,9.4,5,1012.0,2
2023-04-10 17:00:00,29.0,79,0.0,150,11.2,5,1011.0,2
2023-04-10 18:00:00,28.0,84,0.0,160,11.2,5,1010.0,2
2023-04-10 19:00:00,28.0,84,0.0,160,13.0,5,1010.0,2
2023-04-10 20:00:00,28.0,84,0.0,150,11.2,5,1009.0,2
2023-04-10 21:00:00,28.0,89,0.0,170,9.4,5,1010.0,2
2023-04-10 22:00:00,28.0,89,0.0,130,11.2,5,1010.0,2
2023-04-10 23:00:00,28.0,89,0.0,130,11.2,5,1011.0,2
2023-04-11 00:00:00,28.0,89,0.0,150,9.4,5,1011.0,2
2023-04-11 01:00:00,29.0,84,0.0,140,13.0,5,1012.0,2
2023-04-11 02:00:00,30.0,75,0.0,160,9.4,5,1012.0,2
2023-04-11 03:00:00,31.0,70,0.0,170,9.4,5,1012.0,2
2023-04-11 04:00:00,32.0,67,0.0,85,9.4,6,1012.0,2
2023-04-11 05:00:00,32.0,63,0.0,130,7.6,6,1011.0,2
2023-04-11 06:00:00,33.0,63,0.4,69,7.6,6,1009.0,2
2023-04-11 07:00:00,34.0,60,0.3,62,7.6,6,1008.0,2
2023-04-11 08:00:00,33.0,63,0.0,180,7.6,6,1007.0,2
2023-04-11 09:00:00,33.0,63,0.0,230,14.8,6,1007.0,2
2023-04-11 10:00:00,33.0,59,0.0,200,14.8,6,1007.0,2
2023-04-11 11:00:00,32.0,63,0.0,160,11.2,6,1008.0,2
2023-04-11 12:00:00,30.0,75,0.0,160,11.2,6,1008.0,2
2023-04-11 13:00:00,30.0,75,0.0,150,13.0,6,1009.0,2
2023-04-11 14:00:00,29.0,84,0.0,140,13.0,5,1010.0,2
2023-04-11 15:00:00,29.0,84,0.0,140,16.6,5,1010.0,2
2023-04-11 16:00:00,28.0,89,0.0,130,14.8,5,1010.0,2
2023-04-11 17:00:00,28.0,89,0.0,130,11.0,5,1010.0,2
2023-04-11 18:00:00,28.0,89,0.0,150,13.0,5,1009.0,2
2023-04-11 19:00:00,28.0,89,0.0,160,11.0,5,1009.0,2
2023-04-11 20:00:00,28.0,89,0.0,170,9.4,5,1008.0,2
2023-04-11 21:00:00,28.0,89,0.0,150,11.2,5,1008.0,2
2023-04-11 22:00:00,28.0,89,0.0,180,9.4,5,1009.0,2
2023-04-11 23:00:00,28.0,89,0.0,210,7.6,5,1009.0,2
2023-04-12 00:00:00,28.0,89,0.0,230,7.6,5,1010.0,2
2023-04-12 01:00:00,29.0,84,0.0,210,7.6,5,1011.0,2
2023-04-12 02:00:00,30.0,75,0.0,132,5.4,5,1011.0,2
2023-04-12 03:00:00,31.0,70,0.0,116,5.4,5,1011.0,2
2023-04-12 04:00:00,32.0,71,0.0,95,5.4,5,1010.0,2
2023-04-12 05:00:00,32.0,71,0.0,72,5.4,5,1009.0,2
2023-04-12 06:00:00,33.0,63,0.0,52,5.4,5,1008.0,2
2023-04-12 07:00:00,33.0,63,1.3,210,7.6,5,1007.0,2
2023-04-12 08:00:00,35.0,53,0.2,230,11.2,5,1006.0,2
2023-04-12 09:00:00,34.0,60,0.5,190,9.4,6,1006.0,2
2023-04-12 10:00:00,32.0,75,0.0,180,16.6,6,1006.0,2
2023-04-12 11:00:00,31.0,79,0.0,180,16.6,6,1007.0,2
2023-04-12 12:00:00,30.0,84,0.0,160,14.8,6,1008.0,2
2023-04-12 13:00:00,30.0,79,0.0,160,14.8,5,1009.0,2
2023-04-12 14:00:00,29.0,89,0.0,160,14.8,5,1010.0,2
2023-04-12 15:00:00,29.0,84,0.0,150,13.0,5,1010.0,2
2023-04-12 16:00:00,29.0,89,0.5,150,13.0,5,1010.0,2
2023-04-12 17:00:00,29.0,89,0.3,150,11.2,5,1010.0,2
2023-04-12 18:00:00,29.0,89,0.6,213,5.4,5,1009.0,2
2023-04-12 19:00:00,28.0,94,0.0,160,7.6,5,1008.0,2
2023-04-12 20:00:00,28.0,94,0.0,180,11.2,5,1008.0,2
2023-04-12 21:00:00,28.0,94,0.0,200,9.4,5,1008.0,2
2023-04-12 22:00:00,28.0,94,0.0,200,9.4,5,1010.0,2
2023-04-12 23:00:00,28.0,94,0.0,200,7.6,5,1010.0,2
2023-04-13 00:00:00,29.0,84,0.0,228,5.4,5,1011.0,2
2023-04-13 01:00:00,30.0,79,0.0,180,7.6,5,1012.0,2
2023-04-13 02:00:00,31.0,75,0.0,170,9.4,5,1012.0,2
2023-04-13 03:00:00,32.0,71,0.0,200,9.4,5,1011.0,2
2023-04-13 04:00:00,33.0,67,0.0,220,9.4,5,1010.0,2
2023-04-13 05:00:00,34.0,60,0.0,61,9.4,5,1009.0,2
2023-04-13 06:00:00,34.0,56,0.0,30,5.4,5,1008.0,2
2023-04-13 07:00:00,35.0,53,0.0,150,5.4,5,1007.0,2
2023-04-13 08:00:00,35.0,53,0.0,42,9.4,5,1006.0,2
2023-04-13 09:00:00,35.0,56,0.0,160,9.4,5,1005.0,2
2023-04-13 10:00:00,33.0,67,0.0,200,14.8,5,1006.0,2
2023-04-13 11:00:00,32.0,71,0.0,170,13.0,5,1007.0,2
2023-04-13 12:00:00,30.0,79,0.0,180,14.8,5,1007.0,2
2023-04-13 13:00:00,30.0,84,0.0,170,13.0,5,1008.0,2
2023-04-13 14:00:00,30.0,84,0.0,150,11.2,5,1009.0,2
2023-04-13 15:00:00,29.0,89,0.0,170,11.0,5,1009.0,2
2023-04-13 16:00:00,29.0,89,0.0,160,13.0,5,1010.0,2
2023-04-13 17:00:00,29.0,89,0.0,160,11.2,5,1009.0,2
2023-04-13 18:00:00,29.0,89,0.5,180,13.0,4,1009.0,2
2023-04-13 19:00:00,29.0,89,0.5,170,11.2,4,1009.0,2
2023-04-13 20:00:00,29.0,89,0.0,180,13.0,4,1008.0,2
2023-04-13 21:00:00,29.0,89,0.0,180,9.4,4,1009.0,2
2023-04-13 22:00:00,29.0,89,1.0,170,7.6,4,1009.0,2
2023-04-13 23:00:00,29.0,89,0.0,219,3.6,4,1009.0,2
2023-04-14 00:00:00,29.0,89,0.0,130,11.2,5,1010.0,2
2023-04-14 01:00:00,30.0,89,0.0,190,11.2,5,1011.0,2
2023-04-14 02:00:00,31.0,79,0.0,190,7.6,5,1011.0,2
2023-04-14 03:00:00,32.0,75,0.0,115,3.6,5,1011.0,2
2023-04-14 04:00:00,33.0,71,0.0,98,3.6,5,1010.0,2
2023-04-14 05:00:00,35.0,60,0.0,250,9.4,5,1009.0,2
2023-04-14 06:00:00,35.0,56,0.0,290,9.4,5,1007.0,2
2023-04-14 07:00:00,35.0,56,0.0,14,5.4,5,1006.0,2
2023-04-14 08:00:00,35.0,60,0.0,160,9.4,5,1005.0,2
2023-04-14 09:00:00,34.0,67,0.1,190,14.8,5,1005.0,2
2023-04-14 10:00:00,32.0,80,0.0,180,16.6,5,1005.0,2
2023-04-14 11:00:00,31.0,84,0.0,160,14.8,5,1006.0,2
2023-04-14 12:00:00,30.0,89,0.0,180,16.6,0,1007.0,2
2023-04-14 13:00:00,30.0,84,0.0,180,14.8,5,1008.0,2
2023-04-14 14:00:00,30.0,89,0.0,160,11.2,5,1008.0,2
2023-04-14 15:00:00,30.0,84,0.0,170,13.0,5,1009.0,2
2023-04-14 16:00:00,30.0,84,0.9,160,11.2,5,1009.0,2
2023-04-14 17:00:00,29.0,94,1.4,180,13.0,5,1009.0,2
2023-04-14 18:00:00,29.0,89,0.2,180,11.2,5,1008.0,2
2023-04-14 19:00:00,29.0,94,0.5,170,14.8,4,1008.0,2
2023-04-14 20:00:00,29.0,94,1.4,190,14.8,4,1008.0,2
2023-04-14 21:00:00,29.0,89,0.0,170,13.0,4,1007.0,2
2023-04-14 22:00:00,28.0,100,0.0,190,11.2,5,1008.0,2
2023-04-14 23:00:00,29.0,89,0.0,220,9.4,5,1009.0,2
2023-04-15 00:00:00,29.0,89,0.0,210,14.8,5,1009.0,2
2023-04-15 01:00:00,30.0,89,0.0,210,13.0,5,1010.0,2
2023-04-15 02:00:00,31.0,79,0.0,210,11.2,5,1010.0,2
2023-04-15 03:00:00,31.0,79,0.0,139,5.4,5,1010.0,2
2023-04-15 04:00:00,33.0,71,0.0,152,3.6,5,1009.0,2
2023-04-15 05:00:00,33.0,71,0.0,188,5.4,5,1008.0,2
2023-04-15 06:00:00,35.0,60,0.5,240,7.6,5,1007.0,2
2023-04-15 07:00:00,35.0,60,0.9,339,5.4,5,1005.0,18
2023-04-15 08:00:00,35.0,60,0.0,240,9.4,6,1004.0,18
2023-04-15 09:00:00,34.0,67,0.0,130,13.0,6,1004.0,18
2023-04-15 10:00:00,33.0,75,0.1,180,14.8,6,1004.0,25
2023-04-15 11:00:00,31.0,84,1.0,170,14.8,6,1005.0,18
2023-04-15 12:00:00,30.0,89,14.7,160,14.8,6,1005.0,18
2023-04-15 13:00:00,30.0,89,0.2,200,18.4,6,1007.0,2
2023-04-15 14:00:00,23.0,100,0.0,230,22.3,6,1011.0,2
2023-04-15 15:00:00,25.0,94,0.0,190,11.2,6,1009.0,2
2023-04-15 16:00:00,25.0,94,0.0,360,9.4,6,1009.0,2
2023-04-15 17:00:00,25.0,94,0.0,90,9.4,6,1008.0,2
2023-04-15 18:00:00,25.0,100,0.0,336,3.6,6,1008.0,2
2023-04-15 19:00:00,25.0,100,0.0,211,3.6,6,1007.0,2
2023-04-15 20:00:00,25.0,100,0.0,40,5.4,5,1007.0,2
2023-04-15 21:00:00,25.0,100,0.1,100,3.6,5,1007.0,2
2023-04-15 22:00:00,25.0,100,0.1,0,0.0,6,1007.0,2
2023-04-15 23:00:00,25.0,100,0.4,290,5.4,6,1008.0,5
2023-04-16 00:00:00,26.0,94,0.0,220,1.8,6,1008.0,5
2023-04-16 01:00:00,28.0,89,0.0,60,7.6,6,1009.0,2
2023-04-16 02:00:00,30.0,84,0.0,70,9.4,6,1009.0,2
2023-04-16 03:00:00,32.0,75,0.0,117,5.4,6,1009.0,2
2023-04-16 04:00:00,32.0,75,0.0,170,11.2,6,1009.0,2
2023-04-16 05:00:00,33.0,71,0.0,160,7.6,6,1008.0,2
2023-04-16 06:00:00,34.0,63,0.0,42,5.4,6,1007.0,18
2023-04-16 07:00:00,34.0,56,0.0,190,11.2,6,1007.0,18
2023-04-16 08:00:00,34.0,63,0.4,130,13.0,7,1006.0,25
2023-04-16 09:00:00,33.0,67,2.3,170,11.2,7,1005.0,25
2023-04-16 10:00:00,31.0,75,3.1,170,11.2,7,1006.0,25
2023-04-16 11:00:00,30.0,84,0.0,200,13.0,7,1007.0,25
2023-04-16 12:00:00,30.0,84,0.0,68,5.4,7,1008.0,3
2023-04-16 13:00:00,28.0,84,0.6,360,16.6,7,1009.0,2
2023-04-16 14:00:00,26.0,94,0.4,51,1.8,6,1009.0,2
2023-04-16 15:00:00,27.0,94,0.0,266,1.8,6,1009.0,2
2023-04-16 16:00:00,27.0,94,0.0,297,5.4,6,1009.0,2
2023-04-16 17:00:00,28.0,89,0.0,130,11.2,6,1008.0,2
2023-04-16 18:00:00,28.0,94,0.0,80,7.6,6,1008.0,2
2023-04-16 19:00:00,27.0,100,0.0,70,7.6,6,1009.0,2
2023-04-16 20:00:00,27.0,100,0.4,223,3.6,6,1008.0,2
2023-04-16 21:00:00,28.0,94,0.6,213,5.4,5,1009.0,2
2023-04-16 22:00:00,28.0,94,0.0,170,5.4,6,1009.0,2
2023-04-16 23:00:00,27.0,89,0.0,200,9.4,6,1009.0,2
2023-04-17 00:00:00,28.0,89,0.0,238,3.6,6,1010.0,2
2023-04-17 01:00:00,30.0,84,0.0,130,13.0,6,1011.0,2
2023-04-17 02:00:00,31.0,79,0.0,120,16.6,6,1011.0,2
2023-04-17 03:00:00,32.0,75,0.0,140,16.6,6,1011.0,2
2023-04-17 04:00:00,33.0,71,0.0,140,14.8,6,1011.0,2
2023-04-17 05:00:00,33.0,67,0.0,140,13.0,6,1010.0,2
2023-04-17 06:00:00,34.0,63,0.0,170,13.0,6,1009.0,2
2023-04-17 07:00:00,34.0,67,0.0,200,18.4,6,1008.0,2
2023-04-17 08:00:00,34.0,63,0.0,190,14.8,6,1007.0,2
2023-04-17 09:00:00,33.0,71,0.0,170,14.8,6,1007.0,2
2023-04-17 10:00:00,32.0,71,0.0,180,18.4,6,1008.0,2
2023-04-17 11:00:00,30.0,84,0.0,190,18.4,6,1008.0,2
2023-04-17 12:00:00,30.0,79,0.0,170,13.0,6,1009.0,2
2023-04-17 13:00:00,29.0,84,0.0,150,13.0,6,1010.0,2
2023-04-17 14:00:00,29.0,89,0.0,140,13.0,6,1010.0,2
2023-04-17 15:00:00,29.0,84,0.0,140,11.2,5,1011.0,2
2023-04-17 16:00:00,29.0,89,0.0,170,11.2,5,1011.0,2
2023-04-17 17:00:00,29.0,89,0.0,140,13.0,5,1010.0,2
2023-04-17 18:00:00,28.0,94,0.0,130,13.0,5,1010.0,2
2023-04-17 19:00:00,28.0,89,0.0,150,9.4,5,1009.0,2
2023-04-17 20:00:00,28.0,89,0.0,150,7.6,5,1009.0,2
2023-04-17 21:00:00,28.0,89,0.0,150,7.6,5,1009.0,2
2023-04-17 22:00:00,28.0,89,0.0,140,9.4,5,1010.0,2
2023-04-17 23:00:00,28.0,89,0.0,140,9.4,5,1011.0,2
2023-04-18 00:00:00,29.0,89,0.0,130,13.0,5,1011.0,2
2023-04-18 01:00:00,30.0,84,0.0,130,20.5,5,1012.0,2
2023-04-18 02:00:00,31.0,75,0.0,130,16.6,5,1012.0,2
2023-04-18 03:00:00,32.0,67,0.0,130,13.0,5,1012.0,2
2023-04-18 04:00:00,32.0,63,0.0,190,11.2,5,1012.0,2
2023-04-18 05:00:00,32.0,67,0.0,160,11.2,5,1011.0,2
2023-04-18 06:00:00,33.0,59,0.0,150,11.2,5,1010.0,2
2023-04-18 07:00:00,34.0,53,0.0,75,9.4,5,1009.0,2
2023-04-18 08:00:00,34.0,53,0.0,180,11.2,5,1008.0,2
2023-04-18 09:00:00,33.0,59,0.0,190,13.0,5,1007.0,2
2023-04-18 10:00:00,32.0,67,0.0,180,14.8,5,1007.0,2
2023-04-18 11:00:00,31.0,70,0.0,200,14.8,5,1008.0,2
2023-04-18 12:00:00,30.0,75,0.0,190,9.4,5,1008.0,2
2023-04-18 13:00:00,30.0,75,0.0,180,13.0,5,1009.0,2
2023-04-18 14:00:00,29.0,84,0.0,180,11.2,5,1009.0,2
2023-04-18 15:00:00,29.0,89,0.0,180,11.2,5,1010.0,2
2023-04-18 16:00:00,28.0,94,0.0,180,11.2,4,1010.0,2
2023-04-18 17:00:00,28.0,89,0.0,160,7.6,4,1010.0,2
2023-04-18 18:00:00,28.0,89,0.0,180,11.2,4,1009.0,2
2023-04-18 19:00:00,28.0,94,0.0,180,13.0,4,1008.0,2
2023-04-18 20:00:00,28.0,89,0.0,190,13.0,4,1008.0,2
2023-04-18 21:00:00,28.0,89,0.0,180,11.2,4,1008.0,2
2023-04-18 22:00:00,28.0,94,0.0,160,7.6,4,1008.0,2
2023-04-18 23:00:00,28.0,94,0.0,210,5.4,4,1008.0,2
2023-04-19 00:00:00,29.0,89,0.0,160,7.6,4,1009.0,2
2023-04-19 01:00:00,29.0,84,0.0,172,1.8,4,1009.0,2
2023-04-19 02:00:00,30.0,79,0.0,190,7.6,4,1010.0,2
2023-04-19 03:00:00,32.0,67,0.0,210,13.0,4,1009.0,2
2023-04-19 04:00:00,33.0,63,0.0,200,9.4,4,1009.0,2
2023-04-19 05:00:00,34.0,60,0.0,190,9.4,5,1008.0,2
2023-04-19 06:00:00,33.0,63,0.0,256,5.4,5,1006.0,2
2023-04-19 07:00:00,33.0,67,0.0,310,3.6,5,1005.0,2
2023-04-19 08:00:00,34.0,63,0.0,230,7.6,5,1004.0,2
2023-04-19 09:00:00,33.0,67,0.0,200,11.2,5,1004.0,2
2023-04-19 10:00:00,33.0,71,0.0,140,11.2,5,1004.0,2
2023-04-19 11:00:00,31.0,79,0.0,190,14.8,5,1004.0,2
2023-04-19 12:00:00,30.0,84,0.0,160,13.0,5,1005.0,2
2023-04-19 13:00:00,30.0,84,0.0,180,18.4,5,1006.0,2
2023-04-19 14:00:00,30.0,79,0.0,160,13.0,5,1007.0,2
2023-04-19 15:00:00,29.0,89,0.0,180,14.8,5,1007.0,2
2023-04-19 16:00:00,29.0,89,0.0,200,16.6,5,1007.0,2
2023-04-19 17:00:00,29.0,89,0.0,210,14.8,5,1007.0,2
2023-04-19 18:00:00,29.0,89,0.0,210,11.2,5,1006.0,2
2023-04-19 19:00:00,29.0,89,0.0,210,13.0,4,1005.0,2
2023-04-19 20:00:00,29.0,89,0.0,200,14.8,4,1005.0,2
2023-04-19 21:00:00,29.0,84,0.0,210,11.2,4,1005.0,2
2023-04-19 22:00:00,28.0,94,0.0,200,13.0,4,1006.0,2
2023-04-19 23:00:00,28.0,94,0.0,220,11.2,4,1006.0,2
2023-04-20 00:00:00,29.0,89,0.0,220,14.8,4,1007.0,2
2023-04-20 01:00:00,30.0,84,0.0,220,11.2,4,1007.0,2
2023-04-20 02:00:00,32.0,75,0.0,240,9.4,4,1007.0,2
2023-04-20 03:00:00,33.0,67,0.1,198,5.4,4,1007.0,2
2023-04-20 04:00:00,34.0,56,0.0,260,9.4,5,1007.0,2
2023-04-20 05:00:00,35.0,53,0.0,220,13.0,5,1006.0,2
2023-04-20 06:00:00,36.0,53,0.0,260,14.8,5,1005.0,2
2023-04-20 07:00:00,36.0,53,0.0,240,14.8,5,1004.0,2
2023-04-20 08:00:00,36.0,53,0.1,250,16.6,6,1003.0,2
2023-04-20 09:00:00,30.0,89,0.3,130,9.4,6,1003.0,2
2023-04-20 10:00:00,31.0,89,0.3,180,16.6,6,1003.0,2
2023-04-20 11:00:00,31.0,84,0.0,170,14.8,6,1004.0,2
2023-04-20 12:00:00,29.0,89,0.0,202,9.4,6,1004.0,2
2023-04-20 13:00:00,29.0,89,0.0,200,13.0,6,1005.0,2
2023-04-20 14:00:00,30.0,84,0.0,210,13.0,6,1006.0,2
2023-04-20 15:00:00,30.0,84,0.0,210,13.0,5,1007.0,2
2023-04-20 16:00:00,29.0,89,0.0,220,13.0,5,1006.0,2
2023-04-20 17:00:00,29.0,89,0.0,210,14.8,5,1006.0,2
2023-04-20 18:00:00,29.0,89,0.0,210,11.2,5,1005.0,2
2023-04-20 19:00:00,29.0,89,0.0,210,9.4,5,1005.0,2
2023-04-20 20:00:00,28.0,94,0.0,200,7.6,5,1005.0,2
2023-04-20 21:00:00,28.0,94,0.0,203,5.4,5,1005.0,2
2023-04-20 22:00:00,28.0,100,0.0,180,9.4,5,1006.0,2
2023-04-20 23:00:00,28.0,100,0.0,200,13.0,5,1007.0,2
2023-04-21 00:00:00,29.0,94,0.0,220,11.2,5,1007.0,2
2023-04-21 01:00:00,30.0,89,0.0,210,13.0,5,1008.0,2
2023-04-21 02:00:00,32.0,80,0.0,220,9.4,5,1009.0,2
2023-04-21 03:00:00,33.0,75,0.0,210,11.2,5,1008.0,2
2023-04-21 04:00:00,34.0,67,0.0,210,11.2,5,1008.0,2
2023-04-21 05:00:00,35.0,67,0.0,230,9.4,5,1007.0,2
2023-04-21 06:00:00,35.0,60,0.0,230,11.2,5,1006.0,2
2023-04-21 07:00:00,36.0,56,1.0,240,11.2,6,1004.0,2
2023-04-21 08:00:00,36.0,50,0.2,270,13.0,6,1004.0,2
2023-04-21 09:00:00,31.0,89,0.5,150,20.5,6,1003.0,2
2023-04-21 10:00:00,33.0,75,0.0,170,14.8,6,1003.0,2
2023-04-21 11:00:00,32.0,80,0.0,140,14.8,6,1004.0,2
2023-04-21 12:00:00,31.0,84,0.0,180,18.4,6,1004.0,2
2023-04-21 13:00:00,31.0,89,0.0,170,14.8,6,1005.0,2
2023-04-21 14:00:00,30.0,89,0.0,190,16.6,5,1005.0,2
2023-04-21 15:00:00,30.0,89,0.0,210,20.5,5,1007.0,2
2023-04-21 16:00:00,30.0,89,0.0,210,16.6,5,1007.0,2
2023-04-21 17:00:00,30.0,89,0.0,200,13.0,5,1007.0,2
2023-04-21 18:00:00,29.0,94,0.0,210,14.8,5,1007.0,2
2023-04-21 19:00:00,29.0,94,0.0,220,9.4,5,1007.0,2
2023-04-21 20:00:00,29.0,94,0.0,210,9.4,5,1006.0,2
2023-04-21 21:00:00,29.0,94,0.0,190,7.6,5,1006.0,2
2023-04-21 22:00:00,29.0,94,0.0,190,7.6,5,1007.0,2
2023-04-21 23:00:00,29.0,94,0.0,210,13.0,5,1008.0,2
2023-04-22 00:00:00,30.0,89,0.0,200,11.2,5,1008.0,2
2023-04-22 01:00:00,31.0,84,0.1,210,11.2,5,1009.0,2
2023-04-22 02:00:00,32.0,80,0.0,210,13.0,5,1009.0,2
2023-04-22 03:00:00,33.0,71,0.0,200,13.0,5,1008.0,2
2023-04-22 04:00:00,33.0,67,0.0,200,11.2,5,1008.0,2
2023-04-22 05:00:00,35.0,60,0.0,150,7.6,5,1007.0,2
2023-04-22 06:00:00,36.0,53,0.0,170,7.6,5,1006.0,2
2023-04-22 07:00:00,36.0,50,0.0,230,9.4,5,1005.0,2
2023-04-22 08:00:00,36.0,53,0.0,66,11.2,5,1004.0,2
2023-04-22 09:00:00,35.0,56,0.0,200,18.4,5,1004.0,2
2023-04-22 10:00:00,34.0,63,0.0,180,20.5,5,1004.0,2
2023-04-22 11:00:00,32.0,75,0.0,180,18.4,5,1005.0,2
2023-04-22 12:00:00,31.0,79,0.0,150,16.6,5,1005.0,2
2023-04-22 13:00:00,30.0,89,0.0,160,14.8,5,1006.0,2
2023-04-22 14:00:00,30.0,89,0.0,180,14.8,5,1007.0,2
2023-04-22 15:00:00,30.0,89,0.0,180,13.0,5,1008.0,2
2023-04-22 16:00:00,30.0,89,0.0,180,11.2,5,1009.0,2
2023-04-22 17:00:00,29.0,94,0.0,180,13.0,5,1008.0,2
2023-04-22 18:00:00,29.0,89,0.0,160,13.0,4,1008.0,2
2023-04-22 19:00:00,29.0,89,0.0,160,9.4,4,1008.0,2
2023-04-22 20:00:00,29.0,89,0.0,160,9.4,4,1007.0,2
2023-04-22 21:00:00,29.0,89,0.0,140,5.4,4,1008.0,2
2023-04-22 22:00:00,28.0,94,0.0,130,7.6,4,1008.0,2
2023-04-22 23:00:00,28.0,94,0.0,150,11.2,4,1009.0,2
2023-04-23 00:00:00,30.0,84,0.0,150,9.4,4,1010.0,2
2023-04-23 01:00:00,30.0,84,0.0,140,14.8,4,1011.0,2
2023-04-23 02:00:00,31.0,75,0.0,130,13.0,4,1011.0,2
2023-04-23 03:00:00,33.0,63,0.0,140,14.8,4,1011.0,2
2023-04-23 04:00:00,34.0,56,0.0,150,11.2,5,1010.0,2
2023-04-23 05:00:00,34.0,53,0.0,170,16.6,5,1010.0,2
2023-04-23 06:00:00,36.0,42,0.0,170,14.8,5,1009.0,2
2023-04-23 07:00:00,36.0,44,0.0,140,13.0,5,1008.0,2
2023-04-23 08:00:00,36.0,44,0.0,180,16.6,5,1007.0,2
2023-04-23 09:00:00,35.0,50,0.0,200,18.4,5,1007.0,2
2023-04-23 10:00:00,34.0,56,0.0,180,14.8,5,1006.0,2
2023-04-23 11:00:00,31.0,70,0.0,180,14.8,5,1006.0,2
2023-04-23 12:00:00,30.0,75,0.0,180,14.8,4,1007.0,2
2023-04-23 13:00:00,30.0,79,0.0,170,11.2,4,1008.0,2
2023-04-23 14:00:00,30.0,84,0.0,150,13.0,4,1008.0,2
2023-04-23 15:00:00,29.0,89,0.0,150,13.0,4,1009.0,2
2023-04-23 16:00:00,29.0,89,0.0,140,13.0,4,1010.0,2
2023-04-23 17:00:00,29.0,89,0.0,150,11.2,4,1010.0,2
2023-04-23 18:00:00,29.0,89,0.0,130,11.2,4,1009.0,2
2023-04-23 19:00:00,29.0,84,0.0,140,11.2,4,1009.0,2
2023-04-23 20:00:00,28.0,89,0.0,130,11.2,4,1009.0,2
2023-04-23 21:00:00,28.0,89,0.0,130,7.6,4,1009.0,2
2023-04-23 22:00:00,27.0,94,0.0,60,5.4,3,1010.0,2
2023-04-23 23:00:00,28.0,89,0.0,100,5.4,4,1010.0,2
2023-04-24 00:00:00,29.0,84,0.0,120,7.6,4,1011.0,2
2023-04-24 01:00:00,30.0,79,0.0,140,11.2,4,1012.0,2
2023-04-24 02:00:00,32.0,67,0.0,150,7.6,4,1012.0,2
2023-04-24 03:00:00,33.0,63,0.0,70,14.8,4,1012.0,2
2023-04-24 04:00:00,35.0,56,0.0,120,13.0,4,1011.0,2
2023-04-24 05:00:00,35.0,56,0.0,90,9.4,5,1010.0,2
2023-04-24 06:00:00,36.0,50,0.0,61,5.4,5,1009.0,2
2023-04-24 07:00:00,37.0,45,0.0,320,9.4,5,1008.0,2
2023-04-24 08:00:00,37.0,42,0.0,350,13.0,5,1007.0,2
2023-04-24 09:00:00,34.0,63,0.2,190,20.5,5,1007.0,2
2023-04-24 10:00:00,33.0,67,0.6,170,16.6,5,1007.0,2
2023-04-24 11:00:00,28.0,89,0.0,130,14.8,5,1008.0,2
2023-04-24 12:00:00,29.0,84,0.0,73,1.8,4,1008.0,2
2023-04-24 13:00:00,30.0,79,0.0,74,3.6,4,1009.0,2
2023-04-24 14:00:00,30.0,79,0.0,150,11.2,4,1009.0,2
2023-04-24 15:00:00,30.0,79,0.0,91,5.4,4,1010.0,2
2023-04-24 16:00:00,30.0,79,0.0,160,7.6,4,1010.0,2
2023-04-24 17:00:00,29.0,84,0.0,170,9.4,4,1010.0,2
2023-04-24 18:00:00,29.0,84,0.0,150,11.2,4,1009.0,2
2023-04-24 19:00:00,29.0,84,0.0,140,9.4,4,1009.0,2
2023-04-24 20:00:00,28.0,89,0.0,130,11.2,4,1008.0,2
2023-04-24 21:00:00,28.0,89,0.0,130,11.2,4,1008.0,2
2023-04-24 22:00:00,28.0,89,0.0,130,13.0,4,1009.0,2
2023-04-24 23:00:00,28.0,89,0.0,120,16.6,4,1009.0,2
2023-04-25 00:00:00,29.0,84,0.0,120,14.8,4,1009.0,2
2023-04-25 01:00:00,30.0,79,0.0,110,18.4,4,1010.0,2
2023-04-25 02:00:00,32.0,67,0.0,100,18.4,4,1010.0,2
2023-04-25 03:00:00,34.0,56,0.0,100,14.8,4,1010.0,2
2023-04-25 04:00:00,35.0,47,0.0,110,13.0,5,1009.0,2
2023-04-25 05:00:00,36.0,44,0.0,70,11.2,5,1008.0,2
2023-04-25 06:00:00,36.0,42,0.0,66,5.4,5,1007.0,2
2023-04-25 07:00:00,37.0,35,0.0,65,5.4,5,1006.0,2
2023-04-25 08:00:00,36.0,50,0.0,180,14.8,5,1005.0,2
2023-04-25 09:00:00,34.0,60,0.0,150,18.4,5,1005.0,2
2023-04-25 10:00:00,33.0,63,0.1,170,18.4,5,1005.0,2
2023-04-25 11:00:00,31.0,75,0.0,160,18.4,5,1005.0,2
2023-04-25 12:00:00,31.0,75,0.0,150,16.6,5,1006.0,2
2023-04-25 13:00:00,30.0,75,0.0,150,14.8,5,1007.0,2
2023-04-25 14:00:00,30.0,75,0.0,150,16.6,5,1008.0,2
2023-04-25 15:00:00,30.0,75,0.0,140,16.6,5,1008.0,2
2023-04-25 16:00:00,29.0,79,0.0,150,14.8,5,1009.0,2
2023-04-25 17:00:00,29.0,79,0.0,150,14.8,5,1009.0,2
2023-04-25 18:00:00,29.0,79,0.0,140,16.6,5,1008.0,2
2023-04-25 19:00:00,29.0,79,0.0,150,13.0,5,1008.0,2
2023-04-25 20:00:00,29.0,79,0.0,130,9.4,5,1007.0,2
2023-04-25 21:00:00,29.0,79,0.0,130,13.0,5,1008.0,2
2023-04-25 22:00:00,28.0,84,0.0,100,9.4,5,1008.0,2
2023-04-25 23:00:00,28.0,84,0.0,80,7.6,5,1009.0,2
2023-04-26 00:00:00,29.0,79,0.0,80,7.6,5,1010.0,2
2023-04-26 01:00:00,30.0,75,0.0,102,5.4,5,1011.0,2
2023-04-26 02:00:00,31.0,70,0.0,70,7.6,5,1011.0,2
2023-04-26 03:00:00,32.0,63,0.0,85,5.4,6,1010.0,2
2023-04-26 04:00:00,33.0,56,0.0,76,5.4,6,1009.0,2
2023-04-26 05:00:00,33.0,56,0.0,69,1.8,6,1009.0,2
2023-04-26 06:00:00,34.0,56,0.0,280,7.6,6,1008.0,2
2023-04-26 07:00:00,35.0,56,0.0,70,3.6,6,1006.0,2
2023-04-26 08:00:00,35.0,50,0.0,300,7.6,6,1006.0,2
2023-04-26 09:00:00,33.0,63,0.0,200,18.4,6,1006.0,2
2023-04-26 10:00:00,32.0,67,0.0,180,18.4,6,1006.0,2
2023-04-26 11:00:00,32.0,67,0.0,150,13.0,6,1006.0,2
2023-04-26 12:00:00,31.0,70,0.0,130,16.6,6,1007.0,2
2023-04-26 13:00:00,30.0,75,0.0,140,14.8,6,1008.0,2
2023-04-26 14:00:00,30.0,75,0.0,140,16.6,6,1008.0,2
2023-04-26 15:00:00,30.0,79,0.0,150,13.0,5,1009.0,2
2023-04-26 16:00:00,30.0,79,0.0,150,11.2,5,1010.0,2
2023-04-26 17:00:00,30.0,79,0.0,130,9.4,5,1009.0,2
2023-04-26 18:00:00,29.0,84,0.0,140,9.4,5,1009.0,2
2023-04-26 19:00:00,29.0,84,0.0,140,9.4,5,1008.0,2
2023-04-26 20:00:00,29.0,79,0.0,110,9.4,5,1007.0,2
2023-04-26 21:00:00,28.0,84,0.0,100,9.4,5,1008.0,2
2023-04-26 22:00:00,28.0,84,0.0,265,5.4,5,1008.0,2
2023-04-26 23:00:00,28.0,84,0.0,262,5.4,5,1009.0,2
2023-04-27 00:00:00,29.0,84,0.0,40,9.4,5,1010.0,2
2023-04-27 01:00:00,30.0,75,0.0,70,9.4,5,1010.0,2
2023-04-27 02:00:00,32.0,67,0.0,81,5.4,5,1011.0,2
2023-04-27 03:00:00,33.0,63,0.0,60,7.6,5,1011.0,2
2023-04-27 04:00:00,34.0,60,0.0,77,5.4,5,1010.0,2
2023-04-27 05:00:00,35.0,47,0.0,72,3.6,6,1009.0,2
2023-04-27 06:00:00,36.0,42,0.0,67,5.4,6,1008.0,2
2023-04-27 07:00:00,35.0,50,0.1,190,13.0,6,1007.0,2
2023-04-27 08:00:00,35.0,53,0.9,180,18.4,6,1006.0,2
2023-04-27 09:00:00,33.0,59,0.5,150,22.3,6,1006.0,2
2023-04-27 10:00:00,34.0,60,0.0,170,16.6,6,1006.0,2
2023-04-27 11:00:00,33.0,63,0.0,140,14.8,6,1007.0,2
2023-04-27 12:00:00,31.0,66,0.0,140,22.3,6,1008.0,2
2023-04-27 13:00:00,31.0,70,0.0,140,18.4,6,1008.0,2
2023-04-27 14:00:00,30.0,75,0.0,130,18.4,5,1009.0,2
2023-04-27 15:00:00,30.0,75,0.0,130,16.6,5,1010.0,2
2023-04-27 16:00:00,30.0,75,0.0,140,14.8,5,1010.0,2
2023-04-27 17:00:00,29.0,79,0.0,140,14.8,5,1009.0,2
2023-04-27 18:00:00,29.0,79,0.0,140,16.6,5,1009.0,2
2023-04-27 19:00:00,29.0,79,0.0,140,13.0,5,1008.0,2
2023-04-27 20:00:00,29.0,79,0.0,130,13.0,5,1008.0,2
2023-04-27 21:00:00,29.0,79,0.0,110,13.0,5,1008.0,2
2023-04-27 22:00:00,28.0,84,0.0,140,14.8,5,1009.0,2
2023-04-27 23:00:00,28.0,84,0.0,120,9.4,5,1010.0,2
2023-04-28 00:00:00,29.0,84,0.0,110,9.4,5,1010.0,2
2023-04-28 01:00:00,30.0,75,0.0,90,9.4,5,1011.0,2
2023-04-28 02:00:00,33.0,59,0.0,90,14.8,5,1011.0,2
2023-04-28 03:00:00,33.0,56,0.0,100,14.8,5,1011.0,2
2023-04-28 04:00:00,35.0,53,0.0,60,13.0,6,1010.0,2
2023-04-28 05:00:00,36.0,44,0.0,120,13.0,6,1009.0,2
2023-04-28 06:00:00,36.0,44,0.0,40,9.4,6,1008.0,2
2023-04-28 07:00:00,36.0,53,0.0,66,5.4,6,1007.0,2
2023-04-28 08:00:00,35.0,53,0.0,190,14.8,6,1006.0,2
2023-04-28 09:00:00,34.0,56,0.1,180,22.3,6,1005.0,2
2023-04-28 10:00:00,29.0,79,0.0,340,14.8,6,1006.0,2
2023-04-28 11:00:00,31.0,75,0.0,140,9.4,6,1007.0,2
2023-04-28 12:00:00,31.0,75,0.0,160,13.0,6,1008.0,2
2023-04-28 13:00:00,31.0,70,0.0,130,22.3,6,1008.0,2
2023-04-28 14:00:00,30.0,79,0.0,130,22.3,6,1009.0,2
2023-04-28 15:00:00,30.0,79,0.0,140,20.5,6,1009.0,2
2023-04-28 16:00:00,30.0,79,0.0,150,14.8,6,1009.0,2
2023-04-28 17:00:00,30.0,79,0.0,150,13.0,6,1008.0,2
2023-04-28 18:00:00,29.0,84,0.0,150,13.0,6,1008.0,2
2023-04-28 19:00:00,29.0,84,0.0,140,11.2,5,1008.0,2
2023-04-28 20:00:00,29.0,84,0.0,130,13.0,5,1008.0,2
2023-04-28 21:00:00,29.0,79,0.0,130,11.2,5,1007.0,2
2023-04-28 22:00:00,29.0,79,0.0,130,11.2,5,1008.0,2
2023-04-28 23:00:00,29.0,84,0.0,130,7.6,6,1009.0,2
2023-04-29 00:00:00,29.0,84,0.0,140,13.0,6,1009.0,2
2023-04-29 01:00:00,31.0,75,0.0,140,14.8,6,1010.0,2
2023-04-29 02:00:00,32.0,67,0.0,130,16.6,6,1010.0,2
2023-04-29 03:00:00,32.0,67,0.0,90,16.6,6,1010.0,2
2023-04-29 04:00:00,34.0,56,0.0,80,13.0,6,1009.0,2
2023-04-29 05:00:00,35.0,50,0.2,100,9.4,6,1009.0,2
2023-04-29 06:00:00,35.0,50,0.0,120,9.4,6,1007.0,2
2023-04-29 07:00:00,34.0,60,0.0,210,18.4,6,1006.0,2
2023-04-29 08:00:00,34.0,60,0.0,200,16.6,6,1006.0,2
2023-04-29 09:00:00,34.0,56,0.2,190,16.6,6,1006.0,2
2023-04-29 10:00:00,32.0,63,0.1,160,16.6,6,1006.0,2
2023-04-29 11:00:00,31.0,70,0.0,160,16.6,6,1007.0,2
2023-04-29 12:00:00,31.0,70,0.0,170,13.0,6,1007.0,2
2023-04-29 13:00:00,30.0,79,0.0,150,13.0,6,1008.0,2
2023-04-29 14:00:00,30.0,79,0.0,130,14.8,6,1008.0,2
2023-04-29 15:00:00,29.0,84,0.0,140,13.0,6,1009.0,2
2023-04-29 16:00:00,29.0,89,0.0,140,14.8,5,1009.0,2
2023-04-29 17:00:00,29.0,89,0.0,130,13.0,5,1008.0,2
2023-04-29 18:00:00,29.0,89,0.0,130,11.2,5,1008.0,2
2023-04-29 19:00:00,29.0,89,0.0,140,11.2,5,1008.0,2
2023-04-29 20:00:00,29.0,84,0.0,194,5.4,5,1007.0,2
2023-04-29 21:00:00,29.0,89,0.0,140,9.4,5,1007.0,2
2023-04-29 22:00:00,29.0,89,0.0,140,9.4,5,1008.0,2
2023-04-29 23:00:00,29.0,84,0.0,120,14.8,5,1008.0,2
2023-04-30 00:00:00,29.0,89,0.0,110,16.6,5,1009.0,2
2023-04-30 01:00:00,30.0,79,0.0,100,14.8,6,1009.0,2
2023-04-30 02:00:00,32.0,75,0.0,100,13.0,6,1010.0,2
2023-04-30 03:00:00,33.0,67,0.0,100,11.2,6,1010.0,2
2023-04-30 04:00:00,33.0,59,0.0,110,14.8,6,1010.0,2
2023-04-30 05:00:00,35.0,56,0.0,60,11.2,6,1008.0,2
2023-04-30 06:00:00,35.0,53,0.0,110,5.4,6,1007.0,2
2023-04-30 07:00:00,36.0,50,0.0,20,9.4,6,1006.0,2
2023-04-30 08:00:00,35.0,56,1.3,61,7.6,6,1006.0,2
2023-04-30 09:00:00,32.0,67,0.5,140,18.4,6,1005.0,2
2023-04-30 10:00:00,31.0,70,1.8,77,3.6,6,1006.0,2
2023-04-30 11:00:00,32.0,67,0.0,140,11.2,6,1007.0,2
2023-04-30 12:00:00,31.0,70,0.7,130,14.8,6,1008.0,2
2023-04-30 13:00:00,27.0,89,0.0,40,13.0,6,1009.0,2
2023-04-30 14:00:00,28.0,84,0.0,90,7.6,6,1010.0,2
2023-04-30 15:00:00,29.0,74,0.0,120,7.6,6,1010.0,2
2023-04-30 16:00:00,29.0,79,0.0,140,11.2,6,1009.0,2
2023-04-30 17:00:00,29.0,84,0.0,120,11.2,6,1009.0,2
2023-04-30 18:00:00,29.0,84,0.0,130,11.2,6,1008.0,2
2023-04-30 19:00:00,28.0,89,0.0,130,9.4,5,1007.0,2
2023-04-30 20:00:00,28.0,89,0.0,80,7.6,5,1007.0,2
2023-04-30 21:00:00,26.0,94,0.0,30,7.6,5,1007.0,2
2023-04-30 22:00:00,26.0,94,0.0,40,9.4,5,1008.0,2
2023-04-30 23:00:00,26.0,89,0.0,262,5.4,6,1009.0,2
2023-05-01 00:00:00,28.0,84,0.0,80,7.6,6,1009.0,2
2023-05-01 01:00:00,30.0,75,0.0,100,9.4,5,1010.0,2
2023-05-01 02:00:00,32.0,71,0.0,100,11.2,5,1010.0,2
2023-05-01 03:00:00,33.0,59,0.0,10,9.4,6,1010.0,2
2023-05-01 04:00:00,34.0,56,0.0,20,7.6,6,1010.0,2
2023-05-01 05:00:00,34.0,53,0.0,71,5.4,6,1009.0,2
2023-05-01 06:00:00,36.0,42,0.0,40,9.4,6,1008.0,2
2023-05-01 07:00:00,36.0,42,0.0,140,7.6,6,1007.0,2
2023-05-01 08:00:00,36.0,47,0.0,180,13.0,6,1006.0,2
2023-05-01 09:00:00,35.0,50,0.0,200,13.0,6,1006.0,2
2023-05-01 10:00:00,34.0,56,0.0,170,16.6,6,1006.0,2
2023-05-01 11:00:00,32.0,63,0.0,180,14.8,5,1006.0,2
2023-05-01 12:00:00,32.0,63,0.0,150,14.8,5,1007.0,2
2023-05-01 13:00:00,30.0,70,0.0,130,20.5,5,1008.0,2
2023-05-01 14:00:00,30.0,75,0.0,130,16.6,5,1009.0,2
2023-05-01 15:00:00,30.0,75,0.0,130,20.5,5,1010.0,2
2023-05-01 16:00:00,29.0,79,0.0,130,20.5,5,1009.0,2
2023-05-01 17:00:00,30.0,70,0.0,130,20.5,5,1009.0,2
2023-05-01 18:00:00,29.0,79,0.0,130,11.2,5,1008.0,2
2023-05-01 19:00:00,29.0,79,0.0,130,11.2,5,1008.0,2
2023-05-01 20:00:00,29.0,79,0.0,140,13.0,5,1007.0,2
2023-05-01 21:00:00,29.0,79,0.0,120,11.2,4,1008.0,2
2023-05-01 22:00:00,28.0,84,0.0,100,9.4,5,1008.0,2
2023-05-01 23:00:00,29.0,79,0.0,110,9.4,5,1009.0,2
2023-05-02 00:00:00,29.0,79,0.0,120,9.4,5,1010.0,2
2023-05-02 01:00:00,31.0,70,0.0,80,9.4,5,1011.0,2
2023-05-02 02:00:00,33.0,56,0.0,80,9.4,5,1011.0,2
2023-05-02 03:00:00,34.0,50,0.0,87,7.6,5,1011.0,2
2023-05-02 04:00:00,35.0,47,0.0,110,11.2,5,1011.0,2
2023-05-02 05:00:00,36.0,44,0.0,75,7.6,6,1010.0,2
2023-05-02 06:00:00,37.0,40,0.0,69,7.6,6,1008.0,2
2023-05-02 07:00:00,36.0,42,0.0,68,9.4,6,1007.0,2
2023-05-02 08:00:00,36.0,47,0.0,150,13.0,6,1006.0,2
2023-05-02 09:00:00,34.0,53,0.8,150,16.6,6,1006.0,2
2023-05-02 10:00:00,33.0,56,0.0,160,14.8,6,1006.0,2
2023-05-02 11:00:00,33.0,56,0.0,130,22.3,5,1007.0,2
2023-05-02 12:00:00,32.0,56,0.0,130,22.3,5,1007.0,2
2023-05-02 13:00:00,31.0,62,0.0,140,16.6,5,1008.0,2
2023-05-02 14:00:00,31.0,66,0.0,130,22.3,5,1009.0,2
2023-05-02 15:00:00,31.0,66,0.0,140,16.6,5,1010.0,2
2023-05-02 16:00:00,31.0,70,0.0,140,16.6,5,1010.0,2
2023-05-02 17:00:00,30.0,75,0.0,140,20.5,5,1010.0,2
2023-05-02 18:00:00,30.0,75,0.0,140,18.4,5,1010.0,2
2023-05-02 19:00:00,30.0,75,0.0,140,16.6,5,1009.0,2
2023-05-02 20:00:00,29.0,79,0.0,130,18.4,5,1009.0,2
2023-05-02 21:00:00,29.0,79,0.0,140,13.0,4,1009.0,2
2023-05-02 22:00:00,29.0,79,0.0,130,11.2,5,1009.0,2
2023-05-02 23:00:00,29.0,79,0.0,120,13.0,5,1010.0,2
2023-05-03 00:00:00,31.0,70,0.0,110,11.2,5,1011.0,2
2023-05-03 01:00:00,32.0,63,0.0,100,16.6,5,1012.0,2
2023-05-03 02:00:00,33.0,59,0.0,90,20.5,5,1012.0,2
2023-05-03 03:00:00,33.0,56,0.0,130,16.6,5,1012.0,2
2023-05-03 04:00:00,35.0,47,0.0,90,16.6,6,1012.0,2
2023-05-03 05:00:00,35.0,47,0.0,80,11.2,6,1010.0,2
2023-05-03 06:00:00,37.0,42,0.0,66,7.6,6,1009.0,2
2023-05-03 07:00:00,36.0,47,0.0,160,13.0,6,1008.0,2
2023-05-03 08:00:00,36.0,47,0.1,190,14.8,6,1007.0,2
2023-05-03 09:00:00,36.0,47,0.1,180,14.8,6,1006.0,2
2023-05-03 10:00:00,34.0,50,0.2,170,20.5,6,1007.0,2
2023-05-03 11:00:00,32.0,67,0.5,170,14.8,6,1007.0,2
2023-05-03 12:00:00,31.0,70,0.0,160,11.2,6,1008.0,2
2023-05-03 13:00:00,31.0,62,0.0,140,18.4,6,1008.0,2
2023-05-03 14:00:00,31.0,70,0.0,140,16.6,6,1009.0,2
2023-05-03 15:00:00,30.0,75,0.0,150,14.8,6,1010.0,2
2023-05-03 16:00:00,30.0,79,0.0,150,18.4,6,1010.0,2
2023-05-03 17:00:00,30.0,79,0.0,150,14.8,5,1009.0,2
2023-05-03 18:00:00,30.0,79,0.0,150,14.8,5,1009.0,2
2023-05-03 19:00:00,30.0,79,0.0,160,13.0,5,1008.0,2
2023-05-03 20:00:00,29.0,84,0.0,150,14.8,5,1008.0,2
2023-05-03 21:00:00,29.0,84,0.0,150,16.6,5,1008.0,2
2023-05-03 22:00:00,29.0,84,0.0,140,14.8,5,1008.0,2
2023-05-03 23:00:00,29.0,84,0.0,130,14.8,5,1009.0,2
2023-05-04 00:00:00,30.0,79,0.0,140,14.8,5,1010.0,2
2023-05-04 01:00:00,31.0,75,0.0,130,14.8,5,1010.0,2
2023-05-04 02:00:00,32.0,67,0.0,150,14.8,5,1011.0,2
2023-05-04 03:00:00,34.0,60,0.0,150,11.2,5,1010.0,2
2023-05-04 04:00:00,35.0,50,0.0,83,13.0,5,1010.0,2
2023-05-04 05:00:00,35.0,47,0.0,160,7.6,6,1009.0,2
2023-05-04 06:00:00,36.0,44,0.0,230,11.2,6,1008.0,2
2023-05-04 07:00:00,35.0,53,0.0,160,11.2,6,1006.0,2
2023-05-04 08:00:00,35.0,53,0.2,200,22.3,6,1005.0,2
2023-05-04 09:00:00,35.0,50,0.0,180,16.6,6,1005.0,2
2023-05-04 10:00:00,33.0,56,0.0,180,18.4,6,1005.0,2
2023-05-04 11:00:00,31.0,70,0.0,180,16.6,6,1006.0,2
2023-05-04 12:00:00,31.0,70,0.0,170,13.0,6,1006.0,2
2023-05-04 13:00:00,30.0,79,0.0,180,13.0,6,1006.0,2
2023-05-04 14:00:00,30.0,79,0.0,150,13.0,6,1007.0,2
2023-05-04 15:00:00,29.0,89,0.0,160,13.0,6,1007.0,2
2023-05-04 16:00:00,29.0,89,0.0,170,11.2,5,1007.0,2
2023-05-04 17:00:00,29.0,89,0.0,190,13.0,5,1007.0,2
2023-05-04 18:00:00,29.0,89,0.0,190,11.2,5,1007.0,2
2023-05-04 19:00:00,29.0,89,0.0,180,13.0,5,1006.0,2
2023-05-04 20:00:00,29.0,89,0.0,190,13.0,5,1006.0,2
2023-05-04 21:00:00,28.0,94,0.2,180,9.4,5,1006.0,2
2023-05-04 22:00:00,28.0,94,0.0,220,11.2,5,1007.0,2
2023-05-04 23:00:00,29.0,89,0.0,210,7.6,5,1007.0,2
2023-05-05 00:00:00,29.0,84,0.0,190,7.6,6,1008.0,2
2023-05-05 01:00:00,31.0,75,0.0,205,5.4,5,1008.0,2
2023-05-05 02:00:00,32.0,71,0.0,187,3.6,5,1008.0,2
2023-05-05 03:00:00,33.0,63,0.0,173,3.6,5,1008.0,2
2023-05-05 04:00:00,34.0,56,0.0,202,3.6,6,1008.0,2
2023-05-05 05:00:00,35.0,56,0.0,250,7.6,6,1007.0,2
2023-05-05 06:00:00,35.0,56,0.0,251,7.6,6,1005.0,2
2023-05-05 07:00:00,35.0,56,0.0,250,7.6,6,1004.0,2
2023-05-05 08:00:00,34.0,60,0.0,180,13.0,6,1003.0,2
2023-05-05 09:00:00,34.0,63,0.0,200,16.6,6,1002.0,2
2023-05-05 10:00:00,34.0,63,0.2,190,16.6,6,1002.0,2
2023-05-05 11:00:00,33.0,67,0.0,190,13.0,6,1003.0,2
2023-05-05 12:00:00,32.0,80,0.0,190,14.8,6,1004.0,2
2023-05-05 13:00:00,31.0,75,0.0,210,11.2,6,1004.0,2
2023-05-05 14:00:00,31.0,79,0.0,210,14.8,5,1005.0,2
2023-05-05 15:00:00,30.0,84,0.0,210,16.6,5,1006.0,2
2023-05-05 16:00:00,30.0,84,0.0,210,13.0,5,1006.0,2
2023-05-05 17:00:00,29.0,89,0.0,210,13.0,5,1006.0,2
2023-05-05 18:00:00,29.0,89,0.0,210,13.0,5,1005.0,2
2023-05-05 19:00:00,29.0,89,0.0,210,9.4,5,1005.0,2
2023-05-05 20:00:00,29.0,89,0.0,210,9.4,5,1005.0,2
2023-05-05 21:00:00,29.0,89,0.0,210,11.2,5,1004.0,2
2023-05-05 22:00:00,29.0,89,0.0,220,14.8,5,1005.0,2
2023-05-05 23:00:00,29.0,89,0.0,220,9.4,5,1005.0,2
2023-05-06 00:00:00,30.0,89,0.0,230,9.4,5,1006.0,2
2023-05-06 01:00:00,31.0,84,0.0,260,9.4,5,1007.0,2
2023-05-06 02:00:00,32.0,80,0.0,250,9.4,5,1007.0,2
2023-05-06 03:00:00,34.0,63,0.0,240,11.2,5,1007.0,2
2023-05-06 04:00:00,36.0,47,0.0,270,11.2,5,1006.0,2
2023-05-06 05:00:00,36.0,47,0.0,290,9.4,6,1005.0,2
2023-05-06 06:00:00,36.0,47,0.0,230,9.4,6,1004.0,2
2023-05-06 07:00:00,38.0,42,0.0,240,16.6,6,1003.0,2
2023-05-06 08:00:00,38.0,40,0.0,250,11.2,6,1002.0,2
2023-05-06 09:00:00,38.0,40,0.0,250,11.2,6,1001.0,2
2023-05-06 10:00:00,37.0,45,0.0,260,13.0,6,1001.0,2
2023-05-06 11:00:00,33.0,80,0.0,190,20.5,6,1002.0,2
2023-05-06 12:00:00,32.0,84,0.0,180,14.8,6,1002.0,2
2023-05-06 13:00:00,32.0,80,0.0,180,14.8,6,1003.0,2
2023-05-06 14:00:00,32.0,80,0.0,200,14.8,6,1004.0,2
2023-05-06 15:00:00,31.0,79,0.0,210,13.0,5,1005.0,2
2023-05-06 16:00:00,30.0,84,0.0,210,14.8,6,1005.0,2
2023-05-06 17:00:00,30.0,84,0.0,220,18.4,5,1005.0,2
2023-05-06 18:00:00,30.0,84,0.0,210,16.6,5,1005.0,2
2023-05-06 19:00:00,30.0,89,0.0,220,14.8,5,1004.0,2
2023-05-06 20:00:00,29.0,94,0.0,230,16.6,5,1004.0,2
2023-05-06 21:00:00,29.0,94,0.0,210,14.8,5,1004.0,2
2023-05-06 22:00:00,29.0,94,0.0,220,13.0,5,1005.0,2
2023-05-06 23:00:00,29.0,94,0.0,240,14.8,6,1005.0,2
2023-05-07 00:00:00,29.0,94,0.0,220,13.0,6,1006.0,2
2023-05-07 01:00:00,30.0,89,0.0,170,7.6,6,1008.0,2
2023-05-07 02:00:00,31.0,84,0.0,260,14.8,6,1007.0,2
2023-05-07 03:00:00,32.0,80,0.0,240,16.6,6,1007.0,2
2023-05-07 04:00:00,33.0,71,0.0,260,11.2,6,1006.0,2
2023-05-07 05:00:00,33.0,71,0.0,240,13.0,6,1006.0,2
2023-05-07 06:00:00,35.0,63,0.0,260,14.8,6,1005.0,2
2023-05-07 07:00:00,35.0,60,0.0,240,13.0,6,1004.0,2
2023-05-07 08:00:00,36.0,53,0.0,240,13.0,6,1003.0,2
2023-05-07 09:00:00,35.0,60,0.2,240,16.6,6,1003.0,2
2023-05-07 10:00:00,35.0,56,0.0,240,14.8,6,1003.0,2
2023-05-07 11:00:00,34.0,60,0.0,230,13.0,6,1003.0,2
2023-05-07 12:00:00,32.0,84,0.0,180,16.6,6,1004.0,2
2023-05-07 13:00:00,31.0,89,0.0,150,13.0,6,1005.0,2
2023-05-07 14:00:00,32.0,75,0.0,190,13.0,6,1005.0,2
2023-05-07 15:00:00,31.0,79,0.0,210,18.4,6,1006.0,2
2023-05-07 16:00:00,30.0,84,0.0,200,14.8,6,1006.0,2
2023-05-07 17:00:00,30.0,89,0.0,220,13.0,6,1005.0,2
2023-05-07 18:00:00,30.0,89,0.0,230,13.0,6,1005.0,2
2023-05-07 19:00:00,29.0,94,0.0,230,13.0,5,1004.0,2
2023-05-07 20:00:00,29.0,94,0.0,210,11.2,5,1004.0,2
2023-05-07 21:00:00,29.0,94,0.0,200,11.2,5,1004.0,2
2023-05-07 22:00:00,29.0,94,0.0,220,11.2,5,1005.0,2
2023-05-07 23:00:00,29.0,94,0.0,200,11.2,6,1006.0,2
2023-05-08 00:00:00,29.0,94,0.0,210,13.0,6,1007.0,2
2023-05-08 01:00:00,30.0,89,0.0,210,9.4,6,1008.0,2
2023-05-08 02:00:00,31.0,79,0.0,230,9.4,6,1009.0,2
2023-05-08 03:00:00,31.0,84,0.0,250,9.4,6,1009.0,2
2023-05-08 04:00:00,32.0,80,0.0,260,13.0,6,1008.0,2
2023-05-08 05:00:00,33.0,56,0.0,260,18.4,6,1007.0,18
2023-05-08 06:00:00,35.0,63,0.0,250,16.6,7,1006.0,18
2023-05-08 07:00:00,35.0,53,0.3,260,14.8,7,1006.0,25
2023-05-08 08:00:00,33.0,59,0.5,270,18.4,7,1005.0,25
2023-05-08 09:00:00,31.0,70,0.0,360,16.6,7,1006.0,25
2023-05-08 10:00:00,25.0,94,0.1,120,20.5,7,1007.0,25
2023-05-08 11:00:00,26.0,94,0.1,70,13.0,7,1006.0,25
2023-05-08 12:00:00,26.0,94,0.0,178,5.4,7,1007.0,7
2023-05-08 13:00:00,27.0,89,0.0,194,5.4,7,1008.0,7
2023-05-08 14:00:00,26.0,94,0.0,209,5.4,7,1009.0,3
2023-05-08 15:00:00,27.0,89,0.0,222,5.4,7,1009.0,3
2023-05-08 16:00:00,27.0,89,0.0,70,7.6,7,1009.0,3
2023-05-08 17:00:00,26.0,100,0.0,234,1.8,7,1008.0,2
2023-05-08 18:00:00,26.0,100,0.0,260,9.4,7,1007.0,2
2023-05-08 19:00:00,27.0,89,0.0,210,7.6,7,1007.0,2
2023-05-08 20:00:00,26.0,94,0.0,280,5.4,7,1006.0,2
2023-05-08 21:00:00,26.0,100,0.0,202,1.8,7,1007.0,2
2023-05-08 22:00:00,26.0,100,0.0,232,1.8,6,1008.0,2
2023-05-08 23:00:00,26.0,100,0.0,50,3.6,7,1008.0,2
2023-05-09 00:00:00,27.0,94,0.0,198,5.4,7,1009.0,5
2023-05-09 01:00:00,29.0,84,0.0,50,9.4,6,1009.0,2
2023-05-09 02:00:00,30.0,79,0.0,197,5.4,6,1009.0,2
2023-05-09 03:00:00,31.0,75,0.0,193,9.4,6,1009.0,2
2023-05-09 04:00:00,33.0,67,0.0,204,3.6,6,1009.0,2
2023-05-09 05:00:00,33.0,67,0.2,222,5.4,7,1008.0,7
2023-05-09 06:00:00,27.0,94,0.1,310,22.3,7,1007.0,7
2023-05-09 07:00:00,26.0,100,4.3,240,16.6,7,1006.0,25
2023-05-09 08:00:00,29.0,84,5.0,267,1.8,7,1005.0,25
2023-05-09 09:00:00,29.0,84,0.5,270,9.4,7,1006.0,25
2023-05-09 10:00:00,28.0,89,6.0,260,7.6,7,1007.0,25
2023-05-09 11:00:00,27.0,94,1.3,60,7.6,7,1008.0,25
2023-05-09 12:00:00,27.0,94,0.8,91,3.6,7,1008.0,25
2023-05-09 13:00:00,27.0,94,0.2,105,3.6,7,1008.0,7
2023-05-09 14:00:00,27.0,94,0.0,161,3.6,7,1009.0,3
2023-05-09 15:00:00,27.0,94,0.0,70,7.6,7,1009.0,3
2023-05-09 16:00:00,27.0,94,0.0,90,9.4,7,1009.0,3
2023-05-09 17:00:00,27.0,94,0.0,80,7.6,7,1008.0,2
2023-05-09 18:00:00,26.0,100,0.0,60,9.4,7,1008.0,2
2023-05-09 19:00:00,26.0,100,0.0,237,1.8,7,1008.0,2
2023-05-09 20:00:00,26.0,100,0.0,40,1.8,6,1008.0,2
2023-05-09 21:00:00,26.0,100,0.0,60,7.6,6,1008.0,2
2023-05-09 22:00:00,26.0,100,0.0,70,3.6,7,1008.0,2
2023-05-09 23:00:00,26.0,100,0.0,80,3.6,7,1008.0,2
2023-05-10 00:00:00,28.0,94,0.0,50,7.6,7,1009.0,2
2023-05-10 01:00:00,30.0,84,0.2,180,3.6,6,1010.0,2
2023-05-10 02:00:00,31.0,79,0.2,210,7.6,6,1010.0,2
2023-05-10 03:00:00,32.0,71,0.1,200,9.4,6,1010.0,2
2023-05-10 04:00:00,34.0,63,0.0,152,7.6,6,1009.0,2
2023-05-10 05:00:00,34.0,63,0.0,177,5.4,6,1009.0,7
2023-05-10 06:00:00,36.0,53,0.0,170,13.0,7,1007.0,7
2023-05-10 07:00:00,35.0,53,0.3,180,18.4,7,1006.0,25
2023-05-10 08:00:00,33.0,59,2.4,180,14.8,7,1006.0,25
2023-05-10 09:00:00,32.0,71,1.0,170,9.4,7,1006.0,25
2023-05-10 10:00:00,31.0,75,0.5,150,11.2,7,1007.0,25
2023-05-10 11:00:00,31.0,75,0.0,160,13.0,7,1007.0,18
2023-05-10 12:00:00,30.0,84,0.9,170,13.0,7,1008.0,7
2023-05-10 13:00:00,30.0,84,1.1,170,11.2,7,1008.0,3
2023-05-10 14:00:00,30.0,84,0.0,140,9.4,7,1009.0,3
2023-05-10 15:00:00,30.0,84,0.0,150,11.2,7,1010.0,3
2023-05-10 16:00:00,30.0,84,0.0,150,9.4,7,1010.0,2
2023-05-10 17:00:00,29.0,89,0.0,120,9.4,7,1010.0,2
2023-05-10 18:00:00,29.0,89,0.1,130,13.0,7,1009.0,2
2023-05-10 19:00:00,29.0,89,0.3,256,5.4,7,1009.0,2
2023-05-10 20:00:00,29.0,89,0.4,223,5.4,6,1009.0,2
2023-05-10 21:00:00,29.0,89,0.1,208,5.4,6,1009.0,2
2023-05-10 22:00:00,29.0,89,0.0,120,5.4,7,1010.0,2
2023-05-10 23:00:00,29.0,89,0.0,100,3.6,7,1011.0,2
2023-05-11 00:00:00,30.0,89,0.0,240,5.4,7,1012.0,2
2023-05-11 01:00:00,28.0,94,0.0,60,16.6,7,1012.0,2
2023-05-11 02:00:00,29.0,89,0.2,129,5.4,6,1012.0,2
2023-05-11 03:00:00,31.0,79,0.0,119,3.6,6,1012.0,2
2023-05-11 04:00:00,31.0,79,0.1,240,7.6,7,1011.0,2
2023-05-11 05:00:00,33.0,71,0.2,270,7.6,7,1010.0,7
2023-05-11 06:00:00,33.0,67,0.1,250,11.2,7,1010.0,7
2023-05-11 07:00:00,33.0,67,0.0,0,0.0,7,1008.0,7
2023-05-11 08:00:00,33.0,71,1.2,97,5.4,7,1007.0,25
2023-05-11 09:00:00,33.0,71,0.6,220,11.2,7,1007.0,25
2023-05-11 10:00:00,32.0,75,0.0,190,13.0,7,1007.0,25
2023-05-11 11:00:00,31.0,79,0.0,190,16.6,7,1008.0,7
2023-05-11 12:00:00,31.0,79,0.0,140,16.6,7,1009.0,7
2023-05-11 13:00:00,30.0,84,0.0,130,11.2,7,1010.0,3
2023-05-11 14:00:00,30.0,84,0.0,90,9.0,7,1011.0,3
2023-05-11 15:00:00,29.0,84,0.0,100,9.4,7,1011.0,3
2023-05-11 16:00:00,28.0,89,0.0,60,11.2,7,1011.0,2
2023-05-11 17:00:00,28.0,94,0.0,90,11.2,7,1010.0,2
2023-05-11 18:00:00,28.0,89,0.0,90,9.4,7,1010.0,2
2023-05-11 19:00:00,28.0,89,0.0,80,7.6,7,1009.0,2
2023-05-11 20:00:00,27.0,94,0.6,100,5.4,7,1009.0,2
2023-05-11 21:00:00,27.0,100,0.0,90,5.4,6,1010.0,2
2023-05-11 22:00:00,27.0,100,0.0,80,7.6,7,1010.0,2
2023-05-11 23:00:00,28.0,94,0.0,227,5.4,7,1011.0,2
2023-05-12 00:00:00,29.0,89,0.0,140,11.2,7,1011.0,2
2023-05-12 01:00:00,30.0,84,0.0,130,9.0,7,1012.0,2
2023-05-12 02:00:00,32.0,75,0.2,120,11.2,7,1012.0,2
2023-05-12 03:00:00,33.0,71,0.3,140,13.0,7,1011.0,2
2023-05-12 04:00:00,32.0,75,0.2,150,9.4,7,1011.0,2
2023-05-12 05:00:00,32.0,71,0.2,190,13.0,7,1010.0,7
2023-05-12 06:00:00,33.0,71,1.1,200,18.4,7,1009.0,7
2023-05-12 07:00:00,34.0,63,0.1,210,16.6,7,1008.0,25
2023-05-12 08:00:00,34.0,67,0.7,180,9.4,7,1008.0,25
2023-05-12 09:00:00,31.0,75,0.4,270,27.7,7,1008.0,25
2023-05-12 10:00:00,30.0,79,0.0,240,9.4,7,1008.0,25
2023-05-12 11:00:00,29.0,84,0.3,270,11.2,7,1009.0,7
2023-05-12 12:00:00,28.0,84,0.0,250,7.6,7,1010.0,7
2023-05-12 13:00:00,28.0,89,0.0,100,3.6,7,1011.0,7
2023-05-12 14:00:00,28.0,89,0.0,106,3.6,7,1011.0,3
2023-05-12 15:00:00,28.0,89,0.0,50,9.4,7,1012.0,2
2023-05-12 16:00:00,28.0,89,0.0,60,9.4,7,1012.0,2
2023-05-12 17:00:00,27.0,100,0.0,270,5.4,6,1011.0,2
2023-05-12 18:00:00,27.0,100,0.0,80,5.4,6,1011.0,2
2023-05-12 19:00:00,28.0,94,0.4,100,7.6,6,1010.0,2
2023-05-12 20:00:00,28.0,94,0.0,60,3.6,6,1010.0,2
2023-05-12 21:00:00,27.0,100,0.0,90,7.6,6,1010.0,2
2023-05-12 22:00:00,27.0,100,0.0,90,7.6,6,1010.0,2
2023-05-12 23:00:00,27.0,100,0.0,221,1.8,6,1011.0,2
2023-05-13 00:00:00,29.0,94,0.0,227,3.6,7,1012.0,2
2023-05-13 01:00:00,30.0,84,0.0,165,5.4,6,1012.0,2
2023-05-13 02:00:00,31.0,79,0.0,135,5.4,6,1012.0,2
2023-05-13 03:00:00,33.0,71,0.0,124,3.6,6,1012.0,2
2023-05-13 04:00:00,34.0,63,0.0,124,7.6,6,1011.0,2
2023-05-13 05:00:00,28.0,89,0.0,330,17.0,6,1011.0,2
2023-05-13 06:00:00,32.0,67,1.1,350,9.4,6,1010.0,2
2023-05-13 07:00:00,35.0,63,0.0,108,1.8,6,1008.0,2
2023-05-13 08:00:00,35.0,56,0.4,170,7.6,7,1007.0,2
2023-05-13 09:00:00,34.0,63,0.0,190,11.2,7,1007.0,25
2023-05-13 10:00:00,33.0,67,0.0,190,14.8,7,1007.0,2
2023-05-13 11:00:00,31.0,79,0.0,180,16.6,6,1008.0,2
2023-05-13 12:00:00,31.0,79,0.0,170,14.8,6,1009.0,2
2023-05-13 13:00:00,31.0,79,0.0,150,14.8,6,1010.0,2
2023-05-13 14:00:00,30.0,84,0.0,170,11.2,6,1011.0,2
2023-05-13 15:00:00,30.0,84,0.0,150,14.8,6,1012.0,2
2023-05-13 16:00:00,30.0,84,0.0,150,11.2,6,1011.0,2
2023-05-13 17:00:00,30.0,84,0.0,160,9.4,6,1011.0,2
2023-05-13 18:00:00,29.0,89,0.0,130,13.0,6,1010.0,2
2023-05-13 19:00:00,28.0,94,0.4,170,9.4,6,1010.0,2
2023-05-13 20:00:00,29.0,89,0.1,204,5.4,6,1009.0,2
2023-05-13 21:00:00,29.0,89,0.0,150,7.6,6,1009.0,2
2023-05-13 22:00:00,29.0,89,0.0,160,3.6,6,1010.0,2
2023-05-13 23:00:00,29.0,89,0.0,229,5.4,6,1010.0,2
2023-05-14 00:00:00,30.0,84,0.0,170,9.4,6,1011.0,2
2023-05-14 01:00:00,31.0,79,0.0,150,11.2,6,1012.0,2
2023-05-14 02:00:00,31.0,70,0.1,190,18.4,6,1012.0,2
2023-05-14 03:00:00,34.0,63,0.1,170,11.2,6,1012.0,2
2023-05-14 04:00:00,34.0,60,0.1,170,14.8,6,1011.0,2
2023-05-14 05:00:00,35.0,56,0.0,170,16.6,6,1011.0,2
2023-05-14 06:00:00,36.0,50,0.6,180,18.4,6,1009.0,2
2023-05-14 07:00:00,35.0,56,0.3,190,20.5,6,1008.0,18
2023-05-14 08:00:00,34.0,56,1.0,180,22.3,7,1008.0,25
2023-05-14 09:00:00,34.0,56,0.0,180,22.3,7,1008.0,25
2023-05-14 10:00:00,32.0,63,4.5,150,14.8,7,1008.0,25
2023-05-14 11:00:00,31.0,70,0.0,180,16.6,7,1009.0,25
2023-05-14 12:00:00,29.0,84,0.0,230,7.6,6,1010.0,2
2023-05-14 13:00:00,31.0,79,0.0,128,9.4,6,1011.0,2
2023-05-14 14:00:00,30.0,84,0.0,230,7.6,6,1011.0,2
2023-05-14 15:00:00,30.0,79,0.0,180,14.8,6,1012.0,2
2023-05-14 16:00:00,29.0,84,0.0,220,11.2,6,1012.0,2
2023-05-14 17:00:00,29.0,84,0.0,240,7.6,6,1011.0,2
2023-05-14 18:00:00,29.0,84,0.0,244,5.4,6,1010.0,2
2023-05-14 19:00:00,29.0,84,0.0,240,7.6,6,1010.0,2
2023-05-14 20:00:00,28.0,89,0.0,310,3.6,6,1010.0,2
2023-05-14 21:00:00,28.0,89,0.0,0,0.0,6,1010.0,2
2023-05-14 22:00:00,27.0,94,0.0,60,5.4,6,1010.0,2
2023-05-14 23:00:00,27.0,100,0.0,230,1.8,6,1010.0,2
2023-05-15 00:00:00,29.0,89,0.0,231,1.8,6,1011.0,2
2023-05-15 01:00:00,30.0,84,0.0,203,3.6,6,1012.0,2
2023-05-15 02:00:00,31.0,79,0.0,185,5.4,5,1012.0,2
2023-05-15 03:00:00,32.0,71,0.0,172,3.6,5,1012.0,2
2023-05-15 04:00:00,35.0,56,0.0,187,3.6,5,1012.0,2
2023-05-15 05:00:00,35.0,53,0.0,230,9.4,6,1011.0,2
2023-05-15 06:00:00,36.0,53,0.0,230,9.4,6,1010.0,2
2023-05-15 07:00:00,36.0,50,0.0,300,7.6,6,1008.0,2
2023-05-15 08:00:00,34.0,56,0.7,270,11.2,6,1008.0,2
2023-05-15 09:00:00,32.0,71,0.4,291,14.8,6,1008.0,2
2023-05-15 10:00:00,29.0,79,0.8,160,16.6,6,1008.0,2
2023-05-15 11:00:00,29.0,84,0.0,180,14.8,6,1009.0,2
2023-05-15 12:00:00,28.0,84,0.0,180,9.4,6,1010.0,2
2023-05-15 13:00:00,28.0,89,0.0,200,22.3,6,1011.0,2
2023-05-15 14:00:00,28.0,79,0.0,200,13.0,6,1011.0,2
2023-05-15 15:00:00,28.0,89,0.0,240,11.2,6,1012.0,2
2023-05-15 16:00:00,28.0,89,0.0,221,5.4,6,1012.0,2
2023-05-15 17:00:00,29.0,84,0.0,207,4.0,6,1011.0,2
2023-05-15 18:00:00,29.0,84,0.0,182,3.6,6,1011.0,2
2023-05-15 19:00:00,29.0,84,0.0,210,7.6,6,1010.0,2
2023-05-15 20:00:00,29.0,84,0.0,210,9.4,6,1010.0,2
2023-05-15 21:00:00,29.0,89,0.0,210,7.6,6,1010.0,2
2023-05-15 22:00:00,29.0,89,0.0,200,7.6,6,1011.0,2
2023-05-15 23:00:00,29.0,89,0.0,210,7.6,6,1011.0,2
2023-05-16 00:00:00,30.0,84,0.0,210,11.2,6,1012.0,2
2023-05-16 01:00:00,31.0,79,0.0,210,11.2,5,1012.0,2
2023-05-16 02:00:00,32.0,75,0.0,240,11.2,5,1013.0,2
2023-05-16 03:00:00,33.0,71,0.0,240,13.0,5,1012.0,2
2023-05-16 04:00:00,33.0,71,0.0,250,16.6,5,1012.0,2
2023-05-16 05:00:00,33.0,67,0.0,260,9.4,6,1010.0,2
2023-05-16 06:00:00,30.0,84,0.0,70,11.2,6,1009.0,18
2023-05-16 07:00:00,31.0,84,0.0,100,9.4,6,1008.0,25
2023-05-16 08:00:00,32.0,80,1.1,253,1.8,6,1008.0,25
2023-05-16 09:00:00,25.0,94,0.2,250,40.7,7,1009.0,25
2023-05-16 10:00:00,26.0,94,0.0,150,7.6,7,1009.0,25
2023-05-16 11:00:00,27.0,94,0.0,190,13.0,7,1009.0,25
2023-05-16 12:00:00,27.0,100,0.0,185,3.6,7,1010.0,2
2023-05-16 13:00:00,27.0,100,0.0,194,3.6,6,1010.0,2
2023-05-16 14:00:00,27.0,100,0.0,80,9.4,0,1011.0,2
2023-05-16 15:00:00,28.0,94,0.0,170,7.6,0,1012.0,2
2023-05-16 16:00:00,28.0,94,0.0,227,5.4,6,1012.0,2
2023-05-16 17:00:00,27.0,100,0.0,229,3.7,6,1012.0,2
2023-05-16 18:00:00,27.0,100,0.0,0,0.0,6,1011.0,2
2023-05-16 19:00:00,28.0,94,0.0,0,0.0,6,1010.0,2
2023-05-16 20:00:00,28.0,94,0.0,220,5.4,6,1010.0,2
2023-05-16 21:00:00,28.0,94,0.0,210,7.6,6,1010.0,2
2023-05-16 22:00:00,28.0,94,0.0,212,3.6,6,1010.0,2
2023-05-16 23:00:00,28.0,94,0.0,190,11.2,6,1011.0,2
2023-05-17 00:00:00,29.0,94,0.0,220,7.6,6,1011.0,2
2023-05-17 01:00:00,30.0,89,0.0,250,13.0,6,1012.0,2
2023-05-17 02:00:00,31.0,84,0.0,260,14.8,6,1012.0,2
2023-05-17 03:00:00,32.0,80,0.0,250,9.4,5,1012.0,2
2023-05-17 04:00:00,33.0,75,0.1,280,9.4,6,1012.0,2
2023-05-17 05:00:00,33.0,80,0.0,230,5.4,6,1010.0,2
2023-05-17 06:00:00,35.0,67,0.0,250,14.8,6,1009.0,2
2023-05-17 07:00:00,35.0,56,0.0,260,16.6,6,1008.0,2
2023-05-17 08:00:00,34.0,56,2.2,260,18.4,7,1007.0,2
2023-05-17 09:00:00,30.0,79,5.8,274,7.6,7,1008.0,2
2023-05-17 10:00:00,30.0,84,6.1,120,11.2,7,1009.0,2
2023-05-17 11:00:00,29.0,89,3.9,130,11.2,7,1010.0,2
2023-05-17 12:00:00,28.0,94,0.0,193,5.4,7,1010.0,2
2023-05-17 13:00:00,28.0,89,0.0,195,5.4,7,1010.0,2
2023-05-17 14:00:00,28.0,94,0.0,250,7.6,6,1011.0,2
2023-05-17 15:00:00,27.0,94,0.0,80,7.0,6,1011.0,2
2023-05-17 16:00:00,29.0,84,0.0,120,7.6,6,1011.0,2
2023-05-17 17:00:00,27.0,94,0.0,213,3.6,6,1011.0,2
2023-05-17 18:00:00,27.0,94,0.0,215,5.4,6,1010.0,2
2023-05-17 19:00:00,26.0,100,0.0,80,5.4,6,1010.0,2
2023-05-17 20:00:00,26.0,100,0.0,196,1.8,6,1009.0,2
2023-05-17 21:00:00,27.0,94,0.0,191,1.8,6,1009.0,2
2023-05-17 22:00:00,27.0,94,0.0,200,1.8,6,1010.0,2
2023-05-17 23:00:00,28.0,94,0.0,210,7.6,6,1010.0,2
2023-05-18 00:00:00,29.0,94,0.0,218,5.4,6,1011.0,2
2023-05-18 01:00:00,31.0,84,0.0,230,11.2,6,1011.0,2
2023-05-18 02:00:00,32.0,84,0.0,250,16.6,6,1012.0,2
2023-05-18 03:00:00,34.0,67,0.0,250,14.8,6,1011.0,2
2023-05-18 04:00:00,33.0,71,0.0,260,16.6,6,1011.0,2
2023-05-18 05:00:00,34.0,67,0.0,280,18.4,6,1010.0,2
2023-05-18 06:00:00,36.0,50,0.0,300,20.5,6,1009.0,2
2023-05-18 07:00:00,35.0,60,3.4,280,14.8,6,1008.0,25
2023-05-18 08:00:00,35.0,56,6.9,280,16.6,7,1006.0,25
2023-05-18 09:00:00,34.0,63,4.1,290,18.4,7,1007.0,25
2023-05-18 10:00:00,34.0,63,0.0,280,14.8,7,1007.0,25
2023-05-18 11:00:00,32.0,80,0.3,260,16.6,7,1007.0,25
2023-05-18 12:00:00,30.0,70,4.9,220,16.6,7,1009.0,3
2023-05-18 13:00:00,29.0,74,0.0,260,7.6,7,1008.0,2
2023-05-18 14:00:00,29.0,74,0.0,250,5.4,6,1009.0,2
2023-05-18 15:00:00,30.0,79,0.0,220,11.2,6,1010.0,2
2023-05-18 16:00:00,30.0,79,0.0,230,13.0,6,1009.0,2
2023-05-18 17:00:00,29.0,89,0.0,230,9.0,6,1009.0,2
2023-05-18 18:00:00,29.0,89,0.0,220,9.4,6,1008.0,2
2023-05-18 19:00:00,29.0,89,0.0,230,13.0,6,1008.0,2
2023-05-18 20:00:00,29.0,89,0.0,240,9.4,6,1008.0,2
2023-05-18 21:00:00,28.0,94,0.0,230,7.6,6,1008.0,2
2023-05-18 22:00:00,28.0,94,0.0,240,7.6,6,1008.0,2
2023-05-18 23:00:00,28.0,94,0.0,213,5.4,6,1008.0,2
2023-05-19 00:00:00,29.0,94,0.0,230,9.4,6,1009.0,2
2023-05-19 01:00:00,31.0,84,0.0,250,14.8,6,1009.0,2
2023-05-19 02:00:00,32.0,80,0.0,260,14.8,6,1010.0,2
2023-05-19 03:00:00,33.0,71,0.0,260,14.8,6,1010.0,2
2023-05-19 04:00:00,34.0,63,0.0,260,13.0,6,1009.0,2
2023-05-19 05:00:00,33.0,67,0.0,260,18.4,6,1009.0,2
2023-05-19 06:00:00,36.0,50,0.0,260,11.2,6,1007.0,2
2023-05-19 07:00:00,36.0,53,0.8,260,11.2,7,1006.0,2
2023-05-19 08:00:00,36.0,47,5.6,260,11.2,7,1006.0,2
2023-05-19 09:00:00,36.0,47,0.0,250,14.8,7,1005.0,25
2023-05-19 10:00:00,35.0,53,0.0,250,11.2,7,1005.0,2
2023-05-19 11:00:00,34.0,60,0.0,260,11.2,7,1006.0,2
2023-05-19 12:00:00,32.0,71,0.0,250,16.6,7,1006.0,2
2023-05-19 13:00:00,31.0,75,0.0,260,16.6,6,1007.0,2
2023-05-19 14:00:00,31.0,79,0.0,240,16.6,6,1008.0,2
2023-05-19 15:00:00,30.0,84,0.0,240,16.6,6,1008.0,2
2023-05-19 16:00:00,30.0,84,0.0,240,16.6,6,1008.0,2
2023-05-19 17:00:00,30.0,84,0.0,240,14.8,6,1008.0,2
2023-05-19 18:00:00,30.0,84,0.0,230,13.0,6,1008.0,2
2023-05-19 19:00:00,29.0,89,0.0,220,14.8,6,1007.0,2
2023-05-19 20:00:00,29.0,89,0.0,210,11.2,6,1007.0,2
2023-05-19 21:00:00,29.0,89,0.0,220,13.0,6,1007.0,2
2023-05-19 22:00:00,29.0,89,0.0,210,13.0,6,1007.0,2
2023-05-19 23:00:00,29.0,89,0.0,210,11.2,6,1008.0,2
2023-05-20 00:00:00,29.0,89,0.0,220,13.0,6,1008.0,2
2023-05-20 01:00:00,30.0,89,0.0,210,9.4,6,1009.0,2
2023-05-20 02:00:00,30.0,89,0.2,220,7.6,6,1009.0,2
2023-05-20 03:00:00,31.0,84,0.3,260,11.2,6,1009.0,2
2023-05-20 04:00:00,32.0,80,5.0,260,14.8,6,1009.0,2
2023-05-20 05:00:00,33.0,75,0.1,250,14.8,6,1009.0,7
2023-05-20 06:00:00,33.0,71,4.6,250,16.6,7,1008.0,7
2023-05-20 07:00:00,34.0,63,0.8,260,14.8,7,1006.0,25
2023-05-20 08:00:00,34.0,63,0.0,250,14.8,7,1006.0,25
2023-05-20 09:00:00,34.0,63,0.0,260,9.4,7,1006.0,25
2023-05-20 10:00:00,33.0,71,0.0,150,11.2,7,1007.0,25
2023-05-20 11:00:00,32.0,80,0.0,140,13.0,7,1008.0,25
2023-05-20 12:00:00,24.0,94,0.0,310,44.6,7,1009.0,3
2023-05-20 13:00:00,26.0,89,0.0,220,7.6,7,1008.0,3
2023-05-20 14:00:00,26.0,94,0.0,350,7.6,7,1009.0,2
2023-05-20 15:00:00,27.0,89,0.0,90,9.4,7,1009.0,2
2023-05-20 16:00:00,27.0,89,0.0,207,3.6,6,1009.0,2
2023-05-20 17:00:00,27.0,94,0.0,50,7.6,6,1009.0,2
2023-05-20 18:00:00,27.0,89,0.0,60,7.6,6,1009.0,2
2023-05-20 19:00:00,28.0,84,0.0,120,7.6,6,1008.0,2
2023-05-20 20:00:00,28.0,89,0.0,150,7.6,6,1008.0,2
2023-05-20 21:00:00,28.0,89,0.0,180,11.2,6,1008.0,2
2023-05-20 22:00:00,28.0,89,0.0,180,7.6,6,1008.0,2
2023-05-20 23:00:00,29.0,89,0.0,170,7.6,6,1009.0,2
2023-05-21 00:00:00,30.0,89,0.0,190,9.4,6,1010.0,2
2023-05-21 01:00:00,31.0,84,0.0,220,9.4,6,1010.0,2
2023-05-21 02:00:00,32.0,80,0.0,200,7.6,6,1010.0,2
2023-05-21 03:00:00,32.0,80,0.2,230,16.6,6,1010.0,2
2023-05-21 04:00:00,33.0,75,0.0,209,7.6,6,1009.0,2
2023-05-21 05:00:00,26.0,100,0.1,140,18.4,6,1011.0,7
2023-05-21 06:00:00,25.0,100,0.0,270,13.0,7,1011.0,7
2023-05-21 07:00:00,26.0,100,0.0,280,7.6,7,1010.0,25
2023-05-21 08:00:00,27.0,94,3.3,230,14.8,7,1010.0,25
2023-05-21 09:00:00,27.0,94,8.0,220,13.0,7,1009.0,25
2023-05-21 10:00:00,27.0,94,0.4,240,9.4,7,1008.0,25
2023-05-21 11:00:00,27.0,94,0.5,230,7.6,7,1009.0,7
2023-05-21 12:00:00,27.0,94,0.2,201,1.8,7,1010.0,7
2023-05-21 13:00:00,28.0,89,0.0,201,5.4,7,1011.0,7
2023-05-21 14:00:00,27.0,94,0.0,210,9.4,7,1011.0,3
2023-05-21 15:00:00,27.0,94,0.0,220,7.6,7,1011.0,3
2023-05-21 16:00:00,27.0,94,0.0,220,3.6,7,1011.0,3
2023-05-21 17:00:00,27.0,94,0.0,0,0.0,7,1011.0,2
2023-05-21 18:00:00,27.0,94,0.0,215,1.8,7,1010.0,2
2023-05-21 19:00:00,27.0,94,0.0,201,1.8,7,1010.0,2
2023-05-21 20:00:00,26.0,100,0.0,70,5.4,7,1009.0,2
2023-05-21 21:00:00,26.0,100,0.0,80,3.6,7,1009.0,2
2023-05-21 22:00:00,25.0,100,0.0,90,5.4,6,1009.0,2
2023-05-21 23:00:00,26.0,100,0.0,120,7.6,6,1010.0,2
2023-05-22 00:00:00,28.0,94,0.0,209,1.8,6,1011.0,2
2023-05-22 01:00:00,30.0,84,0.0,213,5.4,6,1011.0,2
2023-05-22 02:00:00,30.0,84,0.0,240,9.4,6,1011.0,2
2023-05-22 03:00:00,32.0,75,0.0,220,7.6,6,1011.0,2
2023-05-22 04:00:00,33.0,71,0.0,218,9.4,6,1011.0,2
2023-05-22 05:00:00,34.0,63,0.0,240,11.2,6,1010.0,7
2023-05-22 06:00:00,34.0,60,0.0,250,14.8,6,1009.0,18
2023-05-22 07:00:00,35.0,60,2.6,270,14.8,7,1008.0,25
2023-05-22 08:00:00,28.0,94,0.2,160,25.9,7,1009.0,25
2023-05-22 09:00:00,27.0,94,0.0,180,20.5,7,1008.0,25
2023-05-22 10:00:00,27.0,100,0.4,240,14.8,7,1009.0,25
2023-05-22 11:00:00,28.0,89,7.6,230,16.6,7,1009.0,25
2023-05-22 12:00:00,28.0,89,0.5,220,13.0,7,1011.0,7
2023-05-22 13:00:00,28.0,89,0.3,240,7.6,7,1011.0,7
2023-05-22 14:00:00,28.0,89,0.0,230,7.6,7,1012.0,3
2023-05-22 15:00:00,28.0,89,0.0,210,7.6,7,1012.0,2
2023-05-22 16:00:00,28.0,89,0.0,240,9.4,7,1011.0,2
2023-05-22 17:00:00,28.0,94,0.0,222,3.6,6,1011.0,2
2023-05-22 18:00:00,27.0,94,0.0,210,7.6,6,1010.0,2
2023-05-22 19:00:00,27.0,100,0.0,200,7.6,6,1010.0,2
2023-05-22 20:00:00,27.0,100,0.0,200,7.6,6,1010.0,2
2023-05-22 21:00:00,27.0,94,0.0,196,1.8,6,1010.0,2
2023-05-22 22:00:00,27.0,94,0.0,210,3.6,6,1010.0,2
2023-05-22 23:00:00,27.0,100,0.0,0,0.0,6,1010.0,2
2023-05-23 00:00:00,28.0,94,0.0,200,5.4,6,1010.0,2
2023-05-23 01:00:00,29.0,89,0.0,220,7.6,6,1011.0,2
2023-05-23 02:00:00,31.0,79,0.0,270,13.0,6,1011.0,2
2023-05-23 03:00:00,31.0,79,0.0,250,18.4,6,1011.0,2
2023-05-23 04:00:00,32.0,71,0.0,260,20.5,6,1011.0,2
2023-05-23 05:00:00,33.0,67,0.0,250,16.6,6,1010.0,2
2023-05-23 06:00:00,35.0,60,0.0,280,16.6,6,1009.0,2
2023-05-23 07:00:00,35.0,63,0.0,290,14.8,6,1008.0,7
2023-05-23 08:00:00,35.0,56,0.0,270,13.0,7,1007.0,7
2023-05-23 09:00:00,34.0,60,12.5,260,14.8,7,1007.0,7
2023-05-23 10:00:00,34.0,60,0.5,220,11.2,7,1007.0,2
2023-05-23 11:00:00,30.0,84,0.1,210,18.4,7,1008.0,2
2023-05-23 12:00:00,29.0,89,0.0,180,14.8,7,1008.0,2
2023-05-23 13:00:00,30.0,79,0.0,221,3.6,7,1009.0,2
2023-05-23 14:00:00,29.0,84,0.0,210,11.2,6,1009.0,2
2023-05-23 15:00:00,29.0,84,0.0,230,16.6,6,1009.0,2
2023-05-23 16:00:00,29.0,84,0.0,250,11.2,6,1010.0,2
2023-05-23 17:00:00,28.0,94,0.0,223,5.4,6,1010.0,2
2023-05-23 18:00:00,28.0,94,0.0,250,7.6,6,1009.0,2
2023-05-23 19:00:00,28.0,94,0.0,240,11.2,6,1009.0,2
2023-05-23 20:00:00,28.0,94,0.0,210,9.4,6,1008.0,2
2023-05-23 21:00:00,28.0,94,0.0,210,11.2,6,1009.0,2
2023-05-23 22:00:00,28.0,94,0.0,210,5.4,6,1009.0,2
2023-05-23 23:00:00,28.0,94,0.0,210,7.6,6,1009.0,2
2023-05-24 00:00:00,28.0,94,0.0,210,9.4,6,1010.0,2
2023-05-24 01:00:00,30.0,89,0.0,240,11.2,6,1011.0,2
2023-05-24 02:00:00,30.0,89,0.2,220,14.8,6,1011.0,2
2023-05-24 03:00:00,32.0,75,0.2,250,13.0,6,1011.0,2
2023-05-24 04:00:00,34.0,63,0.1,260,14.8,6,1010.0,2
2023-05-24 05:00:00,34.0,63,0.1,250,16.6,6,1009.0,2
2023-05-24 06:00:00,35.0,56,0.0,270,14.8,7,1008.0,25
2023-05-24 07:00:00,35.0,53,0.5,250,16.6,7,1007.0,25
2023-05-24 08:00:00,33.0,67,1.3,240,24.1,7,1006.0,25
2023-05-24 09:00:00,34.0,63,2.2,260,18.4,7,1006.0,25
2023-05-24 10:00:00,32.0,63,5.5,250,22.3,7,1007.0,25
2023-05-24 11:00:00,30.0,79,0.2,200,25.9,7,1008.0,25
2023-05-24 12:00:00,29.0,84,0.0,190,16.6,7,1009.0,3
2023-05-24 13:00:00,29.0,84,0.0,210,13.0,7,1010.0,3
2023-05-24 14:00:00,29.0,84,0.0,230,9.4,7,1010.0,3
2023-05-24 15:00:00,29.0,84,0.0,210,9.4,7,1010.0,2
2023-05-24 16:00:00,29.0,84,0.0,240,11.2,7,1011.0,2
2023-05-24 17:00:00,29.0,84,0.0,220,11.2,6,1011.0,2
2023-05-24 18:00:00,28.0,94,0.0,213,5.4,6,1010.0,2
2023-05-24 19:00:00,28.0,94,0.0,203,3.6,6,1010.0,2
2023-05-24 20:00:00,28.0,94,0.0,260,9.0,6,1010.0,2
2023-05-24 21:00:00,28.0,94,0.0,195,1.8,6,1009.0,2
2023-05-24 22:00:00,28.0,94,0.0,216,1.8,6,1009.0,2
2023-05-24 23:00:00,28.0,94,0.0,210,7.6,6,1011.0,2
2023-05-25 00:00:00,29.0,89,0.0,210,7.6,6,1011.0,2
2023-05-25 01:00:00,30.0,84,0.0,220,13.0,6,1011.0,2
2023-05-25 02:00:00,31.0,79,0.0,240,16.6,6,1011.0,2
2023-05-25 03:00:00,32.0,75,0.0,250,18.4,6,1011.0,2
2023-05-25 04:00:00,33.0,71,0.0,260,18.4,6,1010.0,2
2023-05-25 05:00:00,34.0,63,0.0,260,22.3,7,1010.0,18
2023-05-25 06:00:00,34.0,63,0.2,280,18.4,7,1009.0,18
2023-05-25 07:00:00,34.0,63,0.0,270,14.8,7,1007.0,18
2023-05-25 08:00:00,32.0,71,1.0,270,24.1,7,1007.0,25
2023-05-25 09:00:00,31.0,75,1.4,260,3.6,7,1007.0,17
2023-05-25 10:00:00,31.0,79,0.0,280,7.6,7,1008.0,25
2023-05-25 11:00:00,30.0,79,3.6,245,5.4,7,1009.0,25
2023-05-25 12:00:00,29.0,84,0.0,170,9.4,7,1009.0,3
2023-05-25 13:00:00,29.0,84,0.1,180,11.0,7,1010.0,3
2023-05-25 14:00:00,29.0,84,0.2,210,11.2,7,1010.0,3
2023-05-25 15:00:00,29.0,84,0.9,220,9.4,7,1011.0,2
2023-05-25 16:00:00,29.0,84,1.7,220,7.6,7,1011.0,2
2023-05-25 17:00:00,29.0,84,0.5,240,7.6,6,1010.0,2
2023-05-25 18:00:00,28.0,94,0.0,220,13.0,6,1010.0,2
2023-05-25 19:00:00,28.0,94,0.0,210,11.2,6,1010.0,2
2023-05-25 20:00:00,28.0,94,0.0,210,11.2,6,1009.0,2
2023-05-25 21:00:00,28.0,94,0.0,210,11.2,6,1008.0,2
2023-05-25 22:00:00,28.0,94,0.0,230,5.4,6,1009.0,2
2023-05-25 23:00:00,28.0,94,0.0,204,5.4,6,1009.0,2
2023-05-26 00:00:00,29.0,94,0.0,240,11.2,6,1010.0,2
2023-05-26 01:00:00,30.0,89,0.0,250,14.8,6,1011.0,2
2023-05-26 02:00:00,31.0,79,0.0,260,13.0,6,1011.0,2
2023-05-26 03:00:00,33.0,71,0.0,250,18.4,6,1011.0,2
2023-05-26 04:00:00,32.0,75,0.3,250,16.6,6,1010.0,2
2023-05-26 05:00:00,30.0,84,0.3,236,3.6,6,1010.0,7
2023-05-26 06:00:00,28.0,94,0.0,40,13.0,6,1009.0,18
2023-05-26 07:00:00,27.0,94,1.4,110,7.6,7,1008.0,25
2023-05-26 08:00:00,28.0,84,0.2,160,20.5,7,1007.0,25
2023-05-26 09:00:00,28.0,84,2.1,210,20.5,7,1008.0,25
2023-05-26 10:00:00,28.0,84,6.9,230,14.8,7,1008.0,25
2023-05-26 11:00:00,28.0,84,0.2,220,9.4,7,1008.0,25
2023-05-26 12:00:00,27.0,94,0.0,270,5.4,7,1009.0,7
2023-05-26 13:00:00,27.0,94,0.0,310,7.6,7,1010.0,7
2023-05-26 14:00:00,27.0,94,0.0,214,3.6,7,1010.0,3
2023-05-26 15:00:00,27.0,94,0.0,215,5.4,7,1010.0,3
2023-05-26 16:00:00,26.0,100,0.0,219,5.4,7,1010.0,3
2023-05-26 17:00:00,27.0,94,0.0,220,5.4,7,1010.0,3
2023-05-26 18:00:00,26.0,100,0.0,223,5.4,7,1009.0,3
2023-05-26 19:00:00,26.0,100,0.0,80,5.4,7,1008.0,3
2023-05-26 20:00:00,26.0,100,0.0,196,1.8,7,1007.0,3
2023-05-26 21:00:00,26.0,100,0.0,50,5.4,7,1008.0,3
2023-05-26 22:00:00,26.0,94,0.7,30,11.2,7,1008.0,7
2023-05-26 23:00:00,24.0,94,7.3,350,11.2,7,1009.0,7
2023-05-27 00:00:00,23.0,100,8.8,360,7.6,7,1009.0,7
2023-05-27 01:00:00,25.0,94,1.8,40,5.4,7,1009.0,7
2023-05-27 02:00:00,26.0,94,0.4,213,3.6,7,1009.0,7
2023-05-27 03:00:00,28.0,89,0.5,214,5.4,7,1009.0,7
2023-05-27 04:00:00,30.0,79,0.4,222,1.8,7,1008.0,7
2023-05-27 05:00:00,32.0,75,1.8,280,1.8,7,1008.0,7
2023-05-27 06:00:00,31.0,79,0.2,242,1.8,7,1007.0,8
2023-05-27 07:00:00,27.0,89,0.2,243,5.4,7,1006.0,25
2023-05-27 08:00:00,26.0,94,0.2,30,9.4,7,1006.0,25
2023-05-27 09:00:00,26.0,100,0.2,200,20.5,7,1006.0,25
2023-05-27 10:00:00,26.0,100,1.2,220,16.6,8,1007.0,25
2023-05-27 11:00:00,26.0,100,0.9,210,11.2,8,1007.0,25
2023-05-27 12:00:00,26.0,94,0.4,220,11.2,8,1008.0,8
2023-05-27 13:00:00,26.0,94,0.0,240,13.0,7,1008.0,7
2023-05-27 14:00:00,25.0,100,0.0,250,7.6,7,1008.0,3
2023-05-27 15:00:00,25.0,100,0.0,290,5.4,7,1008.0,3
2023-05-27 16:00:00,25.0,100,0.1,219,3.6,7,1007.0,3
2023-05-27 17:00:00,25.0,100,0.0,222,5.4,7,1007.0,3
2023-05-27 18:00:00,25.0,100,0.0,227,5.4,7,1006.0,3
2023-05-27 19:00:00,25.0,100,0.0,0,0.0,7,1006.0,3
2023-05-27 20:00:00,25.0,100,0.4,0,0.0,7,1006.0,3
2023-05-27 21:00:00,26.0,94,0.0,0,0.0,7,1007.0,3
2023-05-27 22:00:00,26.0,94,0.6,50,3.6,7,1007.0,7
2023-05-27 23:00:00,26.0,94,2.8,201,5.4,7,1007.0,7
2023-05-28 00:00:00,27.0,94,0.8,189,3.6,7,1008.0,7
2023-05-28 01:00:00,27.0,94,0.1,50,7.6,7,1008.0,7
2023-05-28 02:00:00,29.0,84,0.0,216,1.8,7,1008.0,7
2023-05-28 03:00:00,31.0,75,0.0,219,1.8,7,1007.0,7
2023-05-28 04:00:00,31.0,75,0.0,230,5.4,7,1007.0,7
2023-05-28 05:00:00,32.0,75,0.3,260,9.4,7,1007.0,8
2023-05-28 06:00:00,32.0,75,0.3,250,13.0,7,1006.0,8
2023-05-28 07:00:00,30.0,89,10.2,230,24.1,7,1005.0,8
2023-05-28 08:00:00,27.0,100,0.7,260,24.1,7,1005.0,25
2023-05-28 09:00:00,28.0,89,0.1,230,20.5,7,1005.0,25
2023-05-28 10:00:00,28.0,89,0.3,260,16.6,8,1006.0,25
2023-05-28 11:00:00,27.0,89,1.1,250,14.8,7,1006.0,8
2023-05-28 12:00:00,26.0,100,0.0,270,7.6,7,1006.0,8
2023-05-28 13:00:00,27.0,94,0.0,210,3.6,7,1007.0,7
2023-05-28 14:00:00,27.0,94,0.0,250,5.4,7,1008.0,7
2023-05-28 15:00:00,27.0,94,0.0,202,1.8,7,1008.0,3
2023-05-28 16:00:00,27.0,94,0.0,210,5.4,7,1009.0,3
2023-05-28 17:00:00,27.0,94,0.2,180,7.6,7,1008.0,3
2023-05-28 18:00:00,27.0,94,0.1,213,5.4,7,1007.0,3
2023-05-28 19:00:00,27.0,94,0.0,203,1.8,7,1007.0,3
2023-05-28 20:00:00,27.0,94,0.0,196,3.6,7,1007.0,3
2023-05-28 21:00:00,27.0,94,0.0,191,5.4,7,1008.0,3
2023-05-28 22:00:00,27.0,94,0.0,211,3.6,6,1007.0,2
2023-05-28 23:00:00,27.0,94,0.0,203,1.8,7,1008.0,2
2023-05-29 00:00:00,28.0,94,0.0,196,5.4,7,1008.0,2
2023-05-29 01:00:00,29.0,89,0.0,230,11.2,6,1008.0,2
2023-05-29 02:00:00,30.0,84,0.0,250,14.8,6,1009.0,2
2023-05-29 03:00:00,30.0,84,0.0,250,13.0,6,1008.0,2
2023-05-29 04:00:00,32.0,75,0.1,250,20.5,6,1008.0,2
2023-05-29 05:00:00,33.0,71,0.0,280,18.4,6,1007.0,7
2023-05-29 06:00:00,34.0,67,0.2,280,18.4,7,1006.0,7
2023-05-29 07:00:00,31.0,75,7.1,270,16.6,7,1006.0,7
2023-05-29 08:00:00,32.0,71,0.0,260,13.0,7,1006.0,25
2023-05-29 09:00:00,30.0,79,0.0,230,14.8,7,1006.0,25
2023-05-29 10:00:00,28.0,94,0.6,180,13.0,7,1006.0,25
2023-05-29 11:00:00,28.0,89,1.6,230,14.8,7,1007.0,7
2023-05-29 12:00:00,27.0,94,0.2,220,3.6,7,1007.0,7
2023-05-29 13:00:00,28.0,89,0.0,214,3.6,7,1008.0,7
2023-05-29 14:00:00,28.0,89,0.0,210,9.4,7,1009.0,3
2023-05-29 15:00:00,27.0,94,0.0,190,7.6,7,1009.0,3
2023-05-29 16:00:00,27.0,94,0.0,240,5.4,7,1009.0,2
2023-05-29 17:00:00,27.0,94,0.0,208,3.6,7,1008.0,2
2023-05-29 18:00:00,27.0,94,0.0,210,9.4,7,1008.0,2
2023-05-29 19:00:00,27.0,94,0.0,210,9.4,7,1008.0,2
2023-05-29 20:00:00,27.0,94,0.0,210,9.4,7,1008.0,2
2023-05-29 21:00:00,27.0,94,0.0,210,9.4,7,1008.0,2
2023-05-29 22:00:00,27.0,94,0.0,210,3.6,7,1008.0,2
2023-05-29 23:00:00,27.0,94,0.0,0,0.0,7,1009.0,2
2023-05-30 00:00:00,28.0,94,0.0,210,7.6,7,1009.0,2
2023-05-30 01:00:00,28.0,94,0.0,219,3.6,6,1009.0,2
2023-05-30 02:00:00,31.0,79,0.2,260,9.4,6,1009.0,2
2023-05-30 03:00:00,32.0,75,0.2,260,13.0,6,1009.0,2
2023-05-30 04:00:00,33.0,71,0.2,250,22.3,6,1009.0,2
2023-05-30 05:00:00,34.0,63,0.1,280,16.6,7,1008.0,2
2023-05-30 06:00:00,34.0,67,1.2,250,22.3,7,1007.0,3
2023-05-30 07:00:00,32.0,71,0.2,250,29.5,7,1006.0,7
2023-05-30 08:00:00,31.0,70,0.1,230,22.3,7,1006.0,7
2023-05-30 09:00:00,31.0,75,0.0,250,16.6,7,1005.0,7
2023-05-30 10:00:00,31.0,75,0.4,240,13.0,7,1005.0,7
2023-05-30 11:00:00,30.0,84,0.3,240,16.6,7,1006.0,7
2023-05-30 12:00:00,30.0,84,0.0,230,13.0,7,1006.0,3
2023-05-30 13:00:00,29.0,89,0.0,220,18.4,7,1007.0,3
2023-05-30 14:00:00,29.0,84,0.0,230,16.6,7,1008.0,3
2023-05-30 15:00:00,28.0,89,0.0,260,14.8,7,1009.0,3
2023-05-30 16:00:00,28.0,89,0.0,250,13.0,7,1009.0,3
2023-05-30 17:00:00,28.0,94,0.0,230,14.8,7,1008.0,3
2023-05-30 18:00:00,27.0,100,0.0,250,14.8,7,1007.0,2
2023-05-30 19:00:00,27.0,100,0.0,240,11.2,7,1007.0,2
2023-05-30 20:00:00,27.0,94,0.0,260,7.6,7,1007.0,2
2023-05-30 21:00:00,27.0,94,0.0,250,7.6,6,1007.0,2
2023-05-30 22:00:00,27.0,100,0.0,212,1.8,7,1007.0,2
2023-05-30 23:00:00,28.0,94,0.0,210,5.4,7,1008.0,2
2023-05-31 00:00:00,29.0,89,0.0,250,9.4,7,1008.0,2
2023-05-31 01:00:00,30.0,84,0.0,260,11.2,7,1009.0,3
2023-05-31 02:00:00,31.0,84,0.0,250,16.6,7,1010.0,3
2023-05-31 03:00:00,32.0,75,0.0,260,14.8,7,1009.0,3
2023-05-31 04:00:00,33.0,71,0.0,260,20.5,7,1008.0,2
2023-05-31 05:00:00,34.0,63,0.0,250,16.6,7,1007.0,3
2023-05-31 06:00:00,32.0,84,0.0,220,13.0,7,1006.0,7
2023-05-31 07:00:00,30.0,84,0.0,220,25.9,7,1005.0,7
2023-05-31 08:00:00,30.0,79,4.5,250,25.9,7,1005.0,7
2023-05-31 09:00:00,30.0,84,0.6,240,25.9,7,1004.0,7
2023-05-31 10:00:00,29.0,84,0.7,240,22.3,7,1005.0,7
2023-05-31 11:00:00,28.0,89,0.0,260,18.4,7,1006.0,3
2023-05-31 12:00:00,28.0,89,0.0,250,13.0,7,1006.0,3
2023-05-31 13:00:00,28.0,89,0.0,240,13.0,7,1007.0,3
2023-05-31 14:00:00,28.0,89,0.0,240,14.8,7,1008.0,3
2023-05-31 15:00:00,28.0,89,0.0,230,14.8,7,1008.0,3
2023-05-31 16:00:00,27.0,94,0.0,230,14.8,7,1009.0,3
2023-05-31 17:00:00,28.0,94,0.0,220,16.6,7,1008.0,3
2023-05-31 18:00:00,27.0,100,0.0,230,14.8,7,1007.0,3
2023-05-31 19:00:00,27.0,100,0.0,250,13.0,7,1006.0,3
2023-05-31 20:00:00,27.0,100,0.0,240,14.8,7,1006.0,3
2023-05-31 21:00:00,27.0,100,0.0,240,13.0,7,1006.0,3
2023-05-31 22:00:00,27.0,100,0.0,250,13.0,7,1006.0,7
2023-05-31 23:00:00,27.0,100,0.0,250,14.8,7,1007.0,7
2023-06-01 00:00:00,29.0,94,0.0,250,14.8,7,1008.0,7
2023-06-01 01:00:00,30.0,84,0.0,260,20.5,7,1008.0,7
2023-06-01 02:00:00,32.0,80,0.0,260,22.3,7,1008.0,7
2023-06-01 03:00:00,32.0,80,0.0,260,24.1,7,1008.0,7
2023-06-01 04:00:00,33.0,75,0.1,260,24.1,7,1007.0,7
2023-06-01 05:00:00,34.0,71,1.7,260,20.5,7,1006.0,7
2023-06-01 06:00:00,33.0,75,0.2,280,18.4,7,1005.0,7
2023-06-01 07:00:00,33.0,71,0.0,240,22.3,7,1005.0,7
2023-06-01 08:00:00,34.0,67,0.0,270,22.3,7,1004.0,7
2023-06-01 09:00:00,33.0,71,8.2,260,27.7,7,1004.0,25
2023-06-01 10:00:00,32.0,75,0.2,250,25.9,7,1005.0,25
2023-06-01 11:00:00,31.0,79,0.0,260,22.0,7,1005.0,7
2023-06-01 12:00:00,31.0,79,0.0,250,15.0,7,1006.0,3
2023-06-01 13:00:00,30.0,84,0.0,260,19.0,7,1007.0,3
2023-06-01 14:00:00,29.0,89,0.0,260,16.6,7,1007.0,3
2023-06-01 15:00:00,29.0,94,0.0,250,16.6,7,1008.0,3
2023-06-01 16:00:00,29.0,89,0.0,260,14.8,7,1008.0,3
2023-06-01 17:00:00,28.0,94,0.0,260,14.8,7,1008.0,3
2023-06-01 18:00:00,28.0,94,0.0,250,14.8,7,1007.0,3
2023-06-01 19:00:00,28.0,94,0.0,240,18.4,7,1007.0,3
2023-06-01 20:00:00,28.0,94,0.0,240,14.8,7,1007.0,3
2023-06-01 21:00:00,28.0,94,0.0,220,14.8,6,1007.0,3
2023-06-01 22:00:00,28.0,94,0.0,230,13.0,7,1007.0,2
2023-06-01 23:00:00,28.0,94,0.0,230,14.8,7,1007.0,2
2023-06-02 00:00:00,29.0,94,0.0,230,18.4,7,1008.0,2
2023-06-02 01:00:00,30.0,89,0.0,240,16.6,7,1009.0,3
2023-06-02 02:00:00,31.0,84,0.0,250,22.3,7,1009.0,3
2023-06-02 03:00:00,33.0,75,0.0,240,22.3,7,1009.0,3
2023-06-02 04:00:00,33.0,71,0.1,260,18.4,7,1008.0,2
2023-06-02 05:00:00,34.0,67,0.2,280,16.6,7,1007.0,3
2023-06-02 06:00:00,33.0,75,0.6,270,25.9,7,1006.0,25
2023-06-02 07:00:00,33.0,67,0.2,260,22.3,7,1006.0,25
2023-06-02 08:00:00,32.0,71,0.8,260,16.6,7,1006.0,25
2023-06-02 09:00:00,32.0,71,1.1,250,14.8,7,1006.0,25
2023-06-02 10:00:00,31.0,79,0.2,260,13.0,7,1006.0,25
2023-06-02 11:00:00,31.0,79,0.0,260,9.0,7,1006.0,7
2023-06-02 12:00:00,30.0,89,0.0,270,5.4,7,1007.0,3
2023-06-02 13:00:00,31.0,79,0.0,250,18.4,7,1008.0,3
2023-06-02 14:00:00,30.0,84,0.0,230,11.2,7,1009.0,3
2023-06-02 15:00:00,30.0,84,0.0,230,18.4,7,1009.0,3
2023-06-02 16:00:00,29.0,94,0.0,220,14.8,7,1009.0,2
2023-06-02 17:00:00,29.0,94,0.0,220,16.6,7,1008.0,2
2023-06-02 18:00:00,29.0,94,0.0,220,18.4,7,1008.0,2
2023-06-02 19:00:00,28.0,100,0.0,240,16.6,7,1008.0,2
2023-06-02 20:00:00,28.0,100,0.0,230,13.0,6,1008.0,2
2023-06-02 21:00:00,28.0,94,0.0,230,14.8,6,1007.0,2
2023-06-02 22:00:00,28.0,94,0.0,230,11.2,6,1008.0,2
2023-06-02 23:00:00,28.0,94,0.0,230,13.0,7,1009.0,2
2023-06-03 00:00:00,28.0,100,0.0,240,13.0,7,1010.0,2
2023-06-03 01:00:00,30.0,89,0.0,250,16.6,6,1010.0,2
2023-06-03 02:00:00,32.0,84,0.0,250,18.4,6,1010.0,2
2023-06-03 03:00:00,32.0,80,0.0,260,20.5,6,1010.0,2
2023-06-03 04:00:00,33.0,71,0.0,280,16.6,6,1009.0,2
2023-06-03 05:00:00,34.0,67,0.0,280,14.8,6,1008.0,2
2023-06-03 06:00:00,35.0,63,0.0,300,14.8,7,1007.0,18
2023-06-03 07:00:00,34.0,67,1.8,270,16.6,7,1006.0,25
2023-06-03 08:00:00,35.0,60,3.9,260,14.8,7,1006.0,25
2023-06-03 09:00:00,34.0,63,0.2,270,16.6,7,1006.0,25
2023-06-03 10:00:00,33.0,67,0.0,260,16.6,7,1006.0,25
2023-06-03 11:00:00,31.0,79,0.0,250,24.1,7,1006.0,25
2023-06-03 12:00:00,30.0,84,0.0,260,14.8,7,1008.0,3
2023-06-03 13:00:00,30.0,84,0.0,250,14.8,7,1008.0,3
2023-06-03 14:00:00,29.0,89,0.0,240,13.0,7,1009.0,3
2023-06-03 15:00:00,29.0,89,4.2,260,11.2,7,1010.0,2
2023-06-03 16:00:00,29.0,89,0.2,260,16.6,7,1009.0,2
2023-06-03 17:00:00,29.0,89,11.8,250,20.5,7,1009.0,2
2023-06-03 18:00:00,28.0,94,1.7,260,14.8,6,1009.0,2
2023-06-03 19:00:00,28.0,94,0.3,250,14.8,6,1008.0,2
2023-06-03 20:00:00,28.0,94,0.2,260,7.6,6,1008.0,2
2023-06-03 21:00:00,28.0,94,0.0,250,11.2,6,1008.0,2
2023-06-03 22:00:00,28.0,94,0.0,240,13.0,6,1007.0,2
2023-06-03 23:00:00,28.0,94,0.0,240,9.4,7,1008.0,2
2023-06-04 00:00:00,29.0,94,0.0,250,13.0,7,1009.0,2
2023-06-04 01:00:00,30.0,89,0.0,260,13.0,7,1009.0,2
2023-06-04 02:00:00,32.0,84,0.0,290,11.2,7,1009.0,2
2023-06-04 03:00:00,33.0,71,0.0,300,20.5,6,1009.0,2
2023-06-04 04:00:00,34.0,67,0.0,300,14.8,7,1008.0,2
2023-06-04 05:00:00,34.0,67,0.0,280,14.8,7,1008.0,25
2023-06-04 06:00:00,35.0,63,0.3,300,14.8,7,1007.0,25
2023-06-04 07:00:00,35.0,63,7.4,290,20.5,7,1006.0,25
2023-06-04 08:00:00,34.0,67,7.7,270,16.6,7,1004.0,25
2023-06-04 09:00:00,34.0,63,1.5,290,16.6,7,1004.0,25
2023-06-04 10:00:00,33.0,67,0.3,290,18.4,7,1004.0,25
2023-06-04 11:00:00,24.0,100,0.5,280,29.5,7,1006.0,25
2023-06-04 12:00:00,26.0,94,0.6,238,3.6,7,1008.0,7
2023-06-04 13:00:00,26.0,94,0.3,237,1.8,7,1009.0,3
2023-06-04 14:00:00,26.0,94,0.0,300,5.4,7,1009.0,3
2023-06-04 15:00:00,26.0,94,0.0,350,7.6,7,1009.0,3
2023-06-04 16:00:00,26.0,94,0.0,30,7.6,7,1010.0,3
2023-06-04 17:00:00,26.0,100,0.0,60,9.4,7,1009.0,3
2023-06-04 18:00:00,26.0,94,0.0,50,7.6,7,1008.0,3
2023-06-04 19:00:00,26.0,94,0.0,40,5.4,7,1007.0,3
2023-06-04 20:00:00,26.0,94,0.0,0,0.0,7,1007.0,3
2023-06-04 21:00:00,26.0,100,0.7,0,0.0,7,1006.0,3
2023-06-04 22:00:00,26.0,100,0.9,0,0.0,7,1006.0,3
2023-06-04 23:00:00,26.0,100,0.5,360,3.6,7,1006.0,3
2023-06-05 00:00:00,27.0,94,0.0,187,1.8,7,1007.0,3
2023-06-05 01:00:00,29.0,94,0.0,219,3.6,7,1008.0,3
2023-06-05 02:00:00,30.0,89,0.0,310,9.4,7,1008.0,3
2023-06-05 03:00:00,30.0,84,0.1,290,14.8,7,1008.0,3
2023-06-05 04:00:00,32.0,75,0.2,310,16.6,7,1007.0,7
2023-06-05 05:00:00,32.0,75,0.0,300,14.8,7,1007.0,7
2023-06-05 06:00:00,33.0,71,9.5,300,13.0,7,1006.0,25
2023-06-05 07:00:00,33.0,71,2.2,300,11.2,7,1005.0,25
2023-06-05 08:00:00,26.0,94,0.6,250,20.5,7,1005.0,25
2023-06-05 09:00:00,27.0,100,1.1,290,9.4,7,1005.0,25
2023-06-05 10:00:00,28.0,94,0.7,240,7.6,8,1005.0,25
2023-06-05 11:00:00,26.0,100,0.7,290,18.4,8,1006.0,8
2023-06-05 12:00:00,25.0,100,0.8,260,24.1,8,1007.0,8
2023-06-05 13:00:00,26.0,94,0.9,270,13.0,8,1008.0,7
2023-06-05 14:00:00,25.0,100,6.2,280,7.6,8,1008.0,7
2023-06-05 15:00:00,26.0,94,0.8,280,9.4,7,1009.0,7
2023-06-05 16:00:00,26.0,100,2.0,300,7.6,8,1010.0,7
2023-06-05 17:00:00,26.0,100,1.7,203,3.6,8,1009.0,3
2023-06-05 18:00:00,26.0,100,1.3,202,3.6,7,1008.0,3
2023-06-05 19:00:00,26.0,100,0.9,260,7.6,7,1008.0,3
2023-06-05 20:00:00,26.0,94,0.2,260,3.6,7,1007.0,3
2023-06-05 21:00:00,26.0,94,0.0,191,1.8,7,1007.0,3
2023-06-05 22:00:00,26.0,94,0.3,0,0.0,7,1007.0,3
2023-06-05 23:00:00,26.0,100,0.0,60,1.8,7,1007.0,3
2023-06-06 00:00:00,27.0,100,0.0,168,5.4,8,1008.0,3
2023-06-06 01:00:00,28.0,94,0.0,214,5.4,7,1008.0,3
2023-06-06 02:00:00,29.0,84,0.0,260,13.0,7,1009.0,3
2023-06-06 03:00:00,29.0,89,0.0,260,9.4,7,1008.0,3
2023-06-06 04:00:00,29.0,89,0.0,260,11.2,8,1008.0,7
2023-06-06 05:00:00,30.0,79,1.0,250,20.5,8,1008.0,7
2023-06-06 06:00:00,32.0,75,1.1,250,18.4,8,1007.0,7
2023-06-06 07:00:00,32.0,71,4.1,250,24.1,8,1006.0,7
2023-06-06 08:00:00,31.0,75,1.7,260,18.4,8,1005.0,8
2023-06-06 09:00:00,29.0,79,0.0,240,33.5,8,1006.0,8
2023-06-06 10:00:00,27.0,94,1.7,220,18.4,8,1006.0,8
2023-06-06 11:00:00,27.0,94,4.8,250,18.4,8,1006.0,7
2023-06-06 12:00:00,27.0,94,1.0,260,7.6,8,1007.0,7
2023-06-06 13:00:00,27.0,94,0.2,260,7.6,8,1008.0,7
2023-06-06 14:00:00,27.0,94,0.2,250,9.4,8,1008.0,3
2023-06-06 15:00:00,27.0,94,0.2,250,7.6,7,1008.0,3
2023-06-06 16:00:00,27.0,94,0.1,260,7.6,7,1009.0,3
2023-06-06 17:00:00,26.0,100,0.0,260,7.6,7,1009.0,3
2023-06-06 18:00:00,27.0,94,0.0,260,5.4,7,1008.0,3
2023-06-06 19:00:00,27.0,94,0.2,230,9.4,7,1009.0,3
2023-06-06 20:00:00,27.0,94,1.8,230,11.2,7,1008.0,3
2023-06-06 21:00:00,27.0,94,1.1,184,3.6,7,1008.0,3
2023-06-06 22:00:00,26.0,100,0.6,183,1.8,7,1008.0,7
2023-06-06 23:00:00,27.0,94,0.5,177,3.6,7,1008.0,7
2023-06-07 00:00:00,27.0,100,0.0,220,9.4,8,1009.0,7
2023-06-07 01:00:00,28.0,94,0.0,230,13.0,8,1010.0,7
2023-06-07 02:00:00,29.0,89,0.0,220,11.2,8,1010.0,7
2023-06-07 03:00:00,30.0,79,0.0,220,13.0,8,1011.0,7
2023-06-07 04:00:00,30.0,79,0.0,230,14.8,8,1010.0,7
2023-06-07 05:00:00,31.0,75,0.2,220,18.4,8,1010.0,8
2023-06-07 06:00:00,31.0,75,0.0,240,18.4,8,1008.0,8
2023-06-07 07:00:00,31.0,79,1.4,250,20.5,8,1008.0,8
2023-06-07 08:00:00,30.0,84,2.9,250,22.3,8,1007.0,8
2023-06-07 09:00:00,31.0,75,0.5,250,22.3,8,1007.0,9
2023-06-07 10:00:00,30.0,79,0.8,250,22.3,8,1007.0,8
2023-06-07 11:00:00,29.0,84,0.7,270,18.4,8,1008.0,8
2023-06-07 12:00:00,28.0,89,0.3,250,16.6,8,1009.0,8
2023-06-07 13:00:00,28.0,89,0.0,240,11.2,8,1009.0,7
2023-06-07 14:00:00,28.0,89,0.0,240,14.8,8,1010.0,7
2023-06-07 15:00:00,28.0,89,0.6,220,14.8,8,1010.0,7
2023-06-07 16:00:00,27.0,94,0.4,240,11.2,8,1011.0,3
2023-06-07 17:00:00,27.0,94,0.1,250,7.6,8,1010.0,3
2023-06-07 18:00:00,27.0,94,0.2,260,5.4,8,1010.0,3
2023-06-07 19:00:00,27.0,94,0.4,240,7.6,7,1009.0,3
2023-06-07 20:00:00,27.0,94,0.1,230,7.6,7,1009.0,3
2023-06-07 21:00:00,26.0,100,0.0,230,7.6,7,1009.0,3
2023-06-07 22:00:00,26.0,100,0.0,230,7.6,7,1009.0,3
2023-06-07 23:00:00,26.0,100,0.0,220,7.6,7,1009.0,3
2023-06-08 00:00:00,27.0,94,0.0,240,13.0,8,1009.0,3
2023-06-08 01:00:00,28.0,94,0.0,280,9.4,7,1010.0,3
2023-06-08 02:00:00,30.0,79,0.0,280,13.0,7,1010.0,3
2023-06-08 03:00:00,30.0,79,0.0,280,14.8,7,1010.0,3
2023-06-08 04:00:00,30.0,79,0.0,260,18.4,7,1009.0,7
2023-06-08 05:00:00,31.0,75,0.0,260,16.6,7,1009.0,7
2023-06-08 06:00:00,31.0,79,0.0,250,13.0,7,1008.0,7
2023-06-08 07:00:00,31.0,70,0.0,260,22.3,7,1007.0,7
2023-06-08 08:00:00,31.0,70,4.4,290,24.1,7,1007.0,8
2023-06-08 09:00:00,30.0,79,4.8,270,14.8,7,1007.0,8
2023-06-08 10:00:00,30.0,79,0.7,270,13.0,8,1007.0,8
2023-06-08 11:00:00,30.0,79,0.0,270,14.8,8,1007.0,8
2023-06-08 12:00:00,29.0,84,0.0,250,13.0,8,1008.0,7
2023-06-08 13:00:00,29.0,84,0.0,240,11.2,8,1008.0,7
2023-06-08 14:00:00,29.0,84,0.0,230,18.4,7,1009.0,3
2023-06-08 15:00:00,28.0,89,0.0,240,20.5,7,1010.0,3
2023-06-08 16:00:00,28.0,84,0.0,240,16.6,7,1009.0,3
2023-06-08 17:00:00,27.0,89,0.2,250,16.6,7,1009.0,3
2023-06-08 18:00:00,27.0,94,0.3,240,13.0,7,1009.0,3
2023-06-08 19:00:00,27.0,94,0.5,260,9.4,7,1008.0,3
2023-06-08 20:00:00,27.0,94,0.4,260,9.4,7,1008.0,3
2023-06-08 21:00:00,26.0,100,0.0,260,11.2,7,1008.0,3
2023-06-08 22:00:00,26.0,100,0.6,280,9.4,7,1008.0,3
2023-06-08 23:00:00,26.0,100,0.1,183,3.6,7,1008.0,3
2023-06-09 00:00:00,27.0,94,0.2,280,11.2,7,1009.0,3
2023-06-09 01:00:00,28.0,94,0.1,240,13.0,7,1009.0,3
2023-06-09 02:00:00,28.0,94,0.0,260,14.8,7,1010.0,3
2023-06-09 03:00:00,30.0,84,0.0,250,18.4,7,1009.0,3
2023-06-09 04:00:00,31.0,79,0.1,290,22.3,7,1009.0,3
2023-06-09 05:00:00,31.0,84,0.2,280,18.4,7,1008.0,7
2023-06-09 06:00:00,32.0,71,0.1,280,22.3,7,1007.0,7
2023-06-09 07:00:00,31.0,84,0.0,270,13.0,7,1006.0,7
2023-06-09 08:00:00,31.0,79,1.0,250,24.1,7,1006.0,7
2023-06-09 09:00:00,31.0,79,0.0,270,16.6,7,1006.0,8
2023-06-09 10:00:00,30.0,84,0.3,280,13.0,7,1006.0,7
2023-06-09 11:00:00,27.0,94,0.4,229,5.4,7,1006.0,7
2023-06-09 12:00:00,27.0,100,0.2,223,1.8,7,1007.0,7
2023-06-09 13:00:00,28.0,89,0.0,214,5.4,7,1008.0,3
2023-06-09 14:00:00,28.0,89,0.0,250,9.4,7,1008.0,3
2023-06-09 15:00:00,28.0,94,0.5,250,9.4,7,1008.0,3
2023-06-09 16:00:00,28.0,94,0.0,250,11.2,7,1008.0,3
2023-06-09 17:00:00,28.0,94,0.0,240,9.4,7,1007.0,3
2023-06-09 18:00:00,28.0,94,0.0,250,11.2,7,1007.0,3
2023-06-09 19:00:00,27.0,100,0.0,250,11.2,7,1006.0,3
2023-06-09 20:00:00,27.0,94,0.0,260,11.2,7,1006.0,3
2023-06-09 21:00:00,26.0,100,0.0,270,7.6,7,1006.0,3
2023-06-09 22:00:00,26.0,100,0.0,270,5.4,7,1006.0,3
2023-06-09 23:00:00,27.0,94,0.0,260,9.4,7,1006.0,3
2023-06-10 00:00:00,28.0,94,0.0,230,16.6,7,1007.0,3
2023-06-10 01:00:00,29.0,89,0.0,250,16.6,7,1008.0,3
2023-06-10 02:00:00,31.0,79,0.1,250,16.6,7,1008.0,3
2023-06-10 03:00:00,31.0,75,0.2,290,14.8,7,1008.0,3
2023-06-10 04:00:00,32.0,71,0.2,290,20.5,7,1008.0,3
2023-06-10 05:00:00,32.0,75,2.5,240,27.7,7,1007.0,7
2023-06-10 06:00:00,26.0,94,0.0,300,25.9,7,1007.0,7
2023-06-10 07:00:00,30.0,84,6.2,290,11.2,7,1005.0,7
2023-06-10 08:00:00,30.0,84,13.0,280,20.5,7,1005.0,7
2023-06-10 09:00:00,27.0,94,1.2,260,18.4,7,1005.0,8
2023-06-10 10:00:00,27.0,94,0.4,250,16.6,7,1005.0,8
2023-06-10 11:00:00,27.0,94,0.0,250,18.4,7,1006.0,8
2023-06-10 12:00:00,27.0,94,0.0,250,16.6,7,1007.0,7
2023-06-10 13:00:00,27.0,94,0.0,250,13.0,7,1007.0,7
2023-06-10 14:00:00,27.0,94,0.0,250,16.6,7,1008.0,3
2023-06-10 15:00:00,27.0,94,0.0,230,18.4,7,1008.0,3
2023-06-10 16:00:00,27.0,94,0.0,240,14.8,7,1008.0,3
2023-06-10 17:00:00,27.0,94,0.0,240,14.8,7,1007.0,3
2023-06-10 18:00:00,27.0,94,0.0,260,16.6,7,1007.0,3
2023-06-10 19:00:00,26.0,100,0.0,250,14.8,7,1007.0,3
2023-06-10 20:00:00,26.0,100,0.0,250,14.8,7,1006.0,3
2023-06-10 21:00:00,26.0,100,0.0,250,16.6,7,1007.0,3
2023-06-10 22:00:00,26.0,100,0.0,250,16.6,7,1007.0,3
2023-06-10 23:00:00,26.0,100,0.0,250,16.6,7,1007.0,3
2023-06-11 00:00:00,27.0,94,0.0,240,18.4,7,1008.0,3
2023-06-11 01:00:00,28.0,94,0.0,240,20.5,7,1008.0,3
2023-06-11 02:00:00,30.0,84,0.0,260,18.4,7,1008.0,3
2023-06-11 03:00:00,31.0,79,0.0,250,24.1,7,1008.0,3
2023-06-11 04:00:00,32.0,75,0.0,290,22.3,7,1007.0,3
2023-06-11 05:00:00,32.0,71,0.0,290,25.9,7,1007.0,3
2023-06-11 06:00:00,33.0,71,0.1,280,27.7,7,1006.0,3
2023-06-11 07:00:00,33.0,67,1.7,290,27.7,7,1005.0,3
2023-06-11 08:00:00,33.0,67,0.5,280,27.7,7,1004.0,3
2023-06-11 09:00:00,33.0,71,2.4,290,24.1,7,1004.0,7
2023-06-11 10:00:00,30.0,84,0.0,310,11.2,7,1005.0,3
2023-06-11 11:00:00,30.0,84,0.0,240,18.4,7,1006.0,3
2023-06-11 12:00:00,29.0,84,0.0,240,18.4,7,1007.0,3
2023-06-11 13:00:00,28.0,89,0.0,250,14.8,7,1007.0,3
2023-06-11 14:00:00,28.0,89,0.0,250,14.8,7,1008.0,3
2023-06-11 15:00:00,28.0,89,0.7,250,16.6,7,1008.0,3
2023-06-11 16:00:00,27.0,94,0.0,250,13.0,7,1008.0,3
2023-06-11 17:00:00,27.0,94,0.0,250,11.2,7,1008.0,3
2023-06-11 18:00:00,27.0,94,0.0,250,13.0,7,1007.0,3
2023-06-11 19:00:00,27.0,94,0.0,250,9.4,7,1007.0,3
2023-06-11 20:00:00,27.0,94,0.0,230,11.2,7,1007.0,3
2023-06-11 21:00:00,28.0,89,0.0,230,9.4,7,1007.0,3
2023-06-11 22:00:00,28.0,89,0.0,220,11.2,7,1007.0,3
2023-06-11 23:00:00,28.0,89,0.2,210,13.0,7,1007.0,3
2023-06-12 00:00:00,29.0,89,0.0,210,13.0,7,1008.0,3
2023-06-12 01:00:00,31.0,84,0.0,240,14.8,7,1008.0,3
2023-06-12 02:00:00,31.0,79,0.1,250,20.5,7,1009.0,3
2023-06-12 03:00:00,31.0,79,0.0,240,20.5,7,1009.0,3
2023-06-12 04:00:00,33.0,67,0.2,240,22.3,7,1008.0,3
2023-06-12 05:00:00,34.0,63,0.2,230,22.3,7,1007.0,3
2023-06-12 06:00:00,33.0,67,0.0,250,22.3,7,1007.0,7
2023-06-12 07:00:00,33.0,67,0.0,250,22.3,7,1006.0,7
2023-06-12 08:00:00,33.0,63,6.6,240,22.3,7,1005.0,7
2023-06-12 09:00:00,26.0,94,0.4,290,24.1,7,1007.0,7
2023-06-12 10:00:00,26.0,100,0.3,250,14.8,8,1008.0,8
2023-06-12 11:00:00,26.0,94,0.1,250,14.8,8,1008.0,8
2023-06-12 12:00:00,26.0,94,0.2,260,9.4,8,1009.0,7
2023-06-12 13:00:00,26.0,100,0.0,230,11.2,7,1009.0,7
2023-06-12 14:00:00,26.0,100,0.0,260,9.4,7,1009.0,3
2023-06-12 15:00:00,26.0,94,0.0,250,9.4,7,1009.0,3
2023-06-12 16:00:00,27.0,94,0.0,220,11.2,7,1009.0,3
2023-06-12 17:00:00,26.0,100,0.0,210,9.4,7,1010.0,3
2023-06-12 18:00:00,26.0,94,0.0,224,5.4,7,1009.0,3
2023-06-12 19:00:00,26.0,94,0.0,220,5.4,7,1009.0,3
2023-06-12 20:00:00,26.0,100,0.0,217,5.4,7,1008.0,3
2023-06-12 21:00:00,26.0,100,0.0,270,16.6,7,1008.0,3
2023-06-12 22:00:00,25.0,100,0.0,260,18.4,8,1008.0,3
2023-06-12 23:00:00,25.0,94,0.0,270,7.6,7,1008.0,3
2023-06-13 00:00:00,26.0,94,0.0,260,5.4,7,1008.0,3
2023-06-13 01:00:00,27.0,89,0.2,280,7.6,7,1009.0,3
2023-06-13 02:00:00,28.0,89,0.7,260,9.4,7,1009.0,3
2023-06-13 03:00:00,29.0,84,0.2,280,9.4,7,1009.0,3
2023-06-13 04:00:00,30.0,79,0.0,250,5.4,7,1009.0,3
2023-06-13 05:00:00,30.0,84,0.0,320,9.4,7,1009.0,3
2023-06-13 06:00:00,31.0,79,0.0,310,11.2,7,1008.0,3
2023-06-13 07:00:00,33.0,71,0.0,290,9.4,7,1007.0,3
2023-06-13 08:00:00,33.0,67,0.0,270,13.0,7,1006.0,3
2023-06-13 09:00:00,33.0,67,0.3,290,14.8,7,1006.0,7
2023-06-13 10:00:00,32.0,71,0.3,300,16.6,7,1007.0,7
2023-06-13 11:00:00,31.0,75,0.0,270,13.0,7,1008.0,7
2023-06-13 12:00:00,26.0,94,0.0,200,7.6,7,1008.0,3
2023-06-13 13:00:00,27.0,89,0.0,220,7.6,7,1008.0,3
2023-06-13 14:00:00,27.0,94,0.0,220,9.4,7,1009.0,3
2023-06-13 15:00:00,27.0,94,0.0,220,9.4,7,1009.0,2
2023-06-13 16:00:00,27.0,94,0.0,210,9.4,6,1010.0,2
2023-06-13 17:00:00,27.0,94,0.0,210,9.4,6,1010.0,2
2023-06-13 18:00:00,27.0,100,0.0,230,7.6,6,1009.0,2
2023-06-13 19:00:00,27.0,100,0.0,240,11.2,7,1009.0,2
2023-06-13 20:00:00,27.0,100,0.0,250,9.4,7,1009.0,2
2023-06-13 21:00:00,27.0,94,0.0,260,9.4,7,1009.0,2
2023-06-13 22:00:00,27.0,94,0.0,260,7.6,7,1010.0,2
2023-06-13 23:00:00,27.0,100,0.0,270,5.4,6,1010.0,2
2023-06-14 00:00:00,28.0,94,0.0,260,5.4,6,1011.0,2
2023-06-14 01:00:00,30.0,84,0.0,260,13.0,6,1011.0,2
2023-06-14 02:00:00,32.0,75,0.0,270,11.2,6,1011.0,2
2023-06-14 03:00:00,33.0,71,0.1,270,13.0,6,1011.0,2
2023-06-14 04:00:00,33.0,67,0.0,280,22.3,6,1010.0,2
2023-06-14 05:00:00,34.0,67,0.0,280,16.6,6,1010.0,2
2023-06-14 06:00:00,35.0,60,0.0,280,20.5,6,1009.0,2
2023-06-14 07:00:00,34.0,67,0.0,270,19.0,6,1008.0,2
2023-06-14 08:00:00,35.0,63,7.8,290,22.3,6,1007.0,2
2023-06-14 09:00:00,34.0,60,5.1,270,18.4,7,1007.0,2
2023-06-14 10:00:00,33.0,63,0.2,270,16.6,7,1007.0,3
2023-06-14 11:00:00,32.0,71,0.0,250,14.8,7,1008.0,3
2023-06-14 12:00:00,31.0,75,0.0,250,13.0,7,1009.0,3
2023-06-14 13:00:00,30.0,79,0.0,240,18.4,6,1009.0,2
2023-06-14 14:00:00,30.0,79,0.0,240,18.4,6,1010.0,2
2023-06-14 15:00:00,29.0,84,0.0,260,16.6,6,1010.0,2
2023-06-14 16:00:00,29.0,89,0.0,250,13.0,6,1010.0,2
2023-06-14 17:00:00,28.0,89,0.0,260,13.0,6,1010.0,2
2023-06-14 18:00:00,28.0,94,0.0,260,11.2,6,1009.0,2
2023-06-14 19:00:00,28.0,94,0.0,250,13.0,6,1009.0,2
2023-06-14 20:00:00,28.0,94,0.0,250,11.2,6,1009.0,2
2023-06-14 21:00:00,27.0,100,0.0,280,9.4,6,1008.0,2
2023-06-14 22:00:00,27.0,100,0.0,199,5.4,6,1008.0,2
2023-06-14 23:00:00,27.0,100,0.0,270,11.0,6,1009.0,2
2023-06-15 00:00:00,28.0,94,0.0,260,11.2,6,1009.0,2
2023-06-15 01:00:00,29.0,89,0.0,270,13.0,6,1010.0,2
2023-06-15 02:00:00,31.0,75,0.0,280,13.0,6,1010.0,2
2023-06-15 03:00:00,33.0,59,0.0,280,16.6,6,1010.0,2
2023-06-15 04:00:00,34.0,63,0.0,290,16.6,6,1010.0,2
2023-06-15 05:00:00,34.0,60,0.0,280,20.0,6,1009.0,2
2023-06-15 06:00:00,34.0,60,0.0,280,18.4,6,1008.0,2
2023-06-15 07:00:00,35.0,60,0.0,290,14.8,6,1007.0,2
2023-06-15 08:00:00,35.0,60,0.0,300,11.2,6,1007.0,2
2023-06-15 09:00:00,33.0,63,0.5,260,15.0,6,1006.0,2
2023-06-15 10:00:00,33.0,71,3.5,300,11.2,6,1006.0,25
2023-06-15 11:00:00,32.0,71,1.1,280,13.0,7,1007.0,7
2023-06-15 12:00:00,28.0,84,0.0,280,18.4,7,1007.0,2
2023-06-15 13:00:00,27.0,89,0.0,270,17.0,6,1008.0,2
2023-06-15 14:00:00,28.0,84,0.0,310,9.0,6,1009.0,2
2023-06-15 15:00:00,27.0,89,0.0,270,14.8,6,1010.0,2
2023-06-15 16:00:00,27.0,89,0.0,260,7.6,6,1010.0,2
2023-06-15 17:00:00,27.0,89,0.0,201,1.8,6,1009.0,2
2023-06-15 18:00:00,27.0,94,0.0,214,1.8,6,1009.0,2
2023-06-15 19:00:00,27.0,94,0.0,202,1.8,6,1008.0,2
2023-06-15 20:00:00,27.0,100,0.0,220,7.6,6,1008.0,2
2023-06-15 21:00:00,27.0,94,0.0,220,7.6,6,1008.0,2
2023-06-15 22:00:00,27.0,94,0.0,220,7.6,6,1008.0,2
2023-06-15 23:00:00,27.0,100,0.0,151,5.4,6,1008.0,2
2023-06-16 00:00:00,29.0,89,0.0,230,9.4,6,1009.0,2
2023-06-16 01:00:00,30.0,84,0.0,250,13.0,6,1009.0,2
2023-06-16 02:00:00,31.0,79,0.0,260,14.8,6,1009.0,2
2023-06-16 03:00:00,32.0,75,0.2,260,11.2,6,1009.0,2
2023-06-16 04:00:00,33.0,67,0.2,290,13.0,6,1009.0,2
2023-06-16 05:00:00,34.0,63,6.6,300,20.5,6,1008.0,2
2023-06-16 06:00:00,34.0,60,0.1,280,18.4,6,1007.0,2
2023-06-16 07:00:00,34.0,67,4.1,300,18.4,7,1006.0,25
2023-06-16 08:00:00,33.0,67,0.4,280,18.4,7,1005.0,25
2023-06-16 09:00:00,33.0,67,0.0,260,20.5,7,1005.0,7
2023-06-16 10:00:00,32.0,75,0.0,260,11.2,7,1005.0,7
2023-06-16 11:00:00,31.0,79,0.0,260,13.0,7,1006.0,7
2023-06-16 12:00:00,29.0,79,0.2,270,25.9,7,1007.0,7
2023-06-16 13:00:00,27.0,89,0.0,250,16.6,7,1008.0,3
2023-06-16 14:00:00,29.0,74,0.0,220,9.4,7,1009.0,3
2023-06-16 15:00:00,29.0,84,0.0,250,11.2,7,1009.0,3
2023-06-16 16:00:00,28.0,89,0.0,260,11.2,7,1010.0,3
2023-06-16 17:00:00,28.0,94,0.1,240,7.6,7,1010.0,2
2023-06-16 18:00:00,28.0,94,0.3,215,3.6,7,1010.0,2
2023-06-16 19:00:00,28.0,94,0.1,200,5.4,7,1009.0,2
2023-06-16 20:00:00,28.0,94,0.0,10,7.6,7,1009.0,2
2023-06-16 21:00:00,27.0,94,0.0,310,1.8,7,1008.0,2
2023-06-16 22:00:00,27.0,94,0.0,128,1.8,7,1008.0,2
2023-06-16 23:00:00,28.0,94,0.0,149,3.6,7,1008.0,2
2023-06-17 00:00:00,29.0,89,0.0,159,5.4,7,1009.0,3
2023-06-17 01:00:00,29.0,89,0.0,250,7.6,7,1009.0,3
2023-06-17 02:00:00,31.0,84,0.0,250,9.4,7,1010.0,3
2023-06-17 03:00:00,32.0,80,0.0,250,7.6,7,1010.0,3
2023-06-17 04:00:00,32.0,75,0.0,260,7.6,7,1010.0,3
2023-06-17 05:00:00,32.0,75,0.0,250,13.0,7,1009.0,18
2023-06-17 06:00:00,32.0,71,0.2,240,11.2,7,1008.0,25
2023-06-17 07:00:00,32.0,67,0.0,210,11.2,7,1007.0,25
2023-06-17 08:00:00,32.0,71,9.9,190,9.4,7,1006.0,8
2023-06-17 09:00:00,29.0,84,4.6,210,16.6,7,1007.0,8
2023-06-17 10:00:00,27.0,94,1.7,180,14.8,8,1007.0,8
2023-06-17 11:00:00,26.0,94,0.2,200,16.6,8,1008.0,8
2023-06-17 12:00:00,26.0,94,0.0,230,16.6,8,1009.0,7
2023-06-17 13:00:00,26.0,94,0.0,250,20.5,7,1011.0,7
2023-06-17 14:00:00,26.0,100,0.0,250,16.6,7,1011.0,3
2023-06-17 15:00:00,26.0,94,0.0,260,13.0,7,1011.0,3
2023-06-17 16:00:00,26.0,94,0.0,290,9.4,7,1011.0,3
2023-06-17 17:00:00,26.0,94,0.0,209,5.4,7,1011.0,3
2023-06-17 18:00:00,26.0,94,0.2,229,3.6,7,1011.0,3
2023-06-17 19:00:00,26.0,94,0.0,223,5.4,7,1010.0,3
2023-06-17 20:00:00,25.0,100,0.0,215,5.4,7,1010.0,3
2023-06-17 21:00:00,25.0,100,0.0,207,1.8,7,1009.0,3
2023-06-17 22:00:00,25.0,100,0.0,70,3.6,7,1009.0,3
2023-06-17 23:00:00,26.0,94,0.0,60,5.4,6,1009.0,3
2023-06-18 00:00:00,27.0,94,0.0,162,5.4,6,1010.0,3
2023-06-18 01:00:00,29.0,84,0.0,197,3.6,6,1011.0,3
2023-06-18 02:00:00,31.0,75,0.0,260,13.0,6,1011.0,2
2023-06-18 03:00:00,32.0,71,0.0,280,9.4,6,1011.0,2
2023-06-18 04:00:00,32.0,67,0.0,290,16.6,6,1011.0,7
2023-06-18 05:00:00,33.0,67,0.0,260,14.8,6,1010.0,7
2023-06-18 06:00:00,33.0,67,0.0,290,9.4,7,1009.0,25
2023-06-18 07:00:00,31.0,79,7.4,340,1.8,7,1008.0,8
2023-06-18 08:00:00,29.0,89,0.3,210,11.2,7,1007.0,8
2023-06-18 09:00:00,27.0,94,0.2,223,6.0,7,1007.0,8
2023-06-18 10:00:00,29.0,79,0.4,230,11.2,7,1007.0,8
2023-06-18 11:00:00,28.0,89,2.4,260,17.0,7,1008.0,8
2023-06-18 12:00:00,27.0,89,0.2,300,11.2,7,1009.0,8
2023-06-18 13:00:00,27.0,94,0.0,300,5.4,7,1010.0,7
2023-06-18 14:00:00,27.0,94,0.0,0,0.0,7,1010.0,3
2023-06-18 15:00:00,27.0,94,0.0,210,16.6,7,1010.0,3
2023-06-18 16:00:00,27.0,94,0.0,187,5.4,6,1010.0,2
2023-06-18 17:00:00,27.0,94,0.0,290,3.6,6,1010.0,2
2023-06-18 18:00:00,27.0,94,0.0,198,3.6,6,1010.0,2
2023-06-18 19:00:00,26.0,100,0.0,0,0.0,6,1009.0,2
2023-06-18 20:00:00,25.0,100,0.0,191,1.8,6,1009.0,2
2023-06-18 21:00:00,25.0,100,0.0,0,0.0,6,1008.0,2
2023-06-18 22:00:00,25.0,100,0.0,80,3.6,6,1008.0,2
2023-06-18 23:00:00,26.0,94,0.0,147,5.4,6,1009.0,2
2023-06-19 00:00:00,28.0,94,0.0,146,1.8,6,1009.0,2
2023-06-19 01:00:00,29.0,84,0.0,202,1.8,6,1010.0,2
2023-06-19 02:00:00,31.0,70,0.0,300,7.6,6,1010.0,2
2023-06-19 03:00:00,32.0,63,0.0,300,7.6,6,1009.0,2
2023-06-19 04:00:00,33.0,67,0.0,247,7.6,6,1009.0,2
2023-06-19 05:00:00,34.0,60,0.0,310,7.6,6,1009.0,2
2023-06-19 06:00:00,34.0,60,0.0,250,7.6,6,1008.0,2
2023-06-19 07:00:00,35.0,56,0.0,260,9.4,6,1007.0,2
2023-06-19 08:00:00,35.0,56,0.0,290,11.2,6,1007.0,2
2023-06-19 09:00:00,34.0,56,3.0,300,14.8,7,1006.0,2
2023-06-19 10:00:00,34.0,60,0.9,290,14.8,7,1007.0,2
2023-06-19 11:00:00,32.0,67,0.7,290,13.0,7,1007.0,2
2023-06-19 12:00:00,31.0,75,0.2,260,11.2,7,1007.0,2
2023-06-19 13:00:00,30.0,79,0.0,270,7.6,6,1008.0,2
2023-06-19 14:00:00,30.0,79,0.0,250,7.6,6,1009.0,2
2023-06-19 15:00:00,30.0,89,0.0,180,11.2,6,1008.0,2
2023-06-19 16:00:00,29.0,89,0.0,250,18.4,6,1009.0,2
2023-06-19 17:00:00,28.0,89,0.0,260,14.8,6,1009.0,2
2023-06-19 18:00:00,28.0,89,0.0,250,14.8,6,1008.0,2
2023-06-19 19:00:00,28.0,89,0.0,250,11.2,6,1008.0,2
2023-06-19 20:00:00,27.0,94,0.0,260,7.6,6,1008.0,2
2023-06-19 21:00:00,27.0,94,0.0,250,13.0,6,1008.0,2
2023-06-19 22:00:00,27.0,100,0.0,250,9.4,6,1008.0,2
2023-06-19 23:00:00,27.0,100,0.0,250,13.0,6,1009.0,2
2023-06-20 00:00:00,29.0,89,0.0,230,14.8,6,1009.0,2
2023-06-20 01:00:00,30.0,84,0.0,250,14.8,6,1009.0,2
2023-06-20 02:00:00,32.0,75,0.1,270,7.6,6,1010.0,2
2023-06-20 03:00:00,32.0,71,0.3,290,9.4,6,1010.0,2
2023-06-20 04:00:00,34.0,60,0.2,300,14.8,6,1009.0,2
2023-06-20 05:00:00,34.0,60,0.0,300,9.4,6,1009.0,2
2023-06-20 06:00:00,36.0,53,0.1,280,13.0,6,1008.0,2
2023-06-20 07:00:00,36.0,56,0.4,248,9.4,6,1007.0,2
2023-06-20 08:00:00,35.0,53,5.1,280,18.4,6,1006.0,2
2023-06-20 09:00:00,35.0,60,1.0,270,14.8,6,1006.0,2
2023-06-20 10:00:00,35.0,56,0.0,300,14.8,7,1006.0,2
2023-06-20 11:00:00,33.0,63,0.0,300,14.8,7,1007.0,2
2023-06-20 12:00:00,31.0,75,0.0,270,25.9,7,1008.0,2
2023-06-20 13:00:00,29.0,84,0.0,260,16.6,7,1008.0,2
2023-06-20 14:00:00,29.0,84,0.0,240,13.0,6,1008.0,2
2023-06-20 15:00:00,29.0,84,0.0,198,3.6,6,1009.0,2
2023-06-20 16:00:00,29.0,84,0.0,290,9.4,6,1010.0,2
2023-06-20 17:00:00,29.0,84,0.0,213,5.4,6,1010.0,2
2023-06-20 18:00:00,28.0,89,0.0,232,1.8,6,1010.0,2
2023-06-20 19:00:00,28.0,89,0.0,214,1.8,6,1009.0,2
2023-06-20 20:00:00,28.0,89,0.0,310,1.8,6,1009.0,2
2023-06-20 21:00:00,28.0,89,0.0,167,5.4,6,1009.0,2
2023-06-20 22:00:00,28.0,94,0.0,136,3.6,6,1009.0,2
2023-06-20 23:00:00,28.0,94,0.0,144,3.6,6,1009.0,2
2023-06-21 00:00:00,29.0,94,0.0,260,7.6,6,1010.0,2
2023-06-21 01:00:00,30.0,89,0.0,260,11.2,6,1010.0,2
2023-06-21 02:00:00,31.0,84,0.0,250,13.0,6,1010.0,2
2023-06-21 03:00:00,33.0,67,0.0,260,16.6,6,1010.0,2
2023-06-21 04:00:00,34.0,60,0.0,290,11.2,6,1010.0,2
2023-06-21 05:00:00,33.0,67,0.0,270,11.2,6,1010.0,2
2023-06-21 06:00:00,35.0,60,0.0,290,13.0,6,1009.0,2
2023-06-21 07:00:00,35.0,56,0.0,310,14.8,6,1008.0,2
2023-06-21 08:00:00,35.0,56,0.0,280,14.8,6,1007.0,2
2023-06-21 09:00:00,34.0,56,0.0,300,13.0,6,1007.0,25
2023-06-21 10:00:00,34.0,56,0.0,300,13.0,7,1006.0,2
2023-06-21 11:00:00,32.0,67,0.0,260,11.2,7,1007.0,2
2023-06-21 12:00:00,31.0,75,0.0,270,13.0,7,1008.0,2
2023-06-21 13:00:00,30.0,79,0.0,260,16.6,7,1009.0,2
2023-06-21 14:00:00,28.0,79,0.0,250,20.5,6,1010.0,2
2023-06-21 15:00:00,28.0,79,0.0,260,14.8,6,1010.0,2
2023-06-21 16:00:00,27.0,89,0.0,270,13.0,6,1010.0,2
2023-06-21 17:00:00,27.0,94,0.0,250,14.8,6,1010.0,2
2023-06-21 18:00:00,27.0,94,0.0,280,13.0,6,1010.0,2
2023-06-21 19:00:00,27.0,94,0.0,210,1.8,6,1010.0,2
2023-06-21 20:00:00,27.0,89,0.0,193,1.8,6,1009.0,2
2023-06-21 21:00:00,27.0,89,0.0,176,1.8,6,1009.0,2
2023-06-21 22:00:00,26.0,94,0.0,196,1.8,6,1009.0,2
2023-06-21 23:00:00,27.0,94,0.0,158,3.6,6,1010.0,2
2023-06-22 00:00:00,29.0,84,0.0,148,1.8,6,1010.0,2
2023-06-22 01:00:00,30.0,79,0.0,320,7.6,6,1010.0,2
2023-06-22 02:00:00,31.0,75,0.0,280,13.0,6,1011.0,2
2023-06-22 03:00:00,33.0,67,0.2,280,16.6,6,1010.0,2
2023-06-22 04:00:00,34.0,63,0.2,310,16.6,6,1010.0,2
2023-06-22 05:00:00,33.0,67,0.3,290,16.6,6,1009.0,2
2023-06-22 06:00:00,34.0,60,0.3,300,16.6,6,1008.0,2
2023-06-22 07:00:00,35.0,56,0.3,300,13.0,6,1007.0,2
2023-06-22 08:00:00,35.0,53,17.8,310,14.8,6,1006.0,2
2023-06-22 09:00:00,34.0,60,4.4,300,13.0,6,1006.0,2
2023-06-22 10:00:00,34.0,60,1.0,280,11.2,7,1006.0,2
2023-06-22 11:00:00,33.0,67,0.4,280,9.4,7,1007.0,2
2023-06-22 12:00:00,32.0,71,0.0,250,11.2,7,1007.0,2
2023-06-22 13:00:00,32.0,71,0.0,210,9.4,7,1008.0,2
2023-06-22 14:00:00,31.0,79,0.0,210,18.4,6,1008.0,2
2023-06-22 15:00:00,23.0,94,0.0,270,29.5,6,1010.0,2
2023-06-22 16:00:00,25.0,94,0.0,290,7.6,6,1010.0,2
2023-06-22 17:00:00,25.0,94,0.0,200,11.2,6,1009.0,2
2023-06-22 18:00:00,26.0,94,0.0,235,3.6,6,1008.0,2
2023-06-22 19:00:00,26.0,94,0.0,230,7.6,6,1008.0,2
2023-06-22 20:00:00,25.0,100,0.0,280,7.6,6,1008.0,2
2023-06-22 21:00:00,25.0,100,0.0,194,3.6,6,1008.0,2
2023-06-22 22:00:00,25.0,100,0.0,158,2.0,6,1008.0,2
2023-06-22 23:00:00,25.0,100,0.0,140,4.0,6,1008.0,2
2023-06-23 00:00:00,27.0,94,0.0,70,7.6,6,1008.0,2
2023-06-23 01:00:00,28.0,89,0.0,222,3.6,6,1008.0,2
2023-06-23 02:00:00,30.0,79,0.0,238,1.8,6,1008.0,2
2023-06-23 03:00:00,32.0,67,0.0,320,3.6,6,1008.0,2
2023-06-23 04:00:00,34.0,50,0.0,260,9.4,6,1007.0,2
2023-06-23 05:00:00,34.0,60,0.2,280,9.4,6,1007.0,2
2023-06-23 06:00:00,35.0,56,0.0,290,9.4,6,1006.0,2
2023-06-23 07:00:00,36.0,47,0.0,320,13.0,6,1005.0,2
2023-06-23 08:00:00,35.0,53,0.0,290,9.4,6,1005.0,2
2023-06-23 09:00:00,33.0,67,11.6,260,13.0,6,1004.0,25
2023-06-23 10:00:00,33.0,63,8.4,290,9.4,6,1005.0,2
2023-06-23 11:00:00,32.0,71,0.2,250,14.8,6,1005.0,2
2023-06-23 12:00:00,30.0,79,0.0,200,16.6,6,1006.0,2
2023-06-23 13:00:00,30.0,79,0.0,230,9.4,6,1007.0,2
2023-06-23 14:00:00,30.0,79,0.0,220,14.8,6,1007.0,2
2023-06-23 15:00:00,30.0,79,0.0,220,18.4,6,1007.0,2
2023-06-23 16:00:00,29.0,89,0.0,230,16.6,6,1008.0,2
2023-06-23 17:00:00,29.0,89,0.0,260,7.6,6,1008.0,2
2023-06-23 18:00:00,29.0,89,0.0,240,9.4,6,1007.0,2
2023-06-23 19:00:00,28.0,94,0.0,230,9.4,6,1007.0,2
2023-06-23 20:00:00,28.0,94,0.0,185,5.4,6,1007.0,2
2023-06-23 21:00:00,28.0,94,0.0,230,9.4,6,1006.0,2
2023-06-23 22:00:00,28.0,94,0.0,220,5.4,6,1007.0,7
2023-06-23 23:00:00,28.0,94,0.0,151,5.4,6,1008.0,7
2023-06-24 00:00:00,29.0,89,0.0,220,7.6,6,1008.0,7
2023-06-24 01:00:00,30.0,89,0.0,240,13.0,6,1008.0,7
2023-06-24 02:00:00,31.0,79,0.0,250,14.8,6,1008.0,7
2023-06-24 03:00:00,32.0,71,0.0,240,13.0,6,1008.0,7
2023-06-24 04:00:00,33.0,63,0.2,290,9.4,6,1008.0,18
2023-06-24 05:00:00,33.0,63,0.2,244,5.4,6,1007.0,18
2023-06-24 06:00:00,33.0,67,0.2,260,14.8,6,1006.0,25
2023-06-24 07:00:00,34.0,60,0.2,270,13.0,6,1005.0,25
2023-06-24 08:00:00,32.0,71,0.6,260,11.2,6,1004.0,25
2023-06-24 09:00:00,28.0,100,0.2,244,1.8,7,1005.0,2
2023-06-24 10:00:00,31.0,84,0.8,270,3.6,7,1005.0,3
2023-06-24 11:00:00,29.0,89,0.0,177,3.6,7,1005.0,3
2023-06-24 12:00:00,29.0,89,0.0,171,5.4,7,1006.0,3
2023-06-24 13:00:00,28.0,89,0.0,290,7.6,7,1008.0,2
2023-06-24 14:00:00,27.0,94,0.0,190,5.4,6,1008.0,2
2023-06-24 15:00:00,27.0,94,0.0,198,3.6,6,1007.0,2
2023-06-24 16:00:00,26.0,100,0.0,194,5.4,6,1008.0,2
2023-06-24 17:00:00,27.0,94,0.0,199,1.8,6,1008.0,2
2023-06-24 18:00:00,27.0,94,0.0,213,3.6,6,1007.0,2
2023-06-24 19:00:00,26.0,100,0.0,198,3.6,6,1007.0,2
2023-06-24 20:00:00,26.0,94,0.0,181,1.8,6,1007.0,2
2023-06-24 21:00:00,25.0,100,0.0,100,5.4,6,1007.0,2
2023-06-24 22:00:00,26.0,100,0.0,117,1.8,6,1007.0,2
2023-06-24 23:00:00,27.0,94,0.0,140,5.4,6,1007.0,2
2023-06-25 00:00:00,28.0,94,0.0,153,1.8,6,1008.0,2
2023-06-25 01:00:00,29.0,89,0.0,206,5.4,6,1007.0,2
2023-06-25 02:00:00,31.0,84,0.1,250,9.4,6,1008.0,2
2023-06-25 03:00:00,32.0,75,0.3,250,7.6,6,1008.0,2
2023-06-25 04:00:00,33.0,71,0.3,280,7.6,6,1007.0,2
2023-06-25 05:00:00,29.0,94,0.5,190,14.8,6,1007.0,2
2023-06-25 06:00:00,30.0,84,0.9,243,1.8,6,1006.0,2
2023-06-25 07:00:00,27.0,94,11.5,220,25.9,6,1006.0,2
2023-06-25 08:00:00,27.0,89,0.2,220,11.2,6,1006.0,25
2023-06-25 09:00:00,26.0,94,0.4,310,14.8,7,1005.0,17
2023-06-25 10:00:00,28.0,84,0.1,220,11.2,7,1006.0,25
2023-06-25 11:00:00,27.0,89,0.0,230,13.0,7,1007.0,2
2023-06-25 12:00:00,27.0,94,0.0,250,18.4,7,1008.0,3
2023-06-25 13:00:00,26.0,94,0.0,260,5.4,7,1008.0,2
2023-06-25 14:00:00,26.0,94,0.0,195,1.8,6,1009.0,2
2023-06-25 15:00:00,26.0,94,0.0,40,13.0,6,1010.0,2
2023-06-25 16:00:00,26.0,100,0.0,30,11.2,6,1009.0,2
2023-06-25 17:00:00,25.0,100,0.0,206,5.4,6,1008.0,2
2023-06-25 18:00:00,25.0,100,0.0,100,1.8,6,1007.0,2
2023-06-25 19:00:00,25.0,100,0.0,80,5.4,6,1006.0,2
2023-06-25 20:00:00,25.0,100,0.0,130,3.6,6,1007.0,2
2023-06-25 21:00:00,25.0,100,0.0,40,3.6,6,1007.0,2
2023-06-25 22:00:00,25.0,94,0.0,60,5.4,6,1007.0,2
2023-06-25 23:00:00,25.0,100,0.0,153,1.8,6,1007.0,2
2023-06-26 00:00:00,28.0,84,0.0,155,1.8,6,1008.0,2
2023-06-26 01:00:00,30.0,79,0.0,207,1.8,6,1008.0,2
2023-06-26 02:00:00,31.0,75,0.1,218,3.6,6,1009.0,2
2023-06-26 03:00:00,31.0,75,0.1,224,5.4,6,1008.0,2
2023-06-26 04:00:00,32.0,75,0.2,260,9.4,6,1008.0,2
2023-06-26 05:00:00,32.0,71,0.0,300,9.4,6,1007.0,18
2023-06-26 06:00:00,34.0,63,0.2,300,9.4,6,1006.0,18
2023-06-26 07:00:00,34.0,60,0.2,261,5.4,7,1006.0,25
2023-06-26 08:00:00,35.0,56,0.0,261,3.6,7,1005.0,25
2023-06-26 09:00:00,33.0,63,3.6,190,18.4,7,1005.0,25
2023-06-26 10:00:00,30.0,84,0.0,167,5.4,7,1005.0,25
2023-06-26 11:00:00,29.0,84,0.0,230,22.3,7,1006.0,25
2023-06-26 12:00:00,29.0,84,0.1,250,22.3,7,1007.0,25
2023-06-26 13:00:00,27.0,94,0.3,280,13.0,7,1008.0,3
2023-06-26 14:00:00,27.0,89,0.0,280,16.6,7,1008.0,3
2023-06-26 15:00:00,26.0,94,0.0,280,9.4,7,1008.0,2
2023-06-26 16:00:00,26.0,100,0.0,280,5.4,6,1008.0,2
2023-06-26 17:00:00,27.0,94,0.0,0,0.0,6,1008.0,2
2023-06-26 18:00:00,26.0,100,0.0,216,1.8,6,1008.0,2
2023-06-26 19:00:00,26.0,94,0.0,270,5.4,6,1008.0,2
2023-06-26 20:00:00,25.0,100,0.0,250,7.6,6,1007.0,2
2023-06-26 21:00:00,25.0,100,0.0,260,9.4,6,1007.0,2
2023-06-26 22:00:00,25.0,100,0.0,139,1.8,6,1007.0,2
2023-06-26 23:00:00,25.0,100,0.0,340,1.8,6,1008.0,2
2023-06-27 00:00:00,27.0,94,0.0,146,3.6,6,1008.0,2
2023-06-27 01:00:00,28.0,89,0.0,187,3.6,6,1009.0,2
2023-06-27 02:00:00,29.0,84,0.0,196,5.4,6,1009.0,2
2023-06-27 03:00:00,31.0,79,0.0,204,3.6,6,1009.0,2
2023-06-27 04:00:00,33.0,67,0.0,260,3.6,6,1009.0,2
2023-06-27 05:00:00,33.0,71,0.1,257,5.4,6,1008.0,18
2023-06-27 06:00:00,33.0,67,0.1,340,5.4,6,1007.0,18
2023-06-27 07:00:00,34.0,63,0.3,350,7.6,6,1006.0,25
2023-06-27 08:00:00,30.0,84,0.5,300,9.4,7,1006.3,25
2023-06-27 09:00:00,30.0,84,5.5,220,13.0,7,1005.0,25
2023-06-27 10:00:00,32.0,75,1.7,250,7.6,7,1006.0,25
2023-06-27 11:00:00,31.0,79,0.0,260,7.6,7,1006.0,25
2023-06-27 12:00:00,30.0,84,0.0,190,18.4,7,1007.0,7
2023-06-27 13:00:00,28.0,89,0.0,154,7.6,7,1008.0,7
2023-06-27 14:00:00,26.0,94,0.0,70,11.2,7,1010.0,3
2023-06-27 15:00:00,26.0,94,0.0,198,3.6,7,1010.0,3
2023-06-27 16:00:00,26.0,94,0.0,80,13.0,7,1010.0,3
2023-06-27 17:00:00,26.0,94,0.0,120,7.6,7,1010.0,3
2023-06-27 18:00:00,26.0,94,0.0,216,3.6,7,1009.0,3
2023-06-27 19:00:00,26.0,100,0.0,202,5.4,7,1009.0,2
2023-06-27 20:00:00,27.0,94,0.0,200,9.4,7,1009.0,2
2023-06-27 21:00:00,26.0,100,0.0,220,5.4,7,1008.0,2
2023-06-27 22:00:00,26.0,100,0.0,172,1.8,7,1008.0,2
2023-06-27 23:00:00,26.0,100,0.0,174,1.8,7,1009.0,2
2023-06-28 00:00:00,28.0,94,0.0,239,1.8,7,1009.0,2
2023-06-28 01:00:00,29.0,89,0.0,200,3.6,7,1010.0,2
2023-06-28 02:00:00,30.0,84,0.0,214,5.4,6,1010.0,2
2023-06-28 03:00:00,32.0,75,0.2,260,14.8,6,1010.0,2
2023-06-28 04:00:00,32.0,80,0.2,260,7.6,6,1010.0,2
2023-06-28 05:00:00,32.0,71,0.2,300,9.4,6,1009.0,2
2023-06-28 06:00:00,34.0,63,4.0,310,7.6,6,1008.0,18
2023-06-28 07:00:00,33.0,67,2.1,270,11.2,7,1007.0,25
2023-06-28 08:00:00,27.0,100,2.1,120,22.3,7,1007.0,25
2023-06-28 09:00:00,28.0,94,1.5,220,11.2,7,1007.0,17
2023-06-28 10:00:00,26.0,94,0.0,190,9.4,7,1007.0,25
2023-06-28 11:00:00,27.0,100,0.0,210,9.4,7,1007.0,7
2023-06-28 12:00:00,28.0,94,0.0,220,11.2,7,1008.0,7
2023-06-28 13:00:00,28.0,94,0.0,220,11.2,7,1009.0,3
2023-06-28 14:00:00,27.0,100,0.0,240,7.6,7,1009.0,3
2023-06-28 15:00:00,27.0,100,0.0,198,5.4,7,1010.0,3
2023-06-28 16:00:00,28.0,94,0.0,210,7.6,7,1010.0,3
2023-06-28 17:00:00,27.0,94,0.0,210,7.6,7,1010.0,3
2023-06-28 18:00:00,27.0,94,0.0,220,5.4,7,1010.0,3
2023-06-28 19:00:00,27.0,94,0.0,210,5.4,7,1009.0,3
2023-06-28 20:00:00,27.0,94,0.0,176,5.4,7,1009.0,3
2023-06-28 21:00:00,27.0,94,0.0,220,7.6,6,1009.0,2
2023-06-28 22:00:00,26.0,100,0.0,200,5.4,6,1009.0,2
2023-06-28 23:00:00,27.0,94,0.0,210,7.6,6,1009.0,2
2023-06-29 00:00:00,28.0,94,0.0,220,11.2,6,1009.0,2
2023-06-29 01:00:00,29.0,89,0.0,210,16.6,6,1009.0,2
2023-06-29 02:00:00,31.0,84,0.0,220,18.4,6,1009.0,2
2023-06-29 03:00:00,32.0,80,0.1,250,13.0,6,1010.0,2
2023-06-29 04:00:00,32.0,71,0.2,250,14.8,6,1009.0,2
2023-06-29 05:00:00,32.0,71,0.4,220,7.6,6,1009.0,2
2023-06-29 06:00:00,32.0,71,0.2,250,13.0,7,1007.0,18
2023-06-29 07:00:00,30.0,89,9.3,330,7.6,7,1006.0,25
2023-06-29 08:00:00,28.0,94,0.4,340,11.2,7,1006.0,25
2023-06-29 09:00:00,26.0,100,3.5,10,16.6,7,1006.0,18
2023-06-29 10:00:00,24.0,100,0.6,210,3.6,7,1007.0,17
2023-06-29 11:00:00,26.0,100,0.3,158,5.4,7,1007.0,7
2023-06-29 12:00:00,27.0,94,0.0,183,5.4,7,1007.0,7
2023-06-29 13:00:00,27.0,94,0.0,280,7.6,7,1008.0,3
2023-06-29 14:00:00,27.0,94,0.0,260,7.6,7,1009.0,3
2023-06-29 15:00:00,27.0,94,0.0,220,7.0,7,1009.0,3
2023-06-29 16:00:00,28.0,94,0.0,196,3.6,7,1010.0,3
2023-06-29 17:00:00,28.0,94,0.0,200,9.0,7,1009.0,3
2023-06-29 18:00:00,27.0,100,0.0,217,6.0,7,1009.0,3
2023-06-29 19:00:00,27.0,100,0.0,170,7.6,7,1008.0,3
2023-06-29 20:00:00,27.0,100,0.0,220,7.0,7,1007.0,2
2023-06-29 21:00:00,27.0,100,0.0,200,3.6,6,1007.0,2
2023-06-29 22:00:00,27.0,100,0.0,132,5.4,6,1007.0,2
2023-06-29 23:00:00,27.0,100,0.0,180,7.6,6,1008.0,2
2023-06-30 00:00:00,28.0,94,0.0,190,7.0,6,1009.0,2
2023-06-30 01:00:00,30.0,84,0.0,220,7.6,6,1009.0,2
2023-06-30 02:00:00,31.0,84,0.0,230,18.4,6,1009.0,2
2023-06-30 03:00:00,32.0,75,0.1,240,14.8,6,1009.0,2
2023-06-30 04:00:00,32.0,75,0.2,230,14.8,6,1009.0,2
2023-06-30 05:00:00,33.0,67,0.1,230,18.4,6,1008.0,18
2023-06-30 06:00:00,35.0,60,0.8,250,18.4,7,1007.0,25
2023-06-30 07:00:00,34.0,63,0.6,240,18.4,7,1006.0,7
2023-06-30 08:00:00,35.0,63,2.3,240,16.6,7,1005.0,7
2023-06-30 09:00:00,25.0,100,4.7,240,40.7,7,1007.0,7
2023-06-30 10:00:00,25.0,100,0.0,217,3.6,7,1007.0,7
2023-06-30 11:00:00,26.0,100,0.8,210,3.6,7,1007.0,7
2023-06-30 12:00:00,27.0,100,0.6,270,5.4,7,1008.0,7
2023-06-30 13:00:00,27.0,100,0.0,196,3.6,7,1009.0,3
2023-06-30 14:00:00,26.0,100,0.0,50,7.6,7,1010.0,3
2023-06-30 15:00:00,26.0,100,0.3,40,7.6,7,1010.0,3
2023-06-30 16:00:00,26.0,100,0.0,190,5.4,7,1010.0,3
2023-06-30 17:00:00,26.0,100,0.0,60,9.4,7,1010.0,5
2023-06-30 18:00:00,26.0,94,0.0,70,9.4,7,1009.0,3
2023-06-30 19:00:00,26.0,94,0.0,197,3.6,7,1008.0,3
2023-06-30 20:00:00,26.0,94,0.0,194,1.8,7,1008.0,3
2023-06-30 21:00:00,26.0,100,0.0,192,1.8,7,1008.0,3
2023-06-30 22:00:00,26.0,100,0.0,166,3.6,7,1007.0,3
2023-06-30 23:00:00,27.0,94,0.0,160,5.4,7,1007.0,3
2023-07-01 00:00:00,28.0,94,0.0,200,9.4,7,1008.0,3
2023-07-01 01:00:00,29.0,89,0.0,200,14.8,7,1009.0,3
2023-07-01 02:00:00,30.0,79,0.0,230,20.5,7,1009.0,3
2023-07-01 03:00:00,32.0,75,0.0,220,20.5,7,1010.0,3
2023-07-01 04:00:00,32.0,75,3.2,240,20.5,7,1009.0,3
2023-07-01 05:00:00,32.0,71,0.3,240,18.4,7,1009.0,7
2023-07-01 06:00:00,32.0,75,0.6,230,14.8,7,1008.0,25
2023-07-01 07:00:00,32.0,75,1.4,240,11.2,7,1007.0,7
2023-07-01 08:00:00,25.0,100,10.2,310,11.2,7,1008.0,7
2023-07-01 09:00:00,26.0,100,17.9,250,11.2,7,1008.0,8
2023-07-01 10:00:00,26.0,100,1.8,164,3.6,7,1009.0,8
2023-07-01 11:00:00,26.0,100,0.5,167,5.4,8,1008.0,8
2023-07-01 12:00:00,26.0,100,0.4,171,3.6,8,1009.0,7
2023-07-01 13:00:00,25.0,100,0.2,250,22.3,8,1011.0,7
2023-07-01 14:00:00,25.0,100,0.0,250,9.4,7,1011.0,7
2023-07-01 15:00:00,25.0,100,0.0,260,11.2,7,1012.0,7
2023-07-01 16:00:00,25.0,100,0.0,230,7.6,7,1012.0,3
2023-07-01 17:00:00,26.0,94,0.0,196,5.4,7,1010.0,3
2023-07-01 18:00:00,26.0,94,0.0,207,3.6,7,1010.0,3
2023-07-01 19:00:00,26.0,94,0.0,180,5.4,7,1009.0,3
2023-07-01 20:00:00,26.0,94,0.0,187,3.6,7,1009.0,3
2023-07-01 21:00:00,25.0,100,0.0,90,5.4,7,1009.0,3
2023-07-01 22:00:00,25.0,100,0.4,156,3.6,7,1009.0,7
2023-07-01 23:00:00,26.0,94,0.3,163,3.6,7,1009.0,7
2023-07-02 00:00:00,26.0,100,0.2,168,5.4,8,1010.0,7
2023-07-02 01:00:00,27.0,100,0.0,205,5.4,7,1010.0,7
2023-07-02 02:00:00,28.0,94,0.2,215,3.6,7,1011.0,7
2023-07-02 03:00:00,29.0,89,3.2,210,9.4,7,1011.0,7
2023-07-02 04:00:00,30.0,89,0.4,200,13.0,8,1011.0,7
2023-07-02 05:00:00,31.0,84,0.3,180,9.4,7,1010.0,7
2023-07-02 06:00:00,31.0,84,0.2,140,7.6,7,1009.0,8
2023-07-02 07:00:00,28.0,89,0.4,240,20.5,7,1009.0,8
2023-07-02 08:00:00,25.0,94,0.0,210,13.0,7,1009.0,8
2023-07-02 09:00:00,25.0,100,0.0,235,5.4,7,1009.0,8
2023-07-02 10:00:00,25.0,100,0.0,198,5.4,8,1008.0,9
2023-07-02 11:00:00,26.0,94,0.0,204,5.4,8,1009.0,8
2023-07-02 12:00:00,26.0,94,0.0,213,1.8,8,1009.0,8
2023-07-02 13:00:00,25.0,100,0.1,202,1.8,7,1011.0,7
2023-07-02 14:00:00,25.0,100,0.0,195,1.8,7,1011.0,7
2023-07-02 15:00:00,25.0,100,0.0,40,3.6,7,1012.0,7
2023-07-02 16:00:00,25.0,100,0.0,50,3.6,7,1012.0,3
2023-07-02 17:00:00,25.0,100,0.0,198,5.4,7,1011.0,3
2023-07-02 18:00:00,26.0,94,0.0,209,3.6,7,1011.0,3
2023-07-02 19:00:00,25.0,100,0.0,90,5.4,7,1010.0,3
2023-07-02 20:00:00,25.0,100,0.0,192,3.6,7,1010.0,3
2023-07-02 21:00:00,25.0,100,0.0,20,1.8,7,1009.0,3
2023-07-02 22:00:00,25.0,100,0.0,60,3.6,7,1010.0,3
2023-07-02 23:00:00,26.0,94,0.0,90,5.4,7,1010.0,3
2023-07-03 00:00:00,27.0,94,0.0,90,7.6,7,1011.0,3
2023-07-03 01:00:00,29.0,89,0.0,210,1.8,7,1011.0,3
2023-07-03 02:00:00,30.0,84,0.0,320,1.8,7,1011.0,3
2023-07-03 03:00:00,30.0,84,0.0,240,11.2,7,1011.0,3
2023-07-03 04:00:00,32.0,75,0.0,280,13.0,7,1011.0,3
2023-07-03 05:00:00,33.0,63,0.0,290,14.8,7,1010.0,7
2023-07-03 06:00:00,33.0,67,0.0,300,13.0,7,1009.0,18
2023-07-03 07:00:00,32.0,71,0.1,300,11.2,7,1009.0,25
2023-07-03 08:00:00,33.0,67,3.9,310,11.2,7,1007.0,8
2023-07-03 09:00:00,33.0,67,1.1,280,13.0,7,1007.0,8
2023-07-03 10:00:00,30.0,84,1.0,270,14.8,7,1008.0,8
2023-07-03 11:00:00,28.0,94,1.5,250,14.8,7,1008.0,7
2023-07-03 12:00:00,27.0,100,0.3,250,14.8,7,1009.0,7
2023-07-03 13:00:00,27.0,94,0.7,260,14.8,7,1010.0,7
2023-07-03 14:00:00,27.0,89,0.1,280,13.0,7,1011.0,3
2023-07-03 15:00:00,26.0,100,0.0,290,7.6,7,1011.0,3
2023-07-03 16:00:00,26.0,100,0.0,195,1.8,7,1011.0,3
2023-07-03 17:00:00,26.0,94,0.0,320,7.6,7,1011.0,3
2023-07-03 18:00:00,26.0,94,0.0,215,1.8,7,1011.0,3
2023-07-03 19:00:00,25.0,100,0.0,340,7.6,7,1010.0,3
2023-07-03 20:00:00,25.0,94,0.0,30,7.6,7,1010.0,3
2023-07-03 21:00:00,25.0,94,0.0,30,9.4,7,1009.0,3
2023-07-03 22:00:00,24.0,100,0.0,170,3.6,7,1009.0,3
2023-07-03 23:00:00,25.0,94,0.0,142,3.6,7,1010.0,3
2023-07-04 00:00:00,26.0,94,0.0,137,3.6,7,1010.0,3
2023-07-04 01:00:00,27.0,89,0.0,20,7.6,7,1010.0,3
2023-07-04 02:00:00,29.0,79,0.0,203,5.4,7,1010.5,3
2023-07-04 03:00:00,30.0,75,0.0,216,1.8,7,1010.7,2
2023-07-04 04:00:00,32.0,67,0.0,350,9.4,7,1010.0,2
2023-07-04 05:00:00,33.0,67,0.0,20,9.4,7,1009.0,2
2023-07-04 06:00:00,33.0,63,0.0,330,14.8,7,1009.0,7
2023-07-04 07:00:00,34.0,63,0.0,340,9.4,7,1008.0,18
2023-07-04 08:00:00,34.0,60,0.0,340,13.0,7,1007.0,25
2023-07-04 09:00:00,34.0,60,0.0,340,13.0,7,1007.0,7
2023-07-04 10:00:00,33.0,59,0.0,320,11.2,7,1007.0,7
2023-07-04 11:00:00,32.0,63,0.0,320,9.4,7,1008.0,7
2023-07-04 12:00:00,31.0,75,0.0,300,7.6,7,1008.0,7
2023-07-04 13:00:00,30.0,79,0.0,290,7.6,7,1009.0,3
2023-07-04 14:00:00,30.0,79,0.0,210,3.6,7,1009.0,3
2023-07-04 15:00:00,29.0,84,0.0,221,3.6,7,1010.0,2
2023-07-04 16:00:00,29.0,89,0.0,300,9.4,7,1010.0,2
2023-07-04 17:00:00,28.0,94,0.0,219,1.8,7,1009.0,2
2023-07-04 18:00:00,28.0,89,0.0,216,3.6,6,1009.0,2
2023-07-04 19:00:00,27.0,94,0.0,197,1.8,6,1008.0,2
2023-07-04 20:00:00,27.0,94,0.0,180,5.4,6,1008.0,2
2023-07-04 21:00:00,26.0,100,0.0,320,3.6,6,1008.0,2
2023-07-04 22:00:00,26.0,100,0.0,113,5.4,6,1008.0,2
2023-07-04 23:00:00,26.0,100,0.0,115,1.8,6,1009.2,2
2023-07-05 00:00:00,28.0,94,0.0,115,3.6,6,1009.6,2
2023-07-05 01:00:00,30.0,84,0.0,79,5.4,6,1009.7,2
2023-07-05 02:00:00,31.0,79,0.0,20,7.6,6,1009.9,2
2023-07-05 03:00:00,32.0,75,0.0,39,5.4,6,1010.1,2
2023-07-05 04:00:00,33.0,63,0.0,350,14.8,6,1009.0,2
2023-07-05 05:00:00,34.0,63,0.0,13,7.6,6,1008.0,2
2023-07-05 06:00:00,34.0,56,0.0,320,11.2,6,1008.0,18
2023-07-05 07:00:00,33.0,67,0.0,26,5.4,6,1007.0,25
2023-07-05 08:00:00,32.0,71,8.7,290,13.0,6,1006.0,25
2023-07-05 09:00:00,33.0,67,0.5,240,14.8,7,1005.0,25
2023-07-05 10:00:00,25.0,100,0.1,30,16.6,7,1007.0,25
2023-07-05 11:00:00,25.0,100,0.0,110,18.4,7,1007.0,25
2023-07-05 12:00:00,25.0,100,0.5,70,5.4,7,1008.0,25
2023-07-05 13:00:00,26.0,100,0.0,111,5.4,7,1009.0,7
2023-07-05 14:00:00,26.0,94,0.0,350,13.0,7,1010.0,3
2023-07-05 15:00:00,26.0,94,0.0,320,7.6,7,1011.0,2
2023-07-05 16:00:00,26.0,94,0.0,211,3.6,6,1011.0,2
2023-07-05 17:00:00,26.0,100,0.0,214,3.6,6,1011.0,2
2023-07-05 18:00:00,26.0,100,0.1,0,0.0,6,1010.0,2
2023-07-05 19:00:00,26.0,100,0.8,207,1.8,6,1009.0,2
2023-07-05 20:00:00,26.0,94,0.4,185,3.6,6,1009.0,2
2023-07-05 21:00:00,25.0,100,0.2,80,5.4,6,1009.0,2
2023-07-05 22:00:00,26.0,94,0.0,153,3.6,6,1009.0,2
2023-07-05 23:00:00,25.0,100,0.0,300,3.6,6,1009.0,2
2023-07-06 00:00:00,27.0,94,0.0,149,3.6,6,1010.0,5
2023-07-06 01:00:00,28.0,89,0.0,141,3.6,6,1010.0,2
2023-07-06 02:00:00,31.0,79,0.0,111,3.6,6,1010.6,2
2023-07-06 03:00:00,31.0,75,0.2,98,1.8,6,1010.8,2
2023-07-06 04:00:00,33.0,67,0.0,105,3.6,6,1010.3,2
2023-07-06 05:00:00,34.0,63,0.0,71,5.4,6,1009.7,2
2023-07-06 06:00:00,32.0,67,0.0,324,5.4,6,1009.1,25
2023-07-06 07:00:00,27.0,94,0.0,340,16.6,6,1008.4,25
2023-07-06 08:00:00,29.0,89,0.0,69,1.8,6,1007.7,25
2023-07-06 09:00:00,31.0,75,0.0,140,11.2,7,1007.0,25
2023-07-06 10:00:00,30.0,84,0.3,160,9.4,7,1007.6,25
2023-07-06 11:00:00,28.0,89,4.2,280,9.4,7,1008.2,25
2023-07-06 12:00:00,27.0,94,0.5,106,3.6,7,1008.7,25
2023-07-06 13:00:00,27.0,85,0.0,122,5.5,6,1009.4,2
2023-07-06 14:00:00,27.0,94,0.0,163,6.0,6,1010.0,2
2023-07-06 15:00:00,27.0,94,0.0,214,5.4,6,1011.0,2
2023-07-06 16:00:00,27.0,94,0.0,197,1.8,6,1011.0,2
2023-07-06 17:00:00,26.0,100,0.0,0,0.0,6,1010.0,2
2023-07-06 18:00:00,26.0,100,0.0,208,3.6,6,1010.0,2
2023-07-06 19:00:00,26.0,100,0.0,196,1.8,6,1009.0,2
2023-07-06 20:00:00,26.0,100,0.0,60,3.6,6,1009.0,2
2023-07-06 21:00:00,26.0,100,0.0,340,3.6,6,1009.0,2
2023-07-06 22:00:00,26.0,94,0.0,110,1.8,6,1009.0,2
2023-07-06 23:00:00,26.0,100,0.0,184,1.8,6,1010.0,5
2023-07-07 00:00:00,28.0,94,0.0,191,5.4,6,1010.0,2
2023-07-07 01:00:00,30.0,84,0.0,90,7.6,6,1011.0,2
2023-07-07 02:00:00,31.0,79,0.0,157,5.4,6,1011.0,2
2023-07-07 03:00:00,32.0,71,0.0,110,7.6,6,1011.0,2
2023-07-07 04:00:00,33.0,63,0.0,169,5.4,6,1010.0,2
2023-07-07 05:00:00,34.0,60,0.1,184,7.6,6,1009.0,2
2023-07-07 06:00:00,33.0,63,0.0,170,9.4,6,1008.0,2
2023-07-07 07:00:00,35.0,56,1.0,147,7.6,6,1008.0,2
2023-07-07 08:00:00,34.0,63,1.1,180,11.2,6,1006.0,25
2023-07-07 09:00:00,33.0,67,0.2,190,18.4,6,1006.0,25
2023-07-07 10:00:00,32.0,67,0.0,170,18.4,7,1007.0,25
2023-07-07 11:00:00,31.0,75,0.0,140,16.6,7,1008.0,25
2023-07-07 12:00:00,30.0,79,0.0,180,18.4,7,1009.0,3
2023-07-07 13:00:00,30.0,84,0.0,170,16.6,7,1010.0,3
2023-07-07 14:00:00,29.0,89,0.3,160,13.0,6,1010.0,2
2023-07-07 15:00:00,29.0,89,0.0,190,13.0,6,1011.0,2
2023-07-07 16:00:00,29.0,89,0.0,160,11.2,6,1011.0,2
2023-07-07 17:00:00,29.0,89,0.0,150,11.2,6,1010.0,2
2023-07-07 18:00:00,29.0,89,0.0,150,7.6,6,1009.0,2
2023-07-07 19:00:00,28.0,94,0.1,150,5.4,6,1009.0,2
2023-07-07 20:00:00,28.0,94,0.0,202,3.6,6,1009.0,2
2023-07-07 21:00:00,28.0,94,0.0,169,3.6,6,1009.0,2
2023-07-07 22:00:00,28.0,94,0.0,118,1.8,6,1009.0,2
2023-07-07 23:00:00,28.0,94,0.0,187,3.6,6,1010.0,2
2023-07-08 00:00:00,29.0,94,0.1,199,5.4,6,1011.0,2
2023-07-08 01:00:00,29.0,94,0.1,130,14.8,6,1011.0,2
2023-07-08 02:00:00,29.0,89,0.2,290,11.2,6,1011.0,2
2023-07-08 03:00:00,29.0,89,0.0,290,11.2,6,1011.0,2
2023-07-08 04:00:00,26.0,100,0.1,70,14.8,6,1011.0,2
2023-07-08 05:00:00,27.0,100,3.5,310,9.4,6,1010.0,18
2023-07-08 06:00:00,29.0,89,1.0,192,5.4,6,1010.0,25
2023-07-08 07:00:00,29.0,94,0.2,156,1.8,6,1009.0,25
2023-07-08 08:00:00,30.0,84,0.1,109,5.4,7,1007.0,25
2023-07-08 09:00:00,31.0,79,0.9,170,9.4,7,1008.0,8
2023-07-08 10:00:00,31.0,75,0.0,170,11.2,7,1008.0,8
2023-07-08 11:00:00,30.0,79,0.5,180,13.0,7,1008.0,8
2023-07-08 12:00:00,29.0,84,0.5,150,7.6,7,1009.0,7
2023-07-08 13:00:00,29.0,84,0.0,134,3.6,7,1010.0,7
2023-07-08 14:00:00,29.0,89,0.0,160,9.4,7,1011.0,3
2023-07-08 15:00:00,29.0,89,0.0,170,9.4,7,1010.0,3
2023-07-08 16:00:00,28.0,94,0.0,180,11.2,6,1010.0,2
2023-07-08 17:00:00,28.0,94,0.0,210,13.0,6,1010.0,2
2023-07-08 18:00:00,26.0,100,0.0,221,3.6,6,1009.0,2
2023-07-08 19:00:00,27.0,94,0.0,210,9.4,6,1009.0,2
2023-07-08 20:00:00,27.0,94,0.0,220,9.4,6,1009.0,2
2023-07-08 21:00:00,27.0,94,0.5,196,5.4,6,1009.0,2
2023-07-08 22:00:00,26.0,100,0.6,159,3.6,7,1010.0,2
2023-07-08 23:00:00,26.0,100,2.1,0,0.0,7,1010.0,3
2023-07-09 00:00:00,27.0,100,0.1,198,3.6,7,1010.0,3
2023-07-09 01:00:00,28.0,94,5.3,220,7.6,7,1011.0,3
2023-07-09 02:00:00,30.0,84,0.1,200,11.2,7,1011.0,2
2023-07-09 03:00:00,30.0,79,0.0,230,7.6,7,1011.0,2
2023-07-09 04:00:00,32.0,71,0.2,190,11.2,7,1010.0,7
2023-07-09 05:00:00,32.0,75,1.8,180,11.2,7,1009.0,18
2023-07-09 06:00:00,28.0,89,0.2,330,13.0,7,1009.0,25
2023-07-09 07:00:00,26.0,94,0.2,290,11.2,7,1009.0,25
2023-07-09 08:00:00,27.0,94,0.0,280,7.6,7,1008.0,17
2023-07-09 09:00:00,28.0,94,0.9,290,9.4,7,1009.0,25
2023-07-09 10:00:00,27.0,94,0.0,109,5.4,8,1009.0,25
2023-07-09 11:00:00,27.0,94,0.0,111,3.6,7,1009.0,8
2023-07-09 12:00:00,27.0,94,0.0,290,7.6,7,1010.0,8
2023-07-09 13:00:00,26.0,100,0.0,140,3.6,7,1011.0,7
2023-07-09 14:00:00,26.0,100,0.0,190,3.6,7,1011.0,7
2023-07-09 15:00:00,26.0,100,0.0,225,5.4,7,1011.0,3
2023-07-09 16:00:00,26.0,100,0.0,50,7.6,7,1010.0,2
2023-07-09 17:00:00,26.0,100,0.0,70,7.6,7,1009.0,2
2023-07-09 18:00:00,26.0,94,0.0,60,7.6,7,1009.0,2
2023-07-09 19:00:00,26.0,94,0.0,211,1.8,6,1009.0,2
2023-07-09 20:00:00,25.0,100,0.0,205,1.8,6,1009.0,2
2023-07-09 21:00:00,25.0,100,0.0,310,3.6,6,1009.0,2
2023-07-09 22:00:00,25.0,100,0.0,0,0.0,6,1010.0,5
2023-07-09 23:00:00,25.0,100,0.0,350,3.6,6,1010.0,5
2023-07-10 00:00:00,27.0,100,0.0,144,3.6,6,1010.0,5
2023-07-10 01:00:00,29.0,89,0.0,206,1.8,6,1011.0,5
2023-07-10 02:00:00,31.0,75,0.0,207,1.8,6,1010.0,2
2023-07-10 03:00:00,32.0,63,0.0,210,9.4,5,1010.0,2
2023-07-10 04:00:00,32.0,67,0.0,210,7.6,6,1009.0,2
2023-07-10 05:00:00,32.0,67,0.0,240,9.4,6,1009.0,2
2023-07-10 06:00:00,33.0,67,0.0,270,7.6,6,1008.0,2
2023-07-10 07:00:00,33.0,59,0.3,230,11.2,6,1008.0,2
2023-07-10 08:00:00,33.0,67,0.0,260,9.4,6,1008.0,2
2023-07-10 09:00:00,32.0,71,1.6,280,11.2,6,1007.0,25
2023-07-10 10:00:00,33.0,63,1.9,230,11.2,6,1007.0,2
2023-07-10 11:00:00,31.0,79,0.3,160,13.0,6,1008.0,2
2023-07-10 12:00:00,30.0,89,0.0,60,7.6,6,1009.0,2
2023-07-10 13:00:00,29.0,89,0.0,190,11.2,6,1009.0,2
2023-07-10 14:00:00,29.0,89,0.0,190,9.4,6,1010.0,2
2023-07-10 15:00:00,29.0,89,0.0,220,13.0,6,1010.0,2
2023-07-10 16:00:00,28.0,94,0.0,230,14.8,6,1010.0,2
2023-07-10 17:00:00,28.0,94,0.0,220,7.6,6,1009.0,2
2023-07-10 18:00:00,27.0,94,0.0,250,7.6,6,1009.0,2
2023-07-10 19:00:00,26.0,100,0.0,260,7.6,6,1009.0,2
2023-07-10 20:00:00,26.0,100,0.0,270,3.6,6,1009.0,2
2023-07-10 21:00:00,26.0,100,0.0,280,5.4,6,1009.0,2
2023-07-10 22:00:00,26.0,100,0.0,280,3.6,6,1010.0,2
2023-07-10 23:00:00,26.0,100,0.0,310,3.6,6,1010.0,2
2023-07-11 00:00:00,30.0,84,0.0,137,1.8,6,1010.0,2
2023-07-11 01:00:00,30.0,89,0.0,270,7.6,6,1010.0,2
2023-07-11 02:00:00,31.0,79,0.0,223,5.4,6,1010.0,2
2023-07-11 03:00:00,32.0,75,0.0,228,1.8,6,1010.0,2
2023-07-11 04:00:00,33.0,67,0.0,290,7.6,6,1010.0,2
2023-07-11 05:00:00,33.0,63,0.0,270,9.4,6,1009.0,2
2023-07-11 06:00:00,34.0,63,0.0,260,11.2,6,1008.0,2
2023-07-11 07:00:00,33.0,67,0.2,270,13.0,6,1008.0,18
2023-07-11 08:00:00,34.0,63,0.5,290,16.6,6,1007.0,25
2023-07-11 09:00:00,34.0,60,0.2,290,13.0,6,1007.0,25
2023-07-11 10:00:00,33.0,59,0.0,280,13.0,7,1007.0,25
2023-07-11 11:00:00,32.0,71,0.3,290,11.2,7,1007.0,25
2023-07-11 12:00:00,31.0,79,0.7,250,18.4,7,1009.0,25
2023-07-11 13:00:00,30.0,84,0.0,250,18.4,6,1009.0,2
2023-07-11 14:00:00,29.0,84,0.0,230,16.6,6,1009.0,2
2023-07-11 15:00:00,29.0,89,0.0,250,16.6,6,1010.0,2
2023-07-11 16:00:00,28.0,94,0.0,194,3.6,6,1010.0,2
2023-07-11 17:00:00,29.0,89,0.0,200,5.4,6,1010.0,2
2023-07-11 18:00:00,28.0,94,0.0,212,5.4,6,1009.0,2
2023-07-11 19:00:00,28.0,94,0.0,160,7.6,6,1009.0,2
2023-07-11 20:00:00,28.0,94,0.0,196,5.4,6,1009.0,2
2023-07-11 21:00:00,28.0,94,0.0,220,9.4,6,1009.0,2
2023-07-11 22:00:00,27.0,100,0.0,230,7.6,6,1009.0,2
2023-07-11 23:00:00,27.0,100,0.0,133,1.8,6,1010.0,2
2023-07-12 00:00:00,28.0,94,0.0,136,5.4,6,1010.0,2
2023-07-12 01:00:00,29.0,89,0.0,225,3.6,6,1010.0,2
2023-07-12 02:00:00,30.0,84,0.0,240,3.6,6,1010.0,2
2023-07-12 03:00:00,31.0,79,0.0,290,7.6,6,1010.0,2
2023-07-12 04:00:00,32.0,75,0.1,310,7.6,6,1010.0,2
2023-07-12 05:00:00,33.0,71,0.2,320,9.4,6,1009.0,2
2023-07-12 06:00:00,33.0,71,0.4,290,11.2,6,1008.0,2
2023-07-12 07:00:00,34.0,63,0.6,280,11.2,6,1008.0,2
2023-07-12 08:00:00,34.0,60,3.7,280,13.0,6,1007.0,2
2023-07-12 09:00:00,34.0,56,5.7,300,14.8,6,1007.0,2
2023-07-12 10:00:00,33.0,63,0.1,310,11.2,6,1007.0,2
2023-07-12 11:00:00,30.0,79,0.3,350,9.4,6,1007.0,2
2023-07-12 12:00:00,29.0,89,0.1,330,7.6,6,1007.0,2
2023-07-12 13:00:00,29.0,89,0.0,194,5.4,6,1009.0,2
2023-07-12 14:00:00,29.0,84,0.0,189,3.6,6,1009.0,2
2023-07-12 15:00:00,29.0,89,0.0,185,3.6,6,1010.0,2
2023-07-12 16:00:00,28.0,89,0.0,192,3.6,6,1010.0,2
2023-07-12 17:00:00,29.0,89,0.0,250,7.6,6,1009.0,2
2023-07-12 18:00:00,29.0,94,0.0,250,9.4,6,1009.0,2
2023-07-12 19:00:00,28.0,94,0.0,260,11.2,6,1008.0,2
2023-07-12 20:00:00,28.0,94,0.0,260,5.4,6,1008.0,2
2023-07-12 21:00:00,28.0,94,0.0,250,7.6,6,1008.0,2
2023-07-12 22:00:00,27.0,100,0.0,260,7.6,6,1008.0,2
2023-07-12 23:00:00,28.0,94,0.0,0,0.0,6,1009.0,2
2023-07-13 00:00:00,28.0,94,0.0,260,9.4,6,1009.0,2
2023-07-13 01:00:00,29.0,89,0.0,260,9.4,6,1009.0,2
2023-07-13 02:00:00,31.0,84,0.0,280,14.8,6,1010.0,2
2023-07-13 03:00:00,32.0,80,0.2,300,16.6,6,1009.0,2
2023-07-13 04:00:00,34.0,71,0.2,280,18.4,6,1008.0,2
2023-07-13 05:00:00,33.0,75,3.1,270,14.8,6,1008.0,18
2023-07-13 06:00:00,34.0,67,12.3,280,18.4,6,1007.0,18
2023-07-13 07:00:00,33.0,67,2.3,260,16.6,6,1006.0,18
2023-07-13 08:00:00,34.0,67,1.3,270,18.4,6,1005.0,25
2023-07-13 09:00:00,32.0,71,0.6,260,22.3,6,1005.0,17
2023-07-13 10:00:00,32.0,71,2.6,280,14.8,7,1006.0,25
2023-07-13 11:00:00,27.0,94,1.3,10,19.0,7,1006.0,25
2023-07-13 12:00:00,28.0,94,0.0,202,4.0,7,1008.0,7
2023-07-13 13:00:00,28.0,100,0.0,150,13.0,7,1009.0,7
2023-07-13 14:00:00,23.0,100,0.0,192,1.8,7,1012.0,3
2023-07-13 15:00:00,24.0,94,0.0,60,7.6,7,1011.0,2
2023-07-13 16:00:00,24.0,100,0.1,290,7.6,7,1011.0,2
2023-07-13 17:00:00,25.0,94,0.0,198,5.4,7,1010.0,2
2023-07-13 18:00:00,25.0,100,0.0,270,14.8,7,1008.0,2
2023-07-13 19:00:00,26.0,94,0.0,250,7.6,7,1008.0,2
2023-07-13 20:00:00,26.0,100,0.0,60,1.8,6,1008.0,2
2023-07-13 21:00:00,26.0,94,0.0,80,3.6,6,1007.0,2
2023-07-13 22:00:00,25.0,100,0.0,50,5.4,6,1008.0,7
2023-07-13 23:00:00,25.0,100,0.0,40,7.6,6,1008.0,7
2023-07-14 00:00:00,26.0,100,0.0,165,5.4,6,1009.0,7
2023-07-14 01:00:00,30.0,84,0.0,234,3.6,6,1010.0,7
2023-07-14 02:00:00,29.0,94,0.1,260,14.8,6,1010.0,7
2023-07-14 03:00:00,31.0,84,0.2,290,13.0,7,1009.0,7
2023-07-14 04:00:00,32.0,75,0.3,300,14.8,7,1009.0,7
2023-07-14 05:00:00,32.0,75,4.3,300,13.0,7,1008.0,7
2023-07-14 06:00:00,32.0,75,19.4,290,14.8,7,1007.0,25
2023-07-14 07:00:00,33.0,67,9.5,300,14.8,7,1006.0,25
2023-07-14 08:00:00,33.0,67,5.0,290,13.0,7,1005.0,7
2023-07-14 09:00:00,33.0,67,1.6,280,14.8,7,1005.0,7
2023-07-14 10:00:00,28.0,89,11.0,260,25.9,7,1005.0,8
2023-07-14 11:00:00,28.0,79,2.4,240,18.4,7,1006.0,7
2023-07-14 12:00:00,28.0,89,1.3,270,20.5,7,1008.0,7
2023-07-14 13:00:00,25.0,100,0.4,350,13.0,7,1009.0,7
2023-07-14 14:00:00,25.0,100,0.4,198,5.4,7,1009.0,3
2023-07-14 15:00:00,26.0,94,0.2,220,9.4,7,1010.0,3
2023-07-14 16:00:00,26.0,100,0.0,194,3.6,7,1009.0,3
2023-07-14 17:00:00,26.0,100,0.0,280,7.6,7,1009.0,3
2023-07-14 18:00:00,26.0,100,0.0,20,7.6,7,1009.0,3
2023-07-14 19:00:00,26.0,94,0.0,194,3.6,7,1008.0,3
2023-07-14 20:00:00,26.0,94,0.0,350,3.6,7,1007.0,3
2023-07-14 21:00:00,25.0,100,0.0,80,3.6,7,1007.0,7
2023-07-14 22:00:00,26.0,94,0.0,187,1.8,6,1007.0,7
2023-07-14 23:00:00,26.0,94,0.0,0,0.0,6,1007.0,7
2023-07-15 00:00:00,27.0,100,0.0,173,3.6,7,1008.0,7
2023-07-15 01:00:00,28.0,94,0.0,232,5.4,7,1008.0,7
2023-07-15 02:00:00,29.0,94,0.0,260,9.4,7,1008.0,7
2023-07-15 03:00:00,31.0,84,0.1,280,18.4,7,1008.0,7
2023-07-15 04:00:00,32.0,75,0.2,280,22.3,7,1007.0,8
2023-07-15 05:00:00,32.0,75,0.3,280,20.5,7,1007.0,7
2023-07-15 06:00:00,33.0,71,0.2,280,22.3,7,1006.0,7
2023-07-15 07:00:00,32.0,71,6.0,280,22.3,7,1005.0,7
2023-07-15 08:00:00,32.0,75,8.1,280,18.4,7,1004.0,3
2023-07-15 09:00:00,32.0,71,0.8,280,16.6,7,1004.0,3
2023-07-15 10:00:00,31.0,75,0.8,270,13.0,7,1005.0,3
2023-07-15 11:00:00,31.0,75,0.5,250,14.8,7,1005.0,3
2023-07-15 12:00:00,30.0,84,0.0,250,14.8,7,1005.0,3
2023-07-15 13:00:00,29.0,89,0.0,250,16.6,7,1006.0,3
2023-07-15 14:00:00,29.0,89,0.0,250,20.5,7,1007.0,3
2023-07-15 15:00:00,29.0,89,0.0,250,18.4,7,1007.0,2
2023-07-15 16:00:00,28.0,94,0.0,250,22.3,7,1007.0,3
2023-07-15 17:00:00,28.0,94,0.0,250,20.5,7,1007.0,3
2023-07-15 18:00:00,28.0,94,0.0,260,14.8,7,1006.0,3
2023-07-15 19:00:00,27.0,100,0.0,250,13.0,7,1005.0,3
2023-07-15 20:00:00,27.0,100,0.0,260,13.0,7,1005.0,3
2023-07-15 21:00:00,27.0,100,0.0,260,11.2,7,1004.0,7
2023-07-15 22:00:00,27.0,100,0.0,260,13.0,6,1005.0,8
2023-07-15 23:00:00,27.0,100,0.0,270,11.2,0,1005.0,8
2023-07-16 00:00:00,28.0,94,0.0,260,13.0,7,1006.0,8
2023-07-16 01:00:00,30.0,89,0.0,250,22.3,7,1006.0,8
2023-07-16 02:00:00,30.0,84,0.0,270,22.3,7,1006.0,8
2023-07-16 03:00:00,31.0,79,0.1,280,18.4,7,1006.0,8
2023-07-16 04:00:00,32.0,75,0.1,280,24.1,7,1005.0,8
2023-07-16 05:00:00,33.0,71,0.0,260,25.9,7,1005.0,8
2023-07-16 06:00:00,33.0,71,5.1,270,22.3,7,1003.0,8
2023-07-16 07:00:00,26.0,100,1.2,220,16.6,7,1003.0,8
2023-07-16 08:00:00,28.0,94,0.0,240,16.6,7,1002.0,7
2023-07-16 09:00:00,25.0,94,2.9,220,11.2,7,1003.0,7
2023-07-16 10:00:00,26.0,100,0.6,200,13.0,7,1004.0,7
2023-07-16 11:00:00,28.0,94,0.0,240,13.0,7,1005.0,7
2023-07-16 12:00:00,24.0,100,0.0,300,9.4,7,1006.0,3
2023-07-16 13:00:00,24.0,100,0.0,216,5.4,7,1006.0,3
2023-07-16 14:00:00,25.0,100,0.0,204,3.6,7,1006.0,3
2023-07-16 15:00:00,26.0,100,0.0,220,9.4,7,1006.0,3
2023-07-16 16:00:00,26.0,100,0.0,220,16.6,7,1006.0,3
2023-07-16 17:00:00,26.0,100,0.0,220,13.0,7,1005.0,3
2023-07-16 18:00:00,26.0,100,0.0,250,18.4,7,1005.0,3
2023-07-16 19:00:00,26.0,100,0.0,250,14.8,7,1004.0,3
2023-07-16 20:00:00,26.0,100,0.0,240,13.0,7,1004.0,3
2023-07-16 21:00:00,26.0,100,0.0,250,13.0,7,1003.0,3
2023-07-16 22:00:00,26.0,100,0.0,230,16.6,6,1004.0,7
2023-07-16 23:00:00,27.0,94,0.0,240,16.6,7,1005.0,7
2023-07-17 00:00:00,26.0,94,0.0,250,25.9,7,1005.0,7
2023-07-17 01:00:00,27.0,94,0.9,270,20.5,7,1005.0,7
2023-07-17 02:00:00,28.0,89,0.2,270,24.1,7,1005.0,7
2023-07-17 03:00:00,29.0,84,0.3,270,27.7,7,1005.0,7
2023-07-17 04:00:00,31.0,75,0.3,270,31.7,7,1005.0,7
2023-07-17 05:00:00,31.0,70,6.2,280,24.1,7,1005.0,7
2023-07-17 06:00:00,31.0,75,1.2,260,29.5,7,1004.0,7
2023-07-17 07:00:00,31.0,75,0.7,260,24.1,7,1003.0,8
2023-07-17 08:00:00,31.0,79,0.0,250,29.5,7,1002.0,8
2023-07-17 09:00:00,26.0,94,0.5,280,31.7,7,1003.0,8
2023-07-17 10:00:00,26.0,100,0.2,260,22.3,7,1003.0,8
2023-07-17 11:00:00,26.0,100,0.2,260,16.6,8,1004.0,7
2023-07-17 12:00:00,26.0,94,0.1,250,24.1,8,1005.0,7
2023-07-17 13:00:00,26.0,94,0.0,250,22.3,7,1006.0,7
2023-07-17 14:00:00,26.0,94,0.0,240,20.5,7,1007.0,7
2023-07-17 15:00:00,26.0,100,0.0,230,18.4,7,1007.0,7
2023-07-17 16:00:00,26.0,100,0.0,230,16.6,8,1007.0,7
2023-07-17 17:00:00,26.0,100,0.0,250,16.6,8,1006.0,7
2023-07-17 18:00:00,26.0,100,0.0,240,16.6,8,1005.0,3
2023-07-17 19:00:00,26.0,94,0.0,260,14.8,8,1004.0,3
2023-07-17 20:00:00,26.0,94,0.0,260,11.2,8,1004.0,3
2023-07-17 21:00:00,26.0,94,0.0,250,16.6,8,1005.0,7
2023-07-17 22:00:00,26.0,94,0.0,250,11.2,8,1005.0,7
2023-07-17 23:00:00,26.0,100,0.0,250,11.2,8,1005.0,7
2023-07-18 00:00:00,27.0,94,0.0,250,13.0,8,1006.0,7
2023-07-18 01:00:00,28.0,94,0.0,250,16.6,8,1007.0,7
2023-07-18 02:00:00,29.0,89,0.0,250,20.5,8,1007.0,7
2023-07-18 03:00:00,30.0,84,0.0,260,22.3,8,1007.0,7
2023-07-18 04:00:00,30.0,84,3.6,250,18.4,8,1007.0,7
2023-07-18 05:00:00,32.0,75,2.6,250,31.7,7,1006.0,7
2023-07-18 06:00:00,32.0,75,2.1,260,37.1,7,1006.0,8
2023-07-18 07:00:00,32.0,75,0.9,260,27.7,7,1005.0,8
2023-07-18 08:00:00,30.0,79,0.6,250,37.1,7,1005.0,8
2023-07-18 09:00:00,29.0,79,1.2,260,35.3,7,1005.0,8
2023-07-18 10:00:00,27.0,94,0.3,240,24.1,8,1004.0,8
2023-07-18 11:00:00,27.0,94,0.0,240,27.7,8,1005.0,8
2023-07-18 12:00:00,27.0,89,0.0,250,16.6,8,1005.0,8
2023-07-18 13:00:00,27.0,94,0.0,250,18.4,7,1006.0,7
2023-07-18 14:00:00,27.0,94,0.0,240,18.4,7,1007.0,7
2023-07-18 15:00:00,27.0,94,0.7,250,16.6,7,1006.0,7
2023-07-18 16:00:00,27.0,94,0.0,240,22.3,8,1006.0,7
2023-07-18 17:00:00,26.0,94,0.0,250,20.5,8,1006.0,7
2023-07-18 18:00:00,26.0,94,0.0,260,14.8,8,1006.0,7
2023-07-18 19:00:00,26.0,94,0.0,250,16.6,8,1005.0,3
2023-07-18 20:00:00,26.0,94,0.0,270,5.4,8,1005.0,3
2023-07-18 21:00:00,26.0,100,0.0,250,11.2,8,1005.0,3
2023-07-18 22:00:00,26.0,100,0.0,250,9.4,7,1005.0,7
2023-07-18 23:00:00,26.0,100,0.0,260,9.4,7,1005.0,7
2023-07-19 00:00:00,27.0,94,0.0,250,13.0,8,1006.0,7
2023-07-19 01:00:00,28.0,94,0.0,250,18.4,8,1007.0,7
2023-07-19 02:00:00,30.0,84,0.0,250,22.3,7,1007.0,7
2023-07-19 03:00:00,31.0,79,0.0,260,25.9,7,1007.0,7
2023-07-19 04:00:00,32.0,71,0.0,290,20.5,7,1006.0,7
2023-07-19 05:00:00,32.0,71,0.1,290,20.5,7,1006.0,7
2023-07-19 06:00:00,32.0,71,2.2,280,20.5,7,1005.0,8
2023-07-19 07:00:00,33.0,67,4.1,320,13.0,7,1004.0,8
2023-07-19 08:00:00,33.0,67,0.5,280,20.5,7,1004.0,8
2023-07-19 09:00:00,28.0,94,0.0,270,27.7,7,1004.0,8
2023-07-19 10:00:00,28.0,94,7.4,260,24.1,7,1004.0,8
2023-07-19 11:00:00,26.0,100,1.5,270,20.5,7,1005.0,8
2023-07-19 12:00:00,26.0,94,0.3,250,16.6,8,1005.0,8
2023-07-19 13:00:00,26.0,94,0.1,250,16.6,7,1006.0,7
2023-07-19 14:00:00,26.0,94,0.0,270,13.0,7,1007.0,7
2023-07-19 15:00:00,26.0,100,0.0,280,11.2,7,1007.0,7
2023-07-19 16:00:00,26.0,94,0.0,260,9.4,7,1007.0,7
2023-07-19 17:00:00,26.0,94,0.0,250,11.2,8,1006.0,7
2023-07-19 18:00:00,26.0,94,0.0,250,9.4,8,1006.0,7
2023-07-19 19:00:00,26.0,94,0.0,250,9.4,8,1006.0,7
2023-07-19 20:00:00,25.0,100,0.0,250,11.2,7,1006.0,3
2023-07-19 21:00:00,25.0,100,0.0,260,5.4,7,1006.0,3
2023-07-19 22:00:00,25.0,100,0.1,260,5.4,7,1006.0,7
2023-07-19 23:00:00,25.0,100,0.2,0,0.0,7,1006.0,7
2023-07-20 00:00:00,26.0,94,0.0,300,7.6,7,1006.0,7
2023-07-20 01:00:00,26.0,100,0.0,270,9.4,7,1007.0,7
2023-07-20 02:00:00,26.0,100,0.0,250,24.1,7,1007.0,7
2023-07-20 03:00:00,27.0,94,0.0,270,14.8,7,1007.0,7
2023-07-20 04:00:00,29.0,89,0.2,280,11.2,7,1007.0,7
2023-07-20 05:00:00,29.0,84,0.2,280,14.8,7,1007.0,8
2023-07-20 06:00:00,29.0,84,1.0,280,18.4,7,1006.0,8
2023-07-20 07:00:00,30.0,79,4.8,270,16.6,7,1005.0,9
2023-07-20 08:00:00,25.0,94,6.6,360,22.3,7,1005.0,9
2023-07-20 09:00:00,25.0,100,0.5,233,5.4,7,1005.0,9
2023-07-20 10:00:00,26.0,100,0.4,190,3.6,7,1004.0,9
2023-07-20 11:00:00,27.0,94,0.7,189,5.4,7,1005.0,9
2023-07-20 12:00:00,27.0,94,0.0,260,11.2,7,1006.0,8
2023-07-20 13:00:00,27.0,89,0.0,260,14.8,7,1006.0,8
2023-07-20 14:00:00,26.0,94,0.0,260,13.0,7,1007.0,7
2023-07-20 15:00:00,26.0,94,0.0,260,11.2,7,1008.0,7
2023-07-20 16:00:00,26.0,94,0.0,290,7.6,7,1008.0,7
2023-07-20 17:00:00,26.0,94,0.0,195,1.8,7,1008.0,7
2023-07-20 18:00:00,25.0,94,0.0,202,1.8,7,1008.0,7
2023-07-20 19:00:00,24.0,100,0.0,210,11.2,7,1007.0,3
2023-07-20 20:00:00,24.0,100,0.0,210,11.2,7,1007.0,3
2023-07-20 21:00:00,24.0,100,0.0,176,5.4,7,1007.0,7
2023-07-20 22:00:00,25.0,94,0.0,0,0.0,6,1006.0,7
2023-07-20 23:00:00,25.0,94,0.0,170,1.8,6,1007.0,7
2023-07-21 00:00:00,25.0,100,0.7,171,3.6,6,1008.0,7
2023-07-21 01:00:00,27.0,94,0.6,189,1.8,6,1008.0,7
2023-07-21 02:00:00,29.0,89,0.4,250,9.4,6,1008.0,7
2023-07-21 03:00:00,29.0,84,0.5,205,5.4,6,1009.0,7
2023-07-21 04:00:00,28.0,89,2.2,223,5.4,6,1008.0,7
2023-07-21 05:00:00,27.0,94,0.1,236,5.4,7,1008.0,8
2023-07-21 06:00:00,29.0,89,0.2,245,7.6,7,1007.0,25
2023-07-21 07:00:00,27.0,100,0.1,270,11.2,7,1007.0,25
2023-07-21 08:00:00,27.0,100,0.6,250,18.4,7,1007.0,9
2023-07-21 09:00:00,28.0,94,6.4,260,20.5,7,1006.0,9
2023-07-21 10:00:00,27.0,94,0.1,260,16.6,7,1007.0,25
2023-07-21 11:00:00,26.0,100,0.0,260,16.6,7,1008.0,25
2023-07-21 12:00:00,26.0,100,0.0,250,16.6,7,1008.0,8
2023-07-21 13:00:00,26.0,94,0.0,260,11.2,7,1009.0,8
2023-07-21 14:00:00,26.0,94,0.0,280,7.6,7,1009.0,7
2023-07-21 15:00:00,26.0,100,0.0,250,9.4,7,1010.0,7
2023-07-21 16:00:00,26.0,94,0.0,230,14.8,7,1010.0,3
2023-07-21 17:00:00,26.0,100,0.0,210,13.0,7,1010.0,3
2023-07-21 18:00:00,26.0,94,0.0,230,11.2,7,1009.0,3
2023-07-21 19:00:00,26.0,94,0.0,220,9.4,7,1009.0,3
2023-07-21 20:00:00,26.0,94,0.0,220,11.2,7,1008.0,3
2023-07-21 21:00:00,25.0,100,0.2,250,7.6,7,1008.0,3
2023-07-21 22:00:00,26.0,94,0.5,230,7.6,7,1009.0,3
2023-07-21 23:00:00,26.0,94,0.2,176,3.6,7,1009.0,3
2023-07-22 00:00:00,26.0,100,0.0,182,1.8,7,1009.0,3
2023-07-22 01:00:00,27.0,94,0.0,260,9.4,7,1010.0,3
2023-07-22 02:00:00,28.0,89,0.0,199,5.4,7,1011.0,3
2023-07-22 03:00:00,29.0,84,0.3,203,5.4,7,1010.0,3
2023-07-22 04:00:00,29.0,84,1.1,250,7.6,7,1010.0,7
2023-07-22 05:00:00,30.0,84,0.6,220,14.8,7,1010.0,8
2023-07-22 06:00:00,30.0,84,0.3,220,11.2,7,1009.0,8
2023-07-22 07:00:00,29.0,84,0.2,230,16.6,7,1009.0,9
2023-07-22 08:00:00,31.0,75,2.3,260,13.0,7,1008.0,9
2023-07-22 09:00:00,31.0,79,4.6,210,11.2,8,1008.0,9
2023-07-22 10:00:00,30.0,79,0.3,210,13.0,8,1008.0,9
2023-07-22 11:00:00,26.0,100,0.1,250,9.4,8,1008.0,9
2023-07-22 12:00:00,26.0,100,0.5,260,7.6,8,1010.0,9
2023-07-22 13:00:00,26.0,100,0.0,185,5.4,8,1011.0,8
2023-07-22 14:00:00,26.0,100,0.2,260,3.6,8,1011.0,7
2023-07-22 15:00:00,26.0,100,0.1,194,3.6,7,1011.0,7
2023-07-22 16:00:00,27.0,94,0.0,250,7.6,8,1011.0,3
2023-07-22 17:00:00,26.0,94,0.0,240,16.6,7,1011.0,3
2023-07-22 18:00:00,26.0,94,0.0,240,13.0,7,1010.0,3
2023-07-22 19:00:00,26.0,94,0.0,210,9.4,7,1009.0,3
2023-07-22 20:00:00,26.0,94,0.0,230,13.0,7,1009.0,3
2023-07-22 21:00:00,26.0,94,0.3,230,9.4,7,1009.0,3
2023-07-22 22:00:00,26.0,94,0.0,175,3.6,7,1010.0,3
2023-07-22 23:00:00,26.0,94,0.0,200,7.6,7,1010.0,3
2023-07-23 00:00:00,27.0,94,0.0,175,3.6,7,1010.0,3
2023-07-23 01:00:00,28.0,89,0.0,201,1.8,7,1011.0,3
2023-07-23 02:00:00,29.0,84,0.1,250,13.0,7,1011.0,3
2023-07-23 03:00:00,30.0,84,0.3,240,13.0,7,1010.0,3
2023-07-23 04:00:00,30.0,79,4.8,230,16.6,7,1010.0,7
2023-07-23 05:00:00,30.0,79,0.7,240,16.6,7,1009.0,8
2023-07-23 06:00:00,25.0,100,3.3,300,9.4,7,1009.0,8
2023-07-23 07:00:00,26.0,100,0.4,210,13.0,7,1008.0,9
2023-07-23 08:00:00,27.0,94,0.4,210,13.0,7,1008.0,9
2023-07-23 09:00:00,28.0,94,0.6,210,13.0,7,1007.0,9
2023-07-23 10:00:00,28.0,89,0.8,230,20.5,8,1008.0,9
2023-07-23 11:00:00,28.0,89,0.4,230,11.2,8,1008.0,9
2023-07-23 12:00:00,28.0,89,0.0,180,9.4,8,1009.0,8
2023-07-23 13:00:00,28.0,89,0.0,200,7.6,8,1009.0,8
2023-07-23 14:00:00,26.0,94,0.0,250,11.2,8,1010.0,7
2023-07-23 15:00:00,26.0,94,0.0,260,7.6,8,1010.0,7
2023-07-23 16:00:00,26.0,94,0.0,193,5.4,8,1010.0,7
2023-07-23 17:00:00,26.0,94,0.0,192,5.4,8,1009.0,3
2023-07-23 18:00:00,26.0,100,0.0,189,5.4,8,1008.0,3
2023-07-23 19:00:00,26.0,100,0.0,210,7.6,8,1008.0,3
2023-07-23 20:00:00,26.0,100,0.0,210,11.2,7,1008.0,3
2023-07-23 21:00:00,26.0,100,0.0,220,11.2,7,1008.0,3
2023-07-23 22:00:00,26.0,100,0.0,230,11.2,7,1008.0,7
2023-07-23 23:00:00,26.0,100,0.0,230,7.6,7,1008.0,7
2023-07-24 00:00:00,27.0,94,0.0,220,13.0,7,1009.0,7
2023-07-24 01:00:00,28.0,94,0.1,240,13.0,7,1009.0,7
2023-07-24 02:00:00,30.0,89,0.3,250,14.8,7,1009.0,7
2023-07-24 03:00:00,29.0,89,0.4,250,14.8,7,1009.0,7
2023-07-24 04:00:00,26.0,100,0.2,250,38.9,7,1009.0,7
2023-07-24 05:00:00,28.0,89,1.7,240,22.3,7,1009.0,8
2023-07-24 06:00:00,29.0,84,3.7,260,18.4,7,1008.0,8
2023-07-24 07:00:00,29.0,84,0.0,250,18.4,7,1007.0,8
2023-07-24 08:00:00,25.0,100,1.0,290,13.0,7,1007.0,8
2023-07-24 09:00:00,26.0,100,4.1,260,7.6,7,1006.0,9
2023-07-24 10:00:00,27.0,100,0.3,260,14.8,8,1006.0,9
2023-07-24 11:00:00,27.0,94,0.1,250,16.6,8,1007.0,9
2023-07-24 12:00:00,27.0,94,0.0,240,14.8,8,1008.0,8
2023-07-24 13:00:00,27.0,94,0.0,230,13.0,8,1008.0,8
2023-07-24 14:00:00,27.0,89,0.0,240,14.8,8,1009.0,7
2023-07-24 15:00:00,27.0,89,0.0,220,11.2,8,1009.0,7
2023-07-24 16:00:00,26.0,100,0.0,230,11.2,8,1009.0,7
2023-07-24 17:00:00,26.0,100,0.0,240,14.8,7,1009.0,3
2023-07-24 18:00:00,26.0,100,0.0,230,13.0,7,1008.0,3
2023-07-24 19:00:00,26.0,100,0.0,240,9.4,7,1008.0,3
2023-07-24 20:00:00,26.0,100,0.0,240,14.8,7,1008.0,3
2023-07-24 21:00:00,26.0,100,0.0,240,14.8,7,1008.0,3
2023-07-24 22:00:00,25.0,100,0.0,230,9.4,7,1008.0,7
2023-07-24 23:00:00,26.0,94,0.0,240,13.0,7,1008.0,7
2023-07-25 00:00:00,27.0,94,0.0,240,13.0,7,1009.0,7
2023-07-25 01:00:00,28.0,89,0.0,250,13.0,7,1009.0,7
2023-07-25 02:00:00,30.0,79,0.0,250,20.5,7,1010.0,7
2023-07-25 03:00:00,31.0,79,0.0,250,24.1,7,1009.0,7
2023-07-25 04:00:00,31.0,79,0.0,260,20.5,7,1009.0,7
2023-07-25 05:00:00,33.0,67,0.2,280,24.1,7,1008.0,7
2023-07-25 06:00:00,33.0,67,5.2,260,25.9,7,1007.0,8
2023-07-25 07:00:00,32.0,71,3.0,270,24.1,7,1007.0,8
2023-07-25 08:00:00,30.0,84,0.2,240,20.5,7,1006.0,8
2023-07-25 09:00:00,26.0,100,0.0,200,27.7,7,1006.0,8
2023-07-25 10:00:00,27.0,100,0.2,220,16.6,7,1007.0,9
2023-07-25 11:00:00,25.0,100,0.0,270,13.0,8,1008.0,8
2023-07-25 12:00:00,26.0,94,0.0,300,7.6,8,1008.0,8
2023-07-25 13:00:00,26.0,94,0.0,209,5.4,7,1009.0,7
2023-07-25 14:00:00,26.0,100,0.0,250,9.4,7,1009.0,7
2023-07-25 15:00:00,26.0,100,0.0,250,11.2,7,1010.0,7
2023-07-25 16:00:00,26.0,94,0.0,250,11.2,7,1010.0,7
2023-07-25 17:00:00,26.0,94,0.0,250,11.2,7,1009.0,7
2023-07-25 18:00:00,25.0,100,0.0,204,3.6,7,1008.0,3
2023-07-25 19:00:00,25.0,100,0.0,250,9.4,7,1008.0,3
2023-07-25 20:00:00,26.0,94,0.0,240,5.4,7,1009.0,3
2023-07-25 21:00:00,26.0,94,0.0,230,9.4,7,1009.0,3
2023-07-25 22:00:00,25.0,100,0.0,240,9.4,7,1009.0,7
2023-07-25 23:00:00,26.0,94,0.0,240,13.0,7,1009.0,7
2023-07-26 00:00:00,26.0,100,0.0,250,14.8,7,1009.0,7
2023-07-26 01:00:00,28.0,94,0.0,260,14.8,7,1009.0,7
2023-07-26 02:00:00,30.0,84,0.0,270,18.4,7,1009.0,7
2023-07-26 03:00:00,31.0,79,0.1,270,24.1,7,1009.0,7
2023-07-26 04:00:00,32.0,75,0.0,280,27.7,7,1008.0,3
2023-07-26 05:00:00,33.0,67,0.1,280,20.5,7,1008.0,3
2023-07-26 06:00:00,34.0,63,0.0,290,27.7,7,1007.0,7
2023-07-26 07:00:00,31.0,75,1.5,250,29.5,7,1007.0,7
2023-07-26 08:00:00,33.0,71,0.5,260,22.3,7,1006.0,7
2023-07-26 09:00:00,31.0,79,9.1,260,27.7,7,1005.0,7
2023-07-26 10:00:00,28.0,94,0.4,260,18.4,7,1005.0,7
2023-07-26 11:00:00,28.0,94,1.8,290,14.8,7,1007.0,7
2023-07-26 12:00:00,26.0,100,1.2,300,9.4,7,1008.0,7
2023-07-26 13:00:00,26.0,100,0.2,212,1.8,7,1008.0,3
2023-07-26 14:00:00,26.0,100,0.3,0,0.0,7,1009.0,3
2023-07-26 15:00:00,27.0,94,0.0,290,3.6,7,1009.0,3
2023-07-26 16:00:00,27.0,94,0.0,260,7.6,7,1009.0,3
2023-07-26 17:00:00,27.0,100,0.0,240,13.0,7,1008.0,3
2023-07-26 18:00:00,27.0,100,0.0,250,14.8,7,1007.0,3
2023-07-26 19:00:00,27.0,94,0.0,260,13.0,7,1007.0,3
2023-07-26 20:00:00,27.0,94,0.0,250,13.0,7,1007.0,3
2023-07-26 21:00:00,27.0,94,0.0,260,13.0,7,1007.0,3
2023-07-26 22:00:00,27.0,94,0.0,260,11.2,7,1007.0,7
2023-07-26 23:00:00,27.0,94,0.0,250,13.0,7,1007.0,7
2023-07-27 00:00:00,28.0,94,0.0,260,16.6,7,1007.0,7
2023-07-27 01:00:00,28.0,100,0.0,260,20.5,7,1008.0,7
2023-07-27 02:00:00,29.0,89,0.0,250,25.9,7,1009.0,7
2023-07-27 03:00:00,29.0,89,0.3,260,31.7,7,1008.0,7
2023-07-27 04:00:00,28.0,94,0.7,260,24.1,7,1008.0,8
2023-07-27 05:00:00,28.0,100,13.0,280,13.0,7,1007.0,8
2023-07-27 06:00:00,30.0,89,10.3,270,16.6,7,1006.0,8
2023-07-27 07:00:00,31.0,79,0.5,270,25.9,7,1005.0,8
2023-07-27 08:00:00,29.0,94,0.3,260,22.3,7,1004.0,8
2023-07-27 09:00:00,28.0,94,0.6,270,22.3,7,1005.0,9
2023-07-27 10:00:00,28.0,94,0.2,260,20.5,8,1005.0,9
2023-07-27 11:00:00,28.0,100,0.1,260,9.4,8,1006.0,9
2023-07-27 12:00:00,27.0,94,0.0,260,25.9,8,1007.0,8
2023-07-27 13:00:00,27.0,94,0.3,270,11.0,8,1008.0,8
2023-07-27 14:00:00,27.0,94,0.2,240,20.0,8,1008.0,7
2023-07-27 15:00:00,26.0,100,0.0,260,13.0,7,1008.0,7
2023-07-27 16:00:00,26.0,100,0.0,250,9.4,8,1008.0,7
2023-07-27 17:00:00,27.0,94,0.0,230,11.2,8,1008.0,7
2023-07-27 18:00:00,27.0,94,0.0,230,14.8,8,1006.0,3
2023-07-27 19:00:00,27.0,94,0.0,230,14.8,8,1006.0,3
2023-07-27 20:00:00,27.0,94,0.0,230,14.8,8,1005.0,3
2023-07-27 21:00:00,27.0,94,0.0,240,18.4,8,1005.0,3
2023-07-27 22:00:00,26.0,100,0.0,250,16.6,7,1005.0,7
2023-07-27 23:00:00,26.0,100,0.0,270,13.0,7,1005.0,7
2023-07-28 00:00:00,27.0,100,0.0,250,16.6,7,1006.0,7
2023-07-28 01:00:00,29.0,89,0.0,250,20.5,7,1006.0,7
2023-07-28 02:00:00,29.0,89,0.0,260,24.1,7,1006.0,7
2023-07-28 03:00:00,31.0,84,0.1,270,22.3,7,1006.0,7
2023-07-28 04:00:00,31.0,79,0.0,250,24.1,7,1006.0,7
2023-07-28 05:00:00,31.0,79,0.1,250,27.7,7,1005.0,8
2023-07-28 06:00:00,32.0,80,0.2,270,22.3,7,1004.0,8
2023-07-28 07:00:00,33.0,71,7.9,260,27.7,7,1003.0,8
2023-07-28 08:00:00,33.0,71,1.6,270,27.7,7,1003.0,8
2023-07-28 09:00:00,32.0,75,2.2,260,24.1,7,1003.0,9
2023-07-28 10:00:00,32.0,75,3.1,250,29.5,7,1004.0,8
2023-07-28 11:00:00,28.0,94,1.0,230,37.1,7,1004.0,8
2023-07-28 12:00:00,25.0,100,0.4,260,9.4,7,1006.0,8
2023-07-28 13:00:00,26.0,94,0.2,340,7.6,7,1007.0,7
2023-07-28 14:00:00,26.0,100,0.4,0,0.0,7,1008.0,7
2023-07-28 15:00:00,24.0,100,1.0,192,3.6,7,1008.0,7
2023-07-28 16:00:00,26.0,94,0.0,260,13.0,7,1007.0,7
2023-07-28 17:00:00,26.0,94,0.0,250,16.6,7,1007.0,3
2023-07-28 18:00:00,26.0,94,0.0,250,18.4,7,1006.0,3
2023-07-28 19:00:00,26.0,94,0.0,240,24.1,7,1005.0,3
2023-07-28 20:00:00,25.0,100,0.0,250,13.0,7,1005.0,3
2023-07-28 21:00:00,25.0,100,0.0,270,7.6,7,1004.0,7
2023-07-28 22:00:00,25.0,100,0.0,250,9.4,7,1005.0,7
2023-07-28 23:00:00,26.0,94,0.0,260,13.0,7,1005.0,7
2023-07-29 00:00:00,26.0,100,0.0,240,14.8,7,1006.0,7
2023-07-29 01:00:00,28.0,94,0.1,250,20.5,7,1007.0,7
2023-07-29 02:00:00,28.0,94,0.2,250,22.3,7,1008.0,7
2023-07-29 03:00:00,29.0,89,0.1,250,24.1,7,1008.0,7
2023-07-29 04:00:00,30.0,89,0.2,230,25.9,7,1008.0,7
2023-07-29 05:00:00,30.0,89,7.3,240,31.7,7,1007.0,8
2023-07-29 06:00:00,31.0,84,1.3,230,25.9,7,1006.0,8
2023-07-29 07:00:00,28.0,94,1.3,230,35.3,7,1005.0,8
2023-07-29 08:00:00,28.0,94,0.5,240,25.9,7,1005.0,8
2023-07-29 09:00:00,29.0,89,0.5,240,27.7,7,1005.0,8
2023-07-29 10:00:00,29.0,84,1.8,240,20.5,8,1005.0,8
2023-07-29 11:00:00,29.0,84,0.0,240,20.5,8,1005.0,7
2023-07-29 12:00:00,28.0,89,0.0,240,22.3,8,1006.0,7
2023-07-29 13:00:00,27.0,94,0.0,250,24.1,8,1007.0,7
2023-07-29 14:00:00,27.0,94,0.0,250,11.2,7,1008.0,7
2023-07-29 15:00:00,27.0,94,0.0,250,13.0,7,1009.0,7
2023-07-29 16:00:00,27.0,94,0.0,230,13.0,7,1008.0,7
2023-07-29 17:00:00,27.0,94,0.0,230,16.6,7,1008.0,3
2023-07-29 18:00:00,27.0,100,0.0,230,16.6,7,1007.0,3
2023-07-29 19:00:00,27.0,100,0.0,230,16.6,7,1006.0,3
2023-07-29 20:00:00,27.0,100,1.1,240,18.4,7,1006.0,3
2023-07-29 21:00:00,27.0,100,0.1,250,16.6,7,1006.0,7
2023-07-29 22:00:00,27.0,94,0.0,250,9.4,7,1006.0,7
2023-07-29 23:00:00,27.0,100,0.4,240,13.0,7,1007.0,7
2023-07-30 00:00:00,27.0,100,0.5,240,16.6,7,1008.0,7
2023-07-30 01:00:00,28.0,94,0.0,230,20.5,7,1008.0,7
2023-07-30 02:00:00,28.0,94,0.0,250,29.5,7,1009.0,7
2023-07-30 03:00:00,29.0,89,0.2,250,25.9,7,1009.0,7
2023-07-30 04:00:00,29.0,89,0.2,260,29.5,7,1008.0,7
2023-07-30 05:00:00,29.0,89,0.2,250,25.9,7,1008.0,7
2023-07-30 06:00:00,30.0,89,5.0,260,22.3,7,1008.0,7
2023-07-30 07:00:00,28.0,100,0.1,250,20.5,7,1007.0,8
2023-07-30 08:00:00,29.0,89,3.3,260,22.3,7,1006.0,8
2023-07-30 09:00:00,29.0,89,5.8,250,25.9,7,1006.0,8
2023-07-30 10:00:00,29.0,89,0.8,250,14.8,8,1006.0,8
2023-07-30 11:00:00,28.0,94,0.4,240,20.5,8,1007.0,8
2023-07-30 12:00:00,28.0,94,0.6,240,14.8,8,1007.0,7
2023-07-30 13:00:00,28.0,94,0.4,220,9.4,8,1009.0,7
2023-07-30 14:00:00,28.0,94,0.1,230,7.6,7,1009.0,7
2023-07-30 15:00:00,28.0,94,0.0,230,9.4,7,1010.0,7
2023-07-30 16:00:00,28.0,94,0.0,240,11.2,7,1010.0,3
2023-07-30 17:00:00,28.0,94,0.0,240,11.2,7,1009.0,3
2023-07-30 18:00:00,27.0,100,0.0,240,13.0,7,1009.0,3
2023-07-30 19:00:00,27.0,100,0.0,230,11.2,7,1009.0,3
2023-07-30 20:00:00,27.0,100,0.0,230,11.2,7,1008.0,3
2023-07-30 21:00:00,27.0,100,0.0,230,14.8,7,1007.0,3
2023-07-30 22:00:00,27.0,100,0.0,230,14.8,7,1008.0,3
2023-07-30 23:00:00,27.0,100,0.0,230,14.8,7,1008.0,3
2023-07-31 00:00:00,27.0,100,0.0,240,24.1,8,1009.0,3
2023-07-31 01:00:00,28.0,94,0.0,260,20.5,7,1010.0,3
2023-07-31 02:00:00,29.0,84,0.0,250,20.5,7,1010.0,3
2023-07-31 03:00:00,29.0,89,0.0,250,20.5,7,1010.0,3
2023-07-31 04:00:00,31.0,84,0.0,260,16.6,7,1009.0,7
2023-07-31 05:00:00,31.0,79,0.1,260,20.5,7,1009.0,7
2023-07-31 06:00:00,31.0,79,4.4,280,22.3,7,1008.0,7
2023-07-31 07:00:00,32.0,75,0.9,290,22.3,7,1008.0,7
2023-07-31 08:00:00,32.0,71,0.5,280,22.3,7,1007.0,7
2023-07-31 09:00:00,31.0,79,0.4,260,18.4,7,1006.0,8
2023-07-31 10:00:00,31.0,79,0.1,260,16.6,8,1006.0,8
2023-07-31 11:00:00,30.0,84,0.2,250,22.3,8,1007.0,8
2023-07-31 12:00:00,29.0,89,0.0,250,18.4,8,1008.0,7
2023-07-31 13:00:00,29.0,89,0.0,250,14.8,7,1009.0,7
2023-07-31 14:00:00,28.0,94,0.0,250,16.6,7,1009.0,3
2023-07-31 15:00:00,27.0,100,0.0,260,13.0,7,1010.0,3
2023-07-31 16:00:00,27.0,100,0.0,350,7.6,7,1011.0,3
2023-07-31 17:00:00,26.0,94,0.0,20,7.6,7,1010.0,3
2023-07-31 18:00:00,25.0,100,0.0,207,5.4,7,1010.0,3
2023-07-31 19:00:00,25.0,100,0.0,202,1.8,7,1009.0,3
2023-07-31 20:00:00,25.0,100,0.0,197,3.6,7,1008.0,3
2023-07-31 21:00:00,25.0,100,0.0,192,1.8,7,1008.0,3
2023-07-31 22:00:00,26.0,94,0.0,0,0.0,7,1008.0,7
2023-07-31 23:00:00,26.0,94,0.0,0,0.0,7,1008.0,5
2023-08-01 00:00:00,27.0,100,0.0,250,9.4,7,1009.0,7
2023-08-01 01:00:00,28.0,94,0.0,250,14.8,7,1009.0,7
2023-08-01 02:00:00,29.0,94,0.0,260,14.8,7,1010.0,7
2023-08-01 03:00:00,31.0,84,0.1,250,20.5,7,1010.0,7
2023-08-01 04:00:00,31.0,79,0.1,250,20.5,7,1009.0,7
2023-08-01 05:00:00,33.0,71,0.2,280,18.4,7,1008.0,7
2023-08-01 06:00:00,33.0,67,0.2,280,22.3,7,1008.0,7
2023-08-01 07:00:00,33.0,67,0.4,290,20.5,7,1007.0,7
2023-08-01 08:00:00,33.0,67,7.4,260,24.1,7,1006.0,8
2023-08-01 09:00:00,32.0,75,1.3,260,20.5,7,1006.0,8
2023-08-01 10:00:00,32.0,75,0.7,270,18.4,8,1006.0,8
2023-08-01 11:00:00,30.0,84,0.3,260,25.9,8,1007.0,8
2023-08-01 12:00:00,29.0,89,0.1,260,14.8,8,1007.0,8
2023-08-01 13:00:00,28.0,94,0.0,270,11.2,8,1008.0,7
2023-08-01 14:00:00,28.0,94,0.0,260,14.8,7,1009.0,3
2023-08-01 15:00:00,28.0,100,0.0,260,16.6,7,1009.0,3
2023-08-01 16:00:00,28.0,94,0.0,260,16.6,7,1009.0,3
2023-08-01 17:00:00,28.0,94,0.0,250,13.0,7,1009.0,3
2023-08-01 18:00:00,28.0,94,0.0,240,14.8,7,1009.0,3
2023-08-01 19:00:00,27.0,100,0.0,250,16.6,7,1008.0,3
2023-08-01 20:00:00,27.0,100,0.0,250,16.6,7,1008.0,3
2023-08-01 21:00:00,27.0,100,0.0,250,16.6,7,1008.0,3
2023-08-01 22:00:00,27.0,100,0.0,240,20.5,7,1008.0,7
2023-08-01 23:00:00,27.0,100,0.0,230,18.4,7,1008.0,7
2023-08-02 00:00:00,28.0,100,0.0,240,18.4,7,1009.0,7
2023-08-02 01:00:00,29.0,94,0.0,260,20.5,7,1009.0,7
2023-08-02 02:00:00,30.0,89,0.0,270,18.4,7,1010.0,7
2023-08-02 03:00:00,32.0,80,0.0,280,18.4,7,1010.0,7
2023-08-02 04:00:00,32.0,80,0.0,280,22.3,7,1010.0,7
2023-08-02 05:00:00,32.0,80,1.9,280,24.1,7,1010.0,7
2023-08-02 06:00:00,32.0,75,1.2,280,20.5,7,1008.0,7
2023-08-02 07:00:00,33.0,71,0.4,290,27.7,7,1007.0,7
2023-08-02 08:00:00,33.0,71,0.5,290,22.3,7,1007.0,7
2023-08-02 09:00:00,32.0,75,3.7,290,14.8,7,1006.0,7
2023-08-02 10:00:00,29.0,79,1.2,250,22.3,7,1007.0,7
2023-08-02 11:00:00,27.0,94,0.2,220,16.6,7,1007.0,7
2023-08-02 12:00:00,27.0,94,0.1,260,11.2,7,1008.0,7
2023-08-02 13:00:00,28.0,94,0.0,250,11.2,7,1009.0,3
2023-08-02 14:00:00,28.0,94,0.0,250,16.6,7,1010.0,3
2023-08-02 15:00:00,28.0,94,0.0,250,16.6,7,1010.0,3
2023-08-02 16:00:00,27.0,100,0.0,250,14.8,7,1010.0,3
2023-08-02 17:00:00,27.0,100,0.0,250,14.8,7,1010.0,3
2023-08-02 18:00:00,27.0,100,0.0,230,13.0,7,1009.0,3
2023-08-02 19:00:00,27.0,100,0.0,240,14.8,7,1009.0,3
2023-08-02 20:00:00,27.0,100,0.0,220,14.8,7,1008.0,3
2023-08-02 21:00:00,27.0,100,0.0,230,16.6,7,1009.0,3
2023-08-02 22:00:00,27.0,100,0.0,220,14.8,7,1009.0,7
2023-08-02 23:00:00,27.0,100,0.0,220,13.0,7,1009.0,7
2023-08-03 00:00:00,28.0,94,0.0,220,16.6,7,1010.0,7
2023-08-03 01:00:00,29.0,94,0.0,220,18.4,7,1010.0,7
2023-08-03 02:00:00,30.0,89,0.0,240,16.6,7,1010.0,7
2023-08-03 03:00:00,31.0,84,0.0,240,25.9,7,1010.0,7
2023-08-03 04:00:00,33.0,75,0.0,260,24.1,7,1009.0,7
2023-08-03 05:00:00,31.0,84,0.1,260,13.0,7,1009.0,7
2023-08-03 06:00:00,27.0,94,1.0,280,31.7,7,1009.0,7
2023-08-03 07:00:00,29.0,89,0.5,260,22.3,7,1008.0,7
2023-08-03 08:00:00,29.0,94,0.2,260,20.5,7,1007.0,7
2023-08-03 09:00:00,29.0,94,0.8,250,16.6,7,1007.0,7
2023-08-03 10:00:00,29.0,94,0.4,240,18.4,7,1007.0,7
2023-08-03 11:00:00,30.0,89,0.0,220,16.6,7,1008.0,7
2023-08-03 12:00:00,29.0,89,0.0,230,16.6,7,1009.0,7
2023-08-03 13:00:00,29.0,89,0.0,220,14.8,7,1010.0,7
2023-08-03 14:00:00,29.0,89,0.0,240,16.6,7,1011.0,3
2023-08-03 15:00:00,29.0,89,0.0,230,16.6,7,1012.0,3
2023-08-03 16:00:00,29.0,89,0.0,240,16.6,7,1012.0,3
2023-08-03 17:00:00,28.0,94,0.0,230,16.6,7,1012.0,3
2023-08-03 18:00:00,28.0,94,0.0,240,14.8,7,1011.0,3
2023-08-03 19:00:00,28.0,94,0.0,250,11.2,7,1011.0,3
2023-08-03 20:00:00,27.0,100,0.0,240,13.0,7,1011.0,3
2023-08-03 21:00:00,27.0,100,0.0,250,14.8,7,1011.0,3
2023-08-03 22:00:00,27.0,100,0.0,250,11.2,7,1011.0,7
2023-08-03 23:00:00,27.0,100,0.0,230,13.0,7,1011.0,7
2023-08-04 00:00:00,28.0,100,0.0,230,16.6,7,1012.0,7
2023-08-04 01:00:00,29.0,94,0.0,240,14.8,7,1012.0,7
2023-08-04 02:00:00,31.0,84,0.0,250,18.4,7,1012.0,7
2023-08-04 03:00:00,31.0,79,0.0,240,20.5,7,1012.0,7
2023-08-04 04:00:00,32.0,75,0.0,250,18.4,7,1012.0,3
2023-08-04 05:00:00,33.0,71,0.0,250,22.3,7,1011.0,3
2023-08-04 06:00:00,34.0,71,0.0,240,18.4,7,1010.0,3
2023-08-04 07:00:00,29.0,84,0.0,230,27.7,7,1010.0,3
2023-08-04 08:00:00,31.0,79,0.4,270,22.3,7,1010.0,3
2023-08-04 09:00:00,29.0,89,0.0,250,22.3,7,1010.0,7
2023-08-04 10:00:00,29.0,89,0.0,250,14.8,7,1010.0,7
2023-08-04 11:00:00,29.0,89,0.0,250,16.6,7,1010.0,7
2023-08-04 12:00:00,29.0,89,0.0,230,16.6,7,1011.0,3
2023-08-04 13:00:00,29.0,89,0.0,220,11.2,7,1012.0,3
2023-08-04 14:00:00,28.0,94,0.0,210,11.2,7,1013.0,3
2023-08-04 15:00:00,28.0,94,0.0,230,11.2,6,1013.0,3
2023-08-04 16:00:00,28.0,94,0.0,230,14.8,7,1013.0,2
2023-08-04 17:00:00,28.0,94,0.0,230,16.6,6,1013.0,2
2023-08-04 18:00:00,27.0,100,0.0,240,14.8,6,1012.0,2
2023-08-04 19:00:00,27.0,100,0.0,230,13.0,6,1012.0,2
2023-08-04 20:00:00,27.0,100,0.0,240,11.2,6,1011.0,2
2023-08-04 21:00:00,27.0,100,0.0,230,11.2,6,1011.0,2
2023-08-04 22:00:00,27.0,100,0.0,230,11.2,6,1012.0,2
2023-08-04 23:00:00,27.0,100,0.0,230,14.8,6,1012.0,2
2023-08-05 00:00:00,28.0,100,0.0,230,18.4,6,1013.0,2
2023-08-05 01:00:00,29.0,94,0.0,250,18.4,6,1013.0,2
2023-08-05 02:00:00,31.0,84,0.0,250,20.5,6,1013.0,2
2023-08-05 03:00:00,31.0,79,0.7,270,14.8,6,1013.0,2
2023-08-05 04:00:00,32.0,71,0.1,280,18.4,6,1013.0,2
2023-08-05 05:00:00,33.0,71,0.0,270,20.5,6,1012.0,2
2023-08-05 06:00:00,34.0,63,0.2,270,16.6,6,1011.0,2
2023-08-05 07:00:00,34.0,60,0.0,270,22.3,6,1010.0,2
2023-08-05 08:00:00,34.0,63,2.1,260,25.9,6,1009.0,2
2023-08-05 09:00:00,32.0,71,0.9,240,27.7,6,1009.0,2
2023-08-05 10:00:00,27.0,100,0.0,250,11.2,6,1010.0,2
2023-08-05 11:00:00,29.0,94,0.0,260,9.4,6,1010.0,2
2023-08-05 12:00:00,29.0,94,0.0,270,7.6,6,1010.0,2
2023-08-05 13:00:00,29.0,89,0.0,240,14.8,6,1011.0,2
2023-08-05 14:00:00,29.0,89,0.0,240,14.8,6,1012.0,2
2023-08-05 15:00:00,28.0,94,0.0,230,13.0,5,1012.0,2
2023-08-05 16:00:00,28.0,94,0.0,240,13.0,5,1012.0,2
2023-08-05 17:00:00,28.0,94,0.0,240,16.6,5,1011.0,2
2023-08-05 18:00:00,27.0,100,0.0,250,16.6,5,1011.0,2
2023-08-05 19:00:00,27.0,94,0.0,250,14.8,5,1010.0,2
2023-08-05 20:00:00,27.0,94,0.0,250,14.8,5,1010.0,2
2023-08-05 21:00:00,26.0,100,0.0,250,14.8,5,1010.0,2
2023-08-05 22:00:00,26.0,100,0.0,250,13.0,5,1010.0,2
2023-08-05 23:00:00,27.0,94,0.0,240,13.0,5,1011.0,2
2023-08-06 00:00:00,28.0,94,0.0,230,14.8,5,1011.0,2
2023-08-06 01:00:00,29.0,89,0.0,250,18.4,5,1011.0,2
2023-08-06 02:00:00,30.0,89,0.0,250,22.3,5,1012.0,2
2023-08-06 03:00:00,31.0,79,0.0,260,25.9,5,1011.0,2
2023-08-06 04:00:00,32.0,75,0.0,270,22.3,5,1011.0,2
2023-08-06 05:00:00,32.0,71,0.1,260,31.7,6,1010.0,2
2023-08-06 06:00:00,33.0,67,0.0,270,25.9,6,1009.0,2
2023-08-06 07:00:00,33.0,63,0.1,260,24.1,6,1008.0,2
2023-08-06 08:00:00,33.0,67,5.1,260,22.3,6,1007.0,2
2023-08-06 09:00:00,33.0,67,1.1,250,20.5,6,1007.0,2
2023-08-06 10:00:00,32.0,71,0.8,260,20.5,6,1008.0,2
2023-08-06 11:00:00,31.0,75,0.3,250,25.9,6,1008.0,2
2023-08-06 12:00:00,30.0,79,0.1,250,20.5,6,1008.0,2
2023-08-06 13:00:00,29.0,84,0.0,250,16.6,6,1009.0,2
2023-08-06 14:00:00,29.0,84,0.0,260,20.5,6,1009.0,2
2023-08-06 15:00:00,28.0,94,0.0,250,20.5,5,1010.0,2
2023-08-06 16:00:00,28.0,94,0.0,260,20.5,5,1010.0,2
2023-08-06 17:00:00,27.0,100,0.0,250,16.6,5,1009.0,2
2023-08-06 18:00:00,27.0,100,0.0,260,14.8,5,1009.0,2
2023-08-06 19:00:00,27.0,94,0.0,250,11.2,5,1009.0,2
2023-08-06 20:00:00,27.0,94,0.0,250,11.2,5,1009.0,2
2023-08-06 21:00:00,27.0,94,0.0,250,11.2,5,1009.0,2
2023-08-06 22:00:00,26.0,100,0.0,250,14.8,5,1009.0,2
2023-08-06 23:00:00,27.0,100,0.0,230,13.0,5,1009.0,2
2023-08-07 00:00:00,28.0,94,0.0,240,14.8,5,1010.0,2
2023-08-07 01:00:00,30.0,89,0.0,250,22.3,5,1010.0,2
2023-08-07 02:00:00,31.0,84,0.0,260,22.3,5,1010.0,2
2023-08-07 03:00:00,32.0,75,0.0,260,24.1,5,1010.0,2
2023-08-07 04:00:00,33.0,67,0.0,280,22.3,5,1009.0,2
2023-08-07 05:00:00,33.0,67,0.0,280,20.5,5,1009.0,2
2023-08-07 06:00:00,33.0,67,0.0,270,25.9,5,1008.0,2
2023-08-07 07:00:00,34.0,60,0.0,280,22.3,5,1007.0,2
2023-08-07 08:00:00,34.0,63,0.4,270,25.9,6,1006.0,2
2023-08-07 09:00:00,33.0,63,0.0,260,22.3,6,1006.0,2
2023-08-07 10:00:00,33.0,67,0.0,260,20.5,5,1006.0,2
2023-08-07 11:00:00,31.0,75,0.0,260,20.5,5,1007.0,2
2023-08-07 12:00:00,30.0,79,0.0,260,20.5,5,1007.0,2
2023-08-07 13:00:00,28.0,79,0.0,300,18.4,5,1008.0,2
2023-08-07 14:00:00,28.0,89,0.0,209,4.0,5,1009.0,2
2023-08-07 15:00:00,29.0,89,0.0,240,22.0,5,1010.0,2
2023-08-07 16:00:00,28.0,94,0.0,250,20.0,5,1009.0,2
2023-08-07 17:00:00,28.0,94,0.0,250,20.5,5,1009.0,2
2023-08-07 18:00:00,28.0,94,0.0,250,16.6,5,1009.0,2
2023-08-07 19:00:00,27.0,100,0.0,250,18.4,5,1009.0,2
2023-08-07 20:00:00,27.0,100,0.0,250,14.8,5,1009.0,2
2023-08-07 21:00:00,27.0,100,0.0,250,14.8,5,1009.0,2
2023-08-07 22:00:00,27.0,100,0.0,240,11.2,5,1009.0,2
2023-08-07 23:00:00,27.0,100,0.0,230,11.2,5,1010.0,2
2023-08-08 00:00:00,28.0,94,0.0,240,16.6,5,1010.0,2
2023-08-08 01:00:00,30.0,89,0.0,250,18.4,5,1011.0,2
2023-08-08 02:00:00,31.0,84,0.0,250,18.4,5,1011.0,2
2023-08-08 03:00:00,32.0,80,0.0,260,22.3,5,1011.0,2
2023-08-08 04:00:00,33.0,71,0.0,260,22.3,5,1010.0,2
2023-08-08 05:00:00,33.0,67,0.4,270,16.6,6,1009.0,2
2023-08-08 06:00:00,33.0,67,0.0,270,22.3,6,1009.0,2
2023-08-08 07:00:00,34.0,63,0.0,260,20.5,6,1008.0,2
2023-08-08 08:00:00,33.0,63,1.7,280,20.5,6,1007.0,2
2023-08-08 09:00:00,33.0,67,1.6,270,22.3,6,1007.0,2
2023-08-08 10:00:00,33.0,63,0.0,260,22.3,6,1007.0,2
2023-08-08 11:00:00,31.0,75,0.0,250,22.3,6,1008.0,2
2023-08-08 12:00:00,31.0,75,0.0,250,22.3,6,1009.0,2
2023-08-08 13:00:00,29.0,89,0.0,270,7.6,6,1010.0,2
2023-08-08 14:00:00,29.0,89,0.0,250,18.4,5,1010.0,2
2023-08-08 15:00:00,28.0,94,0.0,250,18.4,5,1011.0,2
2023-08-08 16:00:00,28.0,94,0.0,250,22.3,5,1010.0,2
2023-08-08 17:00:00,28.0,94,0.0,250,18.4,5,1010.0,2
2023-08-08 18:00:00,28.0,94,0.0,250,18.4,5,1010.0,2
2023-08-08 19:00:00,27.0,100,0.0,250,16.6,5,1010.0,2
2023-08-08 20:00:00,27.0,100,0.0,250,14.8,5,1010.0,2
2023-08-08 21:00:00,27.0,100,0.0,250,14.8,5,1010.0,2
2023-08-08 22:00:00,27.0,100,0.0,250,11.2,5,1010.0,2
2023-08-08 23:00:00,27.0,100,0.0,250,14.8,5,1011.0,2
2023-08-09 00:00:00,28.0,100,0.0,250,14.8,5,1011.0,2
2023-08-09 01:00:00,30.0,89,0.0,260,16.6,5,1012.0,2
2023-08-09 02:00:00,30.0,84,0.0,260,22.3,5,1012.0,2
2023-08-09 03:00:00,33.0,75,0.0,280,20.5,5,1012.0,2
2023-08-09 04:00:00,32.0,67,0.0,300,20.5,5,1011.0,2
2023-08-09 05:00:00,33.0,67,0.0,270,22.3,5,1011.0,2
2023-08-09 06:00:00,34.0,63,0.0,270,24.1,6,1010.0,2
2023-08-09 07:00:00,35.0,60,0.9,260,20.0,6,1009.0,2
2023-08-09 08:00:00,35.0,56,2.3,290,16.6,6,1008.0,2
2023-08-09 09:00:00,33.0,67,0.0,260,27.7,6,1008.0,2
2023-08-09 10:00:00,33.0,67,0.0,270,20.5,6,1008.0,2
2023-08-09 11:00:00,31.0,79,0.0,250,20.5,6,1009.0,2
2023-08-09 12:00:00,31.0,79,0.0,250,18.4,6,1009.0,2
2023-08-09 13:00:00,30.0,84,0.0,250,16.6,5,1010.0,2
2023-08-09 14:00:00,30.0,84,0.0,250,18.4,5,1010.0,2
2023-08-09 15:00:00,29.0,94,0.0,250,18.4,5,1011.0,2
2023-08-09 16:00:00,28.0,94,0.0,250,18.4,5,1011.0,2
2023-08-09 17:00:00,28.0,94,0.0,260,16.6,5,1010.0,2
2023-08-09 18:00:00,28.0,94,0.0,250,18.4,5,1010.0,2
2023-08-09 19:00:00,27.0,100,0.0,260,14.8,5,1010.0,2
2023-08-09 20:00:00,27.0,100,0.0,260,14.8,5,1010.0,2
2023-08-09 21:00:00,27.0,100,0.0,240,9.4,5,1009.0,2
2023-08-09 22:00:00,27.0,100,0.0,250,13.0,5,1010.0,2
2023-08-09 23:00:00,27.0,100,0.0,250,9.4,5,1010.0,2
2023-08-10 00:00:00,28.0,100,0.0,250,13.0,5,1010.0,2
2023-08-10 01:00:00,30.0,89,0.0,270,18.4,5,1011.0,2
2023-08-10 02:00:00,31.0,79,0.0,250,18.4,5,1011.0,2
2023-08-10 03:00:00,32.0,75,0.0,270,14.8,5,1011.0,2
2023-08-10 04:00:00,32.0,75,0.0,290,14.8,5,1010.0,2
2023-08-10 05:00:00,34.0,63,0.0,290,11.2,6,1009.0,2
2023-08-10 06:00:00,34.0,63,0.0,310,14.8,6,1008.0,2
2023-08-10 07:00:00,35.0,60,0.1,300,11.2,6,1008.0,2
2023-08-10 08:00:00,35.0,60,0.0,290,11.2,6,1007.0,2
2023-08-10 09:00:00,35.0,60,0.1,280,14.8,6,1007.0,2
2023-08-10 10:00:00,33.0,63,0.0,260,24.1,6,1007.0,2
2023-08-10 11:00:00,30.0,79,0.0,260,17.0,6,1008.0,2
2023-08-10 12:00:00,30.0,84,0.0,250,22.0,6,1008.0,2
2023-08-10 13:00:00,29.0,79,0.0,270,13.0,6,1009.0,2
2023-08-10 14:00:00,29.0,94,0.0,250,13.0,5,1009.0,2
2023-08-10 15:00:00,29.0,94,0.0,250,18.4,5,1010.0,2
2023-08-10 16:00:00,29.0,94,0.0,250,16.6,5,1010.0,2
2023-08-10 17:00:00,28.0,100,0.0,250,20.5,5,1010.0,2
2023-08-10 18:00:00,28.0,94,0.0,250,20.5,5,1009.0,2
2023-08-10 19:00:00,28.0,94,0.0,250,20.5,5,1009.0,2
2023-08-10 20:00:00,27.0,100,0.0,250,16.6,5,1009.0,2
2023-08-10 21:00:00,27.0,100,0.0,260,13.0,5,1009.0,2
2023-08-10 22:00:00,27.0,100,0.0,250,11.2,5,1009.0,2
2023-08-10 23:00:00,27.0,100,0.0,250,11.2,5,1009.0,2
2023-08-11 00:00:00,28.0,94,0.0,250,16.6,5,1009.0,2
2023-08-11 01:00:00,30.0,89,0.0,270,22.3,5,1010.0,2
2023-08-11 02:00:00,31.0,79,0.0,280,24.1,5,1010.0,2
2023-08-11 03:00:00,32.0,75,0.1,280,20.5,5,1010.0,2
2023-08-11 04:00:00,32.0,71,0.0,290,14.8,5,1009.0,2
2023-08-11 05:00:00,34.0,60,0.0,280,18.4,5,1008.0,2
2023-08-11 06:00:00,35.0,56,0.0,300,16.6,6,1007.0,2
2023-08-11 07:00:00,35.0,60,0.0,250,20.5,6,1006.0,2
2023-08-11 08:00:00,35.0,60,0.9,270,14.8,6,1006.0,2
2023-08-11 09:00:00,34.0,60,0.3,270,22.3,6,1005.0,2
2023-08-11 10:00:00,33.0,63,0.0,260,22.3,6,1006.0,2
2023-08-11 11:00:00,32.0,71,0.4,250,25.9,6,1006.0,2
2023-08-11 12:00:00,31.0,75,0.0,250,18.4,6,1006.0,2
2023-08-11 13:00:00,30.0,79,0.0,260,20.5,6,1008.0,2
2023-08-11 14:00:00,30.0,84,0.0,240,24.1,5,1009.0,2
2023-08-11 15:00:00,29.0,89,0.0,240,24.1,5,1010.0,2
2023-08-11 16:00:00,28.0,94,0.0,250,22.3,5,1010.0,2
2023-08-11 17:00:00,28.0,94,0.0,250,22.3,5,1009.0,2
2023-08-11 18:00:00,28.0,94,0.0,260,18.4,5,1009.0,2
2023-08-11 19:00:00,27.0,100,0.0,250,14.8,5,1008.0,2
2023-08-11 20:00:00,27.0,100,0.0,260,14.8,5,1008.0,2
2023-08-11 21:00:00,27.0,100,0.0,250,13.0,5,1008.0,2
2023-08-11 22:00:00,27.0,100,0.0,230,14.8,5,1008.0,2
2023-08-11 23:00:00,27.0,100,0.0,220,13.0,5,1008.0,2
2023-08-12 00:00:00,28.0,94,0.0,220,14.8,6,1009.0,2
2023-08-12 01:00:00,29.0,94,0.0,240,18.4,6,1010.0,2
2023-08-12 02:00:00,31.0,79,0.0,250,22.3,6,1010.0,2
2023-08-12 03:00:00,32.0,75,0.0,260,22.3,6,1009.0,2
2023-08-12 04:00:00,33.0,67,0.0,260,20.5,6,1009.0,2
2023-08-12 05:00:00,34.0,67,0.0,270,20.5,6,1008.0,2
2023-08-12 06:00:00,33.0,67,0.1,290,22.3,6,1007.0,2
2023-08-12 07:00:00,35.0,56,0.8,270,20.5,6,1006.0,2
2023-08-12 08:00:00,34.0,63,1.5,260,29.5,6,1005.0,2
2023-08-12 09:00:00,34.0,56,4.0,260,27.7,6,1005.0,2
2023-08-12 10:00:00,33.0,67,0.1,270,24.1,6,1005.0,2
2023-08-12 11:00:00,32.0,67,0.0,260,20.5,6,1006.0,2
2023-08-12 12:00:00,31.0,75,0.0,260,18.4,6,1007.0,2
2023-08-12 13:00:00,30.0,84,0.2,250,22.3,6,1008.0,2
2023-08-12 14:00:00,30.0,89,0.0,260,18.4,6,1009.0,2
2023-08-12 15:00:00,29.0,94,0.5,240,20.5,6,1009.0,2
2023-08-12 16:00:00,29.0,94,0.0,250,22.3,6,1010.0,2
2023-08-12 17:00:00,29.0,94,0.0,240,20.5,6,1009.0,2
2023-08-12 18:00:00,28.0,100,0.0,250,20.5,6,1009.0,2
2023-08-12 19:00:00,28.0,94,0.0,250,20.5,6,1008.0,2
2023-08-12 20:00:00,28.0,94,0.0,250,18.4,6,1008.0,2
2023-08-12 21:00:00,27.0,100,0.0,250,16.6,6,1007.0,2
2023-08-12 22:00:00,27.0,100,0.0,250,13.0,6,1008.0,2
2023-08-12 23:00:00,28.0,94,0.0,230,13.0,6,1008.0,2
2023-08-13 00:00:00,29.0,94,0.0,230,13.0,6,1009.0,2
2023-08-13 01:00:00,29.0,94,0.0,240,16.6,6,1009.0,2
2023-08-13 02:00:00,30.0,89,0.1,240,22.3,6,1010.0,2
2023-08-13 03:00:00,32.0,75,0.2,260,22.3,6,1009.0,2
2023-08-13 04:00:00,33.0,67,0.0,270,20.5,6,1009.0,2
2023-08-13 05:00:00,34.0,60,0.1,270,20.5,6,1008.0,2
2023-08-13 06:00:00,35.0,56,0.2,280,20.5,6,1007.0,2
2023-08-13 07:00:00,34.0,60,0.1,260,20.5,6,1006.0,2
2023-08-13 08:00:00,32.0,71,1.8,200,27.7,6,1006.0,2
2023-08-13 09:00:00,28.0,94,0.0,250,24.1,6,1006.0,7
2023-08-13 10:00:00,29.0,89,1.3,230,18.4,6,1006.0,2
2023-08-13 11:00:00,29.0,84,0.0,240,24.1,6,1007.0,2
2023-08-13 12:00:00,29.0,89,0.0,240,20.5,6,1007.0,2
2023-08-13 13:00:00,27.0,89,0.0,320,14.8,6,1008.0,2
2023-08-13 14:00:00,26.0,94,0.0,270,7.6,6,1009.0,2
2023-08-13 15:00:00,27.0,89,0.0,181,1.8,6,1010.0,2
2023-08-13 16:00:00,26.0,100,0.0,0,0.0,6,1010.0,2
2023-08-13 17:00:00,28.0,94,0.0,194,3.6,6,1010.0,2
2023-08-13 18:00:00,28.0,94,0.0,230,11.2,6,1009.0,2
2023-08-13 19:00:00,27.0,100,0.0,240,13.0,6,1008.0,2
2023-08-13 20:00:00,27.0,100,0.0,230,11.2,6,1008.0,2
2023-08-13 21:00:00,27.0,100,0.0,230,14.8,6,1008.0,2
2023-08-13 22:00:00,27.0,100,0.0,220,11.2,6,1008.0,2
2023-08-13 23:00:00,27.0,100,0.1,230,13.0,6,1008.0,2
2023-08-14 00:00:00,28.0,100,0.0,230,13.0,6,1009.0,2
2023-08-14 01:00:00,29.0,94,0.0,230,13.0,6,1010.0,2
2023-08-14 02:00:00,31.0,84,0.1,240,16.6,6,1010.0,2
2023-08-14 03:00:00,33.0,71,0.0,260,20.5,6,1009.0,2
2023-08-14 04:00:00,33.0,71,0.0,270,22.3,6,1009.0,2
2023-08-14 05:00:00,35.0,60,0.0,270,20.5,6,1008.0,2
2023-08-14 06:00:00,35.0,60,0.0,270,16.6,6,1007.0,2
2023-08-14 07:00:00,35.0,60,0.0,260,16.6,6,1006.0,2
2023-08-14 08:00:00,29.0,94,5.0,350,18.4,6,1005.0,7
2023-08-14 09:00:00,31.0,84,0.8,270,14.8,6,1005.0,7
2023-08-14 10:00:00,28.0,94,0.0,60,9.4,7,1006.0,7
2023-08-14 11:00:00,29.0,94,0.2,210,16.6,7,1007.0,7
2023-08-14 12:00:00,29.0,94,0.0,210,16.6,7,1007.0,3
2023-08-14 13:00:00,29.0,94,0.6,210,14.8,6,1009.0,3
2023-08-14 14:00:00,28.0,100,0.0,220,9.4,6,1010.0,2
2023-08-14 15:00:00,28.0,94,0.0,230,14.8,6,1010.0,2
2023-08-14 16:00:00,28.0,100,0.0,230,9.4,6,1010.0,2
2023-08-14 17:00:00,28.0,94,0.0,230,14.8,6,1010.0,2
2023-08-14 18:00:00,28.0,94,0.0,220,13.0,6,1009.0,2
2023-08-14 19:00:00,28.0,94,0.0,220,14.8,6,1009.0,2
2023-08-14 20:00:00,27.0,100,0.0,220,14.8,6,1008.0,2
2023-08-14 21:00:00,27.0,100,5.6,220,9.4,6,1008.0,2
2023-08-14 22:00:00,27.0,100,0.1,220,11.2,6,1009.0,2
2023-08-14 23:00:00,27.0,94,0.0,220,13.0,7,1010.0,2
2023-08-15 00:00:00,28.0,94,0.0,220,13.0,7,1010.0,3
2023-08-15 01:00:00,29.0,94,0.0,220,16.6,6,1010.0,3
2023-08-15 02:00:00,30.0,89,0.0,250,18.4,6,1011.0,2
2023-08-15 03:00:00,32.0,75,0.2,250,22.3,6,1010.0,2
2023-08-15 04:00:00,33.0,67,0.2,260,25.9,6,1010.0,2
2023-08-15 05:00:00,33.0,67,0.1,270,20.5,6,1009.0,7
2023-08-15 06:00:00,33.0,67,0.0,270,14.8,7,1008.0,25
2023-08-15 07:00:00,33.0,67,0.1,260,16.6,7,1007.0,7
2023-08-15 08:00:00,33.0,67,2.8,250,24.1,7,1007.0,7
2023-08-15 09:00:00,32.0,71,0.5,240,27.7,7,1006.0,7
2023-08-15 10:00:00,33.0,63,0.0,260,29.5,7,1007.0,7
2023-08-15 11:00:00,31.0,70,0.0,250,18.4,7,1007.0,7
2023-08-15 12:00:00,30.0,79,0.0,250,20.5,7,1008.0,7
2023-08-15 13:00:00,29.0,84,0.0,250,20.5,7,1009.0,3
2023-08-15 14:00:00,29.0,84,0.0,240,14.8,7,1010.0,3
2023-08-15 15:00:00,28.0,89,0.0,240,22.3,6,1011.0,2
2023-08-15 16:00:00,28.0,89,0.0,240,20.5,6,1011.0,2
2023-08-15 17:00:00,27.0,94,0.0,240,18.4,6,1011.0,2
2023-08-15 18:00:00,27.0,100,0.0,240,16.6,6,1010.0,2
2023-08-15 19:00:00,27.0,94,0.0,250,14.8,6,1009.0,2
2023-08-15 20:00:00,27.0,94,0.0,250,11.2,6,1009.0,2
2023-08-15 21:00:00,27.0,100,0.0,230,11.2,6,1009.0,2
2023-08-15 22:00:00,27.0,94,0.0,240,7.6,6,1009.0,2
2023-08-15 23:00:00,27.0,100,0.0,220,14.8,6,1010.0,2
2023-08-16 00:00:00,28.0,94,0.0,220,14.8,6,1010.0,2
2023-08-16 01:00:00,29.0,89,0.0,240,14.8,6,1011.0,2
2023-08-16 02:00:00,31.0,79,0.0,260,14.8,6,1011.0,2
2023-08-16 03:00:00,32.0,75,0.2,270,16.6,6,1011.0,2
2023-08-16 04:00:00,32.0,71,0.0,280,16.6,6,1010.0,2
2023-08-16 05:00:00,33.0,67,0.0,290,13.0,6,1009.0,2
2023-08-16 06:00:00,33.0,71,0.2,270,14.8,6,1008.0,2
2023-08-16 07:00:00,33.0,67,0.9,270,16.6,6,1007.0,2
2023-08-16 08:00:00,28.0,94,0.2,260,31.7,6,1007.0,25
2023-08-16 09:00:00,28.0,94,0.2,231,1.8,6,1007.0,7
2023-08-16 10:00:00,28.0,94,0.0,320,13.0,7,1007.0,25
2023-08-16 11:00:00,29.0,94,0.0,203,5.4,7,1007.0,18
2023-08-16 12:00:00,29.0,89,0.0,250,13.0,7,1008.0,3
2023-08-16 13:00:00,29.0,94,0.0,240,14.8,6,1009.0,3
2023-08-16 14:00:00,29.0,89,0.0,240,16.6,6,1010.0,2
2023-08-16 15:00:00,29.0,94,1.1,250,13.0,6,1011.0,2
2023-08-16 16:00:00,28.0,100,0.0,240,11.2,6,1011.0,2
2023-08-16 17:00:00,28.0,94,0.0,240,11.2,6,1010.0,2
2023-08-16 18:00:00,28.0,100,0.0,220,13.0,6,1009.0,2
2023-08-16 19:00:00,28.0,94,0.0,250,14.8,6,1009.0,2
2023-08-16 20:00:00,27.0,100,0.0,240,11.2,6,1008.0,2
2023-08-16 21:00:00,27.0,100,0.0,240,13.0,6,1008.0,2
2023-08-16 22:00:00,27.0,100,0.0,250,11.2,6,1008.0,2
2023-08-16 23:00:00,27.0,100,0.0,240,11.2,6,1009.0,2
2023-08-17 00:00:00,28.0,94,0.0,240,11.2,6,1009.0,2
2023-08-17 01:00:00,29.0,94,0.0,250,16.6,6,1010.0,2
2023-08-17 02:00:00,31.0,84,0.0,270,14.8,6,1010.0,2
2023-08-17 03:00:00,31.0,79,0.0,280,13.0,6,1010.0,2
2023-08-17 04:00:00,32.0,71,0.1,270,14.8,6,1009.0,2
2023-08-17 05:00:00,33.0,75,4.9,310,11.2,6,1008.0,2
2023-08-17 06:00:00,33.0,67,0.2,280,20.5,6,1007.0,2
2023-08-17 07:00:00,32.0,75,0.2,300,18.4,6,1006.0,25
2023-08-17 08:00:00,34.0,67,0.2,260,13.0,6,1005.0,25
2023-08-17 09:00:00,26.0,100,4.9,233,9.4,6,1006.0,7
2023-08-17 10:00:00,27.0,94,0.5,210,7.6,7,1006.0,17
2023-08-17 11:00:00,27.0,94,0.0,250,9.4,7,1007.0,25
2023-08-17 12:00:00,27.0,100,0.0,270,13.0,7,1007.0,3
2023-08-17 13:00:00,27.0,100,0.0,300,7.6,7,1008.0,3
2023-08-17 14:00:00,27.0,100,0.7,193,4.0,6,1009.0,2
2023-08-17 15:00:00,27.0,100,0.0,194,6.0,6,1010.0,2
2023-08-17 16:00:00,27.0,100,0.0,196,5.4,6,1010.0,2
2023-08-17 17:00:00,27.0,100,0.0,200,4.0,6,1009.0,2
2023-08-17 18:00:00,27.0,100,0.0,250,11.2,6,1008.0,2
2023-08-17 19:00:00,26.0,100,0.0,280,3.6,6,1007.0,2
2023-08-17 20:00:00,26.0,100,0.0,280,5.4,6,1007.0,2
2023-08-17 21:00:00,26.0,100,0.0,250,7.6,6,1007.0,2
2023-08-17 22:00:00,26.0,94,0.0,240,3.6,6,1007.0,2
2023-08-17 23:00:00,26.0,100,0.0,270,3.6,6,1007.0,2
2023-08-18 00:00:00,27.0,100,0.0,175,3.6,6,1008.0,2
2023-08-18 01:00:00,28.0,94,0.0,260,7.6,6,1008.0,2
2023-08-18 02:00:00,30.0,89,0.1,260,11.2,6,1009.0,2
2023-08-18 03:00:00,30.0,84,0.2,270,13.0,6,1008.0,2
2023-08-18 04:00:00,31.0,84,0.3,270,11.2,6,1008.0,2
2023-08-18 05:00:00,31.0,79,0.2,240,7.6,6,1007.0,2
2023-08-18 06:00:00,32.0,71,0.3,280,14.8,6,1006.0,25
2023-08-18 07:00:00,34.0,63,0.3,310,14.8,6,1005.0,25
2023-08-18 08:00:00,34.0,63,11.0,320,9.4,6,1004.0,25
2023-08-18 09:00:00,33.0,67,2.2,290,11.2,7,1005.0,18
2023-08-18 10:00:00,30.0,84,1.2,260,22.3,7,1005.0,17
2023-08-18 11:00:00,28.0,94,0.9,260,22.3,7,1006.0,7
2023-08-18 12:00:00,27.0,100,0.2,270,20.5,7,1007.0,7
2023-08-18 13:00:00,26.0,100,0.0,203,5.4,7,1008.0,3
2023-08-18 14:00:00,26.0,94,0.0,197,5.4,7,1009.0,3
2023-08-18 15:00:00,26.0,94,0.0,192,3.6,7,1010.0,2
2023-08-18 16:00:00,26.0,94,0.0,197,3.6,7,1010.0,3
2023-08-18 17:00:00,26.0,100,0.0,0,0.0,7,1009.0,2
2023-08-18 18:00:00,26.0,94,0.0,10,3.6,7,1008.0,2
2023-08-18 19:00:00,26.0,100,0.0,201,5.4,6,1007.0,2
2023-08-18 20:00:00,27.0,94,0.0,200,7.6,6,1006.0,2
2023-08-18 21:00:00,26.0,100,0.0,180,3.6,6,1006.0,2
2023-08-18 22:00:00,26.0,100,0.0,218,5.4,6,1007.0,2
2023-08-18 23:00:00,27.0,94,0.0,193,1.8,6,1007.0,2
2023-08-19 00:00:00,27.0,100,0.0,178,3.6,6,1008.0,2
2023-08-19 01:00:00,28.0,100,0.1,290,7.6,6,1008.0,2
2023-08-19 02:00:00,30.0,89,0.2,290,7.6,6,1008.0,2
2023-08-19 03:00:00,31.0,79,0.3,300,11.2,6,1008.0,2
2023-08-19 04:00:00,32.0,75,0.6,300,14.8,6,1007.0,2
2023-08-19 05:00:00,32.0,75,0.7,310,9.4,6,1006.0,18
2023-08-19 06:00:00,33.0,71,2.6,320,14.8,7,1006.0,25
2023-08-19 07:00:00,31.0,75,1.0,320,7.6,7,1004.0,25
2023-08-19 08:00:00,32.0,71,2.2,300,7.6,7,1004.0,25
2023-08-19 09:00:00,33.0,67,5.2,236,3.6,7,1004.0,18
2023-08-19 10:00:00,29.0,89,0.9,220,24.1,7,1004.0,17
2023-08-19 11:00:00,28.0,94,0.2,230,24.1,7,1005.0,7
2023-08-19 12:00:00,27.0,94,0.0,230,20.5,7,1006.0,7
2023-08-19 13:00:00,27.0,94,0.3,250,18.4,7,1007.0,7
2023-08-19 14:00:00,27.0,94,0.0,260,11.2,7,1008.0,3
2023-08-19 15:00:00,27.0,94,0.0,260,9.4,7,1009.0,3
2023-08-19 16:00:00,27.0,94,0.0,20,7.6,7,1010.0,3
2023-08-19 17:00:00,26.0,100,0.0,250,11.2,7,1008.0,3
2023-08-19 18:00:00,25.0,100,0.0,310,7.6,7,1008.0,3
2023-08-19 19:00:00,25.0,100,1.2,197,5.4,7,1006.0,3
2023-08-19 20:00:00,26.0,94,0.1,194,5.4,7,1006.0,3
2023-08-19 21:00:00,26.0,100,0.0,0,0.0,7,1007.0,3
2023-08-19 22:00:00,26.0,100,1.7,280,5.4,7,1007.0,3
2023-08-19 23:00:00,26.0,94,0.0,240,9.4,7,1007.0,3
2023-08-20 00:00:00,26.0,100,0.5,250,3.6,7,1008.0,3
2023-08-20 01:00:00,27.0,94,0.0,204,5.4,7,1008.0,3
2023-08-20 02:00:00,29.0,89,0.0,250,11.2,7,1008.0,3
2023-08-20 03:00:00,30.0,89,0.0,260,13.0,6,1008.0,3
2023-08-20 04:00:00,31.0,79,0.0,260,14.8,6,1008.0,7
2023-08-20 05:00:00,32.0,71,0.0,260,14.8,7,1008.0,8
2023-08-20 06:00:00,32.0,71,4.1,260,16.6,7,1007.0,25
2023-08-20 07:00:00,28.0,94,1.6,220,33.5,7,1006.0,8
2023-08-20 08:00:00,27.0,94,0.2,230,20.5,7,1006.0,9
2023-08-20 09:00:00,26.0,100,1.6,250,7.6,7,1005.0,9
2023-08-20 10:00:00,27.0,94,0.4,220,16.6,7,1006.0,9
2023-08-20 11:00:00,27.0,94,0.3,240,11.2,7,1007.0,9
2023-08-20 12:00:00,27.0,94,0.0,230,11.2,8,1008.0,8
2023-08-20 13:00:00,27.0,100,0.0,200,9.4,8,1008.0,8
2023-08-20 14:00:00,27.0,100,1.8,185,5.4,8,1009.0,7
2023-08-20 15:00:00,27.0,94,1.2,230,13.0,8,1009.0,7
2023-08-20 16:00:00,27.0,94,0.8,220,13.0,8,1009.0,7
2023-08-20 17:00:00,26.0,100,0.2,220,11.2,8,1009.0,3
2023-08-20 18:00:00,26.0,100,0.0,210,11.2,7,1009.0,3
2023-08-20 19:00:00,26.0,94,0.0,220,9.4,7,1008.0,3
2023-08-20 20:00:00,26.0,94,0.0,220,7.6,7,1008.0,3
2023-08-20 21:00:00,26.0,100,0.0,210,7.6,7,1008.0,3
2023-08-20 22:00:00,26.0,100,0.0,200,7.6,7,1008.0,3
2023-08-20 23:00:00,26.0,100,0.0,170,7.6,7,1008.0,3
2023-08-21 00:00:00,27.0,94,0.0,185,5.4,7,1008.0,3
2023-08-21 01:00:00,29.0,84,0.0,220,11.2,7,1009.0,3
2023-08-21 02:00:00,30.0,79,0.1,230,16.6,7,1010.0,3
2023-08-21 03:00:00,31.0,79,0.3,220,13.0,7,1010.0,3
2023-08-21 04:00:00,32.0,67,0.1,250,14.8,7,1009.0,7
2023-08-21 05:00:00,33.0,67,0.1,220,13.0,7,1009.0,7
2023-08-21 06:00:00,33.0,71,0.0,270,13.0,7,1008.0,7
2023-08-21 07:00:00,32.0,75,0.0,210,18.4,7,1007.0,7
2023-08-21 08:00:00,31.0,75,1.2,160,14.8,7,1006.0,8
2023-08-21 09:00:00,29.0,84,1.3,160,13.0,7,1006.0,8
2023-08-21 10:00:00,29.0,84,0.7,180,14.8,7,1007.0,8
2023-08-21 11:00:00,29.0,89,0.0,210,16.6,7,1007.0,7
2023-08-21 12:00:00,29.0,84,0.0,220,13.0,7,1008.0,7
2023-08-21 13:00:00,29.0,84,0.0,230,9.4,7,1009.0,7
2023-08-21 14:00:00,28.0,94,0.0,250,14.8,7,1010.0,3
2023-08-21 15:00:00,28.0,89,0.0,220,9.4,7,1010.0,3
2023-08-21 16:00:00,28.0,94,0.0,220,9.4,7,1010.0,3
2023-08-21 17:00:00,28.0,94,0.0,220,11.2,7,1010.0,3
2023-08-21 18:00:00,27.0,100,0.0,220,13.0,7,1009.0,3
2023-08-21 19:00:00,27.0,100,0.0,220,9.4,7,1009.0,3
2023-08-21 20:00:00,27.0,100,0.0,240,5.4,7,1009.0,3
2023-08-21 21:00:00,26.0,100,0.0,230,5.4,6,1009.0,2
2023-08-21 22:00:00,26.0,100,0.0,230,5.4,6,1009.0,2
2023-08-21 23:00:00,27.0,94,0.0,161,3.6,6,1009.0,2
2023-08-22 00:00:00,28.0,94,0.0,240,7.6,6,1010.0,2
2023-08-22 01:00:00,29.0,94,0.0,260,13.0,6,1010.0,2
2023-08-22 02:00:00,30.0,84,0.0,240,11.2,6,1010.0,2
2023-08-22 03:00:00,32.0,75,0.0,250,13.0,6,1010.0,2
2023-08-22 04:00:00,33.0,67,0.0,270,13.0,6,1009.0,2
2023-08-22 05:00:00,33.0,67,0.0,250,14.8,6,1008.0,2
2023-08-22 06:00:00,34.0,60,0.1,270,14.8,6,1007.0,2
2023-08-22 07:00:00,34.0,60,0.1,270,14.8,6,1006.0,2
2023-08-22 08:00:00,34.0,60,2.2,290,14.8,6,1006.0,2
2023-08-22 09:00:00,33.0,63,1.3,270,9.4,6,1006.0,2
2023-08-22 10:00:00,27.0,100,0.0,220,29.5,6,1007.0,2
2023-08-22 11:00:00,27.0,94,0.1,200,14.8,6,1008.0,2
2023-08-22 12:00:00,28.0,94,0.0,200,11.2,6,1008.0,2
2023-08-22 13:00:00,27.0,94,0.0,200,13.0,6,1009.0,2
2023-08-22 14:00:00,27.0,100,0.0,210,11.2,6,1010.0,2
2023-08-22 15:00:00,27.0,100,0.0,230,11.2,6,1010.0,2
2023-08-22 16:00:00,27.0,100,0.0,230,11.2,6,1010.0,2
2023-08-22 17:00:00,27.0,100,0.0,220,7.6,6,1009.0,2
2023-08-22 18:00:00,27.0,100,0.0,250,9.4,6,1009.0,2
2023-08-22 19:00:00,27.0,94,0.0,260,9.4,6,1009.0,2
2023-08-22 20:00:00,27.0,94,0.0,250,11.2,6,1008.0,2
2023-08-22 21:00:00,27.0,94,0.0,250,9.4,6,1008.0,2
2023-08-22 22:00:00,27.0,94,0.0,250,5.4,6,1009.0,2
2023-08-22 23:00:00,27.0,100,0.0,195,3.6,6,1009.0,2
2023-08-23 00:00:00,28.0,94,0.0,240,13.0,6,1009.0,2
2023-08-23 01:00:00,29.0,94,0.0,250,14.8,6,1010.0,2
2023-08-23 02:00:00,30.0,94,0.0,260,18.4,6,1010.0,2
2023-08-23 03:00:00,31.0,79,0.0,280,14.8,6,1010.0,2
2023-08-23 04:00:00,33.0,67,0.0,290,16.6,6,1009.0,2
2023-08-23 05:00:00,33.0,63,0.0,280,24.1,6,1009.0,2
2023-08-23 06:00:00,34.0,60,0.0,300,22.3,6,1008.0,2
2023-08-23 07:00:00,34.0,60,0.0,270,22.3,6,1006.0,2
2023-08-23 08:00:00,35.0,53,0.0,280,18.4,6,1006.0,2
2023-08-23 09:00:00,34.0,53,0.0,300,18.4,6,1005.0,2
2023-08-23 10:00:00,32.0,67,0.0,250,20.5,6,1006.0,2
2023-08-23 11:00:00,31.0,70,0.0,260,18.4,6,1006.0,2
2023-08-23 12:00:00,27.0,100,0.0,280,16.6,6,1007.0,2
2023-08-23 13:00:00,28.0,94,0.0,260,7.6,6,1007.0,2
2023-08-23 14:00:00,28.0,94,0.0,250,14.8,6,1009.0,2
2023-08-23 15:00:00,28.0,94,0.0,250,14.8,6,1009.0,2
2023-08-23 16:00:00,28.0,94,0.0,250,18.4,6,1009.0,2
2023-08-23 17:00:00,28.0,94,0.0,230,18.4,6,1009.0,2
2023-08-23 18:00:00,27.0,94,0.0,240,14.8,6,1009.0,2
2023-08-23 19:00:00,27.0,94,0.0,240,14.8,6,1008.0,2
2023-08-23 20:00:00,27.0,94,0.0,240,14.8,6,1008.0,2
2023-08-23 21:00:00,27.0,94,0.0,220,14.8,6,1008.0,2
2023-08-23 22:00:00,26.0,100,0.0,230,13.0,6,1009.0,2
2023-08-23 23:00:00,27.0,94,0.0,230,11.2,6,1009.0,2
2023-08-24 00:00:00,28.0,94,0.0,220,13.0,6,1009.0,2
2023-08-24 01:00:00,29.0,94,0.0,240,16.6,6,1010.0,2
2023-08-24 02:00:00,31.0,75,0.0,260,20.0,6,1010.0,2
2023-08-24 03:00:00,32.0,75,0.0,270,14.8,6,1010.0,2
2023-08-24 04:00:00,33.0,63,0.0,280,16.6,6,1010.0,2
2023-08-24 05:00:00,32.0,71,0.1,270,18.4,6,1009.0,2
2023-08-24 06:00:00,33.0,63,0.0,260,18.4,6,1007.0,2
2023-08-24 07:00:00,34.0,56,0.0,260,16.6,6,1006.0,2
2023-08-24 08:00:00,34.0,60,0.5,290,16.6,6,1006.0,2
2023-08-24 09:00:00,33.0,59,0.2,260,14.8,6,1006.0,2
2023-08-24 10:00:00,33.0,59,0.4,300,11.2,6,1006.0,2
2023-08-24 11:00:00,30.0,79,0.6,290,22.3,6,1007.0,2
2023-08-24 12:00:00,29.0,79,0.0,290,22.0,6,1007.0,2
2023-08-24 13:00:00,28.0,89,0.0,270,15.0,6,1008.0,2
2023-08-24 14:00:00,28.0,89,0.3,260,13.0,6,1009.0,2
2023-08-24 15:00:00,28.0,94,0.0,260,15.0,6,1010.0,2
2023-08-24 16:00:00,28.0,94,0.0,250,16.6,6,1010.0,2
2023-08-24 17:00:00,28.0,94,0.0,250,14.8,6,1009.0,2
2023-08-24 18:00:00,27.0,100,0.0,260,11.2,6,1009.0,2
2023-08-24 19:00:00,27.0,100,0.0,260,11.2,6,1008.0,2
2023-08-24 20:00:00,27.0,100,0.0,250,14.8,6,1008.0,2
2023-08-24 21:00:00,27.0,100,0.0,240,11.2,6,1008.0,2
2023-08-24 22:00:00,27.0,100,0.0,250,9.4,6,1008.0,2
2023-08-24 23:00:00,27.0,94,0.0,250,9.4,6,1008.0,2
2023-08-25 00:00:00,29.0,94,0.0,240,11.2,6,1009.0,2
2023-08-25 01:00:00,29.0,94,0.0,250,13.0,6,1009.0,2
2023-08-25 02:00:00,30.0,79,0.0,270,13.0,6,1010.0,2
2023-08-25 03:00:00,32.0,75,0.0,280,9.4,6,1009.0,2
2023-08-25 04:00:00,33.0,67,0.0,300,9.4,6,1009.0,2
2023-08-25 05:00:00,33.0,67,0.0,290,13.0,6,1008.0,2
2023-08-25 06:00:00,34.0,56,0.0,290,13.0,6,1007.0,2
2023-08-25 07:00:00,34.0,60,0.1,310,11.2,6,1006.0,2
2023-08-25 08:00:00,35.0,56,3.8,290,11.2,6,1006.0,18
2023-08-25 09:00:00,34.0,60,4.4,270,13.0,6,1005.0,18
2023-08-25 10:00:00,33.0,63,0.4,270,14.8,6,1006.0,25
2023-08-25 11:00:00,32.0,71,0.2,250,22.3,6,1007.0,2
2023-08-25 12:00:00,31.0,75,0.0,260,11.0,6,1007.0,2
2023-08-25 13:00:00,30.0,84,0.0,260,18.4,6,1009.0,2
2023-08-25 14:00:00,29.0,84,0.0,250,16.6,6,1009.0,2
2023-08-25 15:00:00,29.0,89,0.0,240,20.5,6,1010.0,2
2023-08-25 16:00:00,29.0,89,0.0,250,22.3,6,1010.0,2
2023-08-25 17:00:00,29.0,89,0.0,240,22.3,6,1009.0,2
2023-08-25 18:00:00,28.0,94,0.0,250,24.1,6,1009.0,2
2023-08-25 19:00:00,28.0,94,0.2,250,16.6,6,1008.0,2
2023-08-25 20:00:00,28.0,94,0.0,260,14.8,6,1008.0,2
2023-08-25 21:00:00,27.0,100,0.0,250,18.4,6,1008.0,2
2023-08-25 22:00:00,27.0,100,0.0,250,14.8,6,1008.0,2
2023-08-25 23:00:00,27.0,100,0.0,250,13.0,6,1008.0,2
2023-08-26 00:00:00,28.0,94,0.0,250,14.8,6,1009.0,2
2023-08-26 01:00:00,29.0,94,0.0,250,13.0,6,1010.0,2
2023-08-26 02:00:00,30.0,89,0.0,260,18.4,6,1010.0,2
2023-08-26 03:00:00,32.0,75,0.0,290,16.6,6,1010.0,2
2023-08-26 04:00:00,33.0,67,0.0,310,13.0,6,1009.0,2
2023-08-26 05:00:00,34.0,63,0.0,300,16.6,6,1008.0,2
2023-08-26 06:00:00,33.0,63,0.1,280,16.6,6,1007.0,2
2023-08-26 07:00:00,34.0,63,0.4,280,18.4,6,1006.0,2
2023-08-26 08:00:00,33.0,63,11.6,290,18.4,6,1005.0,2
2023-08-26 09:00:00,33.0,63,0.9,300,14.8,6,1005.0,17
2023-08-26 10:00:00,31.0,75,0.5,240,18.4,7,1005.0,25
2023-08-26 11:00:00,31.0,70,0.3,240,25.9,7,1007.0,2
2023-08-26 12:00:00,29.0,79,0.4,250,14.8,7,1007.0,2
2023-08-26 13:00:00,28.0,84,0.1,290,22.3,7,1009.0,2
2023-08-26 14:00:00,27.0,94,0.0,270,11.2,7,1009.0,2
2023-08-26 15:00:00,27.0,94,0.0,300,7.6,6,1010.0,2
2023-08-26 16:00:00,27.0,94,0.0,195,5.4,7,1010.0,2
2023-08-26 17:00:00,27.0,100,0.0,200,3.6,6,1009.0,2
2023-08-26 18:00:00,27.0,100,0.0,208,3.6,6,1008.0,2
2023-08-26 19:00:00,27.0,100,0.0,280,9.4,6,1007.0,2
2023-08-26 20:00:00,27.0,94,0.0,270,7.6,6,1007.0,2
2023-08-26 21:00:00,27.0,100,0.0,260,11.2,6,1007.0,2
2023-08-26 22:00:00,27.0,100,0.0,260,7.6,6,1008.0,2
2023-08-26 23:00:00,27.0,100,0.0,250,7.6,6,1008.0,2
2023-08-27 00:00:00,29.0,94,0.0,280,9.4,6,1008.0,2
2023-08-27 01:00:00,29.0,94,0.0,270,11.2,6,1009.0,2
2023-08-27 02:00:00,31.0,84,0.0,250,13.0,6,1009.0,2
2023-08-27 03:00:00,31.0,75,0.0,280,18.4,6,1009.0,2
2023-08-27 04:00:00,32.0,75,0.1,280,18.4,6,1008.0,2
2023-08-27 05:00:00,33.0,71,0.2,290,20.5,6,1007.0,2
2023-08-27 06:00:00,34.0,63,0.6,280,24.1,7,1006.0,2
2023-08-27 07:00:00,33.0,63,12.3,290,22.3,7,1005.0,2
2023-08-27 08:00:00,33.0,63,0.8,290,14.8,7,1005.0,18
2023-08-27 09:00:00,32.0,75,0.8,230,18.4,7,1005.0,7
2023-08-27 10:00:00,31.0,79,0.5,250,16.6,7,1005.0,25
2023-08-27 11:00:00,30.0,89,0.2,230,16.6,7,1006.0,7
2023-08-27 12:00:00,27.0,94,0.0,310,24.1,7,1007.0,3
2023-08-27 13:00:00,26.0,94,0.0,290,20.5,7,1008.0,3
2023-08-27 14:00:00,25.0,100,0.0,260,11.2,7,1008.0,3
2023-08-27 15:00:00,26.0,94,0.0,189,3.6,7,1008.0,3
2023-08-27 16:00:00,26.0,100,0.0,196,5.4,7,1007.0,3
2023-08-27 17:00:00,26.0,100,0.0,200,3.6,7,1007.0,3
2023-08-27 18:00:00,26.0,100,0.0,0,0.0,7,1007.0,3
2023-08-27 19:00:00,26.0,100,0.0,250,3.6,7,1006.0,3
2023-08-27 20:00:00,26.0,100,0.0,200,5.4,7,1006.0,3
2023-08-27 21:00:00,26.0,100,0.0,350,6.0,7,1006.0,3
2023-08-27 22:00:00,26.0,100,0.0,193,3.6,7,1006.0,3
2023-08-27 23:00:00,26.0,100,0.0,0,0.0,7,1006.0,3
2023-08-28 00:00:00,27.0,100,0.0,123,1.8,7,1007.0,3
2023-08-28 01:00:00,28.0,100,0.0,270,13.0,7,1007.0,3
2023-08-28 02:00:00,30.0,94,0.0,260,16.6,6,1008.0,3
2023-08-28 03:00:00,31.0,84,0.0,280,16.6,6,1008.0,2
2023-08-28 04:00:00,32.0,75,0.0,270,20.5,6,1007.0,3
2023-08-28 05:00:00,33.0,71,0.0,280,22.3,7,1006.0,2
2023-08-28 06:00:00,34.0,63,0.1,270,18.4,7,1005.0,3
2023-08-28 07:00:00,34.0,63,8.5,280,14.8,7,1004.0,7
2023-08-28 08:00:00,30.0,79,5.1,240,35.3,7,1004.0,7
2023-08-28 09:00:00,31.0,84,0.5,250,25.9,6,1003.0,7
2023-08-28 10:00:00,30.0,89,0.4,250,24.1,7,1004.0,25
2023-08-28 11:00:00,29.0,94,0.2,240,24.1,7,1005.0,7
2023-08-28 12:00:00,29.0,94,0.0,240,20.5,7,1005.0,7
2023-08-28 13:00:00,28.0,100,0.0,250,18.4,7,1006.0,3
2023-08-28 14:00:00,28.0,100,1.0,230,16.6,7,1007.0,3
2023-08-28 15:00:00,28.0,100,0.0,240,13.0,7,1008.0,3
2023-08-28 16:00:00,28.0,100,0.0,210,14.8,7,1009.0,3
2023-08-28 17:00:00,28.0,100,0.0,220,11.2,7,1008.0,3
2023-08-28 18:00:00,28.0,94,0.0,220,11.2,7,1007.0,3
2023-08-28 19:00:00,27.0,100,0.0,240,11.2,7,1006.0,3
2023-08-28 20:00:00,27.0,100,0.0,220,9.4,7,1006.0,3
2023-08-28 21:00:00,28.0,94,0.0,220,13.0,7,1006.0,3
2023-08-28 22:00:00,27.0,100,0.0,240,14.8,7,1005.0,2
2023-08-28 23:00:00,27.0,100,0.0,230,13.0,7,1006.0,3
2023-08-29 00:00:00,28.0,100,0.0,220,14.8,7,1007.0,3
2023-08-29 01:00:00,29.0,94,0.0,240,18.4,7,1007.0,3
2023-08-29 02:00:00,30.0,89,0.0,260,20.5,7,1007.0,3
2023-08-29 03:00:00,32.0,80,0.0,260,22.3,7,1007.0,3
2023-08-29 04:00:00,32.0,75,0.0,260,25.9,7,1007.0,3
2023-08-29 05:00:00,34.0,63,0.2,260,22.3,7,1006.0,7
2023-08-29 06:00:00,34.0,63,0.0,280,20.5,7,1005.0,7
2023-08-29 07:00:00,34.0,60,0.0,290,18.4,7,1004.0,7
2023-08-29 08:00:00,33.0,67,0.6,250,22.3,7,1003.0,7
2023-08-29 09:00:00,33.0,67,0.2,230,24.1,7,1003.0,7
2023-08-29 10:00:00,28.0,100,2.7,320,18.4,7,1004.0,7
2023-08-29 11:00:00,31.0,79,1.2,240,24.1,7,1004.0,7
2023-08-29 12:00:00,27.0,84,0.2,290,29.5,7,1006.0,7
2023-08-29 13:00:00,26.0,100,0.3,214,5.4,7,1007.0,3
2023-08-29 14:00:00,24.0,100,0.2,360,9.4,7,1009.0,3
2023-08-29 15:00:00,25.0,100,0.0,195,5.4,7,1009.0,3
2023-08-29 16:00:00,25.0,100,0.5,197,3.6,7,1009.0,3
2023-08-29 17:00:00,25.0,100,0.2,198,1.8,7,1008.0,3
2023-08-29 18:00:00,26.0,94,0.1,200,5.4,7,1008.0,3
2023-08-29 19:00:00,26.0,94,0.0,194,1.8,7,1007.0,3
2023-08-29 20:00:00,26.0,100,0.0,360,3.6,7,1007.0,3
2023-08-29 21:00:00,26.0,94,0.0,100,1.8,7,1007.0,3
2023-08-29 22:00:00,26.0,94,0.2,70,3.6,7,1007.0,3
2023-08-29 23:00:00,26.0,100,0.0,164,1.8,7,1007.0,3
2023-08-30 00:00:00,27.0,100,0.0,164,3.6,7,1008.0,3
2023-08-30 01:00:00,28.0,100,0.0,221,3.6,7,1009.0,3
2023-08-30 02:00:00,30.0,89,0.0,260,16.6,7,1009.0,3
2023-08-30 03:00:00,31.0,89,0.0,270,14.8,7,1009.0,3
2023-08-30 04:00:00,29.0,94,0.2,250,20.5,7,1008.0,3
2023-08-30 05:00:00,27.0,100,0.1,280,18.4,7,1008.0,7
2023-08-30 06:00:00,31.0,89,2.0,240,18.4,7,1006.0,7
2023-08-30 07:00:00,28.0,89,9.8,260,22.3,7,1006.0,7
2023-08-30 08:00:00,27.0,100,0.2,241,1.8,7,1006.0,7
2023-08-30 09:00:00,27.0,94,0.4,260,3.6,7,1006.0,7
2023-08-30 10:00:00,26.0,100,0.1,226,5.4,7,1006.0,7
2023-08-30 11:00:00,26.0,100,0.7,217,3.6,7,1007.0,7
2023-08-30 12:00:00,27.0,100,1.9,250,5.4,7,1008.0,7
2023-08-30 13:00:00,27.0,100,6.7,240,9.4,7,1008.0,3
2023-08-30 14:00:00,27.0,94,0.4,260,5.4,7,1009.0,3
2023-08-30 15:00:00,27.0,100,0.2,210,7.6,7,1010.0,3
2023-08-30 16:00:00,27.0,100,0.0,192,5.4,7,1009.0,3
2023-08-30 17:00:00,27.0,100,0.0,196,3.6,7,1008.0,3
2023-08-30 18:00:00,27.0,94,0.0,205,1.8,7,1008.0,3
2023-08-30 19:00:00,27.0,94,0.0,260,5.4,7,1007.0,3
2023-08-30 20:00:00,26.0,100,0.0,260,7.6,7,1007.0,3
2023-08-30 21:00:00,27.0,94,0.0,240,9.4,7,1006.0,3
2023-08-30 22:00:00,27.0,100,0.0,240,11.2,7,1007.0,7
2023-08-30 23:00:00,27.0,100,0.9,240,9.4,7,1007.0,7
2023-08-31 00:00:00,27.0,100,0.2,250,13.0,7,1008.0,7
2023-08-31 01:00:00,29.0,94,0.0,260,18.4,7,1009.0,7
2023-08-31 02:00:00,30.0,94,0.2,250,13.0,7,1009.0,7
2023-08-31 03:00:00,31.0,89,0.2,250,20.5,7,1009.0,7
2023-08-31 04:00:00,29.0,84,0.2,240,27.7,7,1009.0,7
2023-08-31 05:00:00,31.0,89,0.2,250,14.8,7,1007.0,7
2023-08-31 06:00:00,25.0,100,0.5,260,44.6,7,1006.0,8
2023-08-31 07:00:00,27.0,94,2.4,240,24.1,7,1006.0,8
2023-08-31 08:00:00,28.0,94,0.8,240,25.9,7,1006.0,8
2023-08-31 09:00:00,28.0,94,3.8,250,22.3,7,1006.0,8
2023-08-31 10:00:00,28.0,94,0.2,240,18.4,8,1006.0,8
2023-08-31 11:00:00,27.0,100,0.0,260,13.0,8,1006.0,8
2023-08-31 12:00:00,27.0,94,0.0,260,11.0,8,1008.0,8
2023-08-31 13:00:00,27.0,94,0.0,260,9.0,8,1009.0,7
2023-08-31 14:00:00,27.0,94,0.1,250,9.4,8,1009.0,7
2023-08-31 15:00:00,27.0,100,0.5,260,9.4,8,1010.0,7
2023-08-31 16:00:00,27.0,100,0.2,196,3.6,8,1009.0,3
2023-08-31 17:00:00,27.0,94,0.0,250,11.2,8,1009.0,3
2023-08-31 18:00:00,26.0,100,0.0,240,13.0,8,1008.0,3
2023-08-31 19:00:00,26.0,100,0.0,240,13.0,7,1007.0,3
2023-08-31 20:00:00,26.0,100,0.0,250,14.8,7,1007.0,3
2023-08-31 21:00:00,26.0,100,0.0,270,9.4,7,1007.0,7
2023-08-31 22:00:00,26.0,100,0.0,290,7.6,7,1007.0,7
2023-08-31 23:00:00,26.0,100,0.2,270,5.4,7,1007.0,7
2023-09-01 00:00:00,27.0,100,0.6,250,13.0,7,1008.0,7
2023-09-01 01:00:00,28.0,100,0.0,250,16.6,8,1009.0,7
2023-09-01 02:00:00,29.0,94,0.0,250,18.4,7,1009.0,7
2023-09-01 03:00:00,30.0,89,0.0,260,20.5,7,1008.0,7
2023-09-01 04:00:00,31.0,84,0.5,270,16.6,8,1008.0,7
2023-09-01 05:00:00,32.0,75,5.3,270,20.5,8,1007.0,8
2023-09-01 06:00:00,32.0,75,1.6,260,24.1,8,1006.0,8
2023-09-01 07:00:00,26.0,100,0.6,270,40.7,8,1006.0,8
2023-09-01 08:00:00,29.0,94,0.3,237,3.6,7,1005.0,9
2023-09-01 09:00:00,30.0,89,0.6,250,22.3,7,1005.0,9
2023-09-01 10:00:00,28.0,94,0.3,260,22.3,8,1006.0,9
2023-09-01 11:00:00,27.0,94,0.3,280,14.8,8,1006.0,9
2023-09-01 12:00:00,27.0,100,0.4,204,5.4,8,1007.0,8
2023-09-01 13:00:00,27.0,100,0.0,310,5.4,8,1008.0,8
2023-09-01 14:00:00,27.0,100,0.0,191,1.8,8,1008.0,7
2023-09-01 15:00:00,27.0,100,0.0,240,9.4,8,1009.0,7
2023-09-01 16:00:00,27.0,100,0.0,230,13.0,8,1008.0,7
2023-09-01 17:00:00,27.0,100,0.0,240,18.4,8,1008.0,7
2023-09-01 18:00:00,27.0,94,0.0,230,14.8,8,1007.0,7
2023-09-01 19:00:00,26.0,100,0.0,240,13.0,8,1006.0,3
2023-09-01 20:00:00,26.0,100,0.0,230,18.4,8,1006.0,3
2023-09-01 21:00:00,26.0,100,0.0,260,11.2,8,1006.0,7
2023-09-01 22:00:00,26.0,100,0.0,230,13.0,7,1006.0,7
2023-09-01 23:00:00,26.0,100,0.0,240,13.0,7,1006.0,7
2023-09-02 00:00:00,27.0,100,0.0,230,14.8,7,1006.0,7
2023-09-02 01:00:00,27.0,100,0.0,230,16.6,7,1007.0,7
2023-09-02 02:00:00,29.0,94,0.0,250,20.5,7,1007.0,7
2023-09-02 03:00:00,30.0,89,0.0,250,22.3,7,1007.0,7
2023-09-02 04:00:00,31.0,79,0.3,260,27.7,7,1007.0,7
2023-09-02 05:00:00,28.0,100,2.1,250,27.7,7,1006.0,8
2023-09-02 06:00:00,30.0,89,1.2,250,37.1,7,1005.0,8
2023-09-02 07:00:00,30.0,89,0.3,260,31.7,7,1004.0,8
2023-09-02 08:00:00,30.0,84,2.4,260,29.5,7,1004.0,8
2023-09-02 09:00:00,29.0,89,1.3,260,27.7,7,1004.0,9
2023-09-02 10:00:00,28.0,94,1.3,250,22.3,7,1004.0,8
2023-09-02 11:00:00,28.0,94,0.4,260,16.6,7,1005.0,8
2023-09-02 12:00:00,27.0,100,0.0,250,14.8,8,1006.0,8
2023-09-02 13:00:00,27.0,100,0.0,250,16.6,8,1006.0,7
2023-09-02 14:00:00,27.0,94,0.0,250,20.5,8,1007.0,7
2023-09-02 15:00:00,27.0,94,0.0,250,16.6,8,1007.0,7
2023-09-02 16:00:00,27.0,94,0.0,250,14.8,8,1007.0,7
2023-09-02 17:00:00,27.0,94,0.0,240,14.8,8,1007.0,7
2023-09-02 18:00:00,26.0,100,0.0,230,13.0,8,1006.0,3
2023-09-02 19:00:00,26.0,100,0.0,240,13.0,8,1005.0,3
2023-09-02 20:00:00,26.0,100,0.0,230,11.2,8,1005.0,3
2023-09-02 21:00:00,26.0,100,0.0,230,9.4,8,1005.0,7
2023-09-02 22:00:00,26.0,100,0.0,240,13.0,7,1005.0,7
2023-09-02 23:00:00,26.0,100,0.0,250,9.4,7,1006.0,7
2023-09-03 00:00:00,27.0,100,0.0,270,9.4,7,1006.0,7
2023-09-03 01:00:00,29.0,94,0.0,240,16.6,7,1006.0,7
2023-09-03 02:00:00,29.0,94,0.0,260,16.6,7,1007.0,7
2023-09-03 03:00:00,28.0,100,0.0,250,20.5,7,1006.0,7
2023-09-03 04:00:00,30.0,89,0.0,240,25.9,7,1005.0,7
2023-09-03 05:00:00,30.0,94,0.0,280,9.4,7,1005.0,7
2023-09-03 06:00:00,31.0,84,0.0,250,13.0,7,1004.0,7
2023-09-03 07:00:00,26.0,100,4.5,290,18.4,7,1004.0,7
2023-09-03 08:00:00,28.0,94,0.8,238,5.4,7,1003.0,7
2023-09-03 09:00:00,28.0,100,3.7,260,9.4,7,1003.0,8
2023-09-03 10:00:00,28.0,100,2.0,250,16.6,7,1003.0,8
2023-09-03 11:00:00,28.0,94,0.0,260,11.2,7,1004.0,8
2023-09-03 12:00:00,28.0,100,0.0,240,13.0,7,1004.0,7
2023-09-03 13:00:00,27.0,100,0.0,250,18.4,7,1005.0,7
2023-09-03 14:00:00,27.0,100,0.0,220,14.8,7,1006.0,7
2023-09-03 15:00:00,27.0,100,0.0,230,16.6,7,1006.0,7
2023-09-03 16:00:00,27.0,100,0.0,240,16.6,7,1006.0,7
2023-09-03 17:00:00,27.0,94,0.0,230,13.0,7,1006.0,3
2023-09-03 18:00:00,27.0,94,0.0,220,14.8,7,1005.0,3
2023-09-03 19:00:00,26.0,100,0.0,220,13.0,7,1005.0,3
2023-09-03 20:00:00,26.0,100,0.0,220,11.2,7,1004.0,3
2023-09-03 21:00:00,26.0,100,0.0,220,11.2,7,1004.0,7
2023-09-03 22:00:00,26.0,100,0.0,220,11.2,7,1004.0,7
2023-09-03 23:00:00,27.0,94,0.0,210,11.2,7,1005.0,7
2023-09-04 00:00:00,27.0,94,0.0,240,11.2,7,1005.0,7
2023-09-04 01:00:00,28.0,94,0.0,230,16.6,7,1006.0,7
2023-09-04 02:00:00,29.0,89,0.0,250,22.3,7,1007.0,7
2023-09-04 03:00:00,28.0,100,0.2,240,22.3,7,1007.0,7
2023-09-04 04:00:00,29.0,94,0.1,240,31.7,7,1007.0,7
2023-09-04 05:00:00,31.0,84,0.3,250,33.5,7,1006.0,7
2023-09-04 06:00:00,30.0,89,0.8,260,29.5,7,1005.0,8
2023-09-04 07:00:00,31.0,84,0.4,270,29.5,7,1004.0,8
2023-09-04 08:00:00,30.0,84,0.5,280,31.7,7,1003.0,8
2023-09-04 09:00:00,30.0,79,5.0,260,31.7,7,1003.0,9
2023-09-04 10:00:00,30.0,84,0.4,260,16.6,7,1004.0,9
2023-09-04 11:00:00,29.0,84,1.5,250,25.9,7,1005.0,8
2023-09-04 12:00:00,28.0,94,0.1,240,18.4,7,1005.0,8
2023-09-04 13:00:00,28.0,89,0.0,230,20.5,7,1006.0,7
2023-09-04 14:00:00,28.0,89,0.2,220,18.4,7,1007.0,7
2023-09-04 15:00:00,27.0,100,1.4,250,13.0,8,1007.0,7
2023-09-04 16:00:00,27.0,100,0.0,230,13.0,8,1008.0,7
2023-09-04 17:00:00,27.0,94,0.0,260,13.0,8,1007.0,7
2023-09-04 18:00:00,27.0,94,0.1,230,14.8,8,1007.0,7
2023-09-04 19:00:00,27.0,100,0.0,230,11.2,8,1006.0,3
2023-09-04 20:00:00,27.0,100,0.0,210,13.0,7,1006.0,3
2023-09-04 21:00:00,26.0,100,0.2,210,16.6,7,1007.0,7
2023-09-04 22:00:00,26.0,100,0.0,240,13.0,7,1007.0,7
2023-09-04 23:00:00,26.0,100,2.7,230,16.6,7,1007.0,7
2023-09-05 00:00:00,26.0,100,3.9,230,18.4,8,1007.0,7
2023-09-05 01:00:00,28.0,94,0.2,260,16.6,7,1008.0,7
2023-09-05 02:00:00,28.0,94,0.2,240,20.5,7,1009.0,7
2023-09-05 03:00:00,29.0,89,0.2,250,20.5,7,1008.0,7
2023-09-05 04:00:00,31.0,84,0.6,260,18.4,7,1008.0,7
2023-09-05 05:00:00,31.0,79,0.7,260,24.1,7,1007.0,7
2023-09-05 06:00:00,30.0,89,0.6,260,24.1,7,1006.0,8
2023-09-05 07:00:00,31.0,84,3.1,240,27.7,7,1006.0,8
2023-09-05 08:00:00,30.0,84,1.1,250,20.5,7,1005.0,8
2023-09-05 09:00:00,30.0,84,0.2,250,24.1,7,1005.0,8
2023-09-05 10:00:00,26.0,94,2.0,240,20.5,7,1006.0,8
2023-09-05 11:00:00,27.0,100,0.1,250,14.8,7,1006.0,8
2023-09-05 12:00:00,27.0,100,0.0,250,11.2,7,1007.0,7
2023-09-05 13:00:00,27.0,100,0.0,250,14.8,7,1008.0,7
2023-09-05 14:00:00,27.0,100,0.0,250,13.0,7,1009.0,7
2023-09-05 15:00:00,27.0,100,0.0,280,9.4,7,1010.0,3
2023-09-05 16:00:00,27.0,94,0.0,260,11.2,7,1010.0,7
2023-09-05 17:00:00,26.0,100,0.0,250,7.6,7,1009.0,7
2023-09-05 18:00:00,27.0,94,0.0,270,7.6,7,1009.0,7
2023-09-05 19:00:00,27.0,94,0.0,260,5.4,7,1008.0,7
2023-09-05 20:00:00,26.0,100,0.0,270,7.6,7,1008.0,7
2023-09-05 21:00:00,26.0,100,0.0,250,7.6,7,1008.0,3
2023-09-05 22:00:00,26.0,100,0.0,270,5.4,7,1008.0,3
2023-09-05 23:00:00,26.0,100,0.0,240,11.2,7,1009.0,3
2023-09-06 00:00:00,27.0,94,0.0,250,7.6,7,1009.0,3
2023-09-06 01:00:00,29.0,94,0.0,240,9.4,7,1010.0,3
2023-09-06 02:00:00,29.0,94,0.0,260,14.8,7,1010.0,3
2023-09-06 03:00:00,30.0,84,0.1,280,11.2,7,1010.0,3
2023-09-06 04:00:00,31.0,79,0.1,280,13.0,7,1010.0,3
2023-09-06 05:00:00,32.0,80,0.0,270,13.0,7,1009.0,3
2023-09-06 06:00:00,32.0,75,0.1,290,13.0,7,1008.0,3
2023-09-06 07:00:00,33.0,71,0.2,290,14.8,7,1007.0,3
2023-09-06 08:00:00,32.0,75,0.2,290,14.8,7,1007.0,3
2023-09-06 09:00:00,32.0,71,0.0,290,14.8,7,1006.0,3
2023-09-06 10:00:00,32.0,71,3.3,310,14.8,7,1007.0,3
2023-09-06 11:00:00,30.0,79,0.8,300,9.4,7,1008.0,3
2023-09-06 12:00:00,30.0,84,0.6,211,3.6,7,1008.0,3
2023-09-06 13:00:00,29.0,89,0.0,205,5.4,7,1009.0,3
2023-09-06 14:00:00,29.0,89,0.0,198,6.0,7,1010.0,3
2023-09-06 15:00:00,29.0,94,0.0,189,3.6,7,1010.0,3
2023-09-06 16:00:00,28.0,94,0.0,183,1.8,7,1010.0,3
2023-09-06 17:00:00,28.0,94,0.0,260,9.4,7,1010.0,3
2023-09-06 18:00:00,27.0,100,0.0,250,11.2,7,1009.0,3
2023-09-06 19:00:00,27.0,94,0.0,260,9.4,7,1009.0,3
2023-09-06 20:00:00,27.0,94,0.0,280,7.6,7,1008.0,3
2023-09-06 21:00:00,26.0,100,0.0,270,5.4,7,1008.0,3
2023-09-06 22:00:00,26.0,100,0.0,260,7.6,7,1008.0,2
2023-09-06 23:00:00,26.0,100,0.6,260,7.6,7,1009.0,3
2023-09-07 00:00:00,27.0,100,5.4,260,9.4,7,1010.0,3
2023-09-07 01:00:00,28.0,100,0.3,260,7.6,7,1010.0,3
2023-09-07 02:00:00,30.0,89,0.0,280,7.6,7,1010.0,3
2023-09-07 03:00:00,31.0,84,0.0,300,9.4,7,1010.0,3
2023-09-07 04:00:00,31.0,79,0.0,300,7.6,7,1010.0,3
2023-09-07 05:00:00,32.0,75,0.0,242,1.8,7,1009.0,3
2023-09-07 06:00:00,30.0,89,0.0,248,5.4,7,1008.0,3
2023-09-07 07:00:00,29.0,94,0.1,190,7.6,7,1008.0,3
2023-09-07 08:00:00,31.0,84,0.0,270,7.6,7,1007.0,3
2023-09-07 09:00:00,31.0,84,1.2,170,7.6,7,1006.0,7
2023-09-07 10:00:00,30.0,89,0.2,220,18.4,7,1006.0,25
2023-09-07 11:00:00,29.0,89,2.2,240,15.0,7,1007.0,7
2023-09-07 12:00:00,29.0,89,0.0,250,7.6,7,1008.0,7
2023-09-07 13:00:00,29.0,94,0.0,250,15.0,7,1009.0,3
2023-09-07 14:00:00,28.0,94,0.0,240,15.0,7,1010.0,3
2023-09-07 15:00:00,28.0,94,0.0,240,13.0,7,1011.0,3
2023-09-07 16:00:00,28.0,94,0.0,240,13.0,7,1010.0,3
2023-09-07 17:00:00,27.0,100,0.0,240,11.2,7,1010.0,2
2023-09-07 18:00:00,27.0,94,0.0,240,11.2,7,1009.0,2
2023-09-07 19:00:00,27.0,100,0.0,230,9.4,7,1009.0,2
2023-09-07 20:00:00,27.0,100,0.0,250,9.4,7,1009.0,2
2023-09-07 21:00:00,27.0,100,0.0,250,9.4,7,1009.0,2
2023-09-07 22:00:00,27.0,94,0.4,270,7.6,7,1009.0,3
2023-09-07 23:00:00,27.0,94,0.0,260,7.6,7,1009.0,3
2023-09-08 00:00:00,28.0,94,0.0,260,7.6,7,1009.0,3
2023-09-08 01:00:00,29.0,94,0.0,260,13.0,7,1010.0,3
2023-09-08 02:00:00,30.0,89,0.0,280,9.4,7,1010.0,3
2023-09-08 03:00:00,31.0,84,0.2,260,7.6,7,1010.0,2
2023-09-08 04:00:00,32.0,75,0.1,300,7.6,7,1010.0,2
2023-09-08 05:00:00,33.0,71,0.3,280,11.0,7,1009.0,2
2023-09-08 06:00:00,33.0,71,0.1,280,11.2,7,1007.0,3
2023-09-08 07:00:00,31.0,84,2.3,100,14.8,7,1006.0,3
2023-09-08 08:00:00,27.0,100,7.7,180,22.3,7,1006.0,25
2023-09-08 09:00:00,28.0,100,0.3,60,7.6,7,1005.0,25
2023-09-08 10:00:00,25.0,100,0.2,220,42.5,7,1007.0,25
2023-09-08 11:00:00,24.0,100,0.0,208,3.6,7,1008.0,25
2023-09-08 12:00:00,24.0,100,0.8,230,5.4,7,1009.0,7
2023-09-08 13:00:00,25.0,100,0.0,171,1.8,7,1009.0,7
2023-09-08 14:00:00,26.0,94,0.0,0,0.0,7,1010.0,7
2023-09-08 15:00:00,26.0,100,0.0,230,5.4,7,1011.0,7
2023-09-08 16:00:00,26.0,100,0.0,178,3.6,7,1010.0,3
2023-09-08 17:00:00,26.0,100,0.0,0,0.0,7,1010.0,3
2023-09-08 18:00:00,25.0,100,0.0,172,5.4,7,1009.0,3
2023-09-08 19:00:00,25.0,100,0.0,80,7.6,7,1008.0,3
2023-09-08 20:00:00,26.0,94,0.0,0,0.0,7,1008.0,3
2023-09-08 21:00:00,25.0,100,0.0,177,1.8,7,1008.0,3
2023-09-08 22:00:00,26.0,100,0.0,0,0.0,7,1008.0,3
2023-09-08 23:00:00,26.0,100,0.0,210,7.6,7,1008.0,3
2023-09-09 00:00:00,27.0,94,0.0,188,1.8,7,1008.0,3
2023-09-09 01:00:00,28.0,100,0.0,205,1.8,7,1009.0,3
2023-09-09 02:00:00,30.0,89,0.1,0,0.0,7,1009.0,3
2023-09-09 03:00:00,31.0,79,0.1,110,3.6,7,1009.0,3
2023-09-09 04:00:00,31.0,79,0.0,190,7.6,7,1009.0,3
2023-09-09 05:00:00,30.0,84,0.1,210,18.4,7,1008.0,7
2023-09-09 06:00:00,27.0,100,0.1,210,7.6,7,1007.0,7
2023-09-09 07:00:00,31.0,84,0.0,228,1.8,7,1006.0,8
2023-09-09 08:00:00,31.0,84,5.2,150,11.2,7,1005.0,8
2023-09-09 09:00:00,30.0,84,1.6,217,5.4,7,1005.0,8
2023-09-09 10:00:00,29.0,89,0.6,160,7.6,7,1006.0,8
2023-09-09 11:00:00,26.0,100,0.0,210,16.6,7,1007.0,8
2023-09-09 12:00:00,27.0,94,0.0,200,14.8,7,1008.0,8
2023-09-09 13:00:00,25.0,100,0.0,260,14.8,7,1009.0,8
2023-09-09 14:00:00,25.0,100,0.0,260,7.6,7,1010.0,8
2023-09-09 15:00:00,25.0,100,0.0,250,13.0,7,1010.0,8
2023-09-09 16:00:00,26.0,94,0.0,250,9.4,7,1010.0,8
2023-09-09 17:00:00,26.0,94,0.3,260,5.4,7,1009.0,8
2023-09-09 18:00:00,26.0,100,0.0,240,11.2,7,1009.0,8
2023-09-09 19:00:00,26.0,100,0.0,240,9.4,7,1008.0,8
2023-09-09 20:00:00,26.0,100,0.0,240,9.4,7,1008.0,8
2023-09-09 21:00:00,26.0,100,0.0,210,7.6,7,1007.0,7
2023-09-09 22:00:00,26.0,94,0.0,200,9.4,7,1008.0,7
2023-09-09 23:00:00,26.0,100,0.0,190,9.4,8,1008.0,7
2023-09-10 00:00:00,27.0,100,0.1,210,9.4,8,1009.0,7
2023-09-10 01:00:00,29.0,94,0.2,240,14.8,8,1010.0,7
2023-09-10 02:00:00,29.0,89,0.1,210,13.0,8,1010.0,7
2023-09-10 03:00:00,29.0,84,0.8,240,25.9,7,1010.0,7
2023-09-10 04:00:00,30.0,84,0.0,240,25.9,7,1010.0,7
2023-09-10 05:00:00,31.0,79,0.0,270,18.4,7,1009.0,8
2023-09-10 06:00:00,30.0,79,0.0,250,24.1,8,1008.0,8
2023-09-10 07:00:00,30.0,79,0.0,250,18.4,8,1008.0,8
2023-09-10 08:00:00,30.0,75,0.4,250,18.4,8,1007.0,9
2023-09-10 09:00:00,30.0,75,0.9,220,16.6,8,1007.0,9
2023-09-10 10:00:00,30.0,75,1.1,230,20.5,8,1007.0,9
2023-09-10 11:00:00,29.0,79,1.2,240,11.2,8,1008.0,9
2023-09-10 12:00:00,28.0,89,0.3,190,20.5,8,1009.0,9
2023-09-10 13:00:00,27.0,94,0.5,200,11.2,8,1010.0,9
2023-09-10 14:00:00,27.0,94,1.0,180,13.0,8,1010.0,8
2023-09-10 15:00:00,27.0,94,0.4,220,7.6,8,1011.0,8
2023-09-10 16:00:00,27.0,94,0.0,210,9.4,8,1011.0,8
2023-09-10 17:00:00,27.0,94,0.0,220,7.6,8,1010.0,8
2023-09-10 18:00:00,27.0,94,0.0,220,9.4,8,1010.0,8
2023-09-10 19:00:00,26.0,100,0.0,220,11.2,8,1009.0,8
2023-09-10 20:00:00,26.0,100,0.0,240,9.4,8,1009.0,8
2023-09-10 21:00:00,26.0,100,0.0,240,9.4,8,1009.0,7
2023-09-10 22:00:00,26.0,100,0.0,250,7.6,8,1008.0,7
2023-09-10 23:00:00,26.0,100,0.0,210,7.6,8,1009.0,7
2023-09-11 00:00:00,27.0,94,0.0,240,13.0,8,1010.0,7
2023-09-11 01:00:00,28.0,94,0.0,260,13.0,8,1010.0,7
2023-09-11 02:00:00,29.0,89,0.0,260,14.8,8,1011.0,7
2023-09-11 03:00:00,24.0,100,0.0,280,24.1,7,1012.0,7
2023-09-11 04:00:00,29.0,84,0.1,290,16.6,7,1011.0,3
2023-09-11 05:00:00,31.0,75,0.2,290,16.6,7,1010.0,3
2023-09-11 06:00:00,31.0,70,0.1,290,18.4,7,1009.0,3
2023-09-11 07:00:00,31.0,70,0.2,290,20.5,7,1008.0,3
2023-09-11 08:00:00,31.0,62,0.0,270,22.3,7,1008.0,3
2023-09-11 09:00:00,30.0,66,0.8,270,20.5,7,1008.0,3
2023-09-11 10:00:00,30.0,66,0.4,280,16.6,8,1008.0,7
2023-09-11 11:00:00,29.0,74,1.9,290,9.4,8,1009.0,7
2023-09-11 12:00:00,28.0,84,0.0,260,11.2,8,1009.0,3
2023-09-11 13:00:00,28.0,79,0.0,240,16.6,7,1010.0,3
2023-09-11 14:00:00,28.0,84,0.0,250,14.8,7,1011.0,3
2023-09-11 15:00:00,27.0,89,0.0,250,11.2,7,1011.0,3
2023-09-11 16:00:00,27.0,94,0.0,260,9.4,7,1011.0,3
2023-09-11 17:00:00,26.0,94,0.0,250,9.4,7,1010.0,3
2023-09-11 18:00:00,27.0,94,0.0,250,11.2,7,1010.0,3
2023-09-11 19:00:00,27.0,94,0.0,230,9.4,7,1009.0,3
2023-09-11 20:00:00,27.0,94,0.0,220,9.4,7,1009.0,3
2023-09-11 21:00:00,26.0,100,0.0,220,7.6,7,1009.0,3
2023-09-11 22:00:00,26.0,100,0.0,230,7.6,7,1009.0,2
2023-09-11 23:00:00,27.0,94,0.0,240,7.6,7,1010.0,2
2023-09-12 00:00:00,28.0,94,0.0,260,7.6,7,1010.0,2
2023-09-12 01:00:00,29.0,94,0.0,240,14.8,7,1011.0,3
2023-09-12 02:00:00,30.0,79,0.0,250,18.4,7,1012.0,3
2023-09-12 03:00:00,31.0,75,0.0,250,18.4,7,1011.0,3
2023-09-12 04:00:00,31.0,75,0.0,260,14.8,7,1011.0,3
2023-09-12 05:00:00,29.0,79,0.3,290,20.5,7,1011.0,3
2023-09-12 06:00:00,29.0,84,0.2,250,18.4,7,1009.0,3
2023-09-12 07:00:00,30.0,79,3.5,250,18.4,7,1009.0,3
2023-09-12 08:00:00,29.0,84,0.7,250,18.4,7,1008.0,3
2023-09-12 09:00:00,29.0,84,0.0,250,14.8,7,1008.0,3
2023-09-12 10:00:00,28.0,89,0.2,250,16.6,7,1008.0,25
2023-09-12 11:00:00,28.0,89,0.0,250,9.4,7,1009.0,7
2023-09-12 12:00:00,28.0,89,3.5,240,11.2,7,1009.0,7
2023-09-12 13:00:00,28.0,89,0.0,220,11.2,7,1010.0,7
2023-09-12 14:00:00,28.0,89,0.0,250,13.0,7,1012.0,3
2023-09-12 15:00:00,27.0,94,0.0,250,13.0,7,1012.0,3
2023-09-12 16:00:00,27.0,94,0.0,260,11.2,7,1012.0,3
2023-09-12 17:00:00,26.0,100,0.0,250,11.2,7,1011.0,3
2023-09-12 18:00:00,26.0,100,0.0,260,11.2,7,1011.0,3
2023-09-12 19:00:00,26.0,100,0.0,250,14.8,7,1010.0,3
2023-09-12 20:00:00,27.0,94,0.0,240,13.0,7,1010.0,3
2023-09-12 21:00:00,26.0,100,0.0,260,9.4,7,1010.0,3
2023-09-12 22:00:00,26.0,100,0.0,250,7.6,7,1010.0,3
2023-09-12 23:00:00,26.0,100,0.0,240,11.2,7,1010.0,3
2023-09-13 00:00:00,27.0,94,0.0,250,14.8,7,1011.0,3
2023-09-13 01:00:00,28.0,94,0.0,260,16.6,7,1012.0,3
2023-09-13 02:00:00,30.0,79,0.0,250,18.4,7,1012.0,3
2023-09-13 03:00:00,30.0,79,0.0,270,16.6,7,1011.0,3
2023-09-13 04:00:00,30.0,79,0.0,280,18.4,7,1011.0,3
2023-09-13 05:00:00,32.0,71,0.0,290,18.4,7,1010.0,3
2023-09-13 06:00:00,32.0,71,0.0,290,18.4,7,1009.0,3
2023-09-13 07:00:00,33.0,67,0.0,280,16.6,7,1008.0,3
2023-09-13 08:00:00,31.0,70,0.6,260,27.7,7,1007.0,3
2023-09-13 09:00:00,29.0,89,0.2,250,25.9,7,1007.0,3
2023-09-13 10:00:00,29.0,84,0.0,270,16.6,7,1008.0,3
2023-09-13 11:00:00,28.0,89,0.0,290,11.2,7,1008.0,3
2023-09-13 12:00:00,28.0,94,0.0,300,7.6,7,1008.0,3
2023-09-13 13:00:00,27.0,100,0.0,300,7.6,7,1009.0,3
2023-09-13 14:00:00,27.0,100,0.1,270,5.4,7,1011.0,3
2023-09-13 15:00:00,27.0,100,0.0,192,3.6,7,1011.0,3
2023-09-13 16:00:00,27.0,94,0.0,270,7.6,7,1010.0,3
2023-09-13 17:00:00,27.0,94,0.0,290,7.6,7,1010.0,3
2023-09-13 18:00:00,27.0,94,0.0,290,7.6,7,1009.0,3
2023-09-13 19:00:00,27.0,94,0.0,280,7.6,7,1009.0,3
2023-09-13 20:00:00,26.0,100,0.0,250,7.6,7,1009.0,3
2023-09-13 21:00:00,26.0,100,0.0,260,5.4,7,1009.0,3
2023-09-13 22:00:00,26.0,100,0.0,260,7.6,7,1009.0,3
2023-09-13 23:00:00,26.0,100,0.0,260,5.4,7,1009.0,3
2023-09-14 00:00:00,27.0,94,0.7,180,3.6,7,1010.0,3
2023-09-14 01:00:00,28.0,94,0.9,270,7.6,7,1011.0,3
2023-09-14 02:00:00,29.0,89,0.0,270,7.6,7,1011.0,3
2023-09-14 03:00:00,31.0,75,0.3,290,11.2,7,1011.0,3
2023-09-14 04:00:00,31.0,75,0.2,310,14.8,7,1010.0,3
2023-09-14 05:00:00,33.0,59,0.1,280,16.6,7,1009.0,3
2023-09-14 06:00:00,33.0,63,0.9,280,14.8,7,1008.0,7
2023-09-14 07:00:00,32.0,67,0.4,300,18.4,7,1007.0,7
2023-09-14 08:00:00,32.0,67,3.1,290,16.6,7,1006.0,7
2023-09-14 09:00:00,26.0,94,1.9,350,18.4,7,1006.0,7
2023-09-14 10:00:00,25.0,100,0.2,260,25.9,8,1008.0,8
2023-09-14 11:00:00,25.0,100,0.0,240,14.8,8,1009.0,8
2023-09-14 12:00:00,25.0,100,0.0,250,9.0,8,1009.0,8
2023-09-14 13:00:00,25.0,94,0.0,270,7.0,7,1010.0,7
2023-09-14 14:00:00,25.0,100,0.5,194,2.0,7,1010.0,7
2023-09-14 15:00:00,25.0,100,0.0,0,0.0,7,1011.0,7
2023-09-14 16:00:00,26.0,94,0.0,182,1.8,7,1010.0,7
2023-09-14 17:00:00,25.0,100,0.0,176,1.8,7,1010.0,7
2023-09-14 18:00:00,25.0,100,0.0,260,7.6,7,1009.0,7
2023-09-14 19:00:00,25.0,100,0.0,250,9.4,7,1009.0,7
2023-09-14 20:00:00,25.0,100,0.8,250,7.6,7,1008.0,7
2023-09-14 21:00:00,25.0,100,0.0,260,5.4,7,1008.0,7
2023-09-14 22:00:00,25.0,100,0.0,240,9.4,7,1008.0,3
2023-09-14 23:00:00,26.0,100,0.0,220,9.4,8,1009.0,3
2023-09-15 00:00:00,27.0,94,0.0,240,13.0,7,1010.0,5
2023-09-15 01:00:00,27.0,100,0.6,250,16.6,8,1011.0,3
2023-09-15 02:00:00,28.0,94,1.2,260,22.3,8,1011.0,3
2023-09-15 03:00:00,29.0,89,0.2,250,24.1,7,1010.0,3
2023-09-15 04:00:00,29.0,89,1.6,260,25.9,7,1010.0,7
2023-09-15 05:00:00,30.0,79,0.7,270,25.9,7,1009.0,7
2023-09-15 06:00:00,31.0,75,0.2,280,25.9,7,1008.0,7
2023-09-15 07:00:00,31.0,75,3.1,270,24.1,7,1008.0,7
2023-09-15 08:00:00,31.0,70,0.4,250,27.7,7,1007.0,7
2023-09-15 09:00:00,31.0,75,4.4,270,22.3,7,1007.0,7
2023-09-15 10:00:00,30.0,79,0.3,270,20.5,7,1007.0,7
2023-09-15 11:00:00,29.0,84,0.0,230,18.4,7,1008.0,7
2023-09-15 12:00:00,29.0,79,0.0,260,18.4,7,1009.0,7
2023-09-15 13:00:00,28.0,89,0.0,260,14.8,7,1009.0,7
2023-09-15 14:00:00,28.0,89,0.0,250,14.8,7,1010.0,3
2023-09-15 15:00:00,27.0,94,0.0,250,14.8,7,1011.0,3
2023-09-15 16:00:00,27.0,94,0.0,260,11.2,7,1010.0,3
2023-09-15 17:00:00,27.0,94,0.0,250,7.6,7,1010.0,3
2023-09-15 18:00:00,27.0,94,0.0,220,9.4,7,1009.0,3
2023-09-15 19:00:00,27.0,94,0.0,220,11.2,7,1009.0,3
2023-09-15 20:00:00,26.0,100,0.0,240,3.6,7,1009.0,3
2023-09-15 21:00:00,26.0,100,0.0,210,5.4,7,1008.0,3
2023-09-15 22:00:00,26.0,100,0.0,240,7.6,7,1009.0,3
2023-09-15 23:00:00,27.0,94,0.0,200,7.6,7,1009.0,3
2023-09-16 00:00:00,28.0,94,0.0,220,9.4,7,1010.0,3
2023-09-16 01:00:00,29.0,84,0.0,220,9.4,7,1011.0,3
2023-09-16 02:00:00,30.0,79,0.0,240,13.0,7,1011.0,3
2023-09-16 03:00:00,31.0,75,0.0,250,18.4,7,1011.0,3
2023-09-16 04:00:00,31.0,75,0.1,240,16.6,7,1010.0,3
2023-09-16 05:00:00,30.0,94,4.7,250,22.3,7,1010.0,3
2023-09-16 06:00:00,28.0,89,1.4,230,22.3,7,1009.0,3
2023-09-16 07:00:00,28.0,89,0.6,220,24.1,7,1008.0,3
2023-09-16 08:00:00,27.0,94,0.3,210,13.0,7,1008.0,7
2023-09-16 09:00:00,27.0,94,4.8,220,11.2,7,1008.0,7
2023-09-16 10:00:00,28.0,89,0.5,190,9.4,7,1008.0,7
2023-09-16 11:00:00,28.0,89,0.4,210,9.4,7,1008.0,7
2023-09-16 12:00:00,27.0,94,0.1,190,7.6,7,1008.0,7
2023-09-16 13:00:00,27.0,94,0.0,180,9.4,7,1009.0,7
2023-09-16 14:00:00,28.0,89,0.0,176,1.8,7,1010.0,3
2023-09-16 15:00:00,27.0,94,0.0,185,3.6,7,1011.0,3
2023-09-16 16:00:00,27.0,94,0.0,186,3.6,7,1010.0,3
2023-09-16 17:00:00,27.0,100,0.0,181,1.8,7,1010.0,3
2023-09-16 18:00:00,27.0,100,0.4,250,5.4,7,1009.0,3
2023-09-16 19:00:00,27.0,94,0.5,180,1.8,7,1009.0,3
2023-09-16 20:00:00,27.0,94,0.7,0,0.0,7,1009.0,3
2023-09-16 21:00:00,27.0,94,0.7,198,3.6,7,1009.0,3
2023-09-16 22:00:00,26.0,100,0.3,200,3.6,7,1009.0,3
2023-09-16 23:00:00,27.0,94,0.0,182,3.6,7,1009.0,3
2023-09-17 00:00:00,28.0,94,0.0,172,1.8,7,1009.0,5
2023-09-17 01:00:00,29.0,89,0.0,210,9.4,7,1010.0,3
2023-09-17 02:00:00,30.0,79,0.0,230,11.2,7,1011.0,3
2023-09-17 03:00:00,31.0,75,0.2,240,14.8,7,1011.0,2
2023-09-17 04:00:00,32.0,67,0.4,240,13.0,7,1010.0,2
2023-09-17 05:00:00,32.0,75,0.6,230,11.2,7,1009.0,3
2023-09-17 06:00:00,33.0,67,0.6,230,7.6,7,1008.0,3
2023-09-17 07:00:00,30.0,84,6.3,290,14.8,7,1007.0,3
2023-09-17 08:00:00,31.0,79,0.4,235,3.6,7,1006.0,25
2023-09-17 09:00:00,25.0,100,13.0,280,14.8,7,1007.0,25
2023-09-17 10:00:00,27.0,94,1.0,224,3.6,7,1007.0,25
2023-09-17 11:00:00,27.0,94,0.2,195,5.4,7,1008.0,25
2023-09-17 12:00:00,24.0,100,1.1,157,5.4,7,1009.0,7
2023-09-17 13:00:00,25.0,100,0.0,270,11.2,7,1010.0,3
2023-09-17 14:00:00,25.0,100,0.0,230,9.4,7,1010.0,3
2023-09-17 15:00:00,25.0,100,0.0,230,3.6,7,1010.0,3
2023-09-17 16:00:00,26.0,94,0.0,190,3.6,7,1010.0,3
2023-09-17 17:00:00,26.0,94,0.0,182,1.8,7,1010.0,3
2023-09-17 18:00:00,26.0,100,0.0,110,3.6,7,1010.0,3
2023-09-17 19:00:00,25.0,100,0.0,179,3.6,7,1010.0,3
2023-09-17 20:00:00,25.0,100,0.0,188,1.8,7,1009.0,3
2023-09-17 21:00:00,25.0,100,0.0,80,3.6,7,1010.0,3
2023-09-17 22:00:00,25.0,100,0.0,209,3.6,7,1009.0,3
2023-09-17 23:00:00,25.0,100,0.0,80,5.4,7,1010.0,3
2023-09-18 00:00:00,26.0,100,0.0,197,3.6,7,1010.0,5
2023-09-18 01:00:00,28.0,94,0.0,202,1.8,7,1012.0,3
2023-09-18 02:00:00,29.0,89,0.0,205,5.4,6,1012.0,2
2023-09-18 03:00:00,31.0,84,0.0,206,3.6,6,1011.0,2
2023-09-18 04:00:00,31.0,79,0.0,215,3.6,6,1011.0,2
2023-09-18 05:00:00,32.0,75,0.0,221,5.4,6,1010.0,2
2023-09-18 06:00:00,33.0,63,0.0,280,13.0,6,1009.0,2
2023-09-18 07:00:00,33.0,67,0.0,290,13.0,7,1008.0,2
2023-09-18 08:00:00,34.0,63,0.0,310,9.4,7,1008.0,2
2023-09-18 09:00:00,32.0,71,2.5,290,9.4,7,1007.0,2
2023-09-18 10:00:00,32.0,67,3.9,300,7.6,7,1008.0,2
2023-09-18 11:00:00,31.0,70,0.1,157,5.4,7,1008.0,2
2023-09-18 12:00:00,30.0,79,0.0,280,5.4,7,1009.0,2
2023-09-18 13:00:00,29.0,89,2.6,260,9.4,7,1010.0,2
2023-09-18 14:00:00,31.0,79,0.0,280,5.4,7,1011.0,2
2023-09-18 15:00:00,30.0,84,0.3,211,5.4,6,1011.0,2
2023-09-18 16:00:00,29.0,94,0.0,194,1.8,6,1011.0,2
2023-09-18 17:00:00,28.0,94,0.0,50,9.4,6,1011.0,2
2023-09-18 18:00:00,27.0,94,0.0,179,5.4,6,1011.0,2
2023-09-18 19:00:00,27.0,94,0.0,130,5.4,6,1010.0,2
2023-09-18 20:00:00,26.0,100,0.0,320,1.8,6,1010.0,2
2023-09-18 21:00:00,26.0,100,0.0,80,3.6,6,1010.0,2
2023-09-18 22:00:00,26.0,100,0.0,0,0.0,6,1010.0,2
2023-09-18 23:00:00,26.0,100,0.0,350,1.8,6,1010.0,2
2023-09-19 00:00:00,28.0,100,0.0,189,1.8,6,1011.0,5
2023-09-19 01:00:00,29.0,94,0.0,218,3.6,6,1012.0,2
2023-09-19 02:00:00,30.0,89,0.0,273,5.4,6,1012.0,2
2023-09-19 03:00:00,31.0,84,0.0,299,5.4,6,1011.0,2
2023-09-19 04:00:00,32.0,75,0.1,360,9.4,6,1011.0,2
2023-09-19 05:00:00,32.0,75,0.3,320,9.4,6,1010.0,2
2023-09-19 06:00:00,33.0,71,0.3,350,7.6,7,1009.0,2
2023-09-19 07:00:00,34.0,63,0.3,313,3.6,7,1008.0,18
2023-09-19 08:00:00,34.0,67,8.0,320,9.4,7,1007.0,25
2023-09-19 09:00:00,35.0,60,0.0,300,9.4,7,1007.0,25
2023-09-19 10:00:00,31.0,75,0.0,5,13.0,7,1007.0,25
2023-09-19 11:00:00,25.0,100,0.2,210,16.6,7,1009.0,25
2023-09-19 12:00:00,26.0,100,0.0,77,5.4,7,1010.0,7
2023-09-19 13:00:00,27.0,100,0.0,88,3.6,7,1011.0,3
2023-09-19 14:00:00,26.0,100,0.0,250,7.0,7,1011.0,3
2023-09-19 15:00:00,26.0,94,0.0,230,4.0,7,1011.0,2
2023-09-19 16:00:00,26.0,100,0.0,60,13.0,7,1011.0,2
2023-09-19 17:00:00,26.0,100,0.0,50,7.0,7,1010.0,2
2023-09-19 18:00:00,26.0,100,0.0,198,4.0,7,1010.0,2
2023-09-19 19:00:00,26.0,100,0.0,200,2.0,7,1010.0,2
2023-09-19 20:00:00,26.0,94,0.0,202,4.0,7,1009.0,2
2023-09-19 21:00:00,25.0,100,0.0,330,4.0,7,1009.0,2
2023-09-19 22:00:00,25.0,100,0.0,182,2.0,7,1009.0,2
2023-09-19 23:00:00,26.0,94,0.0,148,2.0,7,1010.0,3
2023-09-20 00:00:00,26.0,100,0.0,290,4.0,7,1010.0,5
2023-09-20 01:00:00,28.0,94,0.0,84,6.0,7,1011.0,3
2023-09-20 02:00:00,30.0,89,0.0,74,1.8,7,1011.2,2
2023-09-20 03:00:00,32.0,75,0.0,90,9.4,6,1010.0,2
2023-09-20 04:00:00,32.0,75,0.0,94,5.4,6,1010.4,2
2023-09-20 05:00:00,32.0,71,0.0,100,9.4,6,1009.0,2
2023-09-20 06:00:00,33.0,67,0.2,160,11.2,7,1008.0,18
2023-09-20 07:00:00,33.0,67,0.4,180,9.4,7,1007.0,18
2023-09-20 08:00:00,34.0,63,2.5,68,1.8,7,1006.0,25
2023-09-20 09:00:00,32.0,75,0.3,170,11.2,7,1006.0,25
2023-09-20 10:00:00,31.0,75,0.5,160,11.2,7,1006.0,25
2023-09-20 11:00:00,30.0,84,0.0,190,16.6,7,1007.0,25
2023-09-20 12:00:00,29.0,89,0.0,170,14.8,7,1008.0,25
2023-09-20 13:00:00,29.0,89,0.0,170,11.2,7,1009.0,7
2023-09-20 14:00:00,29.0,89,0.0,135,5.4,7,1010.0,3
2023-09-20 15:00:00,26.0,94,0.0,340,14.8,7,1011.0,2
2023-09-20 16:00:00,26.0,94,0.0,200,3.6,7,1011.0,3
2023-09-20 17:00:00,26.0,100,0.6,208,3.6,7,1010.0,2
2023-09-20 18:00:00,25.0,100,0.0,216,1.8,7,1009.0,2
2023-09-20 19:00:00,25.0,100,0.6,214,3.6,7,1010.0,2
2023-09-20 20:00:00,25.0,100,0.7,209,1.8,7,1009.0,2
2023-09-20 21:00:00,25.0,100,0.0,30,7.6,7,1009.0,3
2023-09-20 22:00:00,25.0,94,0.1,231,5.4,7,1009.0,3
2023-09-20 23:00:00,25.0,94,0.0,80,5.4,7,1009.0,3
2023-09-21 00:00:00,26.0,100,0.2,70,5.4,7,1010.0,5
2023-09-21 01:00:00,28.0,89,0.0,136,3.6,7,1011.0,3
2023-09-21 02:00:00,30.0,79,0.0,109,3.6,7,1011.0,3
2023-09-21 03:00:00,31.0,75,0.0,97,3.6,7,1011.0,2
2023-09-21 04:00:00,33.0,63,0.2,97,3.6,7,1010.0,2
2023-09-21 05:00:00,33.0,63,0.4,150,9.4,7,1009.0,18
2023-09-21 06:00:00,31.0,75,0.2,56,7.6,7,1008.0,18
2023-09-21 07:00:00,28.0,94,8.4,61,5.4,7,1007.0,25
2023-09-21 08:00:00,29.0,84,0.3,62,3.6,7,1007.0,25
2023-09-21 09:00:00,28.0,89,0.2,220,11.2,7,1007.0,25
2023-09-21 10:00:00,28.0,94,1.0,77,3.6,7,1008.0,25
2023-09-21 11:00:00,29.0,89,3.0,82,5.4,7,1008.0,8
2023-09-21 12:00:00,27.0,100,0.2,240,9.4,7,1009.0,8
2023-09-21 13:00:00,27.0,100,0.0,95,1.8,7,1010.0,7
2023-09-21 14:00:00,27.0,100,1.8,121,3.6,7,1010.0,7
2023-09-21 15:00:00,27.0,100,0.4,260,3.6,7,1011.0,3
2023-09-21 16:00:00,27.0,100,1.0,201,3.6,7,1011.0,3
2023-09-21 17:00:00,26.0,100,0.2,20,7.6,7,1010.0,3
2023-09-21 18:00:00,26.0,100,0.0,223,5.4,7,1010.0,3
2023-09-21 19:00:00,26.0,100,0.0,218,3.6,7,1009.0,3
2023-09-21 20:00:00,26.0,100,0.0,30,3.6,7,1008.0,3
2023-09-21 21:00:00,26.0,94,0.0,310,1.8,7,1008.0,3
2023-09-21 22:00:00,25.0,100,0.0,70,7.6,7,1008.0,3
2023-09-21 23:00:00,25.0,100,0.0,200,1.8,7,1009.0,5
2023-09-22 00:00:00,26.0,100,0.0,187,5.4,7,1010.0,5
2023-09-22 01:00:00,28.0,94,0.0,176,1.8,7,1010.0,5
2023-09-22 02:00:00,30.0,89,0.0,90,1.8,7,1011.0,3
2023-09-22 03:00:00,32.0,75,0.0,155,1.8,7,1010.0,2
2023-09-22 04:00:00,31.0,84,0.1,260,7.6,7,1009.0,2
2023-09-22 05:00:00,31.0,75,0.1,320,9.4,7,1008.0,2
2023-09-22 06:00:00,31.0,75,0.2,330,13.0,7,1008.0,18
2023-09-22 07:00:00,30.0,84,1.7,230,20.5,7,1007.0,18
2023-09-22 08:00:00,27.0,94,5.6,310,7.6,7,1006.0,25
2023-09-22 09:00:00,27.0,100,0.2,100,11.2,7,1005.0,25
2023-09-22 10:00:00,29.0,94,0.4,160,9.4,7,1006.0,25
2023-09-22 11:00:00,27.0,100,6.7,180,14.8,7,1008.0,7
2023-09-22 12:00:00,27.0,94,0.3,180,13.0,7,1009.0,7
2023-09-22 13:00:00,27.0,94,0.1,220,11.2,7,1009.0,7
2023-09-22 14:00:00,27.0,94,0.0,178,3.6,7,1010.0,7
2023-09-22 15:00:00,27.0,100,0.1,215,5.4,7,1011.0,7
2023-09-22 16:00:00,27.0,94,0.0,191,3.6,7,1010.0,3
2023-09-22 17:00:00,27.0,94,0.0,190,3.6,7,1010.0,3
2023-09-22 18:00:00,26.0,100,0.3,188,1.8,7,1010.0,3
2023-09-22 19:00:00,26.0,100,0.0,300,1.8,7,1009.0,3
2023-09-22 20:00:00,26.0,100,0.0,196,3.6,7,1008.0,5
2023-09-22 21:00:00,26.0,100,0.0,110,3.6,7,1008.0,5
2023-09-22 22:00:00,26.0,94,0.0,80,3.6,7,1009.0,5
2023-09-22 23:00:00,26.0,94,0.0,60,3.6,7,1009.0,5
2023-09-23 00:00:00,27.0,100,0.0,191,1.8,7,1010.0,5
2023-09-23 01:00:00,29.0,89,0.0,195,1.8,7,1010.0,3
2023-09-23 02:00:00,30.0,84,0.0,199,1.8,7,1010.0,3
2023-09-23 03:00:00,29.0,89,0.0,250,13.0,7,1010.0,3
2023-09-23 04:00:00,27.0,94,0.0,310,7.6,7,1010.0,3
2023-09-23 05:00:00,30.0,94,0.1,221,3.6,7,1009.0,3
2023-09-23 06:00:00,32.0,80,0.0,227,3.6,7,1008.0,7
2023-09-23 07:00:00,29.0,89,0.5,300,16.6,7,1007.0,7
2023-09-23 08:00:00,32.0,67,0.6,280,11.2,7,1006.0,25
2023-09-23 09:00:00,31.0,79,0.0,250,13.0,7,1006.0,8
2023-09-23 10:00:00,29.0,89,0.0,280,11.2,7,1007.0,25
2023-09-23 11:00:00,28.0,94,3.1,193,5.4,7,1007.0,7
2023-09-23 12:00:00,28.0,94,0.0,230,18.4,7,1009.0,7
2023-09-23 13:00:00,26.0,94,0.0,260,9.4,7,1010.0,7
2023-09-23 14:00:00,26.0,94,0.0,193,3.6,7,1010.0,7
2023-09-23 15:00:00,26.0,94,0.0,215,3.6,7,1011.0,3
2023-09-23 16:00:00,25.0,100,0.0,0,0.0,7,1010.0,3
2023-09-23 17:00:00,26.0,94,0.0,201,3.6,7,1009.0,3
2023-09-23 18:00:00,26.0,94,0.0,187,1.8,7,1008.0,3
2023-09-23 19:00:00,26.0,94,0.0,270,7.6,7,1007.0,3
2023-09-23 20:00:00,26.0,94,0.0,260,7.6,7,1007.0,3
2023-09-23 21:00:00,26.0,94,0.0,188,5.4,7,1007.0,3
2023-09-23 22:00:00,26.0,94,0.0,205,1.8,7,1007.0,3
2023-09-23 23:00:00,26.0,100,0.0,0,0.0,7,1008.0,5
2023-09-24 00:00:00,27.0,94,0.0,174,5.4,7,1008.0,3
2023-09-24 01:00:00,28.0,100,0.0,219,3.6,7,1010.0,3
2023-09-24 02:00:00,29.0,94,0.0,290,9.4,7,1010.0,3
2023-09-24 03:00:00,29.0,94,0.0,240,11.2,7,1009.0,3
2023-09-24 04:00:00,31.0,89,0.0,300,13.0,7,1008.0,3
2023-09-24 05:00:00,31.0,79,0.0,290,13.0,7,1007.0,7
2023-09-24 06:00:00,32.0,75,0.0,280,14.8,7,1006.0,7
2023-09-24 07:00:00,32.0,71,0.2,320,13.0,7,1004.0,8
2023-09-24 08:00:00,33.0,67,0.1,300,11.2,7,1004.0,8
2023-09-24 09:00:00,32.0,71,0.5,340,11.2,7,1004.0,8
2023-09-24 10:00:00,28.0,89,9.5,235,5.4,7,1005.0,8
2023-09-24 11:00:00,26.0,94,3.9,230,14.8,7,1006.0,8
2023-09-24 12:00:00,25.0,100,2.1,190,5.4,7,1008.0,8
2023-09-24 13:00:00,25.0,100,1.6,230,16.6,7,1008.0,8
2023-09-24 14:00:00,25.0,100,0.7,230,13.0,7,1009.0,8
2023-09-24 15:00:00,26.0,100,0.1,240,16.6,8,1009.0,7
2023-09-24 16:00:00,25.0,100,0.0,260,14.8,8,1008.0,7
2023-09-24 17:00:00,25.0,100,0.0,310,11.2,8,1007.0,7
2023-09-24 18:00:00,25.0,100,0.0,280,5.4,8,1006.0,7
2023-09-24 19:00:00,25.0,100,0.0,191,5.4,8,1005.0,7
2023-09-24 20:00:00,25.0,100,0.0,0,0.0,8,1005.0,7
2023-09-24 21:00:00,25.0,100,0.0,0,0.0,8,1005.0,7
2023-09-24 22:00:00,25.0,100,0.0,0,0.0,8,1006.0,3
2023-09-24 23:00:00,25.0,100,0.3,220,7.6,8,1006.0,3
2023-09-25 00:00:00,26.0,94,0.3,260,7.6,8,1007.0,3
2023-09-25 01:00:00,26.0,100,0.1,240,13.0,8,1008.0,3
2023-09-25 02:00:00,28.0,100,0.1,270,9.4,8,1008.0,3
2023-09-25 03:00:00,29.0,94,0.0,250,14.8,8,1008.0,3
2023-09-25 04:00:00,30.0,89,0.1,280,16.6,8,1007.0,7
2023-09-25 05:00:00,31.0,79,0.0,260,14.8,8,1006.0,7
2023-09-25 06:00:00,32.0,71,0.7,280,16.6,8,1004.0,7
2023-09-25 07:00:00,32.0,71,0.7,290,16.6,8,1003.0,7
2023-09-25 08:00:00,32.0,75,1.4,250,18.4,8,1003.0,8
2023-09-25 09:00:00,31.0,79,0.0,250,16.6,8,1004.0,8
2023-09-25 10:00:00,28.0,89,0.2,240,22.3,8,1005.0,8
2023-09-25 11:00:00,27.0,94,1.8,240,16.6,8,1006.0,8
2023-09-25 12:00:00,27.0,94,1.1,220,20.5,8,1006.0,8
2023-09-25 13:00:00,27.0,94,0.7,220,16.6,8,1007.0,8
2023-09-25 14:00:00,27.0,94,2.8,230,18.4,8,1007.0,8
2023-09-25 15:00:00,27.0,94,0.4,240,16.6,8,1007.0,7
2023-09-25 16:00:00,26.0,100,0.0,250,11.2,8,1007.0,7
2023-09-25 17:00:00,27.0,94,0.0,230,18.4,8,1007.0,7
2023-09-25 18:00:00,26.0,100,0.0,250,18.4,8,1006.0,7
2023-09-25 19:00:00,26.0,100,0.0,220,14.8,8,1006.0,7
2023-09-25 20:00:00,26.0,100,0.0,230,13.0,8,1006.0,7
2023-09-25 21:00:00,26.0,100,0.0,230,16.6,8,1006.0,7
2023-09-25 22:00:00,26.0,100,0.0,240,14.8,8,1006.0,7
2023-09-25 23:00:00,26.0,100,0.0,240,13.0,8,1006.0,7
2023-09-26 00:00:00,27.0,100,0.0,230,13.0,8,1007.0,7
2023-09-26 01:00:00,28.0,94,0.0,240,14.8,8,1008.0,7
2023-09-26 02:00:00,29.0,89,0.2,240,18.4,8,1008.0,7
2023-09-26 03:00:00,30.0,84,0.0,240,22.3,8,1008.0,7
2023-09-26 04:00:00,31.0,89,0.8,240,20.5,8,1007.0,7
2023-09-26 05:00:00,27.0,100,3.5,230,27.7,8,1007.0,7
2023-09-26 06:00:00,27.0,100,1.9,250,22.3,8,1006.0,7
2023-09-26 07:00:00,28.0,94,1.8,260,22.3,7,1005.0,7
2023-09-26 08:00:00,27.0,94,0.3,240,20.5,7,1006.0,8
2023-09-26 09:00:00,27.0,94,0.5,230,20.5,7,1006.0,8
2023-09-26 10:00:00,27.0,94,1.0,230,18.4,7,1006.0,8
2023-09-26 11:00:00,27.0,94,0.8,240,20.5,8,1006.0,8
2023-09-26 12:00:00,27.0,94,0.7,220,14.8,8,1008.0,8
2023-09-26 13:00:00,27.0,94,0.0,220,13.0,8,1009.0,8
2023-09-26 14:00:00,27.0,94,0.0,240,11.2,8,1010.0,8
2023-09-26 15:00:00,27.0,94,0.0,220,11.2,8,1010.0,8
2023-09-26 16:00:00,27.0,94,0.0,220,13.0,8,1009.0,8
2023-09-26 17:00:00,26.0,100,0.0,220,13.0,7,1009.0,8
2023-09-26 18:00:00,26.0,94,0.0,230,13.0,7,1008.0,8
2023-09-26 19:00:00,25.0,100,0.0,260,9.4,7,1007.0,8
2023-09-26 20:00:00,25.0,100,0.0,260,7.6,8,1007.0,8
2023-09-26 21:00:00,25.0,100,0.0,230,9.4,8,1007.0,8
2023-09-26 22:00:00,25.0,100,0.0,220,5.4,7,1007.0,7
2023-09-26 23:00:00,26.0,94,0.0,188,5.4,8,1007.0,7
2023-09-27 00:00:00,27.0,94,0.0,230,7.6,8,1008.0,7
2023-09-27 01:00:00,28.0,89,0.0,210,7.6,8,1009.0,7
2023-09-27 02:00:00,29.0,84,0.0,230,16.6,7,1009.0,7
2023-09-27 03:00:00,30.0,84,0.0,240,18.4,7,1009.0,7
2023-09-27 04:00:00,31.0,79,0.2,240,20.5,7,1009.0,7
2023-09-27 05:00:00,25.0,100,1.4,260,22.3,7,1009.0,7
2023-09-27 06:00:00,26.0,100,12.5,250,16.6,7,1008.0,7
2023-09-27 07:00:00,28.0,94,3.5,240,16.6,7,1007.0,7
2023-09-27 08:00:00,29.0,89,2.3,250,24.1,7,1007.0,7
2023-09-27 09:00:00,28.0,94,1.6,250,16.6,7,1007.0,7
2023-09-27 10:00:00,28.0,89,0.9,260,14.8,7,1007.0,7
2023-09-27 11:00:00,28.0,89,0.9,260,11.2,7,1008.0,7
2023-09-27 12:00:00,27.0,94,0.4,330,7.6,7,1009.0,7
2023-09-27 13:00:00,26.0,100,0.3,179,5.4,7,1010.0,7
2023-09-27 14:00:00,26.0,100,0.0,186,1.8,7,1011.0,7
2023-09-27 15:00:00,26.0,100,0.0,196,5.4,8,1011.0,7
2023-09-27 16:00:00,26.0,100,0.0,198,3.6,8,1011.0,7
2023-09-27 17:00:00,26.0,100,0.0,201,5.4,8,1010.0,7
2023-09-27 18:00:00,26.0,100,0.0,10,3.6,8,1009.0,7
2023-09-27 19:00:00,26.0,94,0.0,30,3.6,8,1009.0,7
2023-09-27 20:00:00,25.0,100,0.0,60,1.8,8,1009.0,7
2023-09-27 21:00:00,25.0,100,0.0,80,1.8,8,1009.0,3
2023-09-27 22:00:00,25.0,100,0.0,60,3.6,7,1009.0,3
2023-09-27 23:00:00,25.0,100,0.0,80,5.4,8,1010.0,3
2023-09-28 00:00:00,27.0,94,0.0,100,9.4,8,1010.0,3
2023-09-28 01:00:00,28.0,94,0.0,208,1.8,8,1011.0,3
2023-09-28 02:00:00,30.0,89,0.0,260,7.6,7,1012.0,3
2023-09-28 03:00:00,30.0,84,0.0,260,11.2,7,1012.0,3
2023-09-28 04:00:00,31.0,75,0.0,260,18.4,7,1011.0,3
2023-09-28 05:00:00,31.0,70,0.0,280,18.4,7,1010.0,3
2023-09-28 06:00:00,32.0,67,0.0,280,14.8,7,1009.0,3
2023-09-28 07:00:00,32.0,63,0.0,290,14.8,7,1008.0,3
2023-09-28 08:00:00,33.0,59,0.3,270,11.2,7,1008.0,3
2023-09-28 09:00:00,32.0,63,1.0,300,9.4,7,1008.0,3
2023-09-28 10:00:00,31.0,66,0.0,320,7.6,7,1008.0,25
2023-09-28 11:00:00,31.0,66,0.8,162,5.4,7,1009.0,7
2023-09-28 12:00:00,26.0,94,0.1,210,20.0,7,1010.0,3
2023-09-28 13:00:00,27.0,94,0.0,174,5.4,7,1010.0,3
2023-09-28 14:00:00,27.0,94,0.0,243,3.6,7,1011.0,3
2023-09-28 15:00:00,27.0,100,0.0,260,3.7,7,1011.0,3
2023-09-28 16:00:00,27.0,94,0.0,253,2.0,7,1011.0,3
2023-09-28 17:00:00,27.0,94,0.0,246,2.0,7,1011.0,3
2023-09-28 18:00:00,27.0,94,0.0,0,0.0,7,1010.0,3
2023-09-28 19:00:00,27.0,100,0.0,300,3.6,7,1010.0,3
2023-09-28 20:00:00,27.0,94,0.0,260,3.6,7,1010.0,3
2023-09-28 21:00:00,27.0,100,0.0,310,3.6,7,1010.0,3
2023-09-28 22:00:00,27.0,94,0.0,310,1.8,7,1010.0,5
2023-09-28 23:00:00,27.0,100,0.0,320,1.8,7,1011.0,5
2023-09-29 00:00:00,28.0,94,0.0,175,1.8,7,1011.0,5
2023-09-29 01:00:00,30.0,89,0.0,222,3.6,7,1012.0,3
2023-09-29 02:00:00,31.0,79,0.0,241,3.6,7,1013.0,3
2023-09-29 03:00:00,32.0,67,0.0,330,7.6,7,1012.0,2
2023-09-29 04:00:00,33.0,63,0.0,290,18.4,7,1012.0,2
2023-09-29 05:00:00,33.0,67,0.0,320,13.0,7,1011.0,2
2023-09-29 06:00:00,33.0,67,0.0,310,14.8,7,1010.0,2
2023-09-29 07:00:00,34.0,60,0.0,280,13.0,7,1009.0,2
2023-09-29 08:00:00,33.0,67,0.0,300,16.6,7,1009.0,3
2023-09-29 09:00:00,31.0,66,0.0,310,18.4,7,1008.0,3
2023-09-29 10:00:00,31.0,70,17.4,320,9.4,7,1009.0,2
2023-09-29 11:00:00,31.0,75,3.6,310,7.6,7,1010.0,3
2023-09-29 12:00:00,28.0,89,0.5,340,11.2,7,1010.0,3
2023-09-29 13:00:00,28.0,89,0.1,169,3.6,7,1011.0,3
2023-09-29 14:00:00,28.0,89,0.0,198,5.4,7,1012.0,3
2023-09-29 15:00:00,28.0,89,0.0,290,9.0,7,1012.0,3
2023-09-29 16:00:00,27.0,94,0.0,280,20.5,7,1013.0,3
2023-09-29 17:00:00,26.0,100,0.4,280,7.6,7,1012.0,3
2023-09-29 18:00:00,26.0,100,0.4,270,7.6,7,1011.0,3
2023-09-29 19:00:00,26.0,100,0.2,250,13.0,7,1011.0,3
2023-09-29 20:00:00,26.0,94,0.1,210,9.4,7,1011.0,3
2023-09-29 21:00:00,25.0,100,2.2,200,9.4,7,1011.0,3
2023-09-29 22:00:00,25.0,94,0.0,250,5.4,7,1011.0,2
2023-09-29 23:00:00,24.0,100,0.1,280,11.2,7,1012.0,3
2023-09-30 00:00:00,24.0,100,0.6,290,13.0,8,1013.0,3
2023-09-30 01:00:00,25.0,94,0.5,310,13.0,7,1013.0,3
2023-09-30 02:00:00,25.0,100,0.2,330,9.4,7,1013.0,3
2023-09-30 03:00:00,26.0,100,0.2,340,13.0,7,1013.0,3
2023-09-30 04:00:00,29.0,89,0.2,340,18.4,7,1012.0,3
2023-09-30 05:00:00,29.0,84,0.1,350,20.5,7,1011.0,3
2023-09-30 06:00:00,29.0,84,0.2,330,18.4,7,1010.0,3
2023-09-30 07:00:00,30.0,79,0.0,330,16.6,7,1009.0,3
2023-09-30 08:00:00,29.0,84,0.3,300,14.8,7,1009.0,3
2023-09-30 09:00:00,29.0,84,2.0,290,16.6,7,1008.0,3
2023-09-30 10:00:00,29.0,84,0.0,290,11.2,7,1008.0,3
2023-09-30 11:00:00,28.0,89,0.0,290,11.2,7,1008.0,3
2023-09-30 12:00:00,27.0,94,0.0,280,7.6,7,1009.0,3
2023-09-30 13:00:00,27.0,94,0.0,280,11.2,7,1010.0,3
2023-09-30 14:00:00,27.0,94,0.0,247,3.6,7,1010.0,3
2023-09-30 15:00:00,27.0,94,0.2,300,7.6,7,1011.0,3
2023-09-30 16:00:00,27.0,94,0.0,244,3.6,7,1011.0,3
2023-09-30 17:00:00,26.0,100,0.0,290,5.4,7,1010.0,2
2023-09-30 18:00:00,26.0,100,0.0,280,3.6,7,1010.0,2
2023-09-30 19:00:00,26.0,100,0.0,280,3.6,7,1009.0,2
2023-09-30 20:00:00,26.0,94,0.0,270,1.8,7,1009.0,3
2023-09-30 21:00:00,26.0,100,2.6,270,7.6,7,1009.0,3
2023-09-30 22:00:00,26.0,94,0.1,260,3.6,6,1009.0,2
2023-09-30 23:00:00,26.0,94,0.0,270,5.4,7,1009.0,5
2023-10-01 00:00:00,28.0,94,0.0,290,7.6,7,1009.0,3
2023-10-01 01:00:00,30.0,89,0.0,290,11.2,7,1010.0,3
2023-10-01 02:00:00,30.0,89,0.0,280,13.0,7,1010.0,3
2023-10-01 03:00:00,31.0,84,0.2,310,13.0,7,1010.0,3
2023-10-01 04:00:00,31.0,79,0.1,290,13.0,7,1009.0,3
2023-10-01 05:00:00,29.0,94,0.2,280,13.0,7,1008.0,3
2023-10-01 06:00:00,30.0,89,1.7,270,14.8,7,1007.0,7
2023-10-01 07:00:00,24.0,100,0.2,250,18.4,7,1007.0,25
2023-10-01 08:00:00,26.0,100,0.2,240,9.4,7,1007.0,25
2023-10-01 09:00:00,26.0,100,7.9,250,9.4,7,1007.0,25
2023-10-01 10:00:00,26.0,100,8.3,272,5.4,7,1007.0,25
2023-10-01 11:00:00,26.0,100,0.4,70,7.6,7,1008.0,7
2023-10-01 12:00:00,26.0,100,0.6,178,1.8,7,1009.0,7
2023-10-01 13:00:00,26.0,100,0.8,0,0.0,7,1009.0,7
2023-10-01 14:00:00,26.0,100,0.5,270,9.4,7,1010.0,7
2023-10-01 15:00:00,26.0,94,0.4,260,3.6,7,1010.0,7
2023-10-01 16:00:00,26.0,94,0.2,280,5.4,7,1011.0,7
2023-10-01 17:00:00,26.0,94,1.5,0,0.0,7,1010.0,7
2023-10-01 18:00:00,25.0,100,2.4,280,3.6,7,1010.0,7
2023-10-01 19:00:00,25.0,100,4.5,260,5.4,7,1009.0,7
2023-10-01 20:00:00,25.0,100,4.5,250,3.6,8,1008.0,7
2023-10-01 21:00:00,25.0,100,0.9,260,3.6,8,1008.0,7
2023-10-01 22:00:00,26.0,94,4.2,270,5.4,8,1009.0,7
2023-10-01 23:00:00,26.0,94,0.1,270,5.4,8,1009.0,7
2023-10-02 00:00:00,26.0,100,0.3,84,5.4,8,1010.0,7
2023-10-02 01:00:00,26.0,100,0.5,253,5.4,8,1010.0,7
2023-10-02 02:00:00,26.0,94,0.3,290,7.6,8,1011.0,7
2023-10-02 03:00:00,26.0,100,0.4,254,3.6,8,1011.0,7
2023-10-02 04:00:00,27.0,94,0.3,300,7.6,8,1011.0,7
2023-10-02 05:00:00,25.0,94,0.2,330,7.6,8,1010.0,8
2023-10-02 06:00:00,25.0,100,0.2,253,3.6,8,1009.0,8
2023-10-02 07:00:00,26.0,100,0.3,252,3.6,8,1008.0,8
2023-10-02 08:00:00,26.0,100,1.5,252,3.6,8,1008.0,8
2023-10-02 09:00:00,26.0,100,1.7,251,5.4,8,1007.0,8
2023-10-02 10:00:00,26.0,100,3.0,249,3.6,8,1007.0,8
2023-10-02 11:00:00,26.0,100,3.0,240,7.6,8,1009.0,5
2023-10-02 12:00:00,26.0,100,2.6,220,9.4,8,1010.0,8
2023-10-02 13:00:00,26.0,100,4.3,210,7.6,8,1010.0,8
2023-10-02 14:00:00,26.0,100,4.9,220,7.6,8,1011.0,8
2023-10-02 15:00:00,26.0,94,2.7,250,11.2,8,1011.0,8
2023-10-02 16:00:00,25.0,100,2.3,237,1.8,8,1012.0,8
2023-10-02 17:00:00,25.0,100,0.9,270,5.4,8,1011.0,8
2023-10-02 18:00:00,25.0,100,0.0,260,5.4,8,1010.0,8
2023-10-02 19:00:00,25.0,94,0.0,280,9.4,8,1010.0,8
2023-10-02 20:00:00,24.0,100,0.0,270,3.6,8,1009.0,8
2023-10-02 21:00:00,25.0,94,0.0,280,7.6,8,1009.0,8
2023-10-02 22:00:00,25.0,100,0.4,280,9.4,8,1009.0,3
2023-10-02 23:00:00,25.0,100,0.0,300,3.6,8,1010.2,3
2023-10-03 00:00:00,25.0,100,0.7,188,5.4,8,1010.9,3
2023-10-03 01:00:00,26.0,100,0.3,250,9.4,8,1012.0,3
2023-10-03 02:00:00,28.0,94,0.2,290,7.6,8,1012.0,3
2023-10-03 03:00:00,29.0,89,0.1,280,13.0,8,1012.0,3
2023-10-03 04:00:00,29.0,89,0.0,250,11.2,8,1011.0,3
2023-10-03 05:00:00,30.0,84,0.0,290,13.0,7,1010.0,3
2023-10-03 06:00:00,30.0,84,0.1,270,18.4,7,1009.0,3
2023-10-03 07:00:00,30.0,84,0.0,270,20.5,7,1008.0,3
2023-10-03 08:00:00,30.0,79,1.4,280,13.0,7,1008.0,3
2023-10-03 09:00:00,29.0,84,0.3,250,13.0,7,1008.0,7
2023-10-03 10:00:00,28.0,89,0.5,250,11.2,7,1008.0,3
2023-10-03 11:00:00,28.0,94,0.2,240,11.2,7,1009.0,3
2023-10-03 12:00:00,28.0,94,0.1,220,11.2,7,1010.0,3
2023-10-03 13:00:00,27.0,100,0.0,210,14.8,7,1011.0,3
2023-10-03 14:00:00,27.0,94,0.0,210,11.2,7,1012.0,3
2023-10-03 15:00:00,27.0,94,0.0,220,9.4,7,1012.0,3
2023-10-03 16:00:00,27.0,94,0.0,210,9.4,7,1011.0,3
2023-10-03 17:00:00,26.0,100,0.0,210,11.2,7,1011.0,3
2023-10-03 18:00:00,26.0,100,0.0,230,9.4,7,1010.0,3
2023-10-03 19:00:00,26.0,100,0.0,220,9.4,7,1009.0,3
2023-10-03 20:00:00,26.0,100,0.0,220,7.6,7,1009.0,3
2023-10-03 21:00:00,26.0,100,0.0,220,9.4,7,1009.0,3
2023-10-03 22:00:00,26.0,100,0.0,207,5.4,7,1010.0,3
2023-10-03 23:00:00,26.0,100,0.0,220,7.6,7,1011.0,3
2023-10-04 00:00:00,27.0,100,0.0,171,5.4,7,1011.0,3
2023-10-04 01:00:00,28.0,94,0.0,200,9.4,7,1012.0,3
2023-10-04 02:00:00,29.0,89,0.0,220,11.2,7,1012.0,3
2023-10-04 03:00:00,31.0,79,0.0,240,9.4,7,1011.0,3
2023-10-04 04:00:00,31.0,79,0.0,250,13.0,7,1011.0,2
2023-10-04 05:00:00,31.0,75,0.1,250,14.8,7,1010.0,3
2023-10-04 06:00:00,31.0,79,2.7,270,16.6,7,1009.0,3
2023-10-04 07:00:00,31.0,89,4.5,210,9.4,7,1008.0,3
2023-10-04 08:00:00,32.0,71,0.3,240,9.4,7,1008.0,3
2023-10-04 09:00:00,31.0,84,0.0,180,14.8,7,1008.0,3
2023-10-04 10:00:00,30.0,84,0.7,210,13.0,6,1008.0,2
2023-10-04 11:00:00,29.0,84,0.0,200,14.8,6,1008.0,3
2023-10-04 12:00:00,29.0,84,0.0,200,14.8,6,1009.0,3
2023-10-04 13:00:00,28.0,94,0.3,170,11.2,6,1010.0,3
2023-10-04 14:00:00,26.8,89,0.0,163,5.5,6,1011.0,3
2023-10-04 15:00:00,27.0,100,0.0,210,9.4,7,1011.0,2
2023-10-04 16:00:00,27.0,94,0.0,210,13.0,6,1011.0,2
2023-10-04 17:00:00,27.0,94,0.0,190,11.2,6,1011.0,2
2023-10-04 18:00:00,27.0,94,0.0,210,7.6,6,1010.0,2
2023-10-04 19:00:00,27.0,94,0.0,200,9.4,6,1009.0,2
2023-10-04 20:00:00,26.0,100,0.0,210,9.4,6,1009.0,2
2023-10-04 21:00:00,26.0,100,0.0,210,7.6,6,1009.0,2
2023-10-04 22:00:00,26.0,100,0.0,200,7.6,6,1009.0,2
2023-10-04 23:00:00,26.0,100,0.0,210,3.6,6,1010.0,2
2023-10-05 00:00:00,28.0,94,0.0,181,5.4,7,1010.0,2
2023-10-05 01:00:00,28.0,94,0.1,220,7.6,7,1011.0,3
2023-10-05 02:00:00,29.0,89,0.1,220,7.6,7,1011.0,3
2023-10-05 03:00:00,31.0,79,0.0,230,9.4,6,1011.0,2
2023-10-05 04:00:00,31.0,75,0.1,290,9.4,7,1011.0,2
2023-10-05 05:00:00,31.0,79,0.0,260,9.4,7,1010.0,2
2023-10-05 06:00:00,32.0,75,0.0,290,7.6,7,1008.0,2
2023-10-05 07:00:00,27.0,94,0.2,310,13.0,7,1008.0,2
2023-10-05 08:00:00,30.0,89,10.1,225,5.4,7,1007.0,2
2023-10-05 09:00:00,30.0,84,0.2,300,11.2,7,1007.0,2
2023-10-05 10:00:00,29.0,89,0.0,160,11.2,7,1007.0,2
2023-10-05 11:00:00,26.0,100,0.0,170,11.0,7,1008.0,2
2023-10-05 12:00:00,25.0,100,0.0,330,7.0,7,1009.0,3
2023-10-05 13:00:00,25.0,100,0.0,155,6.0,7,1010.0,3
2023-10-05 14:00:00,26.0,100,0.0,172,1.8,7,1010.0,2
2023-10-05 15:00:00,26.0,100,0.0,192,3.6,7,1010.0,2
2023-10-05 16:00:00,26.0,100,0.0,201,3.6,7,1010.0,2
2023-10-05 17:00:00,27.0,100,0.0,220,9.4,7,1010.0,2
2023-10-05 18:00:00,27.0,94,0.0,210,6.0,7,1009.0,2
2023-10-05 19:00:00,26.0,100,0.0,210,6.0,7,1009.0,2
2023-10-05 20:00:00,26.0,100,0.0,200,4.0,7,1009.0,2
2023-10-05 21:00:00,26.0,100,0.0,198,2.0,7,1009.0,2
2023-10-05 22:00:00,26.0,100,0.0,210,3.6,6,1009.0,2
2023-10-05 23:00:00,26.0,100,0.0,210,7.6,7,1010.0,2
2023-10-06 00:00:00,28.0,94,0.0,210,9.4,7,1010.0,3
2023-10-06 01:00:00,29.0,94,0.0,240,11.2,7,1011.0,3
2023-10-06 02:00:00,31.0,84,0.0,230,11.2,7,1012.0,3
2023-10-06 03:00:00,31.0,79,0.0,240,9.4,7,1012.0,2
2023-10-06 04:00:00,32.0,75,0.0,250,11.2,6,1011.0,2
2023-10-06 05:00:00,32.0,71,0.0,270,11.2,7,1010.0,2
2023-10-06 06:00:00,33.0,67,0.0,270,11.2,7,1009.0,2
2023-10-06 07:00:00,34.0,67,0.0,260,13.0,7,1007.0,3
2023-10-06 08:00:00,34.0,63,7.8,250,13.0,7,1007.0,3
2023-10-06 09:00:00,29.0,84,2.4,170,27.7,7,1007.0,3
2023-10-06 10:00:00,26.0,100,0.3,180,3.6,7,1007.0,3
2023-10-06 11:00:00,25.0,100,4.0,161,3.6,7,1008.0,3
2023-10-06 12:00:00,26.0,94,0.9,137,3.6,7,1010.0,3
2023-10-06 13:00:00,26.0,94,0.2,155,5.4,7,1010.0,3
2023-10-06 14:00:00,26.0,94,0.0,70,7.6,7,1011.0,3
2023-10-06 15:00:00,26.0,94,0.0,201,5.4,7,1011.0,3
2023-10-06 16:00:00,26.0,100,0.0,224,3.6,7,1011.0,3
2023-10-06 17:00:00,26.0,94,0.0,224,3.6,7,1011.0,3
2023-10-06 18:00:00,26.0,94,0.0,223,3.6,7,1010.0,2
2023-10-06 19:00:00,25.0,100,0.0,100,5.4,7,1010.0,3
2023-10-06 20:00:00,26.0,94,0.0,217,1.8,7,1010.0,3
2023-10-06 21:00:00,26.0,94,0.0,90,3.6,7,1010.0,3
2023-10-06 22:00:00,26.0,94,0.0,100,5.4,7,1010.0,3
2023-10-06 23:00:00,26.0,94,0.0,183,1.8,7,1011.0,3
2023-10-07 00:00:00,27.0,100,0.0,70,1.8,8,1011.0,3
2023-10-07 01:00:00,29.0,94,0.0,150,1.8,7,1012.0,3
2023-10-07 02:00:00,30.0,89,0.0,215,5.4,7,1012.0,3
2023-10-07 03:00:00,32.0,84,0.0,250,9.4,7,1012.0,3
2023-10-07 04:00:00,33.0,71,0.0,250,13.0,7,1011.0,2
2023-10-07 05:00:00,32.0,75,0.0,260,13.0,7,1010.0,3
2023-10-07 06:00:00,33.0,71,0.0,310,11.2,7,1009.0,3
2023-10-07 07:00:00,33.0,67,0.0,280,14.8,7,1008.0,3
2023-10-07 08:00:00,33.0,63,0.1,250,14.8,7,1008.0,3
2023-10-07 09:00:00,33.0,63,6.0,260,13.0,7,1008.0,3
2023-10-07 10:00:00,31.0,75,1.9,237,5.4,7,1008.6,3
2023-10-07 11:00:00,31.0,75,1.0,250,11.2,7,1009.3,3
2023-10-07 12:00:00,26.0,94,0.4,360,11.2,7,1010.0,3
2023-10-07 13:00:00,26.0,100,0.0,330,9.4,7,1012.0,3
2023-10-07 14:00:00,25.0,100,0.0,214,1.8,7,1012.0,3
2023-10-07 15:00:00,26.0,94,0.0,222,5.4,7,1012.0,3
2023-10-07 16:00:00,26.0,100,0.0,0,0.0,7,1012.0,3
2023-10-07 17:00:00,26.0,100,0.0,360,1.8,7,1011.0,2
2023-10-07 18:00:00,26.0,100,0.0,80,1.8,7,1011.0,2
2023-10-07 19:00:00,26.0,100,0.0,80,5.4,7,1011.0,2
2023-10-07 20:00:00,26.0,100,0.0,229,1.8,7,1011.0,3
2023-10-07 21:00:00,26.0,100,0.0,0,0.0,7,1010.0,3
2023-10-07 22:00:00,26.0,100,0.0,214,1.8,7,1011.0,3
2023-10-07 23:00:00,26.0,100,0.0,178,1.8,7,1011.0,3
2023-10-08 00:00:00,27.0,94,0.0,153,3.6,7,1012.0,3
2023-10-08 01:00:00,28.0,89,0.0,225,5.4,7,1013.0,3
2023-10-08 02:00:00,30.0,84,0.0,241,5.4,7,1012.8,3
2023-10-08 03:00:00,31.0,75,0.0,0,0.0,7,1013.2,3
2023-10-08 04:00:00,32.0,71,0.0,255,5.4,7,1012.3,2
2023-10-08 05:00:00,34.0,67,0.0,300,9.4,7,1011.0,3
2023-10-08 06:00:00,33.0,67,0.0,310,7.6,7,1010.0,3
2023-10-08 07:00:00,34.0,60,0.0,300,11.2,7,1009.9,3
2023-10-08 08:00:00,33.0,63,0.0,330,11.2,7,1009.0,3
2023-10-08 09:00:00,31.0,70,0.0,260,14.8,7,1009.0,3
2023-10-08 10:00:00,30.0,79,0.0,20,11.2,7,1009.0,3
2023-10-08 11:00:00,30.0,84,1.3,20,9.4,7,1010.0,3
2023-10-08 12:00:00,29.0,94,0.7,310,7.6,7,1011.0,3
2023-10-08 13:00:00,28.0,89,0.1,270,18.4,7,1012.0,3
2023-10-08 14:00:00,27.0,94,0.0,290,13.0,7,1013.0,3
2023-10-08 15:00:00,27.0,94,0.0,290,9.4,7,1013.0,3
2023-10-08 16:00:00,27.0,94,0.0,310,14.8,7,1013.0,3
2023-10-08 17:00:00,27.0,94,0.0,350,7.6,7,1013.0,3
2023-10-08 18:00:00,26.0,100,0.0,360,9.4,7,1012.0,3
2023-10-08 19:00:00,26.0,100,0.0,20,7.6,7,1011.0,3
2023-10-08 20:00:00,26.0,94,0.0,330,7.6,7,1011.0,3
2023-10-08 21:00:00,25.0,100,0.0,340,7.6,7,1011.0,3
2023-10-08 22:00:00,25.0,100,0.0,350,7.6,7,1011.0,3
2023-10-08 23:00:00,25.0,100,0.0,157,5.4,7,1012.0,3
2023-10-09 00:00:00,27.0,94,0.0,20,3.6,7,1012.0,3
2023-10-09 01:00:00,27.0,94,0.0,40,7.6,7,1013.0,3
2023-10-09 02:00:00,29.0,89,0.0,10,7.6,7,1013.0,3
2023-10-09 03:00:00,30.0,75,0.0,10,11.2,7,1013.0,3
2023-10-09 04:00:00,31.0,75,0.0,350,13.0,7,1013.0,2
2023-10-09 05:00:00,31.0,70,0.0,340,9.4,7,1012.0,2
2023-10-09 06:00:00,33.0,63,0.0,340,14.8,7,1010.0,2
2023-10-09 07:00:00,33.0,67,0.0,320,13.0,7,1009.0,3
2023-10-09 08:00:00,33.0,67,0.0,330,16.6,7,1009.0,3
2023-10-09 09:00:00,33.0,63,0.0,330,13.0,7,1008.0,3
2023-10-09 10:00:00,32.0,67,0.0,340,11.2,7,1009.0,2
2023-10-09 11:00:00,31.0,75,0.0,320,7.6,7,1009.0,3
2023-10-09 12:00:00,30.0,79,0.0,6,5.4,7,1010.0,3
2023-10-09 13:00:00,30.0,79,0.0,340,9.4,7,1011.0,3
2023-10-09 14:00:00,30.0,79,0.0,324,5.4,6,1012.0,2
2023-10-09 15:00:00,29.0,84,0.0,280,5.4,6,1012.0,2
2023-10-09 16:00:00,28.0,94,0.0,270,5.4,7,1012.0,2
2023-10-09 17:00:00,27.0,100,0.0,253,1.8,7,1011.0,2
2023-10-09 18:00:00,28.0,94,0.5,243,1.8,7,1011.0,2
2023-10-09 19:00:00,28.0,94,2.2,262,3.6,7,1010.0,2
2023-10-09 20:00:00,27.0,100,0.6,291,3.6,7,1010.0,2
2023-10-09 21:00:00,27.0,100,0.7,40,3.6,7,1010.0,3
2023-10-09 22:00:00,27.0,100,0.0,287,3.6,7,1010.0,3
2023-10-09 23:00:00,28.0,94,0.0,198,5.4,7,1010.0,3
2023-10-10 00:00:00,29.0,94,0.0,172,1.8,7,1011.6,3
2023-10-10 01:00:00,30.0,89,0.0,173,5.4,7,1012.0,3
2023-10-10 02:00:00,31.0,79,0.0,80,1.8,7,1012.4,3
2023-10-10 03:00:00,32.0,80,0.0,27,5.4,6,1012.7,2
2023-10-10 04:00:00,30.0,89,0.0,210,9.4,6,1011.0,2
2023-10-10 05:00:00,24.0,100,0.0,360,9.4,6,1011.0,2
2023-10-10 06:00:00,29.0,89,0.2,35,5.4,7,1009.0,2
2023-10-10 07:00:00,29.0,89,0.3,44,1.8,7,1008.0,3
2023-10-10 08:00:00,30.0,84,0.2,48,3.6,7,1008.6,3
2023-10-10 09:00:00,29.0,89,0.0,180,14.8,7,1008.0,3
2023-10-10 10:00:00,28.0,94,0.6,190,13.0,7,1009.0,3
2023-10-10 11:00:00,28.0,94,0.6,190,14.8,7,1009.0,3
2023-10-10 12:00:00,28.0,89,1.1,84,5.4,7,1010.0,3
2023-10-10 13:00:00,28.0,89,0.0,190,7.6,7,1011.0,3
2023-10-10 14:00:00,28.0,94,0.0,92,3.6,7,1011.0,3
2023-10-10 15:00:00,28.0,94,0.0,235,3.6,7,1012.0,3
2023-10-10 16:00:00,28.0,94,0.0,274,3.6,7,1012.0,2
2023-10-10 17:00:00,28.0,94,0.0,249,4.0,7,1011.0,2
2023-10-10 18:00:00,27.0,94,0.0,236,5.4,6,1010.0,2
2023-10-10 19:00:00,26.0,100,0.0,0,0.0,7,1010.0,2
2023-10-10 20:00:00,26.0,100,0.0,249,3.6,7,1010.5,2
2023-10-10 21:00:00,26.0,100,0.3,265,1.8,7,1009.0,5
2023-10-10 22:00:00,26.0,100,0.0,286,1.8,6,1010.0,5
2023-10-10 23:00:00,26.0,100,0.0,0,0.0,7,1011.0,5
2023-10-11 00:00:00,27.0,100,0.0,118,1.8,7,1012.0,5
2023-10-11 01:00:00,29.0,94,0.3,61,5.4,7,1013.0,3
2023-10-11 02:00:00,30.0,89,0.0,54,3.6,7,1012.7,3
2023-10-11 03:00:00,32.0,80,0.2,80,7.6,7,1013.0,2
2023-10-11 04:00:00,33.0,67,0.1,53,7.6,7,1012.0,2
2023-10-11 05:00:00,33.0,71,0.1,110,11.2,7,1011.0,3
2023-10-11 06:00:00,34.0,63,0.5,100,9.4,7,1009.0,3
2023-10-11 07:00:00,35.0,50,8.1,55,5.4,7,1008.0,3
2023-10-11 08:00:00,35.0,53,2.5,55,9.4,7,1007.0,3
2023-10-11 09:00:00,33.0,67,0.0,150,18.4,7,1008.0,3
2023-10-11 10:00:00,31.0,75,0.0,180,14.8,6,1009.0,2
2023-10-11 11:00:00,31.0,75,0.0,150,14.8,6,1009.0,2
2023-10-11 12:00:00,30.0,79,0.0,160,11.2,6,1010.0,2
2023-10-11 13:00:00,30.0,79,0.0,130,11.2,6,1012.0,2
2023-10-11 14:00:00,29.0,89,0.0,130,14.8,6,1013.0,2
2023-10-11 15:00:00,29.0,89,0.0,130,9.4,6,1013.0,2
2023-10-11 16:00:00,28.0,94,0.0,130,9.4,6,1012.0,2
2023-10-11 17:00:00,28.0,100,0.0,140,9.4,6,1012.0,2
2023-10-11 18:00:00,28.0,94,0.0,242,3.6,6,1011.0,2
2023-10-11 19:00:00,28.0,94,0.0,130,11.2,6,1010.0,2
2023-10-11 20:00:00,28.0,94,0.0,130,9.4,6,1010.0,2
2023-10-11 21:00:00,28.0,94,0.0,130,9.4,6,1010.0,2
2023-10-11 22:00:00,28.0,94,0.0,354,3.6,6,1011.0,2
2023-10-11 23:00:00,27.0,94,0.2,22,5.4,7,1012.0,3
2023-10-12 00:00:00,27.0,100,0.6,30,7.6,7,1013.0,3
2023-10-12 01:00:00,29.0,94,0.2,44,5.4,7,1013.0,3
2023-10-12 02:00:00,31.0,84,0.0,70,7.6,7,1013.4,3
2023-10-12 03:00:00,32.0,75,0.0,60,9.4,6,1013.9,2
2023-10-12 04:00:00,32.0,75,0.0,60,7.6,6,1012.9,2
2023-10-12 05:00:00,34.0,63,0.0,110,9.4,6,1011.0,2
2023-10-12 06:00:00,34.0,63,0.0,40,7.6,7,1010.9,2
2023-10-12 07:00:00,34.0,60,0.2,40,7.6,7,1010.3,3
2023-10-12 08:00:00,34.0,67,0.3,42,5.4,7,1009.8,2
2023-10-12 09:00:00,29.0,89,2.7,230,18.4,7,1009.2,2
2023-10-12 10:00:00,26.0,100,0.3,290,22.3,7,1009.9,2
2023-10-12 11:00:00,26.0,100,0.5,47,5.4,7,1011.0,2
2023-10-12 12:00:00,25.0,100,0.0,90,18.4,7,1012.0,2
2023-10-12 13:00:00,25.0,100,0.0,90,9.4,7,1013.0,2
2023-10-12 14:00:00,25.0,100,0.0,55,3.6,7,1013.0,2
2023-10-12 15:00:00,25.0,100,0.0,270,5.4,7,1014.0,2
2023-10-12 16:00:00,25.0,100,0.0,253,1.8,7,1014.0,2
2023-10-12 17:00:00,25.0,100,0.0,247,1.8,6,1012.0,2
2023-10-12 18:00:00,25.0,100,0.0,244,1.8,6,1011.0,2
2023-10-12 19:00:00,25.0,100,0.0,244,1.8,7,1010.0,2
2023-10-12 20:00:00,25.0,100,0.0,243,2.0,7,1011.0,5
2023-10-12 21:00:00,25.0,100,0.0,300,5.4,7,1011.0,5
2023-10-12 22:00:00,25.0,100,0.0,225,5.4,7,1011.0,5
2023-10-12 23:00:00,25.0,100,0.0,192,5.4,7,1012.0,5
2023-10-13 00:00:00,26.0,100,0.0,174,3.6,7,1012.0,5
2023-10-13 01:00:00,28.0,94,0.0,212,3.6,7,1013.0,3
2023-10-13 02:00:00,29.0,89,0.0,246,1.8,7,1013.0,3
2023-10-13 03:00:00,31.0,84,0.0,261,3.6,7,1013.4,3
2023-10-13 04:00:00,31.0,79,0.0,261,3.6,7,1012.0,2
2023-10-13 05:00:00,30.0,84,0.0,150,7.6,7,1011.0,3
2023-10-13 06:00:00,27.0,100,0.0,280,11.2,7,1010.0,3
2023-10-13 07:00:00,29.0,89,0.0,258,5.4,7,1009.0,3
2023-10-13 08:00:00,30.0,89,0.0,220,5.4,7,1008.0,3
2023-10-13 09:00:00,31.0,79,0.6,220,9.4,7,1009.0,3
2023-10-13 10:00:00,30.0,89,1.5,240,9.4,7,1009.0,3
2023-10-13 11:00:00,29.0,94,1.6,240,5.4,7,1010.0,3
2023-10-13 12:00:00,29.0,94,0.0,200,13.0,7,1010.0,3
2023-10-13 13:00:00,28.0,94,0.0,324,5.4,7,1011.0,3
2023-10-13 14:00:00,28.0,94,0.0,263,1.8,7,1012.0,3
2023-10-13 15:00:00,27.0,89,0.0,10,7.6,7,1012.0,2
2023-10-13 16:00:00,27.0,94,0.0,261,1.8,7,1012.0,2
2023-10-13 17:00:00,26.0,100,0.0,242,1.8,7,1011.0,2
2023-10-13 18:00:00,27.0,94,0.0,213,3.6,7,1010.0,2
2023-10-13 19:00:00,26.0,100,0.0,233,3.6,7,1010.0,2
2023-10-13 20:00:00,26.0,100,0.0,269,1.8,7,1009.0,3
2023-10-13 21:00:00,26.0,100,0.0,60,1.8,7,1009.0,3
2023-10-13 22:00:00,26.0,94,0.0,80,3.6,6,1009.0,2
2023-10-13 23:00:00,26.0,100,0.0,186,1.8,7,1010.0,5
2023-10-14 00:00:00,28.0,94,0.0,154,1.8,7,1010.0,5
2023-10-14 01:00:00,30.0,89,0.0,50,1.8,7,1011.0,3
2023-10-14 02:00:00,31.0,79,0.0,277,1.8,6,1011.0,2
2023-10-14 03:00:00,32.0,75,0.1,300,5.4,6,1011.0,2
2023-10-14 04:00:00,32.0,75,0.0,279,3.6,6,1010.0,2
2023-10-14 05:00:00,33.0,71,0.2,279,5.4,6,1009.0,2
2023-10-14 06:00:00,33.0,71,0.3,250,7.6,7,1008.0,2
2023-10-14 07:00:00,32.0,71,0.2,260,11.2,7,1007.0,2
2023-10-14 08:00:00,31.0,75,0.8,250,14.8,7,1007.0,3
2023-10-14 09:00:00,31.0,75,0.6,250,7.6,7,1007.0,3
2023-10-14 10:00:00,30.0,84,0.0,130,13.0,7,1007.0,3
2023-10-14 11:00:00,29.0,89,0.0,222,5.4,7,1007.0,3
2023-10-14 12:00:00,29.0,89,0.0,180,13.0,7,1009.0,3
2023-10-14 13:00:00,27.0,100,0.2,156,1.8,7,1010.0,3
2023-10-14 14:00:00,27.0,100,0.0,179,1.8,7,1010.0,3
2023-10-14 15:00:00,27.0,100,0.0,240,9.4,7,1010.0,3
2023-10-14 16:00:00,27.0,100,0.0,230,7.6,7,1010.0,3
2023-10-14 17:00:00,27.0,94,0.1,234,1.8,7,1010.0,3
2023-10-14 18:00:00,26.0,100,0.0,242,5.4,7,1009.0,3
2023-10-14 19:00:00,27.0,94,0.0,290,9.4,7,1008.0,5
2023-10-14 20:00:00,27.0,94,0.0,262,3.6,7,1008.0,5
2023-10-14 21:00:00,26.0,100,0.6,301,1.8,7,1007.0,3
2023-10-14 22:00:00,26.0,94,0.3,30,3.6,7,1008.0,3
2023-10-14 23:00:00,26.0,94,0.0,191,3.6,7,1008.0,3
2023-10-15 00:00:00,27.0,100,0.0,0,0.0,7,1009.0,3
2023-10-15 01:00:00,29.0,89,0.0,237,3.6,7,1009.0,3
2023-10-15 02:00:00,29.0,89,0.0,254,1.8,7,1010.2,3
2023-10-15 03:00:00,30.0,84,0.1,261,1.8,7,1010.0,3
2023-10-15 04:00:00,31.0,79,0.1,300,3.6,7,1010.0,3
2023-10-15 05:00:00,31.0,79,0.2,255,1.8,7,1008.0,7
2023-10-15 06:00:00,32.0,75,0.3,256,1.8,7,1007.0,7
2023-10-15 07:00:00,32.0,75,0.9,310,7.6,7,1006.0,7
2023-10-15 08:00:00,33.0,63,0.5,240,7.6,7,1005.0,25
2023-10-15 09:00:00,32.0,71,0.2,250,11.2,7,1006.0,25
2023-10-15 10:00:00,30.0,79,0.1,220,20.5,7,1006.0,25
2023-10-15 11:00:00,29.0,84,0.0,200,16.6,7,1007.0,7
2023-10-15 12:00:00,27.0,94,0.5,20,5.4,7,1008.0,7
2023-10-15 13:00:00,27.0,100,0.2,30,7.6,7,1009.0,7
2023-10-15 14:00:00,25.0,100,0.2,40,9.4,7,1010.0,7
2023-10-15 15:00:00,25.0,100,0.0,205,5.4,7,1010.0,7
2023-10-15 16:00:00,25.0,100,1.7,212,3.6,7,1010.0,7
2023-10-15 17:00:00,25.0,100,4.3,50,7.6,7,1010.0,7
2023-10-15 18:00:00,25.0,100,2.1,221,1.8,7,1009.0,7
2023-10-15 19:00:00,26.0,94,5.6,251,1.8,7,1009.0,7
2023-10-15 20:00:00,26.0,94,2.3,0,0.0,7,1009.0,7
2023-10-15 21:00:00,25.0,100,1.5,0,0.0,7,1009.0,3
2023-10-15 22:00:00,26.0,100,1.1,317,1.8,7,1008.0,3
2023-10-15 23:00:00,26.0,100,0.4,318,1.8,8,1009.0,3
2023-10-16 00:00:00,27.0,94,0.1,130,1.8,8,1010.0,3
2023-10-16 01:00:00,27.0,100,0.2,219,5.4,8,1011.0,3
2023-10-16 02:00:00,28.0,94,1.1,223,5.4,7,1010.8,3
2023-10-16 03:00:00,28.0,94,1.0,224,3.6,7,1011.2,3
2023-10-16 04:00:00,28.0,94,1.2,245,3.6,7,1011.0,3
2023-10-16 05:00:00,29.0,89,0.2,250,3.6,7,1010.0,7
2023-10-16 06:00:00,30.0,84,0.2,254,3.6,7,1008.0,7
2023-10-16 07:00:00,29.0,89,0.4,249,1.8,7,1008.0,7
2023-10-16 08:00:00,30.0,84,11.7,60,7.6,7,1007.0,8
2023-10-16 09:00:00,30.0,84,1.0,300,9.4,7,1007.0,8
2023-10-16 10:00:00,29.0,84,2.2,260,9.4,7,1008.0,8
2023-10-16 11:00:00,28.0,89,0.4,270,14.8,7,1009.0,7
2023-10-16 12:00:00,27.0,100,0.2,290,5.4,7,1010.0,7
2023-10-16 13:00:00,27.0,100,0.2,280,5.4,7,1011.0,7
2023-10-16 14:00:00,27.0,94,0.2,250,5.4,7,1011.0,7
2023-10-16 15:00:00,27.0,94,0.0,215,5.4,7,1011.0,7
2023-10-16 16:00:00,26.0,100,0.0,280,7.6,8,1011.0,7
2023-10-16 17:00:00,26.0,100,0.0,260,7.6,8,1011.0,7
2023-10-16 18:00:00,26.0,100,0.0,260,5.4,8,1010.0,7
2023-10-16 19:00:00,26.0,94,0.0,240,1.8,8,1009.0,7
2023-10-16 20:00:00,26.0,94,0.0,259,3.6,8,1009.0,7
2023-10-16 21:00:00,25.0,100,0.0,250,3.6,8,1009.0,7
2023-10-16 22:00:00,26.0,94,0.0,0,0.0,8,1009.0,3
2023-10-16 23:00:00,26.0,94,0.0,220,5.4,8,1010.0,3
2023-10-17 00:00:00,28.0,94,0.0,184,5.4,8,1011.0,3
2023-10-17 01:00:00,29.0,89,0.0,216,3.6,8,1011.0,3
2023-10-17 02:00:00,29.0,89,0.0,218,7.6,8,1011.6,3
2023-10-17 03:00:00,30.0,84,0.0,290,11.2,7,1012.0,3
2023-10-17 04:00:00,32.0,71,0.1,240,14.8,7,1011.2,3
2023-10-17 05:00:00,31.0,75,0.0,250,18.4,7,1010.3,3
2023-10-17 06:00:00,32.0,71,0.3,250,16.6,7,1009.4,3
2023-10-17 07:00:00,33.0,63,10.6,270,18.4,7,1008.9,3
2023-10-17 08:00:00,32.0,71,8.1,280,13.0,7,1007.0,3
2023-10-17 09:00:00,31.0,75,0.6,290,13.0,7,1008.0,3
2023-10-17 10:00:00,29.0,89,0.2,210,22.3,7,1008.0,3
2023-10-17 11:00:00,28.0,89,4.0,210,14.8,7,1009.0,3
2023-10-17 12:00:00,27.0,94,0.3,230,11.2,7,1010.0,3
2023-10-17 13:00:00,27.0,94,0.0,300,9.4,7,1011.0,3
2023-10-17 14:00:00,26.0,100,0.0,183,3.6,7,1012.0,3
2023-10-17 15:00:00,27.0,94,0.0,197,5.4,7,1012.0,3
2023-10-17 16:00:00,27.0,94,0.0,290,7.6,7,1012.0,3
2023-10-17 17:00:00,27.0,94,0.0,290,7.6,7,1011.0,3
2023-10-17 18:00:00,27.0,94,0.0,214,3.6,7,1011.0,3
2023-10-17 19:00:00,27.0,94,0.0,209,3.6,7,1011.0,3
2023-10-17 20:00:00,26.0,100,0.0,201,2.0,7,1010.0,3
2023-10-17 21:00:00,26.0,100,0.0,190,1.8,7,1010.0,3
2023-10-17 22:00:00,26.0,94,0.0,200,1.8,7,1010.0,3
2023-10-17 23:00:00,26.0,100,0.0,176,3.6,7,1011.0,3
2023-10-18 00:00:00,28.0,94,0.0,157,3.6,7,1011.0,5
2023-10-18 01:00:00,28.0,94,0.0,203,1.8,7,1012.0,3
2023-10-18 02:00:00,30.0,89,0.0,210,1.8,7,1012.4,3
2023-10-18 03:00:00,31.0,79,0.0,216,3.6,7,1012.0,3
2023-10-18 04:00:00,32.0,71,0.0,300,9.4,7,1012.0,2
2023-10-18 05:00:00,32.0,71,0.1,300,9.4,7,1011.0,3
2023-10-18 06:00:00,32.0,71,0.0,290,14.8,7,1010.0,3
2023-10-18 07:00:00,34.0,63,0.0,300,13.0,7,1009.4,3
2023-10-18 08:00:00,33.0,59,6.0,280,13.0,7,1008.0,3
2023-10-18 09:00:00,33.0,67,1.7,290,11.2,7,1009.0,3
2023-10-18 10:00:00,31.0,70,1.6,340,9.4,7,1009.0,3
2023-10-18 11:00:00,29.0,84,2.5,20,16.6,7,1010.0,3
2023-10-18 12:00:00,28.0,89,0.0,30,7.6,7,1011.0,3
2023-10-18 13:00:00,27.0,94,0.0,0,0.0,7,1012.0,3
2023-10-18 14:00:00,27.0,100,0.0,110,7.6,7,1012.0,3
2023-10-18 15:00:00,27.0,94,0.0,130,5.4,7,1012.0,3
2023-10-18 16:00:00,27.0,100,0.0,217,1.8,7,1011.0,2
2023-10-18 17:00:00,27.0,100,0.0,0,0.0,7,1011.0,2
2023-10-18 18:00:00,27.0,100,0.0,217,3.6,7,1011.0,2
2023-10-18 19:00:00,27.0,94,0.0,218,1.8,7,1010.0,2
2023-10-18 20:00:00,27.0,94,0.0,223,1.8,7,1010.0,2
2023-10-18 21:00:00,27.0,94,0.0,0,0.0,7,1010.0,3
2023-10-18 22:00:00,26.0,100,0.0,0,0.0,6,1011.0,2
2023-10-18 23:00:00,27.0,94,0.0,200,3.6,6,1011.0,3
2023-10-19 00:00:00,28.0,94,0.0,174,5.4,7,1012.0,3
2023-10-19 01:00:00,30.0,89,0.0,198,1.8,7,1012.0,3
2023-10-19 02:00:00,32.0,80,0.0,350,1.8,6,1012.5,2
2023-10-19 03:00:00,32.0,75,0.0,114,5.4,6,1012.9,2
2023-10-19 04:00:00,31.0,75,0.2,74,5.4,6,1011.0,2
2023-10-19 05:00:00,30.0,89,0.2,130,9.4,6,1011.0,2
2023-10-19 06:00:00,31.0,79,0.2,200,7.6,6,1010.0,2
2023-10-19 07:00:00,33.0,67,0.3,140,3.6,7,1008.0,2
2023-10-19 08:00:00,31.0,79,2.8,210,14.8,7,1009.0,2
2023-10-19 09:00:00,28.0,100,5.8,290,9.4,7,1009.0,2
2023-10-19 10:00:00,30.0,84,0.1,200,11.2,7,1009.0,2
2023-10-19 11:00:00,30.0,89,0.0,200,13.0,7,1010.0,2
2023-10-19 12:00:00,29.0,89,0.0,190,9.4,6,1010.0,2
2023-10-19 13:00:00,29.0,89,0.0,200,11.2,7,1011.0,2
2023-10-19 14:00:00,28.0,94,0.0,220,7.6,7,1012.0,2
2023-10-19 15:00:00,25.0,94,0.0,10,25.9,7,1013.0,2
2023-10-19 16:00:00,24.0,100,0.0,241,3.6,6,1013.0,2
2023-10-19 17:00:00,24.0,100,0.0,239,3.6,6,1012.0,2
2023-10-19 18:00:00,24.0,100,0.0,238,5.4,6,1011.0,2
2023-10-19 19:00:00,24.0,100,0.0,120,3.6,6,1010.0,2
2023-10-19 20:00:00,24.0,100,0.0,20,1.8,6,1010.0,2
2023-10-19 21:00:00,24.0,100,0.0,90,7.6,6,1010.0,2
2023-10-19 22:00:00,24.0,100,0.0,100,5.4,6,1011.0,2
2023-10-19 23:00:00,24.0,100,0.0,188,5.4,6,1012.0,2
2023-10-20 00:00:00,26.0,100,0.0,159,3.6,0,1012.0,5
2023-10-20 01:00:00,29.0,84,0.0,85,1.8,0,1012.0,2
2023-10-20 02:00:00,31.0,79,0.0,70,1.8,6,1012.8,2
2023-10-20 03:00:00,32.0,75,0.1,66,1.8,6,1013.2,2
2023-10-20 04:00:00,32.0,67,0.0,60,3.6,6,1011.0,2
2023-10-20 05:00:00,32.0,71,0.0,57,5.4,6,1011.3,2
2023-10-20 06:00:00,32.0,75,0.0,30,9.4,6,1009.0,2
2023-10-20 07:00:00,33.0,71,0.0,290,11.2,6,1009.0,2
2023-10-20 08:00:00,33.0,67,0.4,57,9.4,6,1008.0,2
2023-10-20 09:00:00,30.0,79,0.0,100,27.7,6,1008.0,2
2023-10-20 10:00:00,31.0,84,1.8,140,11.2,6,1009.0,2
2023-10-20 11:00:00,30.0,89,2.0,150,13.0,6,1010.0,2
2023-10-20 12:00:00,30.0,89,1.3,140,13.0,6,1011.0,2
2023-10-20 13:00:00,29.0,89,0.0,130,11.2,6,1011.0,2
2023-10-20 14:00:00,29.0,94,0.0,110,14.8,6,1012.0,2
2023-10-20 15:00:00,28.0,94,0.0,140,13.0,6,1012.0,2
2023-10-20 16:00:00,28.0,94,0.0,140,13.0,6,1012.0,2
2023-10-20 17:00:00,27.0,100,0.0,233,5.4,6,1011.0,2
2023-10-20 18:00:00,27.0,100,0.0,226,5.4,6,1011.0,2
2023-10-20 19:00:00,27.0,94,0.0,228,1.8,6,1011.0,2
2023-10-20 20:00:00,26.0,100,0.0,0,0.0,6,1011.0,2
2023-10-20 21:00:00,26.0,100,0.0,282,1.8,6,1011.0,2
2023-10-20 22:00:00,26.0,100,0.0,40,3.6,6,1011.0,2
2023-10-20 23:00:00,26.0,100,0.0,40,7.6,0,1012.0,2
2023-10-21 00:00:00,27.0,94,0.0,60,9.4,6,1013.0,5
2023-10-21 01:00:00,28.0,100,0.0,70,14.8,6,1013.0,2
2023-10-21 02:00:00,29.0,89,0.0,80,11.2,6,1013.5,2
2023-10-21 03:00:00,30.0,84,0.0,130,9.4,6,1014.0,2
2023-10-21 04:00:00,31.0,75,0.0,56,3.6,6,1013.0,2
2023-10-21 05:00:00,32.0,71,0.1,0,0.0,7,1012.3,2
2023-10-21 06:00:00,32.0,71,0.2,170,9.4,7,1011.0,7
2023-10-21 07:00:00,32.0,71,1.3,150,11.2,7,1010.0,7
2023-10-21 08:00:00,31.0,79,0.0,140,14.8,7,1010.0,7
2023-10-21 09:00:00,30.0,79,2.4,130,16.6,7,1011.0,7
2023-10-21 10:00:00,27.0,89,1.3,290,7.6,7,1011.0,18
2023-10-21 11:00:00,27.0,89,0.0,56,3.6,7,1012.0,7
2023-10-21 12:00:00,27.0,89,0.0,0,0.0,7,1013.0,7
2023-10-21 13:00:00,28.0,89,0.0,330,1.8,7,1013.0,3
2023-10-21 14:00:00,26.0,94,0.0,0,0.0,7,1014.0,3
2023-10-21 15:00:00,26.0,100,5.3,238,3.6,7,1014.0,2
2023-10-21 16:00:00,26.0,100,0.0,0,0.0,7,1014.0,2
2023-10-21 17:00:00,26.0,100,0.0,251,1.8,6,1013.0,2
2023-10-21 18:00:00,26.0,100,0.0,340,5.4,6,1012.0,2
2023-10-21 19:00:00,26.0,100,0.0,261,1.8,6,1012.0,2
2023-10-21 20:00:00,26.0,100,0.0,283,5.4,7,1012.0,3
2023-10-21 21:00:00,26.0,100,0.0,340,1.8,7,1012.0,3
2023-10-21 22:00:00,26.0,94,0.0,20,3.6,6,1012.0,2
2023-10-21 23:00:00,26.0,100,0.0,204,3.6,7,1013.0,5
2023-10-22 00:00:00,27.0,100,0.0,188,5.4,0,1014.0,5
2023-10-22 01:00:00,29.0,89,0.0,52,3.6,0,1014.0,3
2023-10-22 02:00:00,30.0,84,0.0,40,3.6,7,1014.0,3
2023-10-22 03:00:00,31.0,79,0.0,40,7.6,7,1014.0,3
2023-10-22 04:00:00,33.0,67,0.0,45,5.4,7,1013.0,2
2023-10-22 05:00:00,33.0,67,0.2,46,3.6,7,1012.0,7
2023-10-22 06:00:00,33.0,67,0.2,46,3.6,7,1011.0,7
2023-10-22 07:00:00,33.0,67,0.0,53,1.8,7,1010.0,18
2023-10-22 08:00:00,33.0,67,0.4,290,11.2,7,1009.0,25
2023-10-22 09:00:00,25.0,100,0.4,140,13.0,7,1010.0,25
2023-10-22 10:00:00,25.0,100,0.0,300,9.4,7,1010.0,18
2023-10-22 11:00:00,26.0,100,2.4,63,1.8,7,1011.0,7
2023-10-22 12:00:00,27.0,94,0.0,300,7.6,7,1012.0,7
2023-10-22 13:00:00,26.0,100,0.0,58,5.4,7,1014.0,7
2023-10-22 14:00:00,26.0,94,0.0,312,7.6,7,1014.0,3
2023-10-22 15:00:00,26.0,94,0.0,256,1.8,7,1014.0,3
2023-10-22 16:00:00,25.0,100,0.0,245,5.4,7,1014.0,3
2023-10-22 17:00:00,25.0,100,0.0,234,3.6,7,1013.0,2
2023-10-22 18:00:00,26.0,94,0.0,224,3.6,7,1012.0,2
2023-10-22 19:00:00,25.0,100,0.0,220,1.8,7,1012.0,3
2023-10-22 20:00:00,25.0,100,0.0,250,5.4,7,1012.0,3
2023-10-22 21:00:00,25.0,100,0.0,340,1.8,7,1012.0,3
2023-10-22 22:00:00,25.0,100,0.0,20,3.6,7,1012.0,3
2023-10-22 23:00:00,25.0,100,0.0,200,3.6,7,1013.0,5
2023-10-23 00:00:00,27.0,94,0.0,188,3.6,7,1014.0,3
2023-10-23 01:00:00,28.0,94,0.0,179,5.4,7,1014.0,3
2023-10-23 02:00:00,30.0,89,0.0,176,3.6,7,1014.0,3
2023-10-23 03:00:00,31.0,84,0.1,170,5.4,7,1014.0,2
2023-10-23 04:00:00,31.0,75,0.0,153,3.6,7,1013.0,2
2023-10-23 05:00:00,30.0,84,0.1,240,9.4,7,1012.0,2
2023-10-23 06:00:00,32.0,71,0.1,210,9.4,7,1010.0,3
2023-10-23 07:00:00,33.0,67,0.2,240,5.4,7,1009.0,3
2023-10-23 08:00:00,28.0,89,6.3,10,11.2,7,1009.0,3
2023-10-23 09:00:00,24.0,100,3.4,250,24.1,7,1011.0,3
2023-10-23 10:00:00,24.0,100,0.4,290,9.4,7,1011.0,7
2023-10-23 11:00:00,25.0,100,1.3,150,9.4,7,1012.0,7
2023-10-23 12:00:00,25.0,94,0.5,12,3.6,7,1011.0,7
2023-10-23 13:00:00,25.0,94,0.0,10,7.6,7,1012.0,3
2023-10-23 14:00:00,25.0,94,0.0,290,1.8,7,1012.0,3
2023-10-23 15:00:00,25.0,94,0.0,273,5.4,7,1012.0,3
2023-10-23 16:00:00,25.0,94,0.0,287,3.6,7,1012.0,3
2023-10-23 17:00:00,24.0,100,0.0,273,3.6,7,1012.0,2
2023-10-23 18:00:00,24.0,100,0.0,256,1.8,7,1011.0,2
2023-10-23 19:00:00,24.0,100,0.0,264,1.8,7,1011.0,2
2023-10-23 20:00:00,24.0,100,0.0,277,1.8,7,1011.0,5
2023-10-23 21:00:00,24.0,100,0.0,296,1.8,7,1011.0,5
2023-10-23 22:00:00,24.0,100,0.0,246,5.4,7,1011.0,5
2023-10-23 23:00:00,24.0,100,0.0,196,3.6,7,1012.0,3
2023-10-24 00:00:00,26.0,100,0.0,160,5.4,0,1012.0,3
2023-10-24 01:00:00,28.0,89,0.0,195,5.4,0,1012.0,3
2023-10-24 02:00:00,30.0,79,0.0,10,5.4,7,1012.0,3
2023-10-24 03:00:00,32.0,75,0.0,20,7.6,6,1012.0,2
2023-10-24 04:00:00,32.0,67,0.0,17,3.6,6,1012.0,2
2023-10-24 05:00:00,33.0,63,0.0,19,5.4,7,1011.0,2
2023-10-24 06:00:00,32.0,67,0.0,290,9.4,7,1010.0,7
2023-10-24 07:00:00,32.0,67,0.0,270,13.0,7,1009.0,18
2023-10-24 08:00:00,31.0,75,0.0,280,9.4,7,1008.0,25
2023-10-24 09:00:00,29.0,84,0.0,320,9.4,7,1008.0,25
2023-10-24 10:00:00,29.0,89,0.4,32,5.4,6,1009.0,2
2023-10-24 11:00:00,28.0,89,4.5,240,9.4,6,1010.0,2
2023-10-24 12:00:00,28.0,89,0.2,59,5.4,6,1011.0,2
2023-10-24 13:00:00,29.0,89,0.0,140,13.0,6,1012.0,2
2023-10-24 14:00:00,28.0,94,0.4,140,7.6,6,1012.0,2
2023-10-24 15:00:00,28.0,94,0.0,140,7.6,6,1013.0,2
2023-10-24 16:00:00,27.0,100,0.0,30,3.6,6,1012.0,2
2023-10-24 17:00:00,27.0,100,0.0,330,3.6,6,1012.0,2
2023-10-24 18:00:00,26.0,100,0.0,218,1.8,6,1011.0,2
2023-10-24 19:00:00,27.0,94,0.0,140,5.4,6,1010.0,2
2023-10-24 20:00:00,26.0,100,0.0,330,5.4,6,1010.0,2
2023-10-24 21:00:00,26.0,94,0.0,70,5.4,7,1010.0,2
2023-10-24 22:00:00,26.0,94,0.0,90,3.6,6,1010.0,2
2023-10-24 23:00:00,26.0,100,0.3,198,1.8,6,1012.0,2
2023-10-25 00:00:00,27.0,100,0.2,181,3.6,7,1012.0,3
2023-10-25 01:00:00,30.0,89,0.0,162,5.4,7,1013.0,3
2023-10-25 02:00:00,31.0,79,0.0,110,7.6,7,1013.0,3
2023-10-25 03:00:00,31.0,79,0.1,180,13.0,6,1013.0,2
2023-10-25 04:00:00,32.0,67,0.6,190,7.6,7,1013.0,2
2023-10-25 05:00:00,30.0,79,4.7,270,13.0,7,1012.0,2
2023-10-25 06:00:00,30.0,79,0.2,290,7.6,7,1011.0,3
2023-10-25 07:00:00,27.0,100,0.0,80,11.2,7,1011.0,3
2023-10-25 08:00:00,28.0,94,0.0,89,3.6,7,1010.0,25
2023-10-25 09:00:00,27.0,100,0.8,60,7.6,7,1010.0,25
2023-10-25 10:00:00,27.0,100,1.3,360,3.6,7,1010.0,25
2023-10-25 11:00:00,27.0,100,0.0,79,5.4,7,1011.0,18
2023-10-25 12:00:00,26.0,100,0.0,69,1.8,7,1012.0,7
2023-10-25 13:00:00,26.0,100,0.0,72,3.6,7,1013.0,3
2023-10-25 14:00:00,27.0,94,0.0,87,3.6,7,1012.0,2
2023-10-25 15:00:00,27.0,100,0.0,227,3.6,7,1012.0,2
2023-10-25 16:00:00,27.0,94,0.0,120,7.6,6,1012.0,2
2023-10-25 17:00:00,27.0,94,0.0,233,1.8,6,1012.0,2
2023-10-25 18:00:00,26.0,100,0.0,232,1.8,6,1011.0,2
2023-10-25 19:00:00,26.0,100,0.0,350,5.4,6,1011.0,2
2023-10-25 20:00:00,25.0,100,0.0,0,0.0,6,1011.0,2
2023-10-25 21:00:00,25.0,100,0.0,325,1.8,7,1011.0,5
2023-10-25 22:00:00,25.0,100,0.0,238,1.8,6,1011.0,5
2023-10-25 23:00:00,25.0,100,0.0,70,1.8,6,1012.0,5
2023-10-26 00:00:00,27.0,100,0.0,183,3.6,6,1012.0,5
2023-10-26 01:00:00,30.0,89,0.0,100,9.4,6,1013.0,3
2023-10-26 02:00:00,30.0,89,0.0,120,7.6,6,1014.0,2
2023-10-26 03:00:00,31.0,75,0.0,108,5.4,6,1013.0,2
2023-10-26 04:00:00,32.0,71,0.1,98,3.6,6,1013.0,2
2023-10-26 05:00:00,33.0,67,8.8,91,3.6,6,1011.0,2
2023-10-26 06:00:00,29.0,89,1.7,190,13.0,6,1011.0,2
2023-10-26 07:00:00,30.0,89,0.6,83,5.4,6,1010.0,2
2023-10-26 08:00:00,31.0,75,0.0,150,7.6,6,1010.0,2
2023-10-26 09:00:00,29.0,79,1.3,230,14.8,6,1010.0,2
2023-10-26 10:00:00,28.0,84,0.9,220,11.2,6,1010.0,2
2023-10-26 11:00:00,28.0,84,0.0,75,1.8,6,1011.0,2
2023-10-26 12:00:00,27.0,94,0.0,73,1.8,6,1011.0,2
2023-10-26 13:00:00,28.0,94,0.0,77,5.4,6,1012.0,2
2023-10-26 14:00:00,28.0,94,0.0,120,7.6,6,1013.0,2
2023-10-26 15:00:00,28.0,94,0.0,90,11.2,6,1013.0,2
2023-10-26 16:00:00,28.0,94,0.0,120,7.6,6,1013.0,2
2023-10-26 17:00:00,27.0,100,0.0,120,7.6,6,1013.0,2
2023-10-26 18:00:00,27.0,100,0.0,130,9.4,6,1012.0,2
2023-10-26 19:00:00,27.0,94,0.0,130,7.6,6,1011.0,2
2023-10-26 20:00:00,26.0,100,0.0,100,5.4,6,1011.0,2
2023-10-26 21:00:00,26.0,94,0.0,0,0.0,6,1011.0,2
2023-10-26 22:00:00,26.0,100,0.0,254,3.6,6,1011.0,2
2023-10-26 23:00:00,26.0,100,0.0,205,3.6,6,1012.0,5
2023-10-27 00:00:00,27.0,100,0.0,174,3.6,6,1013.0,2
2023-10-27 01:00:00,29.0,94,0.0,149,3.6,6,1013.0,2
2023-10-27 02:00:00,31.0,84,0.0,95,1.8,6,1013.0,2
2023-10-27 03:00:00,32.0,71,0.0,81,3.6,6,1013.0,2
2023-10-27 04:00:00,32.0,71,0.0,310,9.4,6,1012.0,2
2023-10-27 05:00:00,34.0,63,0.0,280,3.6,6,1011.0,2
2023-10-27 06:00:00,30.0,75,0.0,320,7.6,6,1010.0,2
2023-10-27 07:00:00,32.0,71,0.0,59,3.6,6,1009.0,2
2023-10-27 08:00:00,31.0,84,0.0,57,3.6,6,1008.0,2
2023-10-27 09:00:00,30.0,79,0.1,210,11.2,6,1008.0,2
2023-10-27 10:00:00,29.0,89,0.4,300,7.6,6,1008.0,2
2023-10-27 11:00:00,29.0,89,1.5,48,3.6,6,1008.0,2
2023-10-27 12:00:00,30.0,84,0.5,62,5.4,6,1010.0,2
2023-10-27 13:00:00,30.0,84,0.0,150,9.4,6,1010.0,2
2023-10-27 14:00:00,29.0,94,0.0,110,11.2,6,1012.0,2
2023-10-27 15:00:00,25.0,100,0.0,20,13.0,6,1012.0,2
2023-10-27 16:00:00,25.0,100,0.0,263,1.8,6,1012.0,2
2023-10-27 17:00:00,25.0,100,0.0,265,3.6,6,1012.0,2
2023-10-27 18:00:00,25.0,94,0.0,266,1.8,6,1011.0,2
2023-10-27 19:00:00,25.0,94,0.0,265,1.8,6,1011.0,2
2023-10-27 20:00:00,24.0,100,0.0,280,7.6,6,1010.0,2
2023-10-27 21:00:00,25.0,94,0.0,0,0.0,6,1010.0,2
2023-10-27 22:00:00,25.0,94,0.0,280,3.6,6,1010.0,2
2023-10-27 23:00:00,25.0,100,0.0,215,1.8,6,1011.0,2
2023-10-28 00:00:00,27.0,94,0.0,140,3.6,6,1012.0,5
2023-10-28 01:00:00,28.0,94,0.0,55,1.8,6,1012.0,3
2023-10-28 02:00:00,31.0,79,0.0,51,3.6,6,1013.0,2
2023-10-28 03:00:00,33.0,67,0.1,49,1.8,6,1013.0,2
2023-10-28 04:00:00,33.0,59,0.0,80,3.6,6,1012.0,2
2023-10-28 05:00:00,34.0,60,0.1,58,5.4,6,1011.0,2
2023-10-28 06:00:00,32.0,71,0.1,59,5.4,6,1009.0,2
2023-10-28 07:00:00,25.0,100,3.4,340,7.6,6,1009.0,2
2023-10-28 08:00:00,26.0,94,0.0,62,5.4,7,1008.0,2
2023-10-28 09:00:00,28.0,89,0.0,170,7.6,7,1008.0,2
2023-10-28 10:00:00,28.0,89,0.1,190,9.4,7,1009.0,2
2023-10-28 11:00:00,28.0,94,0.0,62,3.6,7,1009.0,2
2023-10-28 12:00:00,29.0,89,0.0,65,5.4,7,1010.0,2
2023-10-28 13:00:00,26.0,94,0.0,61,3.6,7,1011.0,2
2023-10-28 14:00:00,25.0,100,0.0,43,1.8,7,1011.0,2
2023-10-28 15:00:00,26.0,94,0.9,284,1.8,7,1012.0,2
2023-10-28 16:00:00,26.0,94,1.7,308,1.8,7,1012.0,2
2023-10-28 17:00:00,26.0,100,0.1,290,3.6,7,1011.0,2
2023-10-28 18:00:00,25.0,100,0.0,340,3.6,6,1011.0,2
2023-10-28 19:00:00,25.0,100,0.0,360,3.6,6,1010.0,2
2023-10-28 20:00:00,25.0,100,0.0,350,1.8,7,1009.0,2
2023-10-28 21:00:00,25.0,100,0.0,340,3.6,7,1009.0,3
2023-10-28 22:00:00,25.0,100,0.0,30,5.4,6,1010.0,5
2023-10-28 23:00:00,25.0,100,0.0,150,3.6,6,1011.0,5
2023-10-29 00:00:00,26.0,100,0.0,116,3.6,7,1011.0,3
2023-10-29 01:00:00,28.0,94,0.0,43,5.4,7,1012.0,3
2023-10-29 02:00:00,29.0,89,0.2,44,3.6,7,1012.0,3
2023-10-29 03:00:00,30.0,89,0.1,70,9.4,7,1012.0,2
2023-10-29 04:00:00,31.0,79,0.1,350,5.4,7,1011.0,2
2023-10-29 05:00:00,32.0,71,0.3,30,7.6,7,1010.0,3
2023-10-29 06:00:00,31.0,79,0.2,10,11.2,7,1009.0,7
2023-10-29 07:00:00,27.0,94,12.8,230,14.8,7,1009.0,7
2023-10-29 08:00:00,25.0,100,16.6,210,7.6,7,1008.0,7
2023-10-29 09:00:00,26.0,100,0.8,67,5.4,7,1009.0,7
2023-10-29 10:00:00,26.0,100,0.0,61,1.8,7,1009.0,18
2023-10-29 11:00:00,26.0,94,0.0,60,3.6,7,1010.0,7
2023-10-29 12:00:00,25.0,100,0.0,340,7.6,7,1010.0,7
2023-10-29 13:00:00,25.0,100,0.0,58,5.4,7,1010.0,3
2023-10-29 14:00:00,25.0,100,0.0,59,1.8,7,1011.0,3
2023-10-29 15:00:00,25.0,100,0.0,340,1.8,7,1012.0,3
2023-10-29 16:00:00,25.0,100,0.0,323,1.8,7,1012.0,3
2023-10-29 17:00:00,25.0,100,0.0,302,3.6,7,1011.0,3
2023-10-29 18:00:00,25.0,100,0.0,287,3.6,7,1011.0,3
2023-10-29 19:00:00,25.0,94,0.0,340,1.8,7,1010.0,3
2023-10-29 20:00:00,24.0,100,0.0,20,3.6,7,1010.0,3
2023-10-29 21:00:00,24.0,100,0.0,342,1.8,7,1010.0,3
2023-10-29 22:00:00,24.0,100,0.0,345,3.6,6,1009.0,2
2023-10-29 23:00:00,24.0,100,0.0,340,1.8,0,1010.0,3
2023-10-30 00:00:00,26.0,94,0.0,20,5.4,0,1011.0,3
2023-10-30 01:00:00,28.0,94,0.0,30,5.4,0,1012.0,3
2023-10-30 02:00:00,29.0,89,0.0,30,9.4,7,1012.0,3
2023-10-30 03:00:00,30.0,79,0.0,39,5.4,7,1012.0,2
2023-10-30 04:00:00,30.0,84,0.2,49,5.4,7,1012.0,2
2023-10-30 05:00:00,31.0,79,1.4,54,3.6,7,1011.0,7
2023-10-30 06:00:00,33.0,67,0.0,58,3.6,7,1009.0,7
2023-10-30 07:00:00,32.0,75,0.2,90,7.6,7,1008.0,7
2023-10-30 08:00:00,30.0,84,0.1,160,9.4,7,1008.0,7
2023-10-30 09:00:00,31.0,79,0.0,210,9.4,6,1008.0,18
2023-10-30 10:00:00,30.0,84,1.1,210,14.8,6,1008.0,18
2023-10-30 11:00:00,30.0,84,0.5,200,13.0,6,1008.0,7
2023-10-30 12:00:00,30.0,84,0.0,130,9.4,6,1010.0,7
2023-10-30 13:00:00,27.0,89,0.0,50,14.8,6,1011.0,2
2023-10-30 14:00:00,26.0,94,0.0,38,1.8,6,1011.0,2
2023-10-30 15:00:00,27.0,89,0.0,311,1.8,6,1011.0,2
2023-10-30 16:00:00,26.0,89,0.0,60,7.6,6,1012.0,2
2023-10-30 17:00:00,26.0,100,0.0,297,3.6,6,1011.0,2
2023-10-30 18:00:00,26.0,94,0.0,276,3.6,6,1010.0,2
2023-10-30 19:00:00,25.0,100,0.0,300,1.8,6,1010.0,2
2023-10-30 20:00:00,25.0,100,0.0,30,5.4,6,1009.0,2
2023-10-30 21:00:00,25.0,100,0.0,70,3.6,7,1009.0,3
2023-10-30 22:00:00,25.0,100,0.0,207,1.8,6,1009.0,2
2023-10-30 23:00:00,25.0,100,0.0,130,3.6,6,1010.0,2
2023-10-31 00:00:00,27.0,94,0.0,122,3.6,0,1011.0,3
2023-10-31 01:00:00,28.0,89,0.0,63,5.4,7,1012.0,3
2023-10-31 02:00:00,30.0,84,0.0,53,1.8,6,1013.0,3
2023-10-31 03:00:00,32.0,71,0.0,50,3.6,0,1013.0,2
2023-10-31 04:00:00,33.0,63,0.0,54,1.8,6,1012.0,2
2023-10-31 05:00:00,33.0,59,0.0,55,3.6,6,1011.0,7
2023-10-31 06:00:00,34.0,50,0.0,120,11.2,7,1009.0,7
2023-10-31 07:00:00,31.0,62,1.8,100,7.6,7,1008.0,7
2023-10-31 08:00:00,29.0,84,0.4,56,3.6,7,1009.0,7
2023-10-31 09:00:00,28.0,94,0.0,56,3.6,7,1009.0,7
2023-10-31 10:00:00,27.0,94,0.0,340,7.6,7,1011.0,7
2023-10-31 11:00:00,26.0,94,0.0,54,1.8,7,1010.0,7
2023-10-31 12:00:00,26.0,100,0.0,52,3.6,7,1011.0,7
2023-10-31 13:00:00,26.0,94,0.0,43,1.8,6,1012.0,7
2023-10-31 14:00:00,26.0,94,0.0,16,3.6,6,1012.0,2
2023-10-31 15:00:00,26.0,94,0.0,300,5.4,6,1012.0,2
2023-10-31 16:00:00,26.0,94,0.0,320,5.4,6,1012.0,2
2023-10-31 17:00:00,26.0,94,0.0,295,3.6,6,1011.0,2
2023-10-31 18:00:00,25.0,100,0.0,360,3.6,6,1011.0,2
2023-10-31 19:00:00,25.0,100,0.0,10,5.4,6,1010.0,2
2023-10-31 20:00:00,25.0,100,0.0,288,3.6,6,1010.0,2
2023-10-31 21:00:00,25.0,100,0.0,50,5.4,6,1010.0,3
2023-10-31 22:00:00,25.0,100,0.0,10,3.6,6,1010.3,2
2023-10-31 23:00:00,25.0,100,0.0,90,1.8,6,1011.0,5
2023-11-01 00:00:00,26.0,100,0.0,87,5.4,0,1012.0,3
2023-11-01 01:00:00,28.0,94,0.0,82,3.6,6,1012.0,3
2023-11-01 02:00:00,30.0,84,0.0,74,1.8,6,1012.4,2
2023-11-01 03:00:00,32.0,67,0.0,10,1.8,6,1013.0,2
2023-11-01 04:00:00,32.0,63,0.0,57,5.4,6,1012.0,2
2023-11-01 05:00:00,33.0,59,0.0,58,3.6,6,1011.0,7
2023-11-01 06:00:00,33.0,59,0.0,130,9.4,6,1010.0,7
2023-11-01 07:00:00,33.0,63,1.6,57,9.4,6,1009.0,8
2023-11-01 08:00:00,32.0,75,3.1,200,11.2,7,1008.0,18
2023-11-01 09:00:00,31.0,66,0.6,54,3.6,7,1009.0,25
2023-11-01 10:00:00,28.0,89,0.0,54,1.8,7,1010.0,25
2023-11-01 11:00:00,28.0,94,0.0,52,3.6,7,1010.0,8
2023-11-01 12:00:00,30.0,84,0.0,170,9.4,7,1011.0,7
2023-11-01 13:00:00,29.0,84,0.0,60,9.4,7,1011.0,7
2023-11-01 14:00:00,27.0,100,0.0,20,7.6,7,1012.0,7
2023-11-01 15:00:00,27.0,94,0.0,340,3.6,7,1012.0,3
2023-11-01 16:00:00,26.0,100,0.0,322,1.8,7,1012.0,2
2023-11-01 17:00:00,26.0,100,0.0,296,1.8,7,1011.0,2
2023-11-01 18:00:00,26.0,94,0.0,270,3.6,7,1011.0,2
2023-11-01 19:00:00,26.0,100,0.0,272,3.6,7,1010.0,2
2023-11-01 20:00:00,26.0,94,0.0,274,1.8,7,1010.0,3
2023-11-01 21:00:00,25.0,100,0.0,310,1.8,7,1010.0,3
2023-11-01 22:00:00,26.0,94,0.0,306,5.4,6,1011.0,2
2023-11-01 23:00:00,26.0,94,0.0,340,7.6,7,1011.0,3
2023-11-02 00:00:00,26.0,100,0.0,10,7.6,7,1012.0,3
2023-11-02 01:00:00,28.0,94,0.0,64,5.4,7,1012.0,3
2023-11-02 02:00:00,30.0,89,0.0,44,3.6,7,1012.3,3
2023-11-02 03:00:00,31.0,84,0.0,330,7.6,7,1012.0,2
2023-11-02 04:00:00,32.0,75,0.0,61,3.6,6,1012.0,2
2023-11-02 05:00:00,32.0,71,0.0,62,5.4,7,1010.0,7
2023-11-02 06:00:00,32.0,71,0.1,62,5.4,7,1009.0,7
2023-11-02 07:00:00,32.0,75,0.1,250,14.8,7,1009.0,18
2023-11-02 08:00:00,31.0,79,4.9,280,16.6,7,1008.0,25
2023-11-02 09:00:00,29.0,89,2.5,220,5.4,7,1008.0,25
2023-11-02 10:00:00,30.0,84,5.5,53,5.4,7,1009.0,25
2023-11-02 11:00:00,30.0,89,0.0,52,3.6,7,1010.0,7
2023-11-02 12:00:00,26.0,94,0.0,200,14.8,7,1010.0,7
2023-11-02 13:00:00,26.0,94,0.0,240,9.4,7,1011.0,7
2023-11-02 14:00:00,27.0,94,0.0,220,9.4,7,1011.0,3
2023-11-02 15:00:00,27.0,94,0.0,269,1.8,7,1012.0,3
2023-11-02 16:00:00,26.0,100,0.0,288,1.8,7,1011.0,2
2023-11-02 17:00:00,26.0,100,0.0,279,1.8,7,1011.0,2
2023-11-02 18:00:00,26.0,100,0.0,250,7.6,6,1010.0,2
2023-11-02 19:00:00,26.0,100,0.0,290,7.6,7,1009.0,2
2023-11-02 20:00:00,25.0,100,0.0,360,1.8,7,1009.0,2
2023-11-02 21:00:00,25.0,100,0.0,310,3.6,7,1009.0,3
2023-11-02 22:00:00,25.0,100,0.0,243,1.8,6,1009.0,5
2023-11-02 23:00:00,25.0,100,0.0,184,5.4,7,1009.0,5
2023-11-03 00:00:00,26.0,100,0.0,141,3.6,7,1010.0,5
2023-11-03 01:00:00,27.0,100,0.0,10,5.4,7,1011.0,3
2023-11-03 02:00:00,29.0,94,0.0,12,1.8,7,1011.2,3
2023-11-03 03:00:00,31.0,79,0.0,12,5.4,7,1011.6,2
2023-11-03 04:00:00,32.0,75,0.0,32,3.6,7,1010.6,2
2023-11-03 05:00:00,33.0,67,0.0,42,3.6,7,1009.0,2
2023-11-03 06:00:00,33.0,71,0.0,47,3.6,7,1008.0,7
2023-11-03 07:00:00,33.0,63,0.0,52,3.6,7,1008.0,7
2023-11-03 08:00:00,33.0,63,6.0,57,5.4,7,1007.0,18
2023-11-03 09:00:00,27.0,94,0.2,220,22.3,7,1007.0,25
2023-11-03 10:00:00,27.0,94,0.0,250,11.2,7,1007.0,18
2023-11-03 11:00:00,28.0,89,0.0,190,7.6,7,1008.0,7
2023-11-03 12:00:00,28.0,89,0.0,210,7.6,7,1009.0,7
2023-11-03 13:00:00,28.0,94,0.0,80,11.2,7,1010.0,3
2023-11-03 14:00:00,25.0,100,0.0,40,7.6,7,1010.0,3
2023-11-03 15:00:00,25.0,100,0.0,282,1.8,7,1010.0,2
2023-11-03 16:00:00,25.0,100,0.0,291,1.8,7,1010.0,2
2023-11-03 17:00:00,25.0,100,0.0,282,1.8,7,1010.0,2
2023-11-03 18:00:00,25.0,100,0.0,0,0.0,7,1010.0,2
2023-11-03 19:00:00,25.0,100,0.0,60,3.6,7,1009.0,2
2023-11-03 20:00:00,24.0,100,0.0,60,5.4,7,1009.0,3
2023-11-03 21:00:00,25.0,94,0.0,60,5.4,7,1009.0,3
2023-11-03 22:00:00,24.0,100,0.0,325,5.4,6,1009.0,2
2023-11-03 23:00:00,24.0,100,0.0,333,5.4,7,1010.0,5
2023-11-04 00:00:00,25.0,100,0.0,0,0.0,7,1011.0,5
2023-11-04 01:00:00,27.0,94,0.0,28,3.6,7,1011.0,3
2023-11-04 02:00:00,29.0,89,0.0,34,5.4,6,1011.0,3
2023-11-04 03:00:00,31.0,75,0.0,35,5.4,6,1011.0,2
2023-11-04 04:00:00,32.0,67,0.0,50,7.6,6,1010.0,2
2023-11-04 05:00:00,33.0,63,0.0,150,9.4,6,1010.0,2
2023-11-04 06:00:00,33.0,67,0.0,150,7.6,7,1009.0,3
2023-11-04 07:00:00,32.0,67,0.0,150,9.4,7,1008.0,3
2023-11-04 08:00:00,32.0,67,0.0,110,11.2,7,1007.0,2
2023-11-04 09:00:00,32.0,67,0.4,130,9.4,6,1007.0,2
2023-11-04 10:00:00,31.0,75,0.7,150,13.0,7,1008.0,2
2023-11-04 11:00:00,30.0,84,0.0,140,13.0,7,1009.0,2
2023-11-04 12:00:00,30.0,84,0.0,140,11.2,7,1009.0,2
2023-11-04 13:00:00,29.0,84,0.0,150,11.2,6,1010.0,2
2023-11-04 14:00:00,29.0,84,0.0,120,9.4,6,1010.0,2
2023-11-04 15:00:00,28.0,89,0.0,120,16.6,6,1011.0,2
2023-11-04 16:00:00,28.0,89,0.9,100,14.8,6,1010.0,2
2023-11-04 17:00:00,27.0,94,1.1,70,7.6,6,1011.0,2
2023-11-04 18:00:00,27.0,94,0.0,244,1.8,6,1010.0,2
2023-11-04 19:00:00,27.0,94,1.1,247,5.4,6,1009.0,2
2023-11-04 20:00:00,26.0,100,0.0,30,5.4,6,1009.0,2
2023-11-04 21:00:00,26.0,100,0.0,20,3.6,6,1010.0,2
2023-11-04 22:00:00,26.0,94,0.0,254,1.8,6,1010.0,2
2023-11-04 23:00:00,26.0,94,0.0,211,5.4,6,1011.0,2
2023-11-05 00:00:00,27.0,94,0.0,40,7.6,6,1011.0,5
2023-11-05 01:00:00,29.0,89,0.0,43,5.4,6,1012.0,2
2023-11-05 02:00:00,31.0,79,0.0,70,7.6,6,1012.0,2
2023-11-05 03:00:00,32.0,71,0.1,50,9.4,6,1012.5,2
2023-11-05 04:00:00,34.0,60,0.0,140,11.2,6,1011.0,2
2023-11-05 05:00:00,33.0,63,0.0,56,5.4,6,1010.0,2
2023-11-05 06:00:00,34.0,60,0.0,57,7.6,6,1009.9,2
2023-11-05 07:00:00,33.0,63,0.4,290,9.4,6,1008.0,2
2023-11-05 08:00:00,31.0,70,2.8,290,9.4,6,1008.0,2
2023-11-05 09:00:00,28.0,84,5.6,310,14.8,6,1008.0,2
2023-11-05 10:00:00,26.0,94,0.0,240,18.4,6,1009.0,2
2023-11-05 11:00:00,27.0,94,0.0,200,14.8,6,1010.0,2
2023-11-05 12:00:00,28.0,94,0.0,180,7.6,6,1010.0,2
2023-11-05 13:00:00,29.0,89,0.0,130,9.4,6,1012.0,2
2023-11-05 14:00:00,29.0,89,0.0,110,7.6,6,1013.0,2
2023-11-05 15:00:00,27.0,100,0.0,340,7.6,6,1013.0,2
2023-11-05 16:00:00,27.0,94,0.0,360,14.8,6,1013.0,2
2023-11-05 17:00:00,26.0,94,0.0,360,11.2,6,1012.0,2
2023-11-05 18:00:00,25.0,100,0.0,20,1.8,6,1011.0,2
2023-11-05 19:00:00,25.0,100,0.0,232,4.0,6,1011.0,2
2023-11-05 20:00:00,25.0,100,0.0,330,3.6,6,1011.0,2
2023-11-05 21:00:00,25.0,100,0.0,10,7.6,6,1010.0,2
2023-11-05 22:00:00,25.0,94,0.0,262,1.8,6,1010.0,2
2023-11-05 23:00:00,24.0,100,0.0,50,7.6,6,1011.0,2
2023-11-06 00:00:00,26.0,94,0.0,70,7.6,0,1012.0,5
2023-11-06 01:00:00,28.0,89,0.0,70,7.6,6,1012.0,2
2023-11-06 02:00:00,30.0,84,0.0,60,9.4,6,1012.0,2
2023-11-06 03:00:00,31.0,75,0.0,50,7.6,6,1012.0,2
2023-11-06 04:00:00,33.0,63,0.0,52,7.6,6,1011.0,2
2023-11-06 05:00:00,33.0,63,0.0,50,11.2,6,1011.0,2
2023-11-06 06:00:00,34.0,56,0.0,90,7.6,6,1010.0,2
2023-11-06 07:00:00,34.0,60,0.0,120,13.0,6,1009.0,2
2023-11-06 08:00:00,33.0,67,0.3,180,18.4,6,1008.0,2
2023-11-06 09:00:00,29.0,84,1.1,140,13.0,6,1008.0,2
2023-11-06 10:00:00,30.0,75,0.6,150,13.0,6,1009.0,2
2023-11-06 11:00:00,30.0,79,0.0,140,13.0,6,1010.0,2
2023-11-06 12:00:00,29.0,84,0.0,130,16.6,6,1011.0,2
2023-11-06 13:00:00,29.0,84,0.0,130,13.0,6,1012.0,2
2023-11-06 14:00:00,28.0,94,0.0,24,5.4,6,1012.0,2
2023-11-06 15:00:00,28.0,89,0.0,90,7.6,6,1011.0,2
2023-11-06 16:00:00,27.0,94,0.0,100,7.6,6,1011.0,2
2023-11-06 17:00:00,27.0,94,0.0,295,4.0,6,1010.0,2
2023-11-06 18:00:00,27.0,94,0.0,237,4.0,6,1010.0,2
2023-11-06 19:00:00,27.0,94,0.0,266,6.0,6,1010.0,2
2023-11-06 20:00:00,26.0,100,0.0,20,6.0,6,1010.0,2
2023-11-06 21:00:00,26.0,100,0.0,309,1.8,7,1010.0,2
2023-11-06 22:00:00,26.0,100,0.0,306,3.6,7,1010.0,2
2023-11-06 23:00:00,26.0,100,0.2,339,1.8,7,1011.0,2
2023-11-07 00:00:00,27.0,100,0.5,83,1.8,7,1011.0,2
2023-11-07 01:00:00,28.0,94,0.1,8,3.6,7,1012.0,3
2023-11-07 02:00:00,30.0,89,0.0,320,7.6,7,1013.0,3
2023-11-07 03:00:00,31.0,75,0.0,320,11.2,7,1012.0,3
2023-11-07 04:00:00,31.0,70,0.0,330,7.6,7,1012.0,3
2023-11-07 05:00:00,32.0,71,0.0,360,7.6,7,1011.0,7
2023-11-07 06:00:00,32.0,67,0.1,20,7.6,7,1009.0,7
2023-11-07 07:00:00,32.0,67,0.2,49,1.8,7,1008.0,7
2023-11-07 08:00:00,31.0,66,0.3,140,18.4,7,1008.0,7
2023-11-07 09:00:00,29.0,79,0.3,140,14.8,7,1008.0,8
2023-11-07 10:00:00,27.0,94,0.0,260,11.2,7,1009.0,18
2023-11-07 11:00:00,27.0,94,0.2,230,9.4,7,1009.0,7
2023-11-07 12:00:00,27.0,94,0.0,270,7.6,7,1010.0,7
2023-11-07 13:00:00,27.0,94,0.0,58,5.4,7,1011.0,7
2023-11-07 14:00:00,27.0,94,0.0,52,1.8,7,1012.0,3
2023-11-07 15:00:00,28.0,89,0.0,100,7.6,7,1011.0,3
2023-11-07 16:00:00,27.0,94,0.0,333,5.4,7,1012.0,5
2023-11-07 17:00:00,26.0,100,0.0,294,3.6,7,1011.0,5
2023-11-07 18:00:00,26.0,100,0.0,270,1.8,7,1010.0,5
2023-11-07 19:00:00,26.0,100,0.0,292,1.8,7,1010.0,3
2023-11-07 20:00:00,26.0,100,0.0,320,3.6,7,1010.0,3
2023-11-07 21:00:00,26.0,94,0.0,330,3.6,7,1009.0,3
2023-11-07 22:00:00,25.0,100,0.0,0,0.0,7,1010.0,3
2023-11-07 23:00:00,26.0,94,0.0,0,0.0,7,1010.0,3
2023-11-08 00:00:00,27.0,100,0.0,85,3.6,7,1011.0,3
2023-11-08 01:00:00,29.0,94,0.0,7,3.6,7,1012.0,3
2023-11-08 02:00:00,30.0,89,0.0,5,1.8,7,1012.0,3
2023-11-08 03:00:00,31.0,75,0.0,4,3.6,7,1012.0,3
2023-11-08 04:00:00,32.0,67,0.0,110,7.6,7,1011.0,3
2023-11-08 05:00:00,33.0,59,0.0,36,3.6,7,1009.0,7
2023-11-08 06:00:00,33.0,63,0.0,44,3.6,7,1008.0,7
2023-11-08 07:00:00,33.0,63,0.7,49,9.4,7,1007.0,7
2023-11-08 08:00:00,33.0,63,0.6,170,13.0,7,1007.0,18
2023-11-08 09:00:00,32.0,71,0.0,140,20.5,7,1007.0,25
2023-11-08 10:00:00,31.0,70,0.6,140,16.6,7,1008.0,25
2023-11-08 11:00:00,30.0,75,0.0,140,16.6,7,1009.0,25
2023-11-08 12:00:00,30.0,79,0.5,140,18.4,7,1010.0,7
2023-11-08 13:00:00,29.0,84,0.1,140,14.8,7,1011.0,3
2023-11-08 14:00:00,29.0,89,0.7,130,14.8,7,1012.0,3
2023-11-08 15:00:00,29.0,89,0.0,140,11.2,7,1012.0,3
2023-11-08 16:00:00,28.0,94,0.0,120,18.4,7,1012.0,3
2023-11-08 17:00:00,28.0,94,0.0,130,16.6,7,1011.0,3
2023-11-08 18:00:00,28.0,94,0.0,140,16.6,7,1011.0,2
2023-11-08 19:00:00,28.0,94,0.0,140,9.4,7,1010.0,2
2023-11-08 20:00:00,28.0,94,0.0,120,7.6,7,1010.0,3
2023-11-08 21:00:00,27.0,94,0.0,50,5.4,7,1010.0,3
2023-11-08 22:00:00,27.0,94,0.0,70,7.6,7,1010.0,3
2023-11-08 23:00:00,26.0,100,0.0,50,7.6,7,1010.0,3
2023-11-09 00:00:00,27.0,94,0.0,70,7.6,0,1011.0,3
2023-11-09 01:00:00,29.0,89,0.0,70,9.4,7,1011.0,3
2023-11-09 02:00:00,31.0,84,0.0,18,5.4,7,1012.0,3
2023-11-09 03:00:00,32.0,71,0.0,100,16.6,7,1011.0,3
2023-11-09 04:00:00,33.0,67,0.0,100,11.2,7,1011.0,3
2023-11-09 05:00:00,33.0,59,0.0,110,11.2,7,1010.0,7
2023-11-09 06:00:00,34.0,60,0.2,140,14.8,7,1009.0,7
2023-11-09 07:00:00,34.0,60,0.9,180,13.0,7,1008.0,7
2023-11-09 08:00:00,34.0,63,0.5,190,14.8,7,1007.0,25
2023-11-09 09:00:00,30.0,89,0.0,150,7.6,7,1008.0,25
2023-11-09 10:00:00,29.0,94,0.0,51,3.6,7,1008.8,25
2023-11-09 11:00:00,30.0,89,0.4,170,13.0,7,1010.0,25
2023-11-09 12:00:00,30.0,84,2.6,150,11.2,7,1011.0,7
2023-11-09 13:00:00,29.0,89,1.0,130,7.6,7,1012.0,7
2023-11-09 14:00:00,28.0,94,0.7,52,5.4,7,1012.0,7
2023-11-09 15:00:00,27.0,94,0.0,296,5.4,7,1013.0,3
2023-11-09 16:00:00,27.0,94,0.0,344,3.6,7,1013.0,3
2023-11-09 17:00:00,26.0,100,0.3,360,7.6,7,1012.0,3
2023-11-09 18:00:00,26.0,100,0.0,268,3.6,7,1012.0,2
2023-11-09 19:00:00,26.0,94,0.0,330,9.4,7,1011.0,3
2023-11-09 20:00:00,26.0,94,0.0,340,7.6,7,1011.0,3
2023-11-09 21:00:00,26.0,94,0.0,330,7.6,7,1011.0,3
2023-11-09 22:00:00,26.0,94,0.0,295,3.6,7,1011.0,3
2023-11-09 23:00:00,26.0,94,0.0,60,5.4,7,1012.0,3
2023-11-10 00:00:00,26.0,100,0.0,63,5.4,7,1013.0,3
2023-11-10 01:00:00,28.0,94,0.0,22,5.4,7,1014.0,3
2023-11-10 02:00:00,30.0,84,0.0,0,0.0,7,1014.0,3
2023-11-10 03:00:00,30.0,79,0.6,32,6.0,7,1014.0,3
2023-11-10 04:00:00,31.0,75,0.8,40,9.4,7,1013.0,7
2023-11-10 05:00:00,32.0,67,0.0,110,11.2,7,1012.0,7
2023-11-10 06:00:00,32.0,67,0.0,110,16.6,7,1011.0,7
2023-11-10 07:00:00,32.0,67,0.0,90,14.8,7,1010.0,8
2023-11-10 08:00:00,32.0,67,0.2,110,11.2,7,1009.0,8
2023-11-10 09:00:00,31.0,70,0.2,150,11.2,7,1009.0,8
2023-11-10 10:00:00,30.0,79,1.4,190,13.0,7,1010.0,8
2023-11-10 11:00:00,29.0,89,0.0,160,9.4,7,1010.0,8
2023-11-10 12:00:00,29.0,89,0.3,140,7.6,7,1011.0,7
2023-11-10 13:00:00,29.0,89,0.0,59,3.6,7,1012.0,7
2023-11-10 14:00:00,28.0,94,0.1,50,5.4,7,1013.0,7
2023-11-10 15:00:00,28.0,94,7.0,294,5.4,7,1013.0,7
2023-11-10 16:00:00,28.0,94,0.0,282,1.8,7,1013.0,7
2023-11-10 17:00:00,28.0,94,0.0,276,3.6,7,1013.0,7
2023-11-10 18:00:00,27.0,100,0.6,340,3.6,7,1012.0,7
2023-11-10 19:00:00,27.0,100,0.0,273,3.6,7,1011.0,7
2023-11-10 20:00:00,27.0,94,0.0,30,3.6,7,1011.0,5
2023-11-10 21:00:00,26.0,100,0.0,20,5.4,7,1011.0,5
2023-11-10 22:00:00,26.0,100,0.0,349,1.8,7,1011.0,5
2023-11-10 23:00:00,26.0,100,0.0,20,5.4,7,1012.0,5
2023-11-11 00:00:00,26.0,100,0.0,16,5.4,0,1013.0,5
2023-11-11 01:00:00,27.0,100,0.0,60,7.6,0,1014.0,3
2023-11-11 02:00:00,30.0,89,0.0,58,5.4,7,1013.4,3
2023-11-11 03:00:00,31.0,79,0.0,80,11.2,7,1013.9,3
2023-11-11 04:00:00,33.0,67,0.0,80,16.6,7,1013.1,3
2023-11-11 05:00:00,33.0,63,0.1,110,18.4,7,1012.0,3
2023-11-11 06:00:00,34.0,56,0.0,110,20.5,7,1011.0,3
2023-11-11 07:00:00,33.0,59,0.0,90,18.4,6,1010.0,3
2023-11-11 08:00:00,34.0,53,0.0,120,16.6,6,1009.0,3
2023-11-11 09:00:00,33.0,59,0.3,140,13.0,6,1009.0,2
2023-11-11 10:00:00,32.0,63,0.0,140,18.4,6,1010.0,2
2023-11-11 11:00:00,31.0,66,0.0,140,20.5,6,1011.0,2
2023-11-11 12:00:00,30.0,70,0.0,140,22.3,6,1012.0,2
2023-11-11 13:00:00,29.0,79,0.0,130,16.6,6,1012.0,2
2023-11-11 14:00:00,29.0,79,0.0,130,14.8,6,1013.0,2
2023-11-11 15:00:00,29.0,79,0.0,140,11.2,6,1013.0,2
2023-11-11 16:00:00,29.0,79,0.0,150,11.2,6,1013.0,2
2023-11-11 17:00:00,29.0,79,0.0,130,13.0,6,1012.0,2
2023-11-11 18:00:00,27.0,89,0.0,80,9.4,6,1012.0,2
2023-11-11 19:00:00,27.0,89,0.0,80,5.4,6,1011.0,2
2023-11-11 20:00:00,26.0,94,0.0,70,7.6,6,1011.0,2
2023-11-11 21:00:00,26.0,94,0.0,60,5.4,6,1011.0,2
2023-11-11 22:00:00,26.0,94,0.0,334,3.6,6,1011.0,2
2023-11-11 23:00:00,26.0,100,0.0,314,1.8,6,1012.0,2
2023-11-12 00:00:00,28.0,94,0.0,327,3.6,6,1013.0,2
2023-11-12 01:00:00,29.0,89,0.0,20,9.4,6,1013.0,2
2023-11-12 02:00:00,31.0,70,0.0,30,11.2,6,1013.7,2
2023-11-12 03:00:00,32.0,63,0.0,40,3.6,6,1014.2,2
2023-11-12 04:00:00,34.0,53,0.0,90,11.2,6,1013.2,2
2023-11-12 05:00:00,34.0,56,0.0,120,16.6,6,1012.2,2
2023-11-12 06:00:00,34.0,53,0.0,170,11.2,6,1011.2,2
2023-11-12 07:00:00,34.0,50,0.7,140,11.2,6,1010.0,7
2023-11-12 08:00:00,34.0,60,1.4,130,9.4,6,1009.0,18
2023-11-12 09:00:00,31.0,70,0.0,150,18.4,6,1009.0,25
2023-11-12 10:00:00,29.0,84,0.6,140,7.6,6,1010.0,25
2023-11-12 11:00:00,29.0,89,0.0,61,3.6,6,1011.0,18
2023-11-12 12:00:00,27.0,94,0.0,62,5.4,6,1012.0,2
2023-11-12 13:00:00,27.0,100,0.0,290,7.6,6,1013.0,2
2023-11-12 14:00:00,27.0,94,0.0,39,3.6,6,1013.0,2
2023-11-12 15:00:00,27.0,100,0.0,330,3.6,6,1013.0,2
2023-11-12 16:00:00,27.0,94,0.0,14,3.6,6,1013.0,2
2023-11-12 17:00:00,27.0,100,0.0,355,3.6,6,1013.0,2
2023-11-12 18:00:00,27.0,94,0.0,287,1.8,6,1012.0,2
2023-11-12 19:00:00,26.0,100,0.0,0,0.0,6,1011.0,2
2023-11-12 20:00:00,26.0,100,0.0,0,0.0,6,1010.0,2
2023-11-12 21:00:00,26.0,100,0.0,40,3.6,6,1010.0,2
2023-11-12 22:00:00,26.0,100,0.0,70,5.4,6,1010.0,5
2023-11-12 23:00:00,26.0,94,0.0,0,0.0,6,1011.0,5
2023-11-13 00:00:00,28.0,94,0.0,47,3.6,0,1012.0,2
2023-11-13 01:00:00,28.0,100,0.0,80,7.6,0,1012.0,2
2023-11-13 02:00:00,30.0,89,0.0,50,5.4,0,1013.3,2
2023-11-13 03:00:00,31.0,75,0.0,80,7.6,6,1013.7,2
2023-11-13 04:00:00,33.0,63,0.0,100,11.2,6,1012.0,2
2023-11-13 05:00:00,34.0,56,0.0,90,13.0,6,1011.9,2
2023-11-13 06:00:00,35.0,53,0.0,150,11.2,7,1010.0,3
2023-11-13 07:00:00,35.0,50,0.0,90,13.0,7,1009.0,3
2023-11-13 08:00:00,35.0,50,0.3,120,16.6,7,1009.0,3
2023-11-13 09:00:00,33.0,59,1.3,340,13.0,7,1009.0,2
2023-11-13 10:00:00,30.0,89,1.1,300,7.6,7,1009.0,2
2023-11-13 11:00:00,30.0,89,0.0,280,7.6,7,1010.0,2
2023-11-13 12:00:00,29.0,94,0.0,260,5.4,7,1011.0,2
2023-11-13 13:00:00,29.0,94,0.3,260,3.6,7,1012.0,2
2023-11-13 14:00:00,30.0,89,0.0,30,3.6,7,1012.0,2
2023-11-13 15:00:00,29.0,94,0.0,336,1.8,7,1013.0,2
2023-11-13 16:00:00,28.0,94,0.0,270,9.4,7,1013.0,2
2023-11-13 17:00:00,28.0,94,0.0,270,5.4,6,1013.0,2
2023-11-13 18:00:00,27.0,100,0.9,295,1.8,6,1012.0,2
2023-11-13 19:00:00,27.0,94,0.0,260,7.6,6,1012.0,2
2023-11-13 20:00:00,27.0,94,0.0,323,1.8,6,1011.0,2
2023-11-13 21:00:00,26.0,100,0.0,280,1.8,0,1011.0,2
2023-11-13 22:00:00,27.0,94,0.0,0,0.0,6,1012.0,2
2023-11-13 23:00:00,26.0,100,0.0,183,3.6,6,1012.0,2
2023-11-14 00:00:00,29.0,89,0.0,41,1.8,7,1013.0,3
2023-11-14 01:00:00,30.0,79,0.0,60,1.8,7,1013.0,3
2023-11-14 02:00:00,32.0,71,0.0,100,7.6,7,1013.5,3
2023-11-14 03:00:00,33.0,63,0.0,90,11.2,7,1014.0,3
2023-11-14 04:00:00,33.0,59,0.2,80,16.6,7,1013.0,3
2023-11-14 05:00:00,34.0,56,0.1,110,14.8,7,1012.0,7
2023-11-14 06:00:00,33.0,56,2.0,80,11.2,7,1011.0,7
2023-11-14 07:00:00,33.0,56,1.6,90,13.0,7,1010.0,7
2023-11-14 08:00:00,27.0,94,0.2,60,18.4,7,1010.0,7
2023-11-14 09:00:00,28.0,94,0.0,55,1.8,7,1009.0,25
2023-11-14 10:00:00,30.0,79,0.4,58,3.6,7,1010.0,25
2023-11-14 11:00:00,28.0,94,0.0,58,5.4,7,1011.0,25
2023-11-14 12:00:00,28.0,94,0.0,58,5.4,0,1012.0,7
2023-11-14 13:00:00,27.0,100,0.0,300,7.6,7,1012.0,3
2023-11-14 14:00:00,27.0,94,0.0,38,1.8,7,1013.0,3
2023-11-14 15:00:00,27.0,100,0.0,355,1.8,7,1013.0,3
2023-11-14 16:00:00,27.0,94,0.0,340,3.6,7,1013.0,3
2023-11-14 17:00:00,27.0,94,0.0,16,3.6,7,1012.0,2
2023-11-14 18:00:00,26.0,100,0.0,353,1.8,7,1012.0,2
2023-11-14 19:00:00,26.0,100,0.0,354,3.6,7,1011.0,2
2023-11-14 20:00:00,26.0,100,0.0,350,3.6,7,1011.0,2
2023-11-14 21:00:00,26.0,94,0.0,358,4.0,7,1011.0,3
2023-11-14 22:00:00,25.0,100,0.0,279,1.8,7,1011.0,7
2023-11-14 23:00:00,25.0,100,0.0,284,1.8,7,1012.0,5
2023-11-15 00:00:00,27.0,100,0.0,295,3.6,7,1013.0,7
2023-11-15 01:00:00,28.0,94,0.0,44,5.4,7,1014.0,7
2023-11-15 02:00:00,29.0,89,0.0,45,5.4,7,1014.0,7
2023-11-15 03:00:00,30.0,79,0.0,46,5.4,7,1014.0,7
2023-11-15 04:00:00,30.0,75,0.2,60,18.4,7,1014.0,7
2023-11-15 05:00:00,30.0,75,1.1,80,22.3,7,1013.0,7
2023-11-15 06:00:00,31.0,66,0.5,70,16.6,7,1012.0,7
2023-11-15 07:00:00,31.0,70,0.1,70,14.8,7,1011.0,8
2023-11-15 08:00:00,30.0,70,1.3,90,14.8,7,1011.0,8
2023-11-15 09:00:00,30.0,70,0.5,80,14.8,7,1011.0,8
2023-11-15 10:00:00,29.0,70,0.0,70,11.2,7,1011.0,25
2023-11-15 11:00:00,28.0,79,0.0,70,9.4,7,1012.0,8
2023-11-15 12:00:00,28.0,89,0.0,60,9.4,7,1012.0,7
2023-11-15 13:00:00,28.0,94,0.0,50,7.6,7,1013.0,7
2023-11-15 14:00:00,27.0,94,0.0,70,9.4,7,1014.0,7
2023-11-15 15:00:00,27.0,94,0.0,319,3.6,7,1013.0,3
2023-11-15 16:00:00,27.0,94,0.0,323,1.8,7,1013.0,3
2023-11-15 17:00:00,26.0,94,0.0,329,1.8,7,1013.0,3
2023-11-15 18:00:00,26.0,100,0.0,340,3.6,7,1013.0,3
2023-11-15 19:00:00,26.0,94,0.0,290,1.8,7,1012.0,3
2023-11-15 20:00:00,26.0,100,0.0,340,3.6,7,1012.0,3
2023-11-15 21:00:00,26.0,94,0.0,330,3.6,7,1012.0,7
2023-11-15 22:00:00,25.0,100,0.0,330,3.6,7,1012.0,7
2023-11-15 23:00:00,25.0,100,0.0,40,3.6,7,1013.0,7
2023-11-16 00:00:00,26.0,94,0.0,258,5.4,0,1014.0,7
2023-11-16 01:00:00,27.0,94,0.0,51,5.4,0,1014.0,7
2023-11-16 02:00:00,28.0,89,0.0,52,5.4,0,1015.0,7
2023-11-16 03:00:00,29.0,84,0.0,52,5.4,0,1015.0,7
2023-11-16 04:00:00,30.0,75,0.0,53,1.8,8,1014.0,7
2023-11-16 05:00:00,30.0,75,0.0,100,7.6,8,1014.0,7
2023-11-16 06:00:00,30.0,75,0.0,100,7.6,8,1013.0,7
2023-11-16 07:00:00,30.0,75,0.5,70,16.6,8,1012.0,8
2023-11-16 08:00:00,28.0,89,0.0,50,16.6,8,1012.0,8
2023-11-16 09:00:00,27.0,94,0.0,60,16.6,7,1012.0,8
2023-11-16 10:00:00,27.0,94,0.0,56,5.4,7,1012.0,8
2023-11-16 11:00:00,27.0,89,0.0,52,5.4,7,1013.0,8
2023-11-16 12:00:00,27.0,89,0.0,42,3.6,7,1014.0,7
2023-11-16 13:00:00,27.0,94,0.0,34,3.6,7,1015.0,7
2023-11-16 14:00:00,27.0,94,0.0,20,1.8,7,1014.0,7
2023-11-16 15:00:00,27.0,94,0.0,353,5.4,7,1014.0,7
2023-11-16 16:00:00,26.0,94,0.0,18,5.4,7,1014.0,7
2023-11-16 17:00:00,26.0,94,0.0,10,3.6,7,1014.0,7
2023-11-16 18:00:00,26.0,94,0.0,358,1.8,7,1013.0,7
2023-11-16 19:00:00,26.0,94,0.0,340,5.4,7,1013.0,7
2023-11-16 20:00:00,26.0,94,0.0,300,1.8,7,1013.0,7
2023-11-16 21:00:00,26.0,94,0.0,330,3.6,7,1012.0,3
2023-11-16 22:00:00,26.0,94,0.0,321,1.8,7,1013.0,3
2023-11-16 23:00:00,26.0,94,0.0,346,5.4,7,1014.0,3
2023-11-17 00:00:00,26.0,100,0.0,0,0.0,7,1014.0,3
2023-11-17 01:00:00,27.0,94,0.0,360,9.4,7,1015.0,3
2023-11-17 02:00:00,29.0,84,0.0,70,9.4,7,1014.7,3
2023-11-17 03:00:00,30.0,75,0.0,40,9.4,7,1015.1,3
2023-11-17 04:00:00,31.0,66,0.0,340,7.6,7,1014.0,3
2023-11-17 05:00:00,31.0,66,0.0,59,5.4,7,1013.0,3
2023-11-17 06:00:00,31.0,62,0.0,70,11.2,7,1012.0,3
2023-11-17 07:00:00,32.0,63,0.0,30,13.0,7,1011.0,3
2023-11-17 08:00:00,31.0,66,3.3,40,14.8,7,1011.4,7
2023-11-17 09:00:00,30.0,62,1.7,30,16.6,7,1010.8,25
2023-11-17 10:00:00,30.0,59,0.0,60,18.4,7,1011.0,25
2023-11-17 11:00:00,29.0,62,0.0,40,16.6,7,1012.0,25
2023-11-17 12:00:00,28.0,70,0.0,60,11.2,7,1013.0,3
2023-11-17 13:00:00,28.0,66,0.0,50,13.0,7,1014.0,3
2023-11-17 14:00:00,28.0,66,0.0,50,13.0,7,1014.0,3
2023-11-17 15:00:00,27.0,66,0.0,30,11.2,7,1014.0,3
2023-11-17 16:00:00,26.0,74,0.0,40,11.2,7,1014.0,3
2023-11-17 17:00:00,26.0,74,0.0,30,9.4,7,1014.0,3
2023-11-17 18:00:00,25.0,78,0.0,30,13.0,7,1013.0,2
2023-11-17 19:00:00,25.0,78,0.0,20,11.2,7,1012.0,2
2023-11-17 20:00:00,24.0,78,0.0,30,13.0,7,1012.0,3
2023-11-17 21:00:00,24.0,83,0.0,30,11.2,7,1012.0,3
2023-11-17 22:00:00,23.0,88,0.0,30,9.4,7,1012.0,2
2023-11-17 23:00:00,23.0,88,0.0,30,9.4,7,1012.0,3
2023-11-18 00:00:00,24.0,78,0.0,30,9.4,7,1013.0,3
2023-11-18 01:00:00,26.0,70,0.0,20,16.6,7,1014.0,3
2023-11-18 02:00:00,28.0,66,0.0,30,16.6,7,1014.0,3
2023-11-18 03:00:00,30.0,59,0.0,50,16.6,7,1014.4,3
2023-11-18 04:00:00,29.0,58,0.0,40,16.6,7,1013.5,3
2023-11-18 05:00:00,31.0,52,0.0,30,11.2,7,1012.0,3
2023-11-18 06:00:00,32.0,49,0.0,80,7.6,7,1011.0,3
2023-11-18 07:00:00,33.0,46,0.0,10,11.2,7,1010.0,3
2023-11-18 08:00:00,33.0,46,0.0,30,9.4,6,1010.0,2
2023-11-18 09:00:00,32.0,49,0.0,20,11.2,6,1010.2,2
2023-11-18 10:00:00,30.0,59,0.0,60,13.0,6,1011.0,2
2023-11-18 11:00:00,30.0,59,0.0,40,9.4,6,1011.0,2
2023-11-18 12:00:00,29.0,58,0.0,30,11.2,6,1012.0,2
2023-11-18 13:00:00,28.0,66,0.0,10,9.4,6,1013.0,2
2023-11-18 14:00:00,27.0,66,0.0,30,14.8,6,1014.0,2
2023-11-18 15:00:00,26.0,70,0.0,40,13.0,6,1014.0,2
2023-11-18 16:00:00,26.0,70,0.0,30,7.6,6,1014.0,2
2023-11-18 17:00:00,25.0,74,0.0,30,13.0,6,1014.0,2
2023-11-18 18:00:00,24.0,78,0.0,20,13.0,6,1013.0,2
2023-11-18 19:00:00,24.0,78,0.0,20,11.2,6,1013.0,2
2023-11-18 20:00:00,23.0,83,0.0,10,7.6,6,1012.0,2
2023-11-18 21:00:00,23.0,83,0.0,350,5.4,6,1012.0,2
2023-11-18 22:00:00,23.0,83,0.0,20,11.2,6,1012.0,2
2023-11-18 23:00:00,23.0,83,0.0,20,11.2,6,1013.0,2
2023-11-19 00:00:00,23.0,83,0.0,21,5.4,6,1014.0,2
2023-11-19 01:00:00,26.0,70,0.0,40,14.8,6,1014.0,2
2023-11-19 02:00:00,27.0,66,0.0,50,9.4,6,1013.9,2
2023-11-19 03:00:00,29.0,62,0.0,19,1.8,6,1014.0,2
2023-11-19 04:00:00,32.0,49,0.0,26,3.6,6,1013.0,2
2023-11-19 05:00:00,33.0,46,0.0,32,5.4,6,1012.0,2
2023-11-19 06:00:00,34.0,41,0.0,36,3.6,6,1011.0,2
2023-11-19 07:00:00,32.0,49,0.0,36,5.4,6,1009.0,2
2023-11-19 08:00:00,31.0,59,0.0,35,5.4,6,1009.0,2
2023-11-19 09:00:00,30.0,66,0.0,310,9.4,6,1009.0,2
2023-11-19 10:00:00,30.0,66,0.0,29,3.6,6,1010.0,2
2023-11-19 11:00:00,29.0,70,0.0,31,3.6,6,1010.0,2
2023-11-19 12:00:00,29.0,74,0.0,180,13.0,0,1011.0,2
2023-11-19 13:00:00,28.0,79,0.0,190,11.2,6,1012.0,2
2023-11-19 14:00:00,28.0,74,0.0,190,7.6,6,1013.0,2
2023-11-19 15:00:00,28.0,79,0.0,342,1.8,6,1013.0,2
2023-11-19 16:00:00,28.0,79,0.0,359,3.6,6,1012.0,2
2023-11-19 17:00:00,26.0,79,0.0,360,9.4,6,1012.0,2
2023-11-19 18:00:00,26.0,79,0.0,10,7.6,6,1011.0,2
2023-11-19 19:00:00,25.0,78,0.0,10,7.6,6,1011.0,2
2023-11-19 20:00:00,24.0,89,0.0,330,7.6,6,1010.0,2
2023-11-19 21:00:00,24.0,89,0.0,322,5.4,6,1011.0,2
2023-11-19 22:00:00,24.0,89,0.0,20,7.6,7,1011.0,2
2023-11-19 23:00:00,24.0,83,0.0,20,9.4,7,1012.0,2
2023-11-20 00:00:00,24.0,83,0.0,20,7.6,7,1012.0,2
2023-11-20 01:00:00,25.0,84,0.0,40,7.6,0,1013.0,2
2023-11-20 02:00:00,27.0,74,0.0,22,7.6,7,1013.0,3
2023-11-20 03:00:00,29.0,66,0.0,360,7.6,7,1013.0,3
2023-11-20 04:00:00,30.0,66,0.0,34,3.6,7,1012.0,3
2023-11-20 05:00:00,31.0,66,0.0,280,7.6,7,1012.0,3
2023-11-20 06:00:00,32.0,59,0.0,320,7.6,7,1011.0,3
2023-11-20 07:00:00,32.0,56,0.0,50,7.6,7,1010.0,3
2023-11-20 08:00:00,32.0,59,0.0,37,3.6,7,1010.0,3
2023-11-20 09:00:00,32.0,56,0.0,60,9.4,7,1010.0,3
2023-11-20 10:00:00,31.0,59,0.0,35,5.4,7,1010.0,3
2023-11-20 11:00:00,30.0,62,0.0,38,5.4,7,1010.0,3
2023-11-20 12:00:00,30.0,62,0.0,46,3.6,7,1010.0,3
2023-11-20 13:00:00,29.0,84,0.0,150,11.2,7,1011.0,3
2023-11-20 14:00:00,28.0,89,0.0,190,13.0,7,1012.0,3
2023-11-20 15:00:00,28.0,89,0.0,190,11.2,7,1012.0,3
2023-11-20 16:00:00,28.0,89,0.0,190,11.2,7,1012.0,2
2023-11-20 17:00:00,27.0,94,0.0,344,5.4,7,1012.0,2
2023-11-20 18:00:00,28.0,89,0.0,319,5.4,6,1011.0,2
2023-11-20 19:00:00,27.0,94,0.0,311,3.6,6,1010.0,2
2023-11-20 20:00:00,27.0,94,0.0,300,7.6,6,1010.0,2
2023-11-20 21:00:00,26.0,94,0.0,40,9.4,6,1010.0,2
2023-11-20 22:00:00,26.0,94,0.0,30,1.8,7,1010.0,2
2023-11-20 23:00:00,26.0,94,0.0,298,3.6,7,1011.0,2
2023-11-21 00:00:00,26.0,100,0.0,345,5.4,7,1011.0,3
2023-11-21 01:00:00,27.0,89,0.0,60,11.2,7,1012.0,3
2023-11-21 02:00:00,28.0,89,0.0,50,7.6,7,1012.1,3
2023-11-21 03:00:00,30.0,75,0.0,340,7.6,7,1012.0,3
2023-11-21 04:00:00,31.0,66,0.0,38,1.8,7,1011.0,3
2023-11-21 05:00:00,32.0,63,0.0,42,3.6,7,1010.0,3
2023-11-21 06:00:00,33.0,59,0.0,46,7.6,7,1009.0,3
2023-11-21 07:00:00,33.0,59,0.0,45,1.8,7,1008.0,3
2023-11-21 08:00:00,32.0,59,0.0,320,9.4,6,1007.0,2
2023-11-21 09:00:00,32.0,63,0.0,340,7.6,6,1007.0,2
2023-11-21 10:00:00,31.0,66,0.0,310,9.4,6,1008.0,2
2023-11-21 11:00:00,30.0,70,0.0,300,7.6,6,1009.0,2
2023-11-21 12:00:00,30.0,66,0.0,51,3.6,6,1010.0,2
2023-11-21 13:00:00,29.0,79,0.0,150,9.4,6,1010.0,2
2023-11-21 14:00:00,29.0,79,0.0,220,7.6,6,1011.0,2
2023-11-21 15:00:00,28.0,70,0.0,17,5.4,6,1012.0,1
2023-11-21 16:00:00,28.0,66,0.0,320,5.4,6,1011.0,2
2023-11-21 17:00:00,27.0,70,0.0,310,5.4,6,1010.0,2
2023-11-21 18:00:00,26.0,79,0.0,330,3.6,0,1010.0,1
2023-11-21 19:00:00,25.0,84,0.0,310,7.6,0,1009.0,1
2023-11-21 20:00:00,24.0,89,0.0,0,0.0,0,1009.0,1
2023-11-21 21:00:00,24.0,94,0.0,260,1.8,5,1009.0,1
2023-11-21 22:00:00,24.0,94,0.0,290,3.6,5,1009.0,1
2023-11-21 23:00:00,24.0,94,0.0,280,3.6,6,1010.0,2
2023-11-22 00:00:00,25.0,94,0.0,198,3.6,6,1010.0,2
2023-11-22 01:00:00,26.0,89,0.0,46,5.4,6,1011.0,2
2023-11-22 02:00:00,27.0,84,0.0,45,5.4,6,1011.0,2
2023-11-22 03:00:00,30.0,70,0.0,45,5.4,6,1011.0,2
2023-11-22 04:00:00,31.0,66,0.0,48,7.6,6,1010.0,2
2023-11-22 05:00:00,32.0,63,0.0,51,9.4,6,1009.0,2
2023-11-22 06:00:00,32.0,63,0.0,53,5.4,6,1008.0,2
2023-11-22 07:00:00,32.0,59,0.0,53,5.4,6,1007.0,2
2023-11-22 08:00:00,32.0,59,0.0,53,5.4,6,1007.0,2
2023-11-22 09:00:00,31.0,62,0.0,52,3.6,6,1007.0,2
2023-11-22 10:00:00,31.0,62,0.0,300,5.4,6,1007.0,2
2023-11-22 11:00:00,29.0,79,0.0,260,9.4,6,1008.0,2
2023-11-22 12:00:00,28.0,84,0.0,250,9.4,6,1009.0,2
2023-11-22 13:00:00,29.0,79,0.0,240,7.6,6,1010.0,2
2023-11-22 14:00:00,28.0,84,0.0,49,1.8,6,1010.0,2
2023-11-22 15:00:00,29.0,79,0.0,170,11.2,6,1011.0,2
2023-11-22 16:00:00,28.0,84,0.0,220,9.4,6,1010.0,2
2023-11-22 17:00:00,28.0,89,0.0,220,11.2,6,1010.0,2
2023-11-22 18:00:00,28.0,89,0.0,210,9.4,6,1009.0,2
2023-11-22 19:00:00,27.0,94,0.0,220,5.4,6,1009.0,2
2023-11-22 20:00:00,27.0,94,0.0,310,3.6,6,1008.0,2
2023-11-22 21:00:00,26.0,100,0.0,270,5.4,6,1008.0,2
2023-11-22 22:00:00,26.0,100,0.0,320,3.6,7,1008.0,2
2023-11-22 23:00:00,26.0,100,0.0,320,3.6,7,1009.0,2
2023-11-23 00:00:00,27.0,94,0.0,10,3.6,7,1009.0,2
2023-11-23 01:00:00,28.0,94,0.0,35,1.8,7,1010.0,5
2023-11-23 02:00:00,29.0,89,0.0,30,3.6,7,1011.0,3
2023-11-23 03:00:00,30.0,79,0.0,28,3.6,7,1011.0,3
2023-11-23 04:00:00,31.0,75,0.0,41,3.6,7,1010.0,3
2023-11-23 05:00:00,31.0,70,0.0,50,1.8,7,1008.0,3
2023-11-23 06:00:00,31.0,79,0.0,250,11.2,7,1008.0,3
2023-11-23 07:00:00,28.0,89,0.0,290,16.6,8,1007.0,3
2023-11-23 08:00:00,26.0,100,0.0,310,9.4,8,1007.0,3
2023-11-23 09:00:00,26.0,100,0.0,230,13.0,8,1008.0,3
2023-11-23 10:00:00,27.0,94,0.0,230,7.6,8,1008.0,7
2023-11-23 11:00:00,26.0,100,0.0,250,7.6,8,1009.0,3
2023-11-23 12:00:00,27.0,94,0.2,320,7.6,8,1010.0,3
2023-11-23 13:00:00,26.0,100,0.1,280,9.4,8,1010.0,3
2023-11-23 14:00:00,26.0,100,0.0,270,7.6,8,1011.0,3
2023-11-23 15:00:00,27.0,94,0.0,220,5.4,0,1011.0,3
2023-11-23 16:00:00,26.0,100,0.0,16,3.6,8,1011.0,3
2023-11-23 17:00:00,27.0,94,0.0,359,3.6,8,1010.0,3
2023-11-23 18:00:00,26.0,100,0.0,340,1.8,8,1010.0,3
2023-11-23 19:00:00,26.0,100,0.0,339,1.8,7,1009.0,3
2023-11-23 20:00:00,26.0,100,0.0,335,5.4,7,1008.0,3
2023-11-23 21:00:00,25.0,100,0.0,30,7.6,7,1008.0,3
2023-11-23 22:00:00,25.0,94,0.0,10,7.6,8,1008.0,3
2023-11-23 23:00:00,25.0,94,0.2,30,5.4,8,1009.0,3
2023-11-24 00:00:00,25.0,100,0.1,70,7.6,0,1010.0,3
2023-11-24 01:00:00,26.0,100,0.1,20,5.4,0,1010.0,3
2023-11-24 02:00:00,27.0,94,0.0,22,5.4,8,1011.0,3
2023-11-24 03:00:00,28.0,84,0.0,22,3.6,8,1011.0,3
2023-11-24 04:00:00,29.0,79,0.0,23,3.6,8,1011.0,3
2023-11-24 05:00:00,29.0,79,0.2,70,7.6,8,1011.0,3
2023-11-24 06:00:00,29.0,74,0.0,30,7.6,8,1010.0,3
2023-11-24 07:00:00,29.0,74,0.1,29,3.6,8,1009.0,3
2023-11-24 08:00:00,29.0,74,0.0,10,9.4,8,1009.0,3
2023-11-24 09:00:00,28.0,74,0.0,20,9.4,8,1009.0,3
2023-11-24 10:00:00,27.0,79,0.0,40,9.4,8,1010.0,3
2023-11-24 11:00:00,27.0,74,0.0,60,9.4,8,1011.0,3
2023-11-24 12:00:00,27.0,66,0.0,50,7.6,8,1011.0,3
2023-11-24 13:00:00,26.0,65,0.0,40,9.4,8,1011.0,3
2023-11-24 14:00:00,26.0,65,0.0,10,9.4,8,1011.0,3
2023-11-24 15:00:00,26.0,70,0.0,20,7.6,8,1011.0,3
2023-11-24 16:00:00,26.0,74,0.0,12,3.6,8,1011.0,3
2023-11-24 17:00:00,25.0,78,0.0,1,3.6,8,1010.0,3
2023-11-24 18:00:00,25.0,78,0.0,345,1.8,8,1010.0,3
2023-11-24 19:00:00,25.0,78,0.3,351,3.6,7,1009.0,3
2023-11-24 20:00:00,24.0,78,0.2,30,5.4,7,1009.0,3
2023-11-24 21:00:00,24.0,78,0.0,13,3.6,7,1009.0,3
2023-11-24 22:00:00,24.0,78,0.0,322,3.6,7,1009.0,3
2023-11-24 23:00:00,24.0,83,0.0,50,7.6,8,1009.0,3
2023-11-25 00:00:00,25.0,84,0.0,40,7.6,8,1010.0,3
2023-11-25 01:00:00,27.0,74,0.0,40,7.6,7,1011.0,3
2023-11-25 02:00:00,29.0,66,0.0,60,11.2,7,1011.0,3
2023-11-25 03:00:00,30.0,59,0.0,30,5.4,7,1010.0,3
2023-11-25 04:00:00,31.0,59,0.0,37,5.4,8,1010.0,3
2023-11-25 05:00:00,33.0,49,0.0,41,5.4,8,1009.0,3
2023-11-25 06:00:00,33.0,56,0.0,20,3.6,8,1009.0,3
2023-11-25 07:00:00,33.0,49,0.0,42,5.4,8,1008.0,3
2023-11-25 08:00:00,33.0,52,0.0,270,11.2,8,1008.0,7
2023-11-25 09:00:00,31.0,62,0.0,260,13.0,8,1008.0,7
2023-11-25 10:00:00,31.0,62,0.0,280,9.4,8,1009.0,25
2023-11-25 11:00:00,31.0,66,0.3,41,3.6,8,1010.0,25
2023-11-25 12:00:00,29.0,84,2.0,39,3.6,8,1011.0,7
2023-11-25 13:00:00,27.0,100,4.2,210,11.2,8,1012.0,7
2023-11-25 14:00:00,27.0,94,0.0,240,13.0,8,1012.0,7
2023-11-25 15:00:00,27.0,94,0.0,250,9.4,8,1011.0,3
2023-11-25 16:00:00,26.0,100,0.0,18,5.4,8,1011.0,3
2023-11-25 17:00:00,26.0,100,0.0,360,3.6,8,1011.0,3
2023-11-25 18:00:00,26.0,100,0.0,60,1.8,8,1011.0,3
2023-11-25 19:00:00,26.0,100,0.0,280,1.8,7,1010.0,3
2023-11-25 20:00:00,26.0,94,0.0,270,3.6,7,1010.0,3
2023-11-25 21:00:00,26.0,94,0.0,320,3.6,7,1010.0,3
2023-11-25 22:00:00,25.0,100,0.0,300,1.8,7,1010.0,3
2023-11-25 23:00:00,25.0,100,0.0,310,1.8,7,1011.0,5
2023-11-26 00:00:00,26.0,100,0.0,17,1.8,8,1012.0,5
2023-11-26 01:00:00,27.0,100,0.0,0,0.0,8,1013.0,5
2023-11-26 02:00:00,28.0,94,0.0,53,1.8,8,1013.0,5
2023-11-26 03:00:00,30.0,84,0.0,53,1.8,8,1013.0,3
2023-11-26 04:00:00,31.0,75,0.0,80,7.6,7,1012.0,3
2023-11-26 05:00:00,31.0,70,0.0,360,7.6,7,1010.0,7
2023-11-26 06:00:00,33.0,59,0.0,40,11.2,7,1009.0,7
2023-11-26 07:00:00,33.0,56,0.0,70,11.2,7,1009.0,7
2023-11-26 08:00:00,32.0,63,0.3,330,7.6,7,1008.0,7
2023-11-26 09:00:00,32.0,63,0.0,55,3.6,7,1009.0,8
2023-11-26 10:00:00,29.0,84,0.0,210,11.2,7,1009.0,25
2023-11-26 11:00:00,29.0,79,0.0,220,11.2,7,1010.0,25
2023-11-26 12:00:00,29.0,89,0.1,230,9.4,7,1011.0,7
2023-11-26 13:00:00,28.0,94,0.0,41,5.4,7,1011.0,7
2023-11-26 14:00:00,28.0,94,0.0,14,5.4,7,1012.0,7
2023-11-26 15:00:00,27.0,94,0.0,260,3.6,7,1012.0,7
2023-11-26 16:00:00,27.0,94,0.0,13,3.6,7,1011.0,3
2023-11-26 17:00:00,27.0,94,0.0,60,1.8,7,1011.0,3
2023-11-26 18:00:00,26.0,100,0.0,50,3.6,7,1011.0,3
2023-11-26 19:00:00,26.0,100,0.0,20,9.4,7,1010.0,3
2023-11-26 20:00:00,26.0,100,0.0,354,3.6,7,1009.0,3
2023-11-26 21:00:00,26.0,100,0.0,30,7.6,7,1009.0,3
2023-11-26 22:00:00,25.0,100,0.0,50,9.4,7,1010.0,3
2023-11-26 23:00:00,25.0,94,0.0,60,9.4,8,1010.0,3
2023-11-27 00:00:00,25.0,94,0.0,60,13.0,8,1011.0,3
2023-11-27 01:00:00,27.0,84,0.0,60,13.0,8,1011.0,3
2023-11-27 02:00:00,29.0,79,0.0,100,13.0,8,1011.9,3
2023-11-27 03:00:00,30.0,70,0.0,70,11.2,8,1011.0,3
2023-11-27 04:00:00,31.0,66,0.0,40,11.2,8,1011.0,3
2023-11-27 05:00:00,32.0,59,0.0,60,13.0,8,1010.7,3
2023-11-27 06:00:00,33.0,49,0.0,50,14.8,8,1009.0,3
2023-11-27 07:00:00,33.0,49,0.0,60,18.4,7,1008.0,3
2023-11-27 08:00:00,33.0,46,0.0,80,13.0,7,1008.0,3
2023-11-27 09:00:00,31.0,49,0.0,70,16.6,7,1008.0,3
2023-11-27 10:00:00,30.0,59,0.0,30,13.0,7,1009.0,3
2023-11-27 11:00:00,30.0,59,0.0,360,9.4,7,1009.0,3
2023-11-27 12:00:00,29.0,62,0.0,10,11.2,7,1010.0,3
2023-11-27 13:00:00,29.0,62,0.0,30,11.2,7,1011.0,3
2023-11-27 14:00:00,28.0,62,0.0,30,11.2,7,1011.0,3
2023-11-27 15:00:00,27.0,66,0.0,30,9.4,7,1011.0,3
2023-11-27 16:00:00,27.0,66,0.0,40,11.2,7,1011.0,3
2023-11-27 17:00:00,26.0,70,0.0,20,9.4,7,1011.0,3
2023-11-27 18:00:00,26.0,70,0.0,40,9.4,7,1010.0,3
2023-11-27 19:00:00,25.0,74,0.0,60,9.4,7,1010.0,2
2023-11-27 20:00:00,25.0,74,0.0,50,11.2,7,1009.0,2
2023-11-27 21:00:00,24.0,78,0.0,50,7.6,6,1009.0,2
2023-11-27 22:00:00,24.0,83,0.0,321,3.6,7,1010.0,3
2023-11-27 23:00:00,24.0,83,0.0,330,5.4,7,1010.0,3
2023-11-28 00:00:00,25.0,78,0.0,30,7.6,7,1011.0,3
2023-11-28 01:00:00,26.0,74,0.0,20,7.6,7,1011.0,3
2023-11-28 02:00:00,29.0,62,0.0,30,11.2,7,1012.0,3
2023-11-28 03:00:00,30.0,52,0.0,43,5.4,7,1012.0,3
2023-11-28 04:00:00,32.0,49,0.0,50,5.4,7,1011.0,3
2023-11-28 05:00:00,32.0,49,0.0,310,3.6,7,1010.0,3
2023-11-28 06:00:00,33.0,46,0.0,56,3.6,7,1009.0,3
2023-11-28 07:00:00,32.0,52,0.0,270,9.4,7,1009.0,3
2023-11-28 08:00:00,32.0,49,0.0,250,9.4,7,1009.0,3
2023-11-28 09:00:00,31.0,59,0.0,180,13.0,7,1009.0,3
2023-11-28 10:00:00,30.0,62,0.0,210,13.0,7,1010.0,3
2023-11-28 11:00:00,29.0,66,0.1,220,7.6,7,1010.0,3
2023-11-28 12:00:00,29.0,66,0.0,240,7.6,7,1010.0,3
2023-11-28 13:00:00,28.0,79,0.0,310,7.6,7,1010.0,3
2023-11-28 14:00:00,28.0,84,0.0,10,1.8,7,1010.0,3
2023-11-28 15:00:00,28.0,84,0.0,20,7.6,7,1010.0,3
2023-11-28 16:00:00,26.0,94,0.0,70,13.0,7,1010.0,3
2023-11-28 17:00:00,26.0,94,0.0,70,7.6,0,1010.0,3
2023-11-28 18:00:00,26.0,89,0.0,331,5.4,0,1009.0,3
2023-11-28 19:00:00,26.0,89,0.0,40,7.6,0,1009.0,3
2023-11-28 20:00:00,25.0,89,0.0,50,5.4,7,1008.0,3
2023-11-28 21:00:00,25.0,84,0.0,50,7.6,7,1008.0,3
2023-11-28 22:00:00,25.0,84,0.0,50,7.6,6,1009.0,2
2023-11-28 23:00:00,24.0,94,0.0,60,5.4,7,1009.0,3
2023-11-29 00:00:00,26.0,84,0.0,50,7.6,7,1010.0,3
2023-11-29 01:00:00,28.0,79,0.0,90,7.6,7,1011.0,3
2023-11-29 02:00:00,29.0,74,0.0,52,5.4,7,1011.0,3
2023-11-29 03:00:00,30.0,70,0.0,54,5.4,7,1011.0,3
2023-11-29 04:00:00,32.0,59,0.0,53,11.2,7,1010.0,3
2023-11-29 05:00:00,33.0,56,0.0,110,14.8,7,1010.0,3
2023-11-29 06:00:00,33.0,59,0.0,110,9.4,7,1009.0,3
2023-11-29 07:00:00,33.0,59,0.1,57,1.8,7,1008.0,3
2023-11-29 08:00:00,32.0,63,0.2,56,3.6,7,1008.0,3
2023-11-29 09:00:00,32.0,63,0.0,55,5.4,7,1008.0,3
2023-11-29 10:00:00,31.0,66,0.5,260,9.4,7,1009.0,3
2023-11-29 11:00:00,30.0,75,0.6,270,7.6,7,1010.0,3
2023-11-29 12:00:00,29.0,84,0.6,260,9.4,7,1011.0,2
2023-11-29 13:00:00,30.0,79,0.5,220,11.2,7,1011.0,2
2023-11-29 14:00:00,29.0,84,0.0,250,9.4,7,1012.0,2
2023-11-29 15:00:00,28.0,94,0.0,344,3.6,7,1011.0,2
2023-11-29 16:00:00,28.0,94,0.0,300,3.6,6,1011.0,2
2023-11-29 17:00:00,27.0,94,0.0,270,3.6,6,1011.0,2
2023-11-29 18:00:00,27.0,94,0.0,270,3.6,6,1011.0,2
2023-11-29 19:00:00,27.0,94,0.0,360,1.8,6,1010.0,2
2023-11-29 20:00:00,26.0,100,0.0,270,3.6,6,1010.0,2
2023-11-29 21:00:00,26.0,100,0.0,16,1.8,6,1010.0,2
2023-11-29 22:00:00,26.0,100,0.0,360,9.4,7,1010.0,2
2023-11-29 23:00:00,26.0,94,0.0,217,5.4,7,1011.0,5
2023-11-30 00:00:00,27.0,100,0.0,207,1.8,7,1012.0,5
2023-11-30 01:00:00,29.0,94,0.0,57,5.4,7,1012.0,5
2023-11-30 02:00:00,31.0,84,0.0,40,7.6,7,1012.0,3
2023-11-30 03:00:00,32.0,71,0.0,80,9.4,7,1012.0,3
2023-11-30 04:00:00,33.0,59,0.0,110,9.4,7,1012.0,3
2023-11-30 05:00:00,33.0,59,0.0,110,9.4,7,1011.0,3
2023-11-30 06:00:00,33.0,59,0.0,110,11.2,7,1009.0,3
2023-11-30 07:00:00,33.0,59,0.0,130,9.4,7,1009.0,3
2023-11-30 08:00:00,33.0,59,1.1,110,11.2,7,1008.0,3
2023-11-30 09:00:00,33.0,59,0.8,150,9.4,7,1009.0,3
2023-11-30 10:00:00,33.0,59,1.4,64,5.4,7,1009.0,3
2023-11-30 11:00:00,31.0,75,0.0,190,11.2,7,1009.0,3
2023-11-30 12:00:00,30.0,84,0.0,76,5.4,7,1010.0,3
2023-11-30 13:00:00,30.0,84,0.0,130,7.6,7,1011.0,3
2023-11-30 14:00:00,30.0,84,0.0,64,5.4,7,1011.0,3
2023-11-30 15:00:00,29.0,89,0.0,10,9.4,7,1011.0,3
2023-11-30 16:00:00,28.0,94,0.0,300,3.6,7,1011.0,3
2023-11-30 17:00:00,28.0,89,0.0,310,1.8,7,1011.0,3
2023-11-30 18:00:00,28.0,89,0.0,330,1.8,7,1010.0,2
2023-11-30 19:00:00,27.0,94,0.0,332,3.6,7,1010.0,2
2023-11-30 20:00:00,27.0,94,0.0,290,5.4,7,1009.0,2
2023-11-30 21:00:00,26.0,100,0.0,300,3.6,6,1009.0,5
2023-11-30 22:00:00,26.0,100,0.0,110,1.8,7,1009.0,5
2023-11-30 23:00:00,26.0,100,0.0,127,5.4,7,1010.0,5
2023-12-01 00:00:00,27.0,94,0.0,209,1.8,7,1011.0,3
2023-12-01 01:00:00,28.0,94,0.0,55,1.8,0,1011.0,3
2023-12-01 02:00:00,31.0,79,0.0,54,3.6,0,1012.0,3
2023-12-01 03:00:00,32.0,71,0.0,54,1.8,7,1012.0,3
2023-12-01 04:00:00,32.0,63,0.0,70,7.6,7,1011.0,3
2023-12-01 05:00:00,32.0,63,0.0,20,7.6,7,1010.0,3
2023-12-01 06:00:00,33.0,56,0.0,61,5.4,7,1009.0,3
2023-12-01 07:00:00,34.0,47,0.0,80,18.4,7,1008.0,3
2023-12-01 08:00:00,35.0,42,0.0,50,11.2,7,1007.0,3
2023-12-01 09:00:00,32.0,67,0.0,160,14.8,7,1008.0,3
2023-12-01 10:00:00,31.0,70,0.0,180,9.4,7,1008.0,3
2023-12-01 11:00:00,30.0,70,0.0,180,9.4,7,1009.0,3
2023-12-01 12:00:00,30.0,75,0.0,170,7.6,7,1010.0,3
2023-12-01 13:00:00,30.0,75,0.0,130,13.0,7,1010.0,2
2023-12-01 14:00:00,29.0,74,0.0,120,13.0,7,1010.0,2
2023-12-01 15:00:00,29.0,74,0.0,100,13.0,7,1011.0,2
2023-12-01 16:00:00,27.0,84,0.0,11,5.4,6,1010.0,2
2023-12-01 17:00:00,27.0,84,0.0,356,3.6,6,1010.0,2
2023-12-01 18:00:00,27.0,84,0.0,336,3.6,6,1010.0,2
2023-12-01 19:00:00,27.0,89,0.0,335,3.6,6,1010.0,2
2023-12-01 20:00:00,26.0,100,0.0,30,7.6,6,1010.0,2
2023-12-01 21:00:00,26.0,94,0.0,30,7.6,6,1009.0,2
2023-12-01 22:00:00,25.0,94,0.0,206,1.8,7,1010.0,2
2023-12-01 23:00:00,26.0,89,0.0,360,9.4,7,1010.0,2
2023-12-02 00:00:00,26.0,89,0.0,60,9.4,7,1011.0,2
2023-12-02 01:00:00,28.0,79,0.0,50,7.6,7,1012.0,3
2023-12-02 02:00:00,29.0,74,0.0,56,3.6,7,1012.0,3
2023-12-02 03:00:00,31.0,66,0.0,0,0.0,7,1012.0,3
2023-12-02 04:00:00,32.0,56,0.0,58,3.6,7,1012.0,3
2023-12-02 05:00:00,31.0,59,0.0,62,5.4,7,1011.0,3
2023-12-02 06:00:00,31.0,62,0.0,130,9.4,7,1010.0,7
2023-12-02 07:00:00,30.0,66,3.1,130,11.2,7,1009.0,7
2023-12-02 08:00:00,30.0,66,0.2,130,13.0,7,1009.0,7
2023-12-02 09:00:00,30.0,70,0.0,130,7.6,8,1009.0,17
2023-12-02 10:00:00,29.0,84,0.0,180,7.6,8,1010.0,25
2023-12-02 11:00:00,29.0,84,0.0,180,7.6,7,1010.0,25
2023-12-02 12:00:00,28.0,94,0.1,200,7.6,7,1011.0,25
2023-12-02 13:00:00,28.0,94,0.0,180,9.4,7,1012.0,3
2023-12-02 14:00:00,28.0,94,0.0,160,13.0,7,1012.0,3
2023-12-02 15:00:00,26.0,100,0.1,140,14.8,7,1012.0,3
2023-12-02 16:00:00,26.0,94,0.3,90,13.0,8,1011.0,3
2023-12-02 17:00:00,26.0,94,0.5,50,18.4,8,1011.0,3
2023-12-02 18:00:00,25.0,100,0.5,50,16.6,8,1010.0,3
2023-12-02 19:00:00,25.0,94,0.2,40,14.8,7,1009.0,3
2023-12-02 20:00:00,25.0,94,0.0,50,5.4,7,1009.0,3
2023-12-02 21:00:00,24.0,100,0.0,90,3.6,7,1009.0,3
2023-12-02 22:00:00,24.0,100,0.0,90,5.4,8,1010.0,3
2023-12-02 23:00:00,25.0,94,0.0,56,3.6,8,1010.0,3
2023-12-03 00:00:00,25.0,100,0.0,260,5.4,8,1011.0,3
2023-12-03 01:00:00,26.0,100,0.0,260,7.6,7,1012.0,3
2023-12-03 02:00:00,27.0,89,0.0,60,5.4,7,1012.0,3
2023-12-03 03:00:00,29.0,79,0.0,60,3.6,7,1012.0,3
2023-12-03 04:00:00,30.0,70,0.0,55,1.8,8,1012.0,3
2023-12-03 05:00:00,31.0,70,0.0,60,3.6,8,1011.0,3
2023-12-03 06:00:00,30.0,75,0.0,64,3.6,7,1010.0,3
2023-12-03 07:00:00,30.0,75,0.0,62,3.6,7,1010.0,3
2023-12-03 08:00:00,31.0,70,0.5,60,5.4,7,1009.0,3
2023-12-03 09:00:00,30.0,75,3.2,59,5.4,7,1009.0,3
2023-12-03 10:00:00,29.0,79,0.5,59,3.6,7,1010.0,3
2023-12-03 11:00:00,29.0,79,0.0,260,3.6,7,1010.0,3
2023-12-03 12:00:00,28.0,89,0.0,180,7.6,7,1011.0,3
2023-12-03 13:00:00,28.0,89,0.0,57,3.6,7,1012.0,3
2023-12-03 14:00:00,27.0,94,0.0,44,5.4,7,1012.0,3
2023-12-03 15:00:00,27.0,94,0.0,130,9.4,7,1012.0,3
2023-12-03 16:00:00,27.0,94,0.0,140,5.4,7,1012.0,3
2023-12-03 17:00:00,27.0,94,0.0,357,3.6,7,1011.0,3
2023-12-03 18:00:00,27.0,94,0.0,353,1.8,7,1011.0,3
2023-12-03 19:00:00,27.0,94,0.0,353,3.6,7,1011.0,3
2023-12-03 20:00:00,26.0,94,0.0,352,5.4,7,1010.0,3
2023-12-03 21:00:00,26.0,94,0.0,20,5.4,7,1011.0,3
2023-12-03 22:00:00,26.0,94,0.0,40,7.6,7,1011.0,3
2023-12-03 23:00:00,25.0,100,0.0,20,5.4,7,1011.0,3
2023-12-04 00:00:00,26.0,100,0.0,211,5.4,0,1012.0,3
2023-12-04 01:00:00,28.0,89,0.0,70,11.2,0,1013.0,3
2023-12-04 02:00:00,29.0,79,0.0,40,7.6,7,1013.0,3
2023-12-04 03:00:00,31.0,62,0.0,43,5.4,7,1013.0,3
2023-12-04 04:00:00,33.0,56,0.0,43,7.6,7,1012.0,3
2023-12-04 05:00:00,33.0,56,0.0,140,1.8,7,1011.0,3
2023-12-04 06:00:00,34.0,50,0.1,48,1.8,7,1010.0,3
2023-12-04 07:00:00,33.0,46,0.0,150,1.8,7,1009.0,3
2023-12-04 08:00:00,33.0,56,0.6,180,11.2,7,1009.0,3
2023-12-04 09:00:00,32.0,67,0.0,190,16.6,7,1009.0,3
2023-12-04 10:00:00,30.0,70,0.0,180,14.8,7,1009.0,3
2023-12-04 11:00:00,29.0,79,0.0,180,13.0,7,1010.0,3
2023-12-04 12:00:00,29.0,74,0.0,81,5.4,7,1010.0,2
2023-12-04 13:00:00,29.0,79,0.0,140,7.6,6,1011.0,2
2023-12-04 14:00:00,28.0,84,0.0,140,7.6,6,1011.0,2
2023-12-04 15:00:00,28.0,84,0.0,130,11.2,6,1011.0,2
2023-12-04 16:00:00,27.0,89,0.0,130,5.4,6,1011.0,2
2023-12-04 17:00:00,27.0,89,0.0,330,3.6,6,1011.0,2
2023-12-04 18:00:00,26.0,94,0.0,80,5.4,6,1010.0,2
2023-12-04 19:00:00,27.0,89,0.0,90,5.4,6,1010.0,2
2023-12-04 20:00:00,27.0,94,0.0,60,1.8,6,1010.0,2
2023-12-04 21:00:00,26.0,94,0.0,90,3.6,6,1010.0,2
2023-12-04 22:00:00,26.0,94,0.0,261,3.6,6,1010.0,2
2023-12-04 23:00:00,26.0,94,0.0,249,5.4,6,1011.0,2
2023-12-05 00:00:00,27.0,94,0.0,30,7.6,6,1011.0,2
2023-12-05 01:00:00,28.0,94,0.0,24,5.4,6,1012.0,2
2023-12-05 02:00:00,30.0,84,0.0,30,5.4,0,1012.0,2
2023-12-05 03:00:00,31.0,75,0.0,32,3.6,6,1011.0,2
2023-12-05 04:00:00,33.0,59,0.0,37,5.4,6,1011.0,2
2023-12-05 05:00:00,34.0,50,0.0,100,7.6,6,1010.0,2
2023-12-05 06:00:00,34.0,50,0.0,130,11.2,7,1009.0,2
2023-12-05 07:00:00,34.0,50,0.0,120,7.6,6,1008.0,2
2023-12-05 08:00:00,33.0,56,0.0,270,7.6,6,1008.0,2
2023-12-05 09:00:00,32.0,63,0.0,190,16.6,6,1008.0,2
2023-12-05 10:00:00,31.0,70,0.0,180,14.8,6,1009.0,2
2023-12-05 11:00:00,30.0,75,0.0,180,7.6,6,1010.0,2
2023-12-05 12:00:00,30.0,75,0.0,79,5.4,6,1011.0,2
2023-12-05 13:00:00,30.0,75,0.0,140,7.6,6,1011.0,2
2023-12-05 14:00:00,30.0,75,0.0,140,11.2,6,1012.0,2
2023-12-05 15:00:00,29.0,84,0.0,140,7.6,6,1012.0,2
2023-12-05 16:00:00,28.0,84,0.0,160,7.6,6,1012.0,2
2023-12-05 17:00:00,28.0,89,0.0,329,5.4,6,1011.0,2
2023-12-05 18:00:00,28.0,84,0.0,130,7.6,6,1011.0,2
2023-12-05 19:00:00,28.0,89,0.0,140,11.2,6,1011.0,2
2023-12-05 20:00:00,27.0,94,0.0,280,3.6,6,1010.0,2
2023-12-05 21:00:00,26.0,100,0.0,263,3.6,6,1010.0,2
2023-12-05 22:00:00,26.0,94,0.0,90,1.8,6,1011.0,2
2023-12-05 23:00:00,26.0,100,0.0,30,7.6,6,1011.0,2
2023-12-06 00:00:00,27.0,94,0.0,10,9.4,6,1012.0,2
2023-12-06 01:00:00,28.0,94,0.0,38,5.4,0,1013.0,2
2023-12-06 02:00:00,29.0,89,0.0,30,7.6,6,1013.0,2
2023-12-06 03:00:00,31.0,75,0.1,39,5.4,6,1012.0,2
2023-12-06 04:00:00,31.0,75,0.0,320,7.6,6,1012.0,2
2023-12-06 05:00:00,32.0,71,0.0,30,9.4,7,1011.0,2
2023-12-06 06:00:00,32.0,67,0.0,47,5.4,7,1010.0,2
2023-12-06 07:00:00,32.0,71,0.0,170,9.4,7,1009.0,3
2023-12-06 08:00:00,32.0,71,0.0,49,5.4,7,1009.0,2
2023-12-06 09:00:00,31.0,75,0.0,170,13.0,7,1009.0,2
2023-12-06 10:00:00,30.0,79,0.0,170,14.8,7,1010.0,2
2023-12-06 11:00:00,29.0,84,0.0,180,11.2,7,1010.0,2
2023-12-06 12:00:00,29.0,79,0.0,180,9.4,6,1011.0,2
2023-12-06 13:00:00,29.0,79,0.0,170,9.4,6,1012.0,2
2023-12-06 14:00:00,28.0,89,0.0,130,7.6,6,1012.0,2
2023-12-06 15:00:00,27.0,94,0.0,100,3.6,6,1012.0,2
2023-12-06 16:00:00,28.0,89,0.0,120,5.4,6,1012.0,2
2023-12-06 17:00:00,27.0,94,0.0,80,9.4,6,1011.0,2
2023-12-06 18:00:00,26.0,94,0.0,80,5.4,6,1011.0,2
2023-12-06 19:00:00,26.0,100,0.0,305,3.6,6,1010.0,2
2023-12-06 20:00:00,26.0,100,0.0,291,3.6,6,1010.0,2
2023-12-06 21:00:00,26.0,94,0.2,10,5.4,6,1010.0,2
2023-12-06 22:00:00,26.0,94,0.0,292,1.8,7,1010.0,2
2023-12-06 23:00:00,25.0,100,0.0,330,3.6,7,1011.0,2
2023-12-07 00:00:00,26.0,100,0.0,237,1.8,0,1012.0,2
2023-12-07 01:00:00,28.0,89,0.0,33,1.8,0,1013.0,2
2023-12-07 02:00:00,30.0,75,0.0,38,1.8,7,1013.0,2
2023-12-07 03:00:00,31.0,70,0.0,130,1.8,7,1013.0,2
2023-12-07 04:00:00,31.0,70,0.0,42,5.4,7,1012.0,2
2023-12-07 05:00:00,32.0,63,0.0,130,7.6,7,1011.0,2
2023-12-07 06:00:00,32.0,67,0.0,160,13.0,7,1010.0,3
2023-12-07 07:00:00,32.0,63,0.0,59,3.6,7,1009.0,3
2023-12-07 08:00:00,32.0,67,0.0,210,13.0,7,1008.0,2
2023-12-07 09:00:00,32.0,67,0.0,190,13.0,7,1009.0,2
2023-12-07 10:00:00,30.0,75,0.0,190,13.0,7,1009.0,2
2023-12-07 11:00:00,29.0,79,0.0,190,13.0,7,1010.0,2
2023-12-07 12:00:00,29.0,79,0.0,170,9.4,7,1011.0,2
2023-12-07 13:00:00,29.0,79,0.0,130,7.6,7,1012.0,2
2023-12-07 14:00:00,28.0,84,0.0,91,5.4,6,1012.0,2
2023-12-07 15:00:00,28.0,84,0.0,120,7.6,6,1012.0,2
2023-12-07 16:00:00,27.0,89,0.0,90,7.6,6,1012.0,2
2023-12-07 17:00:00,26.0,94,0.0,80,7.6,6,1012.0,2
2023-12-07 18:00:00,26.0,94,0.0,276,3.6,6,1011.0,2
2023-12-07 19:00:00,26.0,94,0.0,269,3.6,6,1011.0,2
2023-12-07 20:00:00,26.0,94,0.0,80,3.6,6,1010.0,2
2023-12-07 21:00:00,26.0,94,0.0,360,1.8,6,1011.0,2
2023-12-07 22:00:00,26.0,94,0.0,247,1.8,6,1011.0,2
2023-12-07 23:00:00,26.0,94,0.0,222,3.6,0,1012.0,2
2023-12-08 00:00:00,26.0,94,0.0,0,0.0,0,1012.0,2
2023-12-08 01:00:00,27.0,94,0.0,25,3.6,0,1013.0,2
2023-12-08 02:00:00,28.0,89,0.0,31,3.6,0,1013.0,2
2023-12-08 03:00:00,28.0,89,0.0,33,5.4,7,1013.0,2
2023-12-08 04:00:00,29.0,84,0.0,35,3.6,7,1012.0,5
2023-12-08 05:00:00,31.0,75,0.0,40,5.4,7,1011.0,2
2023-12-08 06:00:00,32.0,67,0.0,45,5.4,7,1010.0,3
2023-12-08 07:00:00,32.0,67,0.0,45,5.4,7,1009.0,3
2023-12-08 08:00:00,31.0,70,0.0,290,7.6,7,1009.0,2
2023-12-08 09:00:00,29.0,84,0.0,46,5.4,7,1009.0,2
2023-12-08 10:00:00,27.0,94,0.0,57,5.4,7,1010.0,2
2023-12-08 11:00:00,28.0,94,0.0,210,5.4,7,1011.0,2
2023-12-08 12:00:00,28.0,89,0.0,160,9.4,7,1011.0,2
2023-12-08 13:00:00,28.0,89,0.0,150,9.4,7,1012.0,2
2023-12-08 14:00:00,28.0,89,0.0,130,7.6,6,1012.0,2
2023-12-08 15:00:00,27.0,89,0.0,140,11.2,6,1012.0,2
2023-12-08 16:00:00,26.0,94,0.0,90,5.4,6,1012.0,2
2023-12-08 17:00:00,27.0,89,0.0,130,7.6,6,1012.0,2
2023-12-08 18:00:00,26.0,94,0.0,270,5.4,6,1011.0,2
2023-12-08 19:00:00,26.0,94,0.0,90,1.8,6,1010.0,2
2023-12-08 20:00:00,25.0,100,0.0,0,0.0,6,1010.0,2
2023-12-08 21:00:00,25.0,100,0.0,60,3.6,6,1010.0,2
2023-12-08 22:00:00,25.0,100,0.0,288,3.6,6,1011.0,2
2023-12-08 23:00:00,25.0,94,0.0,80,1.8,6,1011.0,2
2023-12-09 00:00:00,26.0,100,0.0,0,0.0,6,1012.0,5
2023-12-09 01:00:00,28.0,94,0.0,52,1.8,6,1013.0,2
2023-12-09 02:00:00,29.0,89,0.0,53,3.6,6,1013.0,2
2023-12-09 03:00:00,30.0,79,0.0,54,3.6,6,1013.0,2
2023-12-09 04:00:00,32.0,67,0.0,50,3.6,6,1012.0,2
2023-12-09 05:00:00,33.0,59,0.0,50,1.8,7,1011.0,2
2023-12-09 06:00:00,33.0,59,0.0,190,7.6,7,1009.0,2
2023-12-09 07:00:00,32.0,63,0.0,52,5.4,7,1009.0,2
2023-12-09 08:00:00,32.0,67,0.0,150,9.4,6,1009.0,2
2023-12-09 09:00:00,31.0,66,0.0,180,9.4,6,1008.0,2
2023-12-09 10:00:00,30.0,62,0.0,200,13.0,7,1009.0,2
2023-12-09 11:00:00,29.0,70,0.0,170,7.6,7,1009.0,2
2023-12-09 12:00:00,29.0,74,0.0,180,9.4,6,1010.0,2
2023-12-09 13:00:00,28.0,84,0.0,170,5.4,6,1010.0,2
2023-12-09 14:00:00,28.0,89,0.0,180,11.2,6,1010.0,2
2023-12-09 15:00:00,27.0,94,0.0,190,11.2,6,1010.0,1
2023-12-09 16:00:00,27.0,94,0.0,180,9.4,6,1010.0,2
2023-12-09 17:00:00,27.0,94,0.0,190,7.6,6,1010.0,2
2023-12-09 18:00:00,27.0,94,0.0,210,7.6,6,1010.0,1
2023-12-09 19:00:00,27.0,94,0.0,171,3.6,5,1009.0,1
2023-12-09 20:00:00,27.0,94,0.0,180,9.4,5,1009.0,1
2023-12-09 21:00:00,27.0,94,0.0,160,9.4,5,1009.0,1
2023-12-09 22:00:00,26.0,100,0.0,105,3.6,5,1010.0,2
2023-12-09 23:00:00,26.0,94,0.0,131,3.6,5,1010.0,2
2023-12-10 00:00:00,27.0,94,0.0,154,5.4,5,1011.0,2
2023-12-10 01:00:00,27.0,94,0.0,90,11.2,6,1012.0,2
2023-12-10 02:00:00,29.0,84,0.0,90,7.6,6,1012.0,2
2023-12-10 03:00:00,30.0,79,0.0,58,5.4,6,1012.0,2
2023-12-10 04:00:00,31.0,70,0.0,100,1.8,6,1011.0,2
2023-12-10 05:00:00,31.0,66,0.0,60,5.4,6,1010.0,2
2023-12-10 06:00:00,32.0,59,0.0,310,3.6,6,1009.0,2
2023-12-10 07:00:00,32.0,59,0.0,53,5.4,6,1008.0,2
2023-12-10 08:00:00,32.0,63,0.0,270,9.4,6,1008.0,2
2023-12-10 09:00:00,32.0,63,0.0,260,9.4,6,1008.0,2
2023-12-10 10:00:00,31.0,66,0.0,260,5.4,6,1008.0,2
2023-12-10 11:00:00,30.0,75,0.0,170,11.2,6,1009.0,2
2023-12-10 12:00:00,29.0,74,0.0,160,11.2,6,1010.0,2
2023-12-10 13:00:00,29.0,70,0.0,140,11.2,6,1010.0,2
2023-12-10 14:00:00,28.0,74,0.0,140,14.8,6,1011.0,1
2023-12-10 15:00:00,28.0,74,0.0,130,14.8,5,1011.0,1
2023-12-10 16:00:00,27.0,84,0.0,130,16.6,5,1011.0,2
2023-12-10 17:00:00,27.0,89,0.0,130,16.6,5,1010.0,1
2023-12-10 18:00:00,26.0,94,0.0,140,9.4,5,1010.0,1
2023-12-10 19:00:00,26.0,94,0.0,130,14.8,5,1010.0,1
2023-12-10 20:00:00,26.0,94,0.0,140,7.6,5,1010.0,1
2023-12-10 21:00:00,25.0,100,0.0,110,7.6,5,1010.0,1
2023-12-10 22:00:00,24.0,100,0.0,90,9.4,5,1010.0,1
2023-12-10 23:00:00,24.0,100,0.0,148,5.4,5,1010.0,2
2023-12-11 00:00:00,26.0,94,0.0,90,7.6,0,1011.0,2
2023-12-11 01:00:00,28.0,89,0.0,70,11.2,5,1012.0,2
2023-12-11 02:00:00,30.0,79,0.0,70,11.2,6,1011.9,2
2023-12-11 03:00:00,32.0,71,0.0,70,13.0,6,1012.4,2
2023-12-11 04:00:00,33.0,63,0.0,80,13.0,6,1012.0,2
2023-12-11 05:00:00,34.0,53,0.0,61,11.2,6,1011.0,2
2023-12-11 06:00:00,34.0,47,0.0,120,9.4,6,1010.0,2
2023-12-11 07:00:00,34.0,47,0.0,140,9.4,6,1009.0,2
2023-12-11 08:00:00,35.0,39,0.0,58,5.4,6,1008.0,2
2023-12-11 09:00:00,34.0,44,0.0,160,9.4,6,1008.0,2
2023-12-11 10:00:00,32.0,63,0.0,200,16.6,6,1009.0,2
2023-12-11 11:00:00,31.0,62,0.0,160,13.0,6,1009.0,2
2023-12-11 12:00:00,30.0,62,0.0,140,14.8,6,1010.0,2
2023-12-11 13:00:00,29.0,66,0.0,130,14.8,6,1010.0,2
2023-12-11 14:00:00,28.0,74,0.0,130,11.2,5,1011.0,1
2023-12-11 15:00:00,28.0,79,0.0,140,7.6,5,1011.0,1
2023-12-11 16:00:00,27.0,84,0.0,140,13.0,5,1010.0,2
2023-12-11 17:00:00,27.0,84,0.0,43,5.4,5,1010.0,2
2023-12-11 18:00:00,26.0,89,0.0,355,3.6,5,1010.0,1
2023-12-11 19:00:00,26.0,89,0.0,303,3.6,5,1010.0,1
2023-12-11 20:00:00,25.0,94,0.0,80,5.4,5,1009.0,1
2023-12-11 21:00:00,25.0,94,0.0,80,7.6,4,1009.0,1
2023-12-11 22:00:00,25.0,94,0.0,80,5.4,5,1010.0,2
2023-12-11 23:00:00,26.0,89,0.0,156,5.4,5,1010.0,2
2023-12-12 00:00:00,26.0,94,0.0,60,9.4,5,1011.0,2
2023-12-12 01:00:00,28.0,84,0.0,50,11.2,5,1012.0,2
2023-12-12 02:00:00,30.0,70,0.0,70,14.8,6,1012.0,2
2023-12-12 03:00:00,32.0,52,0.0,80,14.8,6,1012.0,2
2023-12-12 04:00:00,33.0,46,0.0,90,20.5,6,1011.0,2
2023-12-12 05:00:00,35.0,42,0.0,90,14.8,6,1010.0,2
2023-12-12 06:00:00,35.0,39,0.0,120,16.6,6,1009.0,2
2023-12-12 07:00:00,35.0,39,0.0,110,18.4,6,1009.0,2
2023-12-12 08:00:00,34.0,41,0.0,70,9.4,6,1008.0,2
2023-12-12 09:00:00,35.0,39,0.0,120,14.8,6,1008.0,2
2023-12-12 10:00:00,33.0,44,0.0,110,11.2,6,1008.0,2
2023-12-12 11:00:00,31.0,62,0.0,160,9.4,6,1009.0,2
2023-12-12 12:00:00,30.0,66,0.0,130,7.6,6,1009.0,2
2023-12-12 13:00:00,30.0,66,0.0,78,5.4,6,1010.0,2
2023-12-12 14:00:00,30.0,66,0.0,140,9.4,6,1010.0,2
2023-12-12 15:00:00,28.0,74,0.0,72,1.8,6,1011.0,2
2023-12-12 16:00:00,27.0,89,0.0,150,7.6,5,1011.0,2
2023-12-12 17:00:00,27.0,84,0.0,80,9.4,5,1011.0,2
2023-12-12 18:00:00,27.0,89,0.0,80,7.6,5,1010.0,1
2023-12-12 19:00:00,26.0,89,0.0,90,5.4,5,1010.0,1
2023-12-12 20:00:00,26.0,89,0.0,40,3.6,5,1009.0,1
2023-12-12 21:00:00,25.0,94,0.0,275,1.8,5,1009.0,1
2023-12-12 22:00:00,26.0,94,0.0,336,3.6,5,1010.0,1
2023-12-12 23:00:00,25.0,94,0.0,269,5.4,5,1011.0,2
2023-12-13 00:00:00,26.0,94,0.0,10,1.8,0,1012.0,2
2023-12-13 01:00:00,28.0,74,0.0,60,7.6,0,1013.0,2
2023-12-13 02:00:00,31.0,59,0.0,54,5.4,6,1013.0,2
2023-12-13 03:00:00,32.0,49,0.0,56,5.4,6,1013.0,2
2023-12-13 04:00:00,33.0,44,0.0,53,7.6,6,1012.0,2
2023-12-13 05:00:00,34.0,41,0.0,57,3.6,7,1012.0,2
2023-12-13 06:00:00,34.0,44,0.0,59,9.4,7,1011.0,2
2023-12-13 07:00:00,34.0,44,0.7,140,13.0,7,1010.0,2
2023-12-13 08:00:00,33.0,46,0.3,140,13.0,7,1009.0,2
2023-12-13 09:00:00,32.0,59,0.0,180,11.2,7,1009.0,2
2023-12-13 10:00:00,31.0,66,2.1,180,18.4,7,1010.0,2
2023-12-13 11:00:00,30.0,70,1.8,200,7.6,7,1010.0,2
2023-12-13 12:00:00,30.0,70,0.0,76,3.6,7,1011.0,2
2023-12-13 13:00:00,29.0,79,0.0,74,5.4,6,1012.0,2
2023-12-13 14:00:00,30.0,75,0.0,160,7.6,6,1012.0,2
2023-12-13 15:00:00,30.0,75,0.0,59,5.4,6,1012.0,2
2023-12-13 16:00:00,29.0,84,0.0,120,7.6,6,1012.0,2
2023-12-13 17:00:00,29.0,79,0.0,130,9.4,6,1013.0,2
2023-12-13 18:00:00,28.0,84,0.0,300,3.6,6,1012.0,2
2023-12-13 19:00:00,27.0,94,0.0,80,3.6,6,1011.0,2
2023-12-13 20:00:00,27.0,94,0.0,360,7.6,6,1011.0,2
2023-12-13 21:00:00,27.0,94,0.0,30,3.6,6,1011.0,2
2023-12-13 22:00:00,27.0,94,0.0,50,3.6,6,1011.0,2
2023-12-13 23:00:00,26.0,100,0.0,128,5.4,6,1012.0,2
2023-12-14 00:00:00,27.0,94,0.0,60,7.6,0,1012.0,2
2023-12-14 01:00:00,30.0,70,0.0,80,11.2,6,1013.0,2
2023-12-14 02:00:00,32.0,52,0.0,80,13.0,6,1014.0,2
2023-12-14 03:00:00,33.0,49,0.0,90,24.1,6,1014.0,2
2023-12-14 04:00:00,34.0,47,0.0,80,18.4,6,1013.0,2
2023-12-14 05:00:00,35.0,44,0.0,100,24.1,6,1012.0,2
2023-12-14 06:00:00,35.0,44,0.0,100,20.5,6,1011.0,2
2023-12-14 07:00:00,35.0,44,0.0,100,20.5,6,1010.0,2
2023-12-14 08:00:00,35.0,44,0.0,120,20.5,6,1009.0,2
2023-12-14 09:00:00,34.0,47,0.0,150,14.8,6,1009.0,2
2023-12-14 10:00:00,33.0,49,0.0,130,18.4,6,1010.0,2
2023-12-14 11:00:00,32.0,52,0.0,130,13.0,6,1010.0,2
2023-12-14 12:00:00,31.0,59,0.0,130,18.4,6,1011.0,2
2023-12-14 13:00:00,30.0,66,0.0,130,16.6,6,1012.0,2
2023-12-14 14:00:00,30.0,66,0.0,130,13.0,6,1013.0,1
2023-12-14 15:00:00,29.0,66,0.0,130,9.4,6,1013.0,1
2023-12-14 16:00:00,28.0,79,0.0,60,11.2,5,1012.0,2
2023-12-14 17:00:00,27.0,84,0.0,80,7.6,5,1012.0,1
2023-12-14 18:00:00,27.0,89,0.0,90,5.4,5,1012.0,1
2023-12-14 19:00:00,26.0,94,0.0,80,9.4,5,1011.0,1
2023-12-14 20:00:00,26.0,94,0.0,80,9.4,5,1011.0,1
2023-12-14 21:00:00,26.0,94,0.0,120,9.4,5,1011.0,1
2023-12-14 22:00:00,25.0,100,0.0,80,9.4,5,1011.0,2
2023-12-14 23:00:00,25.0,100,0.0,197,5.4,5,1011.0,2
2023-12-15 00:00:00,27.0,94,0.0,213,5.4,5,1012.0,2
2023-12-15 01:00:00,29.0,79,0.0,57,5.4,6,1013.0,2
2023-12-15 02:00:00,31.0,66,0.0,70,7.6,6,1013.0,2
2023-12-15 03:00:00,33.0,56,0.0,60,7.6,6,1013.0,2
2023-12-15 04:00:00,33.0,52,0.0,70,7.6,6,1012.0,2
2023-12-15 05:00:00,34.0,47,0.0,70,7.6,6,1011.0,2
2023-12-15 06:00:00,35.0,39,0.0,140,9.4,6,1010.0,2
2023-12-15 07:00:00,35.0,42,0.0,150,14.8,6,1009.0,2
2023-12-15 08:00:00,35.0,39,0.0,140,11.2,6,1009.0,2
2023-12-15 09:00:00,34.0,44,0.0,140,9.4,6,1009.0,2
2023-12-15 10:00:00,32.0,59,0.0,180,13.0,6,1009.0,2
2023-12-15 11:00:00,30.0,70,0.0,150,11.2,6,1010.0,2
2023-12-15 12:00:00,30.0,70,0.0,140,13.0,6,1010.0,2
2023-12-15 13:00:00,30.0,66,0.0,130,9.4,6,1011.0,2
2023-12-15 14:00:00,29.0,70,0.0,140,7.6,6,1011.0,2
2023-12-15 15:00:00,29.0,74,0.0,140,11.2,6,1012.0,1
2023-12-15 16:00:00,28.0,79,0.0,43,1.8,5,1011.0,2
2023-12-15 17:00:00,27.0,84,0.0,286,1.8,5,1011.0,2
2023-12-15 18:00:00,27.0,89,0.0,90,5.4,5,1011.0,1
2023-12-15 19:00:00,27.0,84,0.0,257,1.8,0,1010.0,1
2023-12-15 20:00:00,26.0,89,0.0,256,1.8,0,1010.0,1
2023-12-15 21:00:00,26.0,94,0.0,80,1.8,4,1010.0,1
2023-12-15 22:00:00,26.0,89,0.0,70,5.4,5,1011.0,2
2023-12-15 23:00:00,26.0,94,0.0,60,7.6,5,1011.0,2
2023-12-16 00:00:00,26.0,100,0.0,50,7.6,5,1012.0,2
2023-12-16 01:00:00,28.0,89,0.0,45,5.4,5,1013.0,2
2023-12-16 02:00:00,30.0,75,0.0,70,9.4,6,1013.0,2
2023-12-16 03:00:00,32.0,67,0.0,80,9.4,6,1013.0,2
2023-12-16 04:00:00,31.0,62,0.0,50,11.2,6,1013.0,2
2023-12-16 05:00:00,32.0,56,0.0,56,5.4,6,1012.0,2
2023-12-16 06:00:00,33.0,53,0.0,50,9.0,6,1010.0,2
2023-12-16 07:00:00,33.0,49,0.0,130,9.0,6,1009.0,2
2023-12-16 08:00:00,33.0,52,0.0,52,5.4,6,1009.0,2
2023-12-16 09:00:00,33.0,49,0.0,49,3.6,6,1009.0,2
2023-12-16 10:00:00,31.0,66,0.0,210,16.6,6,1010.0,2
2023-12-16 11:00:00,30.0,66,0.0,200,11.2,6,1010.0,2
2023-12-16 12:00:00,30.0,70,0.0,150,9.4,6,1011.0,2
2023-12-16 13:00:00,29.0,70,0.0,150,9.4,6,1011.0,2
2023-12-16 14:00:00,29.0,74,0.0,130,9.4,6,1012.0,2
2023-12-16 15:00:00,28.0,79,0.0,130,9.4,5,1012.0,1
2023-12-16 16:00:00,28.0,79,0.0,140,9.4,5,1012.0,2
2023-12-16 17:00:00,28.0,79,0.0,130,7.6,5,1012.0,2
2023-12-16 18:00:00,27.0,84,0.0,90,9.4,5,1012.0,1
2023-12-16 19:00:00,26.0,94,0.0,275,5.4,5,1011.0,1
2023-12-16 20:00:00,26.0,94,0.0,280,3.6,5,1011.0,1
2023-12-16 21:00:00,25.0,100,0.0,70,7.6,5,1011.0,1
2023-12-16 22:00:00,26.0,94,0.0,342,5.4,5,1011.0,2
2023-12-16 23:00:00,25.0,100,0.0,40,7.6,5,1012.0,2
2023-12-17 00:00:00,26.0,94,0.0,50,7.6,5,1013.0,2
2023-12-17 01:00:00,28.0,84,0.0,56,5.4,5,1013.0,2
2023-12-17 02:00:00,30.0,70,0.0,80,9.4,6,1013.0,2
2023-12-17 03:00:00,32.0,52,0.0,140,7.6,6,1013.0,2
2023-12-17 04:00:00,34.0,44,0.0,56,3.6,6,1012.0,2
2023-12-17 05:00:00,35.0,44,0.0,140,16.6,6,1011.0,2
2023-12-17 06:00:00,35.0,44,0.0,150,11.2,6,1010.0,2
2023-12-17 07:00:00,34.0,47,0.0,130,13.0,6,1009.0,2
2023-12-17 08:00:00,34.0,47,0.0,59,5.4,6,1009.0,2
2023-12-17 09:00:00,34.0,56,0.0,210,9.4,6,1009.0,2
2023-12-17 10:00:00,32.0,67,0.0,200,14.8,6,1009.0,2
2023-12-17 11:00:00,30.0,75,0.0,180,11.2,6,1010.0,2
2023-12-17 12:00:00,30.0,75,0.0,170,11.2,6,1010.0,2
2023-12-17 13:00:00,28.0,79,0.0,20,18.4,6,1012.0,2
2023-12-17 14:00:00,27.0,94,0.0,60,7.6,6,1011.0,2
2023-12-17 15:00:00,27.0,94,0.0,2,3.6,6,1012.0,2
2023-12-17 16:00:00,27.0,94,0.0,19,3.6,6,1012.0,2
2023-12-17 17:00:00,27.0,89,0.0,310,1.8,6,1012.0,2
2023-12-17 18:00:00,26.0,94,0.0,320,5.4,5,1012.0,2
2023-12-17 19:00:00,26.0,94,0.0,289,3.6,5,1011.0,1
2023-12-17 20:00:00,26.0,84,0.0,80,7.6,5,1011.0,1
2023-12-17 21:00:00,25.0,89,0.0,70,5.4,5,1011.0,1
2023-12-17 22:00:00,25.0,89,0.0,60,3.6,5,1011.0,2
2023-12-17 23:00:00,24.0,100,0.0,234,3.6,5,1012.0,2
2023-12-18 00:00:00,26.0,94,0.0,205,5.4,5,1013.0,2
2023-12-18 01:00:00,28.0,89,0.0,51,5.4,6,1014.0,2
2023-12-18 02:00:00,29.0,84,0.0,55,3.6,6,1014.0,2
2023-12-18 03:00:00,31.0,71,0.0,20,9.0,6,1014.0,2
2023-12-18 04:00:00,32.0,56,0.0,50,7.6,6,1013.0,2
2023-12-18 05:00:00,32.0,52,0.0,50,13.0,6,1012.0,2
2023-12-18 06:00:00,33.0,49,0.0,60,7.6,7,1011.0,2
2023-12-18 07:00:00,34.0,47,0.0,10,11.2,6,1010.0,2
2023-12-18 08:00:00,33.0,49,0.4,30,11.2,6,1010.0,2
2023-12-18 09:00:00,32.0,49,5.0,360,7.6,6,1010.0,2
2023-12-18 10:00:00,32.0,56,0.0,20,11.2,7,1010.0,2
2023-12-18 11:00:00,31.0,55,0.1,40,7.6,7,1011.0,2
2023-12-18 12:00:00,30.0,66,0.2,71,1.8,7,1011.0,2
2023-12-18 13:00:00,30.0,66,0.0,30,11.2,6,1012.0,2
2023-12-18 14:00:00,29.0,70,0.0,70,11.2,6,1012.0,2
2023-12-18 15:00:00,28.0,74,0.0,60,9.4,6,1013.0,2
2023-12-18 16:00:00,28.0,74,0.0,50,7.6,6,1012.0,2
2023-12-18 17:00:00,27.0,79,0.0,40,7.6,6,1012.0,2
2023-12-18 18:00:00,27.0,84,0.0,300,5.4,6,1012.0,2
2023-12-18 19:00:00,26.0,89,0.0,20,7.6,6,1011.0,2
2023-12-18 20:00:00,26.0,89,0.0,60,11.2,6,1011.0,2
2023-12-18 21:00:00,25.0,94,0.0,20,5.4,6,1011.0,2
2023-12-18 22:00:00,25.0,89,0.0,20,11.2,6,1011.0,2
2023-12-18 23:00:00,25.0,89,0.0,30,7.6,6,1011.0,2
2023-12-19 00:00:00,25.0,89,0.0,202,5.4,6,1012.0,2
2023-12-19 01:00:00,28.0,79,0.0,40,9.4,6,1013.0,2
2023-12-19 02:00:00,29.0,70,0.0,360,13.0,6,1013.0,2
2023-12-19 03:00:00,31.0,59,0.0,53,11.2,6,1013.0,2
2023-12-19 04:00:00,33.0,49,0.0,20,11.2,7,1013.0,2
2023-12-19 05:00:00,34.0,47,0.0,330,7.6,7,1012.0,3
2023-12-19 06:00:00,34.0,44,0.0,350,9.4,7,1011.0,3
2023-12-19 07:00:00,34.0,47,0.0,40,9.0,7,1010.0,3
2023-12-19 08:00:00,33.0,46,0.0,20,7.6,7,1009.0,3
2023-12-19 09:00:00,33.0,46,0.0,10,13.0,7,1009.0,3
2023-12-19 10:00:00,32.0,52,0.0,60,11.2,7,1010.0,3
2023-12-19 11:00:00,30.0,75,0.0,130,14.8,7,1011.0,3
2023-12-19 12:00:00,30.0,70,0.0,130,11.2,7,1011.0,3
2023-12-19 13:00:00,29.0,79,0.0,49,3.6,7,1012.0,2
2023-12-19 14:00:00,29.0,70,0.0,50,13.0,7,1012.0,2
2023-12-19 15:00:00,28.0,62,0.0,50,13.0,7,1012.0,2
2023-12-19 16:00:00,28.0,62,0.0,50,11.2,6,1012.0,2
2023-12-19 17:00:00,27.0,62,0.0,50,9.4,6,1012.0,2
2023-12-19 18:00:00,27.0,62,0.0,50,13.0,6,1011.0,2
2023-12-19 19:00:00,27.0,62,0.0,50,9.4,6,1011.0,2
2023-12-19 20:00:00,26.0,65,0.0,307,5.4,6,1010.0,2
2023-12-19 21:00:00,26.0,65,0.0,307,3.6,6,1010.0,2
2023-12-19 22:00:00,26.0,70,0.0,10,5.4,6,1011.0,2
2023-12-19 23:00:00,25.0,78,0.0,20,9.4,6,1011.0,2
2023-12-20 00:00:00,26.0,74,0.0,20,7.6,7,1012.0,2
2023-12-20 01:00:00,27.0,70,0.0,38,5.4,6,1013.0,2
2023-12-20 02:00:00,30.0,55,0.0,60,14.8,7,1013.0,2
2023-12-20 03:00:00,31.0,52,0.0,60,11.2,7,1012.0,3
2023-12-20 04:00:00,33.0,46,0.0,70,9.4,7,1012.0,2
2023-12-20 05:00:00,34.0,41,0.0,70,14.8,7,1011.0,3
2023-12-20 06:00:00,33.0,46,0.0,70,14.8,7,1010.0,3
2023-12-20 07:00:00,33.0,49,0.0,60,13.0,7,1009.0,3
2023-12-20 08:00:00,33.0,49,0.0,50,11.2,7,1009.0,3
2023-12-20 09:00:00,28.0,79,0.0,10,22.3,7,1009.0,3
2023-12-20 10:00:00,29.0,74,0.2,37,7.6,7,1009.0,3
2023-12-20 11:00:00,30.0,59,0.5,70,18.4,7,1010.0,3
2023-12-20 12:00:00,30.0,55,0.0,50,18.4,7,1011.0,3
2023-12-20 13:00:00,29.0,58,0.0,50,11.2,7,1012.0,3
2023-12-20 14:00:00,28.0,62,0.0,30,14.8,7,1012.0,3
2023-12-20 15:00:00,28.0,58,0.0,40,14.8,7,1012.0,3
2023-12-20 16:00:00,27.0,66,0.0,30,11.2,7,1011.0,3
2023-12-20 17:00:00,26.0,70,0.0,30,11.2,7,1011.0,3
2023-12-20 18:00:00,26.0,70,0.0,30,13.0,7,1010.0,3
2023-12-20 19:00:00,26.0,65,0.0,40,13.0,7,1010.0,3
2023-12-20 20:00:00,26.0,65,0.0,40,9.4,7,1010.0,3
2023-12-20 21:00:00,25.0,69,0.0,30,11.2,7,1010.0,3
2023-12-20 22:00:00,24.0,74,0.0,30,7.6,7,1010.0,3
2023-12-20 23:00:00,25.0,69,0.0,30,7.6,7,1010.0,3
2023-12-21 00:00:00,26.0,65,0.0,20,7.6,7,1011.0,3
2023-12-21 01:00:00,27.0,62,0.0,40,11.2,7,1012.0,3
2023-12-21 02:00:00,29.0,55,0.0,50,16.6,7,1012.0,3
2023-12-21 03:00:00,31.0,49,0.0,60,13.0,7,1012.0,3
2023-12-21 04:00:00,32.0,49,0.0,70,7.6,7,1012.0,3
2023-12-21 05:00:00,33.0,44,0.0,30,7.6,7,1011.0,3
2023-12-21 06:00:00,34.0,41,0.0,350,11.2,7,1010.0,3
2023-12-21 07:00:00,34.0,41,0.0,20,13.0,7,1009.0,3
2023-12-21 08:00:00,35.0,39,0.0,10,14.8,7,1008.0,3
2023-12-21 09:00:00,34.0,41,0.0,360,9.4,7,1009.0,3
2023-12-21 10:00:00,33.0,44,0.0,20,16.6,7,1009.0,3
2023-12-21 11:00:00,31.0,49,0.0,20,14.8,7,1010.0,3
2023-12-21 12:00:00,30.0,52,0.0,20,18.4,7,1011.0,3
2023-12-21 13:00:00,29.0,55,0.0,40,16.6,7,1012.0,3
2023-12-21 14:00:00,28.0,55,0.0,50,20.5,7,1013.0,3
2023-12-21 15:00:00,27.0,58,0.0,40,16.6,7,1013.0,2
2023-12-21 16:00:00,27.0,58,0.0,40,9.4,7,1013.0,2
2023-12-21 17:00:00,26.0,61,0.0,20,9.4,6,1013.0,2
2023-12-21 18:00:00,25.0,65,0.0,30,9.4,6,1012.0,2
2023-12-21 19:00:00,25.0,69,0.0,20,9.4,6,1011.0,2
2023-12-21 20:00:00,25.0,69,0.0,30,9.4,6,1011.0,2
2023-12-21 21:00:00,24.0,74,0.0,40,9.4,6,1011.0,2
2023-12-21 22:00:00,24.0,74,0.0,30,7.6,6,1011.0,2
2023-12-21 23:00:00,24.0,74,0.0,30,9.4,6,1012.0,2
2023-12-22 00:00:00,24.0,78,0.0,360,9.4,7,1013.0,2
2023-12-22 01:00:00,25.0,74,0.0,350,11.2,7,1014.0,3
2023-12-22 02:00:00,28.0,62,0.0,360,13.0,7,1014.0,3
2023-12-22 03:00:00,30.0,52,0.0,20,14.8,7,1014.0,3
2023-12-22 04:00:00,32.0,46,0.0,30,16.6,7,1013.0,3
2023-12-22 05:00:00,33.0,44,0.0,50,24.1,7,1013.0,3
2023-12-22 06:00:00,34.0,41,0.0,60,20.5,7,1011.0,3
2023-12-22 07:00:00,35.0,39,0.0,70,22.3,7,1010.0,3
2023-12-22 08:00:00,33.0,44,0.0,70,20.5,7,1010.0,3
2023-12-22 09:00:00,31.0,49,0.4,80,14.8,7,1011.0,3
2023-12-22 10:00:00,29.0,66,0.0,130,13.0,8,1012.0,7
2023-12-22 11:00:00,29.0,66,0.4,130,11.2,8,1012.0,7
2023-12-22 12:00:00,28.0,70,0.0,37,5.4,7,1013.0,7
2023-12-22 13:00:00,28.0,62,0.0,40,20.5,7,1014.0,3
2023-12-22 14:00:00,28.0,58,0.0,40,20.5,7,1015.0,3
2023-12-22 15:00:00,28.0,55,0.0,40,14.8,7,1015.0,3
2023-12-22 16:00:00,27.0,58,0.0,30,9.4,7,1014.0,3
2023-12-22 17:00:00,27.0,58,0.0,20,7.6,7,1014.0,3
2023-12-22 18:00:00,26.0,61,0.0,20,7.6,7,1013.0,3
2023-12-22 19:00:00,26.0,61,0.0,20,14.8,7,1012.0,3
2023-12-22 20:00:00,26.0,61,0.0,20,11.2,7,1012.0,3
2023-12-22 21:00:00,26.0,61,0.0,20,13.0,7,1012.0,3
2023-12-22 22:00:00,24.0,74,0.0,314,5.4,7,1012.0,3
2023-12-22 23:00:00,24.0,78,1.1,320,5.4,8,1013.0,3
2023-12-23 00:00:00,24.0,78,0.0,353,5.4,8,1013.0,3
2023-12-23 01:00:00,25.0,74,0.0,330,7.6,8,1015.0,3
2023-12-23 02:00:00,27.0,66,0.0,350,9.4,8,1015.0,3
2023-12-23 03:00:00,29.0,58,0.0,20,9.4,8,1015.0,3
2023-12-23 04:00:00,30.0,55,0.0,50,9.4,8,1014.0,3
2023-12-23 05:00:00,31.0,52,0.0,350,14.8,8,1013.0,3
2023-12-23 06:00:00,31.0,49,0.0,10,16.6,8,1012.0,7
2023-12-23 07:00:00,31.0,49,0.0,360,14.8,8,1012.0,7
2023-12-23 08:00:00,31.0,52,0.0,350,11.2,8,1011.0,7
2023-12-23 09:00:00,30.0,55,1.7,60,14.8,8,1012.0,7
2023-12-23 10:00:00,30.0,55,0.0,60,14.8,8,1012.0,7
2023-12-23 11:00:00,29.0,58,0.0,50,14.8,8,1013.0,7
2023-12-23 12:00:00,28.0,58,0.0,30,11.2,8,1014.0,7
2023-12-23 13:00:00,28.0,58,0.0,50,11.2,8,1014.0,7
2023-12-23 14:00:00,27.0,62,0.0,40,11.2,8,1015.0,3
2023-12-23 15:00:00,27.0,62,0.0,50,14.8,8,1015.0,3
2023-12-23 16:00:00,26.0,65,0.0,30,13.0,8,1015.0,3
2023-12-23 17:00:00,26.0,65,0.0,20,11.2,8,1015.0,3
2023-12-23 18:00:00,25.0,65,0.0,20,13.0,8,1014.0,3
2023-12-23 19:00:00,25.0,69,0.0,10,9.4,8,1014.0,3
2023-12-23 20:00:00,25.0,69,0.0,10,9.4,8,1014.0,3
2023-12-23 21:00:00,24.0,74,0.0,353,5.4,8,1014.0,7
2023-12-23 22:00:00,24.0,74,0.0,20,9.4,8,1014.0,7
2023-12-23 23:00:00,24.0,74,0.0,10,7.6,8,1015.0,7
2023-12-24 00:00:00,24.0,74,0.0,20,7.6,8,1016.0,7
2023-12-24 01:00:00,25.0,74,0.0,30,9.4,8,1017.0,7
2023-12-24 02:00:00,26.0,70,0.0,40,9.4,8,1017.0,7
2023-12-24 03:00:00,27.0,66,0.0,41,5.4,8,1017.0,7
2023-12-24 04:00:00,28.0,62,0.0,70,7.6,8,1016.0,7
2023-12-24 05:00:00,29.0,58,0.0,44,3.6,8,1015.0,7
2023-12-24 06:00:00,30.0,55,0.0,0,0.0,8,1014.0,7
2023-12-24 07:00:00,30.0,55,0.0,45,5.4,8,1014.0,7
2023-12-24 08:00:00,30.0,55,0.0,38,5.4,8,1013.0,7
2023-12-24 09:00:00,30.0,59,0.0,31,5.4,8,1013.0,7
2023-12-24 10:00:00,29.0,62,0.0,27,5.4,8,1014.0,7
2023-12-24 11:00:00,28.0,66,0.1,270,7.6,8,1014.0,7
2023-12-24 12:00:00,28.0,66,0.0,12,3.6,8,1015.0,3
2023-12-24 13:00:00,28.0,70,0.0,10,5.4,8,1015.0,3
2023-12-24 14:00:00,27.0,79,0.0,8,5.4,8,1015.0,3
2023-12-24 15:00:00,27.0,84,0.0,250,7.6,8,1015.0,3
2023-12-24 16:00:00,26.0,89,0.0,30,5.4,8,1016.1,3
2023-12-24 17:00:00,26.0,70,0.0,30,11.2,8,1014.0,3
2023-12-24 18:00:00,26.0,70,0.0,30,13.0,8,1014.0,3
2023-12-24 19:00:00,26.0,65,0.0,40,14.8,8,1014.0,3
2023-12-24 20:00:00,25.0,69,0.0,20,13.0,8,1013.0,3
2023-12-24 21:00:00,25.0,69,0.0,30,13.0,8,1013.0,3
2023-12-24 22:00:00,24.0,74,0.0,20,7.6,7,1013.0,3
2023-12-24 23:00:00,24.0,78,0.0,10,7.6,7,1014.0,3
2023-12-25 00:00:00,24.0,78,0.0,20,13.0,8,1014.0,3
2023-12-25 01:00:00,26.0,65,0.0,20,14.8,7,1016.0,3
2023-12-25 02:00:00,27.0,62,0.0,30,13.0,7,1016.0,3
2023-12-25 03:00:00,29.0,52,0.0,10,11.2,7,1015.0,3
2023-12-25 04:00:00,30.0,52,0.0,44,5.4,7,1015.0,3
2023-12-25 05:00:00,31.0,49,0.0,45,5.4,7,1014.0,3
2023-12-25 06:00:00,32.0,46,0.0,46,3.6,7,1013.0,3
2023-12-25 07:00:00,32.0,46,0.0,45,7.6,7,1012.0,3
2023-12-25 08:00:00,33.0,44,0.0,43,7.6,7,1011.0,3
2023-12-25 09:00:00,33.0,41,0.0,41,3.6,7,1011.0,3
2023-12-25 10:00:00,32.0,46,0.0,45,5.4,7,1012.0,3
2023-12-25 11:00:00,30.0,62,0.0,180,16.6,7,1013.0,3
2023-12-25 12:00:00,28.0,74,0.0,210,13.0,7,1014.0,3
2023-12-25 13:00:00,28.0,70,0.0,31,5.4,7,1015.0,3
2023-12-25 14:00:00,28.0,74,0.0,300,5.4,7,1015.0,3
2023-12-25 15:00:00,28.0,55,0.0,360,14.8,7,1015.0,3
2023-12-25 16:00:00,27.0,58,0.0,10,9.4,7,1015.0,3
2023-12-25 17:00:00,26.0,61,0.0,360,9.4,7,1015.0,2
2023-12-25 18:00:00,25.0,65,0.0,10,7.6,7,1014.0,2
2023-12-25 19:00:00,25.0,65,0.0,10,7.6,6,1014.0,2
2023-12-25 20:00:00,24.0,69,0.0,10,9.4,6,1013.0,2
2023-12-25 21:00:00,24.0,69,0.0,30,7.6,6,1013.0,2
2023-12-25 22:00:00,23.0,78,0.0,60,7.6,6,1014.0,2
2023-12-25 23:00:00,23.0,78,0.0,10,7.6,7,1014.0,2
2023-12-26 00:00:00,24.0,74,0.0,41,5.4,7,1015.0,2
2023-12-26 01:00:00,26.0,65,0.0,43,5.4,7,1016.0,2
2023-12-26 02:00:00,27.0,62,0.0,350,7.6,7,1016.0,3
2023-12-26 03:00:00,29.0,55,0.0,45,5.4,7,1016.0,3
2023-12-26 04:00:00,30.0,55,0.0,43,3.6,7,1016.0,2
2023-12-26 05:00:00,32.0,46,0.0,330,7.6,7,1015.0,3
2023-12-26 06:00:00,33.0,46,0.0,45,7.6,7,1014.0,3
2023-12-26 07:00:00,33.0,46,0.0,300,11.2,7,1013.0,3
2023-12-26 08:00:00,33.0,44,0.0,360,13.0,7,1012.0,3
2023-12-26 09:00:00,33.0,44,0.0,340,7.6,7,1012.0,2
2023-12-26 10:00:00,32.0,46,0.0,42,1.8,6,1013.0,2
2023-12-26 11:00:00,30.0,59,0.0,220,9.4,6,1013.4,2
2023-12-26 12:00:00,29.0,70,0.0,180,13.0,6,1014.0,2
2023-12-26 13:00:00,28.0,74,0.0,170,7.6,6,1015.0,2
2023-12-26 14:00:00,28.0,74,0.0,19,1.8,6,1015.0,2
2023-12-26 15:00:00,27.0,79,0.0,334,1.8,6,1016.0,2
2023-12-26 16:00:00,27.0,84,0.0,4,3.6,6,1016.0,2
2023-12-26 17:00:00,27.0,84,0.0,345,3.6,6,1015.0,2
2023-12-26 18:00:00,26.0,94,0.0,317,3.6,6,1015.0,2
2023-12-26 19:00:00,26.0,89,0.0,320,7.6,6,1014.0,5
2023-12-26 20:00:00,25.0,89,0.0,330,1.8,6,1014.0,5
2023-12-26 21:00:00,25.0,89,0.0,10,7.6,6,1013.0,2
2023-12-26 22:00:00,24.0,89,0.0,360,5.4,6,1014.0,2
2023-12-26 23:00:00,24.0,83,0.0,257,3.6,6,1014.0,2
2023-12-27 00:00:00,24.0,83,0.0,0,0.0,6,1015.0,2
2023-12-27 01:00:00,26.0,74,0.0,46,5.4,6,1016.0,2
2023-12-27 02:00:00,29.0,62,0.0,47,1.8,6,1016.0,2
2023-12-27 03:00:00,30.0,59,0.0,48,5.4,7,1016.0,2
2023-12-27 04:00:00,31.0,55,0.0,48,5.4,7,1016.0,2
2023-12-27 05:00:00,32.0,52,0.0,50,7.6,7,1015.0,2
2023-12-27 06:00:00,33.0,49,0.0,280,14.8,7,1014.0,3
2023-12-27 07:00:00,33.0,52,0.0,50,5.4,7,1013.0,3
2023-12-27 08:00:00,32.0,56,0.0,270,7.6,7,1013.0,3
2023-12-27 09:00:00,32.0,59,0.0,210,11.2,7,1013.0,2
2023-12-27 10:00:00,31.0,62,0.0,180,11.2,7,1013.0,2
2023-12-27 11:00:00,29.0,70,0.0,170,9.4,7,1014.0,2
2023-12-27 12:00:00,28.0,84,0.0,130,9.4,7,1015.0,2
2023-12-27 13:00:00,27.0,94,0.0,60,3.6,7,1014.0,2
2023-12-27 14:00:00,28.0,89,0.0,53,5.4,7,1014.0,2
2023-12-27 15:00:00,27.0,94,0.0,21,7.6,7,1014.0,2
2023-12-27 16:00:00,27.0,94,0.0,12,1.8,6,1014.0,2
2023-12-27 17:00:00,27.0,94,0.0,30,7.6,6,1014.0,2
2023-12-27 18:00:00,26.0,100,0.0,304,5.4,6,1014.0,2
2023-12-27 19:00:00,26.0,100,0.0,60,7.6,6,1013.0,2
2023-12-27 20:00:00,26.0,94,0.0,60,7.6,6,1013.0,2
2023-12-27 21:00:00,26.0,94,0.0,284,1.8,6,1012.0,2
2023-12-27 22:00:00,26.0,94,0.0,20,3.6,6,1013.0,2
2023-12-27 23:00:00,25.0,100,0.0,256,5.4,6,1013.0,2
2023-12-28 00:00:00,26.0,94,0.0,240,5.4,0,1014.0,2
2023-12-28 01:00:00,27.0,94,0.0,55,5.4,0,1015.0,2
2023-12-28 02:00:00,29.0,79,0.0,70,7.6,7,1015.0,2
2023-12-28 03:00:00,31.0,70,0.0,60,3.6,7,1015.0,3
2023-12-28 04:00:00,32.0,59,0.0,20,9.4,7,1014.0,3
2023-12-28 05:00:00,32.0,56,0.0,360,9.4,7,1014.0,3
2023-12-28 06:00:00,32.0,59,0.0,70,13.0,7,1013.0,3
2023-12-28 07:00:00,31.0,59,0.0,64,3.6,7,1012.0,3
2023-12-28 08:00:00,30.0,66,0.0,61,1.8,7,1011.0,3
2023-12-28 09:00:00,30.0,66,0.0,190,7.6,7,1011.0,3
2023-12-28 10:00:00,29.0,74,0.0,210,7.6,7,1011.0,3
2023-12-28 11:00:00,29.0,74,0.0,190,11.2,7,1012.0,2
2023-12-28 12:00:00,29.0,79,0.0,59,5.4,6,1012.0,2
2023-12-28 13:00:00,28.0,84,0.0,53,1.8,6,1013.0,2
2023-12-28 14:00:00,28.0,84,0.0,41,3.6,7,1013.0,2
2023-12-28 15:00:00,28.0,84,0.0,10,5.4,7,1013.0,2
2023-12-28 16:00:00,27.0,84,0.0,15,5.4,6,1013.0,2
2023-12-28 17:00:00,27.0,89,0.0,346,5.4,6,1013.0,2
2023-12-28 18:00:00,26.0,94,0.0,0,0.0,6,1012.0,2
2023-12-28 19:00:00,26.0,94,0.0,303,3.6,6,1012.0,2
2023-12-28 20:00:00,26.0,100,0.0,330,1.8,6,1012.0,2
2023-12-28 21:00:00,26.0,94,0.0,340,1.8,6,1012.0,2
2023-12-28 22:00:00,26.0,94,0.0,251,3.6,6,1012.0,2
2023-12-28 23:00:00,26.0,94,0.0,241,3.6,6,1012.0,2
2023-12-29 00:00:00,26.0,100,0.0,227,3.6,6,1013.0,5
2023-12-29 01:00:00,27.0,94,0.0,54,5.4,6,1013.0,2
2023-12-29 02:00:00,29.0,84,0.0,50,7.6,6,1014.0,2
2023-12-29 03:00:00,31.0,70,0.0,55,3.6,7,1014.0,2
2023-12-29 04:00:00,32.0,63,0.0,53,3.6,7,1013.0,5
2023-12-29 05:00:00,34.0,53,0.0,90,7.6,7,1012.0,3
2023-12-29 06:00:00,34.0,50,0.0,64,5.4,7,1011.0,3
2023-12-29 07:00:00,34.0,47,0.0,70,3.6,7,1010.0,3
2023-12-29 08:00:00,34.0,50,0.0,55,3.6,7,1009.0,2
2023-12-29 09:00:00,32.0,67,0.0,200,16.6,6,1009.0,2
2023-12-29 10:00:00,31.0,66,0.4,210,16.6,6,1010.0,2
2023-12-29 11:00:00,30.0,70,0.0,290,7.6,6,1011.0,2
2023-12-29 12:00:00,28.0,79,0.0,260,7.6,6,1011.0,2
2023-12-29 13:00:00,29.0,79,0.0,210,7.6,6,1011.0,2
2023-12-29 14:00:00,29.0,79,0.0,160,9.4,6,1012.0,2
2023-12-29 15:00:00,29.0,79,0.0,46,3.6,6,1012.0,2
2023-12-29 16:00:00,28.0,84,0.0,13,1.8,6,1012.0,2
2023-12-29 17:00:00,28.0,94,0.0,326,5.4,6,1011.0,2
2023-12-29 18:00:00,28.0,79,0.0,90,7.6,6,1011.0,2
2023-12-29 19:00:00,27.0,84,0.0,90,7.6,6,1011.0,2
2023-12-29 20:00:00,26.0,94,0.0,70,9.4,6,1010.0,2
2023-12-29 21:00:00,26.0,94,0.0,70,7.6,6,1010.0,2
2023-12-29 22:00:00,26.0,94,0.0,265,3.6,6,1011.0,2
2023-12-29 23:00:00,26.0,94,0.0,244,1.8,6,1011.0,2
2023-12-30 00:00:00,27.0,89,0.0,229,1.8,6,1011.0,2
2023-12-30 01:00:00,28.0,89,0.0,54,3.6,0,1012.0,2
2023-12-30 02:00:00,30.0,75,0.0,56,1.8,6,1013.0,2
2023-12-30 03:00:00,31.0,70,0.0,56,3.6,6,1013.0,2
2023-12-30 04:00:00,33.0,59,0.0,52,3.6,6,1012.0,2
2023-12-30 05:00:00,34.0,53,0.0,54,5.4,6,1011.0,2
2023-12-30 06:00:00,34.0,47,0.0,110,11.2,7,1010.0,2
2023-12-30 07:00:00,34.0,47,0.0,100,9.4,6,1009.0,2
2023-12-30 08:00:00,33.0,52,0.0,46,5.4,6,1009.0,2
2023-12-30 09:00:00,33.0,56,0.0,170,9.4,6,1009.0,2
2023-12-30 10:00:00,32.0,56,0.0,210,11.2,6,1010.0,2
2023-12-30 11:00:00,30.0,66,0.0,200,13.0,6,1010.0,2
2023-12-30 12:00:00,29.0,74,0.0,170,9.4,6,1011.0,2
2023-12-30 13:00:00,29.0,70,0.0,130,7.6,6,1011.0,2
2023-12-30 14:00:00,29.0,66,0.0,130,9.4,6,1012.0,2
2023-12-30 15:00:00,29.0,66,0.0,357,5.4,6,1012.0,2
2023-12-30 16:00:00,28.0,74,0.0,347,1.8,6,1012.0,2
2023-12-30 17:00:00,28.0,79,0.0,307,1.8,6,1012.0,2
2023-12-30 18:00:00,27.0,89,0.0,279,5.4,5,1012.0,2
2023-12-30 19:00:00,27.0,94,0.0,274,3.6,5,1011.0,2
2023-12-30 20:00:00,27.0,94,0.0,267,1.8,5,1011.0,2
2023-12-30 21:00:00,26.0,100,0.0,260,1.8,5,1011.0,2
2023-12-30 22:00:00,27.0,94,0.0,252,1.8,5,1011.0,2
2023-12-30 23:00:00,26.0,100,0.0,238,3.6,6,1012.0,2
2023-12-31 00:00:00,27.0,94,0.0,227,3.6,6,1013.0,5
2023-12-31 01:00:00,27.0,94,0.0,30,7.6,6,1013.0,2
2023-12-31 02:00:00,29.0,84,0.0,360,7.6,6,1013.4,2
2023-12-31 03:00:00,31.0,75,0.0,10,5.4,6,1013.0,2
2023-12-31 04:00:00,31.0,66,0.0,43,5.4,6,1013.0,2
2023-12-31 05:00:00,33.0,56,0.0,46,3.6,6,1012.0,2
2023-12-31 06:00:00,33.0,56,0.0,270,7.6,6,1011.0,2
2023-12-31 07:00:00,33.0,56,0.0,240,7.6,6,1010.0,2
2023-12-31 08:00:00,34.0,53,0.0,260,9.4,6,1009.0,2
2023-12-31 09:00:00,33.0,56,0.0,43,9.4,6,1009.0,2
2023-12-31 10:00:00,27.0,94,0.0,130,29.5,6,1010.0,2
2023-12-31 11:00:00,27.0,94,0.0,160,11.2,6,1010.0,2
2023-12-31 12:00:00,28.0,89,0.0,170,7.6,6,1011.0,2
2023-12-31 13:00:00,28.0,89,0.0,180,9.4,6,1011.0,2
2023-12-31 14:00:00,27.0,89,0.0,180,11.2,6,1012.0,2
2023-12-31 15:00:00,27.0,89,0.0,160,5.4,6,1012.0,1
2023-12-31 16:00:00,26.0,94,0.0,3,5.4,5,1012.0,2
2023-12-31 17:00:00,26.0,94,0.0,298,3.6,5,1012.0,1
2023-12-31 18:00:00,26.0,94,0.0,0,0.0,5,1011.0,1
2023-12-31 19:00:00,25.0,100,0.0,360,1.8,5,1011.0,1
2023-12-31 20:00:00,25.0,100,0.0,300,1.8,5,1010.0,1
2023-12-31 21:00:00,25.0,100,0.0,10,3.6,5,1010.0,1
2023-12-31 22:00:00,25.0,100,0.0,20,3.6,5,1011.0,2
2023-12-31 23:00:00,25.0,100,0.0,248,5.4,5,1011.0,5
2024-01-01 00:00:00,25.0,100,0.0,235,1.8,6,1012.0,2
2024-01-01 01:00:00,26.0,100,0.0,36,5.4,6,1013.0,2
2024-01-01 02:00:00,28.0,84,0.0,41,3.6,6,1013.0,2
2024-01-01 03:00:00,30.0,70,0.0,42,3.6,6,1013.0,2
2024-01-01 04:00:00,32.0,56,0.0,45,5.4,6,1013.0,2
2024-01-01 05:00:00,31.0,62,0.0,47,5.4,6,1012.0,2
2024-01-01 06:00:00,32.0,59,0.0,240,9.4,6,1011.0,2
2024-01-01 07:00:00,32.0,59,0.0,270,11.2,6,1010.0,2
2024-01-01 08:00:00,32.0,59,0.0,250,7.6,6,1009.0,2
2024-01-01 09:00:00,31.0,62,0.0,250,9.4,6,1010.0,2
2024-01-01 10:00:00,31.0,62,0.0,270,7.6,6,1010.0,2
2024-01-01 11:00:00,29.0,79,0.0,180,16.6,6,1011.0,2
2024-01-01 12:00:00,28.0,79,0.0,200,13.0,6,1011.0,2
2024-01-01 13:00:00,28.0,79,0.0,180,9.4,6,1012.0,2
2024-01-01 14:00:00,28.0,84,0.0,210,7.6,6,1012.0,2
2024-01-01 15:00:00,28.0,84,0.0,180,7.6,6,1012.0,2
2024-01-01 16:00:00,28.0,84,0.0,328,3.6,6,1012.0,2
2024-01-01 17:00:00,28.0,79,0.0,0,0.0,6,1012.0,2
2024-01-01 18:00:00,27.0,89,0.0,340,7.6,5,1011.0,1
2024-01-01 19:00:00,26.0,94,0.0,270,3.6,5,1011.0,1
2024-01-01 20:00:00,25.0,100,0.0,260,1.8,5,1011.0,1
2024-01-01 21:00:00,25.0,100,0.0,260,1.8,5,1010.0,1
2024-01-01 22:00:00,25.0,100,0.0,330,1.8,5,1010.0,2
2024-01-01 23:00:00,25.0,100,0.0,231,3.6,5,1011.0,2
2024-01-02 00:00:00,26.0,94,0.0,229,5.4,5,1011.0,2
2024-01-02 01:00:00,27.0,94,0.0,350,7.6,6,1012.0,2
2024-01-02 02:00:00,29.0,84,0.0,20,3.6,6,1013.0,2
2024-01-02 03:00:00,30.0,75,0.0,43,5.4,6,1012.0,2
2024-01-02 04:00:00,31.0,70,0.0,42,3.6,6,1012.0,2
2024-01-02 05:00:00,31.0,66,0.0,44,5.4,6,1011.0,2
2024-01-02 06:00:00,33.0,56,0.0,310,7.6,6,1010.0,2
2024-01-02 07:00:00,34.0,50,0.0,45,3.6,6,1009.0,2
2024-01-02 08:00:00,33.0,56,0.0,44,7.6,6,1009.0,2
2024-01-02 09:00:00,32.0,59,0.0,270,9.4,6,1009.0,2
2024-01-02 10:00:00,31.0,70,0.0,180,13.0,6,1009.0,2
2024-01-02 11:00:00,30.0,75,0.0,140,14.8,6,1010.0,2
2024-01-02 12:00:00,28.0,89,0.0,210,11.2,6,1011.0,2
2024-01-02 13:00:00,28.0,84,0.0,160,9.4,6,1011.0,2
2024-01-02 14:00:00,28.0,84,0.0,160,7.6,6,1012.0,2
2024-01-02 15:00:00,27.0,94,0.0,100,7.6,6,1012.0,1
2024-01-02 16:00:00,27.0,94,0.0,90,7.6,5,1012.0,1
2024-01-02 17:00:00,27.0,94,0.0,320,3.6,5,1012.0,1
2024-01-02 18:00:00,26.0,94,0.0,288,1.8,5,1011.0,1
2024-01-02 19:00:00,26.0,94,0.0,0,0.0,5,1011.0,1
2024-01-02 20:00:00,26.0,94,0.0,271,3.6,5,1010.0,1
2024-01-02 21:00:00,26.0,94,0.0,340,3.6,5,1010.0,1
2024-01-02 22:00:00,26.0,94,0.0,279,3.6,5,1011.0,2
2024-01-02 23:00:00,26.0,94,0.0,271,5.4,5,1011.0,5
2024-01-03 00:00:00,26.0,94,0.0,265,5.4,5,1012.0,5
2024-01-03 01:00:00,27.0,94,0.0,320,7.6,6,1013.0,2
2024-01-03 02:00:00,29.0,84,0.0,340,7.6,6,1013.0,2
2024-01-03 03:00:00,30.0,70,0.0,43,3.6,6,1013.0,2
2024-01-03 04:00:00,32.0,63,0.0,44,5.4,6,1012.0,2
2024-01-03 05:00:00,33.0,56,0.0,49,1.8,6,1011.0,2
2024-01-03 06:00:00,33.0,52,0.0,54,3.6,6,1010.0,2
2024-01-03 07:00:00,32.0,63,0.0,190,9.4,6,1009.0,2
2024-01-03 08:00:00,32.0,63,0.0,210,13.0,6,1009.0,2
2024-01-03 09:00:00,32.0,63,0.0,200,11.2,6,1009.0,2
2024-01-03 10:00:00,31.0,75,0.0,190,18.4,6,1009.0,2
2024-01-03 11:00:00,29.0,79,0.0,180,16.6,6,1010.0,2
2024-01-03 12:00:00,29.0,79,0.0,180,14.8,6,1011.0,2
2024-01-03 13:00:00,28.0,79,0.0,160,14.8,6,1011.0,2
2024-01-03 14:00:00,28.0,74,0.0,72,3.6,6,1011.0,2
2024-01-03 15:00:00,27.0,84,0.0,80,7.6,6,1011.0,2
2024-01-03 16:00:00,26.0,89,0.0,14,3.6,5,1011.0,2
2024-01-03 17:00:00,27.0,89,0.0,327,3.6,5,1011.0,2
2024-01-03 18:00:00,26.0,94,0.0,340,3.6,5,1011.0,2
2024-01-03 19:00:00,26.0,94,0.0,320,3.6,5,1010.0,1
2024-01-03 20:00:00,26.0,94,0.0,285,3.6,5,1010.0,2
2024-01-03 21:00:00,25.0,100,0.0,20,7.6,5,1010.0,2
2024-01-03 22:00:00,25.0,89,0.0,277,5.4,5,1011.0,2
2024-01-03 23:00:00,25.0,84,0.0,261,1.8,5,1011.0,2
2024-01-04 00:00:00,25.0,84,0.0,30,7.6,5,1012.0,2
2024-01-04 01:00:00,26.0,74,0.0,55,5.4,6,1013.0,2
2024-01-04 02:00:00,28.0,70,0.0,55,3.6,6,1013.0,2
2024-01-04 03:00:00,30.0,62,0.0,0,0.0,6,1013.0,2
2024-01-04 04:00:00,31.0,59,0.0,47,3.6,0,1012.0,2
2024-01-04 05:00:00,31.0,59,0.0,230,7.6,6,1012.0,2
2024-01-04 06:00:00,32.0,59,0.0,260,9.4,6,1011.0,2
2024-01-04 07:00:00,32.0,56,0.0,52,5.4,6,1010.0,2
2024-01-04 08:00:00,32.0,56,0.0,51,5.4,6,1010.0,2
2024-01-04 09:00:00,31.0,62,0.0,200,13.0,6,1010.0,2
2024-01-04 10:00:00,31.0,66,0.0,180,13.0,6,1010.0,2
2024-01-04 11:00:00,29.0,74,0.0,200,14.8,6,1011.0,2
2024-01-04 12:00:00,28.0,79,0.0,190,11.2,6,1012.0,2
2024-01-04 13:00:00,28.0,74,0.0,200,14.8,6,1012.0,2
2024-01-04 14:00:00,28.0,74,0.0,180,11.2,6,1013.0,2
2024-01-04 15:00:00,27.0,79,0.0,82,5.4,6,1013.0,2
2024-01-04 16:00:00,27.0,79,0.0,350,3.6,5,1012.0,2
2024-01-04 17:00:00,26.0,89,0.0,317,5.4,5,1012.0,2
2024-01-04 18:00:00,25.0,94,0.0,272,3.6,5,1011.0,1
2024-01-04 19:00:00,25.0,94,0.0,80,5.4,5,1011.0,1
2024-01-04 20:00:00,25.0,89,0.0,80,3.6,5,1011.0,1
2024-01-04 21:00:00,25.0,89,0.0,70,5.4,5,1011.0,1
2024-01-04 22:00:00,24.0,100,0.0,70,3.6,5,1012.0,2
2024-01-04 23:00:00,25.0,94,0.0,264,1.8,5,1012.0,2
2024-01-05 00:00:00,25.0,94,0.0,254,1.8,0,1013.0,2
2024-01-05 01:00:00,27.0,89,0.0,49,1.8,0,1014.0,2
2024-01-05 02:00:00,29.0,74,0.0,53,5.4,6,1014.0,2
2024-01-05 03:00:00,29.0,74,0.0,10,7.6,6,1014.0,5
2024-01-05 04:00:00,29.0,74,0.0,260,1.8,7,1014.0,5
2024-01-05 05:00:00,30.0,70,0.0,53,5.4,7,1013.0,5
2024-01-05 06:00:00,30.0,66,0.0,53,3.6,7,1012.0,5
2024-01-05 07:00:00,31.0,62,0.0,330,7.6,7,1011.0,5
2024-01-05 08:00:00,31.0,62,0.0,330,9.4,7,1010.0,5
2024-01-05 09:00:00,30.0,66,0.0,320,7.6,7,1011.0,2
2024-01-05 10:00:00,30.0,66,0.0,320,7.6,7,1011.0,2
2024-01-05 11:00:00,29.0,70,0.0,70,5.4,7,1012.0,2
2024-01-05 12:00:00,29.0,74,0.0,300,5.4,6,1013.0,2
2024-01-05 13:00:00,28.0,79,0.0,300,5.4,6,1013.0,2
2024-01-05 14:00:00,27.0,89,0.0,300,3.6,6,1013.0,1
2024-01-05 15:00:00,28.0,84,0.0,230,5.4,6,1013.0,1
2024-01-05 16:00:00,27.0,89,0.0,220,7.6,6,1013.0,5
2024-01-05 17:00:00,27.0,79,0.0,320,5.4,6,1013.0,1
2024-01-05 18:00:00,27.0,84,0.0,0,0.0,6,1012.0,1
2024-01-05 19:00:00,26.0,94,0.0,275,1.8,6,1011.0,1
2024-01-05 20:00:00,26.0,94,0.0,350,9.4,5,1011.0,1
2024-01-05 21:00:00,25.0,100,0.0,10,9.4,5,1011.0,5
2024-01-05 22:00:00,25.0,94,0.0,350,3.6,6,1011.0,5
2024-01-05 23:00:00,25.0,100,0.0,209,1.8,6,1012.0,5
2024-01-06 00:00:00,26.0,94,0.0,194,1.8,6,1013.0,5
2024-01-06 01:00:00,28.0,79,0.0,50,1.8,6,1014.0,5
2024-01-06 02:00:00,30.0,70,0.0,350,7.6,0,1014.0,2
2024-01-06 03:00:00,31.0,66,0.0,51,5.4,0,1013.0,2
2024-01-06 04:00:00,30.0,70,0.0,340,9.4,7,1013.0,5
2024-01-06 05:00:00,31.0,59,0.0,48,5.4,0,1012.0,2
2024-01-06 06:00:00,32.0,52,0.0,49,5.4,0,1011.0,2
2024-01-06 07:00:00,33.0,49,0.0,48,3.6,0,1010.0,2
2024-01-06 08:00:00,33.0,49,0.0,300,11.2,7,1009.0,2
2024-01-06 09:00:00,33.0,46,0.0,45,1.8,7,1010.0,2
2024-01-06 10:00:00,31.0,70,0.3,160,14.8,7,1010.0,2
2024-01-06 11:00:00,29.0,74,0.0,170,11.2,7,1011.0,2
2024-01-06 12:00:00,28.0,74,0.0,190,11.2,7,1012.0,2
2024-01-06 13:00:00,28.0,79,0.0,76,5.4,6,1012.0,2
2024-01-06 14:00:00,28.0,79,0.0,220,5.4,6,1012.0,2
2024-01-06 15:00:00,28.0,79,0.0,53,3.6,6,1012.0,2
2024-01-06 16:00:00,28.0,79,0.0,220,9.4,6,1012.0,2
2024-01-06 17:00:00,27.0,89,0.0,334,3.6,6,1013.0,2
2024-01-06 18:00:00,27.0,89,0.0,298,1.8,6,1012.0,2
2024-01-06 19:00:00,26.0,100,0.0,310,3.6,6,1012.0,2
2024-01-06 20:00:00,26.0,94,0.0,290,3.6,6,1012.0,2
2024-01-06 21:00:00,25.0,100,0.0,310,1.8,6,1012.0,5
2024-01-06 22:00:00,25.0,100,0.0,269,5.4,6,1012.0,5
2024-01-06 23:00:00,25.0,94,0.0,60,7.6,6,1013.0,2
2024-01-07 00:00:00,26.0,94,0.0,246,5.4,0,1013.0,2
2024-01-07 01:00:00,27.0,94,0.0,52,5.4,0,1014.0,2
2024-01-07 02:00:00,29.0,84,0.0,55,5.4,0,1015.0,5
2024-01-07 03:00:00,31.0,70,0.0,56,3.6,7,1014.0,2
2024-01-07 04:00:00,32.0,63,0.0,51,3.6,7,1014.0,2
2024-01-07 05:00:00,32.0,63,0.0,54,1.8,7,1013.0,2
2024-01-07 06:00:00,34.0,53,0.0,57,3.6,7,1011.0,2
2024-01-07 07:00:00,34.0,50,0.0,160,9.4,7,1010.0,2
2024-01-07 08:00:00,33.0,59,0.0,180,16.6,7,1010.0,2
2024-01-07 09:00:00,32.0,63,0.0,200,16.6,6,1010.0,2
2024-01-07 10:00:00,31.0,62,0.0,170,13.0,7,1010.0,2
2024-01-07 11:00:00,29.0,66,0.0,190,14.8,6,1011.0,2
2024-01-07 12:00:00,29.0,74,0.0,190,9.4,6,1011.0,2
2024-01-07 13:00:00,28.0,79,0.0,190,9.4,6,1012.0,2
2024-01-07 14:00:00,28.0,79,0.0,190,7.6,6,1013.0,2
2024-01-07 15:00:00,28.0,79,0.0,81,5.4,6,1013.0,2
2024-01-07 16:00:00,28.0,74,0.0,130,7.6,6,1012.0,2
2024-01-07 17:00:00,27.0,84,0.0,52,3.6,6,1012.0,2
2024-01-07 18:00:00,27.0,79,0.0,279,5.4,6,1012.0,2
2024-01-07 19:00:00,26.0,94,0.0,271,3.6,6,1012.0,2
2024-01-07 20:00:00,26.0,94,0.0,0,0.0,6,1011.0,2
2024-01-07 21:00:00,27.0,84,0.0,261,3.6,6,1011.0,2
2024-01-07 22:00:00,26.0,89,0.0,130,5.4,6,1012.0,2
2024-01-07 23:00:00,26.0,89,0.0,228,3.6,6,1012.0,2
2024-01-08 00:00:00,26.0,89,0.0,218,5.4,6,1013.0,2
2024-01-08 01:00:00,27.0,84,0.0,47,3.6,6,1014.0,2
2024-01-08 02:00:00,28.0,79,0.0,90,7.6,6,1014.0,2
2024-01-08 03:00:00,29.0,74,0.0,52,3.6,6,1014.0,2
2024-01-08 04:00:00,30.0,70,0.0,50,3.6,6,1014.0,2
2024-01-08 05:00:00,31.0,62,0.0,52,1.8,7,1013.0,2
2024-01-08 06:00:00,32.0,59,0.0,53,3.6,7,1012.0,2
2024-01-08 07:00:00,32.0,59,0.0,53,5.4,7,1011.0,2
2024-01-08 08:00:00,32.0,59,0.0,270,7.6,7,1010.0,2
2024-01-08 09:00:00,30.0,70,0.0,170,16.6,6,1010.0,2
2024-01-08 10:00:00,31.0,62,0.0,170,9.4,7,1011.0,2
2024-01-08 11:00:00,30.0,62,0.0,180,7.6,7,1011.0,2
2024-01-08 12:00:00,29.0,66,0.0,190,5.4,7,1012.0,2
2024-01-08 13:00:00,30.0,62,0.0,85,3.6,6,1012.0,2
2024-01-08 14:00:00,29.0,62,0.0,84,3.6,6,1013.0,2
2024-01-08 15:00:00,28.0,84,0.0,79,5.4,6,1012.0,1
2024-01-08 16:00:00,27.0,89,0.0,16,1.8,0,1012.0,2
2024-01-08 17:00:00,27.0,89,0.0,293,1.8,6,1012.0,2
2024-01-08 18:00:00,26.0,94,0.0,340,3.6,6,1011.0,1
2024-01-08 19:00:00,26.0,94,0.0,320,3.6,6,1011.0,1
2024-01-08 20:00:00,26.0,94,0.0,280,1.8,6,1011.0,5
2024-01-08 21:00:00,26.0,100,0.0,261,1.8,6,1011.0,1
2024-01-08 22:00:00,26.0,89,0.0,80,7.6,6,1011.0,2
2024-01-08 23:00:00,26.0,94,0.0,80,7.6,6,1012.0,2
2024-01-09 00:00:00,26.0,89,0.0,70,7.6,6,1012.0,2
2024-01-09 01:00:00,27.0,89,0.0,70,7.6,0,1013.0,2
2024-01-09 02:00:00,29.0,79,0.0,61,5.4,0,1013.0,2
2024-01-09 03:00:00,31.0,70,0.0,61,3.6,0,1013.0,2
2024-01-09 04:00:00,32.0,67,0.0,56,3.6,6,1013.0,2
2024-01-09 05:00:00,31.0,62,0.0,40,13.0,6,1012.0,2
2024-01-09 06:00:00,33.0,56,0.0,56,3.6,6,1010.0,2
2024-01-09 07:00:00,33.0,56,0.0,54,5.4,6,1009.0,2
2024-01-09 08:00:00,34.0,50,0.0,53,5.4,6,1009.0,2
2024-01-09 09:00:00,33.0,49,0.0,150,7.6,6,1009.0,2
2024-01-09 10:00:00,32.0,59,0.0,220,16.6,6,1009.0,2
2024-01-09 11:00:00,29.0,84,0.0,190,14.8,6,1010.0,2
2024-01-09 12:00:00,28.0,79,0.0,180,11.2,6,1011.0,2
2024-01-09 13:00:00,28.0,84,0.0,160,7.6,5,1012.0,2
2024-01-09 14:00:00,28.0,70,0.0,160,9.4,5,1012.0,2
2024-01-09 15:00:00,28.0,70,0.0,140,11.2,5,1012.0,1
2024-01-09 16:00:00,27.0,70,0.0,140,14.8,5,1011.0,2
2024-01-09 17:00:00,27.0,70,0.0,140,13.0,5,1011.0,1
2024-01-09 18:00:00,27.0,74,0.0,130,11.2,5,1011.0,1
2024-01-09 19:00:00,27.0,74,0.0,251,5.4,5,1010.0,1
2024-01-09 20:00:00,26.0,84,0.0,150,7.6,5,1010.0,1
2024-01-09 21:00:00,26.0,89,0.0,130,7.6,4,1010.0,1
2024-01-09 22:00:00,26.0,89,0.0,100,7.6,5,1011.0,2
2024-01-09 23:00:00,26.0,89,0.0,110,7.6,5,1011.0,2
2024-01-10 00:00:00,26.0,89,0.0,150,7.6,5,1012.0,2
2024-01-10 01:00:00,27.0,84,0.0,110,9.4,5,1013.0,2
2024-01-10 02:00:00,29.0,74,0.0,120,9.4,6,1013.0,2
2024-01-10 03:00:00,30.0,66,0.0,110,11.2,6,1013.0,2
2024-01-10 04:00:00,32.0,59,0.0,60,9.4,6,1012.0,2
2024-01-10 05:00:00,33.0,56,0.0,320,7.6,6,1011.0,2
2024-01-10 06:00:00,32.0,56,0.0,51,5.4,6,1010.0,2
2024-01-10 07:00:00,34.0,50,0.0,48,5.4,6,1009.0,2
2024-01-10 08:00:00,34.0,50,0.0,45,1.8,6,1008.0,2
2024-01-10 09:00:00,33.0,52,0.0,43,3.6,6,1008.0,2
2024-01-10 10:00:00,32.0,59,0.0,220,14.8,6,1009.0,2
2024-01-10 11:00:00,31.0,52,0.0,180,14.8,6,1009.0,2
2024-01-10 12:00:00,30.0,59,0.0,140,9.4,6,1010.0,2
2024-01-10 13:00:00,29.0,58,0.0,150,9.4,6,1011.0,2
2024-01-10 14:00:00,29.0,62,0.0,140,13.0,6,1011.0,2
2024-01-10 15:00:00,29.0,62,0.0,140,13.0,6,1011.0,2
2024-01-10 16:00:00,28.0,66,0.0,140,11.2,5,1011.0,2
2024-01-10 17:00:00,28.0,66,0.0,140,11.2,5,1011.0,2
2024-01-10 18:00:00,27.0,74,0.0,100,9.4,5,1011.0,1
2024-01-10 19:00:00,26.0,84,0.0,90,3.6,5,1010.0,1
2024-01-10 20:00:00,26.0,89,0.0,257,5.4,5,1010.0,1
2024-01-10 21:00:00,25.0,94,0.0,90,7.6,5,1010.0,1
2024-01-10 22:00:00,24.0,94,0.0,100,7.6,5,1010.0,2
2024-01-10 23:00:00,25.0,94,0.0,262,5.4,5,1011.0,2
2024-01-11 00:00:00,25.0,94,0.0,261,3.6,5,1012.0,2
2024-01-11 01:00:00,27.0,89,0.0,41,3.6,6,1013.0,2
2024-01-11 02:00:00,29.0,74,0.0,46,1.8,6,1013.0,2
2024-01-11 03:00:00,30.0,62,0.0,48,3.6,6,1013.0,2
2024-01-11 04:00:00,32.0,56,0.0,300,5.4,6,1013.0,2
2024-01-11 05:00:00,32.0,56,0.0,330,7.6,6,1012.0,2
2024-01-11 06:00:00,33.0,52,0.0,290,9.4,6,1011.0,2
2024-01-11 07:00:00,33.0,49,0.0,330,7.6,6,1010.0,2
2024-01-11 08:00:00,34.0,44,0.0,49,5.4,6,1009.0,2
2024-01-11 09:00:00,32.0,59,0.0,190,9.4,6,1009.0,2
2024-01-11 10:00:00,30.0,70,0.0,190,16.6,6,1010.0,2
2024-01-11 11:00:00,29.0,70,0.0,160,11.2,6,1010.0,2
2024-01-11 12:00:00,29.0,66,0.0,160,9.4,6,1011.0,2
2024-01-11 13:00:00,28.0,70,0.0,140,13.0,6,1012.0,2
2024-01-11 14:00:00,27.0,74,0.0,120,11.2,5,1012.0,2
2024-01-11 15:00:00,27.0,74,0.0,140,11.2,5,1012.0,1
2024-01-11 16:00:00,26.0,84,0.0,140,9.4,5,1012.0,2
2024-01-11 17:00:00,26.0,84,0.0,130,11.2,5,1012.0,1
2024-01-11 18:00:00,25.0,89,0.0,120,5.4,5,1011.0,1
2024-01-11 19:00:00,25.0,89,0.0,110,7.6,4,1011.0,1
2024-01-11 20:00:00,25.0,89,0.0,120,9.4,4,1010.0,1
2024-01-11 21:00:00,24.0,94,0.0,90,9.4,4,1010.0,1
2024-01-11 22:00:00,23.0,100,0.0,90,7.6,5,1011.0,2
2024-01-11 23:00:00,23.0,100,0.0,250,5.4,5,1011.0,2
2024-01-12 00:00:00,24.0,94,0.0,254,3.6,5,1012.0,2
2024-01-12 01:00:00,26.0,89,0.0,47,3.6,5,1013.0,2
2024-01-12 02:00:00,28.0,74,0.0,51,1.8,6,1013.0,2
2024-01-12 03:00:00,29.0,70,0.0,53,1.8,6,1013.0,2
2024-01-12 04:00:00,31.0,59,0.0,52,3.6,6,1013.0,2
2024-01-12 05:00:00,31.0,55,0.0,54,3.6,6,1012.0,2
2024-01-12 06:00:00,32.0,56,0.0,230,11.2,6,1010.0,2
2024-01-12 07:00:00,32.0,52,0.0,55,11.2,6,1010.0,2
2024-01-12 08:00:00,32.0,52,0.0,210,11.2,6,1009.0,2
2024-01-12 09:00:00,31.0,59,0.0,180,14.8,6,1009.0,2
2024-01-12 10:00:00,30.0,59,0.0,190,13.0,6,1010.0,2
2024-01-12 11:00:00,28.0,62,0.0,180,13.0,6,1010.0,2
2024-01-12 12:00:00,28.0,62,0.0,170,11.2,5,1011.0,2
2024-01-12 13:00:00,28.0,62,0.0,160,9.4,5,1011.0,2
2024-01-12 14:00:00,27.0,70,0.0,130,7.6,5,1011.0,2
2024-01-12 15:00:00,27.0,70,0.0,120,7.6,5,1011.0,1
2024-01-12 16:00:00,26.0,70,0.0,121,5.4,5,1012.0,1
2024-01-12 17:00:00,25.0,78,0.0,190,5.4,5,1012.0,1
2024-01-12 18:00:00,25.0,78,0.0,80,3.6,5,1011.0,1
2024-01-12 19:00:00,25.0,84,0.0,80,5.4,5,1010.0,1
2024-01-12 20:00:00,24.0,89,0.0,70,5.4,4,1010.0,1
2024-01-12 21:00:00,24.0,94,0.0,50,3.6,4,1010.0,1
2024-01-12 22:00:00,23.0,94,0.0,267,5.4,5,1010.0,2
2024-01-12 23:00:00,23.0,100,0.0,264,1.8,5,1011.0,2
2024-01-13 00:00:00,23.0,94,0.0,360,1.8,0,1011.0,5
2024-01-13 01:00:00,25.0,89,0.0,44,3.6,0,1013.0,5
2024-01-13 02:00:00,27.0,79,0.0,51,3.6,0,1013.0,5
2024-01-13 03:00:00,28.0,70,0.0,53,3.6,0,1013.0,2
2024-01-13 04:00:00,29.0,58,0.0,56,1.8,6,1013.0,2
2024-01-13 05:00:00,30.0,55,0.0,59,5.4,6,1012.0,2
2024-01-13 06:00:00,31.0,52,0.0,62,5.4,6,1011.0,2
2024-01-13 07:00:00,31.0,52,0.0,60,3.6,6,1010.0,2
2024-01-13 08:00:00,32.0,49,0.0,58,5.4,6,1010.0,2
2024-01-13 09:00:00,31.0,52,0.0,57,1.8,6,1010.0,2
2024-01-13 10:00:00,31.0,55,0.0,64,5.4,6,1010.0,2
2024-01-13 11:00:00,28.0,70,0.0,190,14.8,6,1011.0,2
2024-01-13 12:00:00,28.0,66,0.0,160,11.2,6,1011.0,2
2024-01-13 13:00:00,28.0,66,0.0,75,5.4,6,1012.0,2
2024-01-13 14:00:00,27.0,70,0.0,150,5.4,6,1012.0,1
2024-01-13 15:00:00,27.0,70,0.0,130,7.6,5,1012.0,1
2024-01-13 16:00:00,26.0,79,0.0,343,5.4,5,1013.0,2
2024-01-13 17:00:00,25.0,84,0.0,290,3.6,5,1013.0,1
2024-01-13 18:00:00,25.0,84,0.0,272,3.6,5,1012.0,1
2024-01-13 19:00:00,25.0,89,0.0,340,3.6,5,1011.0,1
2024-01-13 20:00:00,24.0,94,0.0,330,5.4,5,1011.0,1
2024-01-13 21:00:00,24.0,94,0.0,282,3.6,5,1011.0,1
2024-01-13 22:00:00,24.0,89,0.0,30,7.6,5,1011.0,2
2024-01-13 23:00:00,23.0,94,0.0,270,5.4,5,1012.0,2
2024-01-14 00:00:00,24.0,89,0.0,229,5.4,5,1012.0,2
2024-01-14 01:00:00,24.0,83,0.0,41,5.4,6,1013.0,2
2024-01-14 02:00:00,26.0,74,0.0,45,5.4,6,1014.0,2
2024-01-14 03:00:00,28.0,66,0.0,46,3.6,6,1014.0,2
2024-01-14 04:00:00,31.0,52,0.0,44,1.8,6,1013.0,2
2024-01-14 05:00:00,31.0,49,0.0,45,5.4,6,1013.0,2
2024-01-14 06:00:00,31.0,49,0.0,310,7.6,6,1011.0,2
2024-01-14 07:00:00,32.0,46,0.0,43,3.6,6,1010.0,2
2024-01-14 08:00:00,32.0,49,0.0,39,3.6,6,1010.0,2
2024-01-14 09:00:00,32.0,49,0.0,36,5.4,6,1010.0,2
2024-01-14 10:00:00,31.0,52,0.0,290,7.6,7,1011.0,2
2024-01-14 11:00:00,29.0,58,0.0,290,9.4,7,1011.0,2
2024-01-14 12:00:00,28.0,62,0.0,66,3.6,0,1012.0,2
2024-01-14 13:00:00,28.0,70,0.0,170,7.6,6,1013.0,2
2024-01-14 14:00:00,27.0,79,0.0,130,13.0,6,1013.0,2
2024-01-14 15:00:00,27.0,70,0.0,150,3.6,6,1013.0,2
2024-01-14 16:00:00,25.0,78,0.0,352,1.8,0,1013.0,2
2024-01-14 17:00:00,26.0,79,0.0,321,5.4,0,1013.0,2
2024-01-14 18:00:00,25.0,84,0.0,296,1.8,6,1012.0,1
2024-01-14 19:00:00,24.0,94,0.0,291,5.4,6,1012.0,1
2024-01-14 20:00:00,24.0,83,0.0,20,5.4,5,1011.0,1
2024-01-14 21:00:00,23.0,83,0.0,278,5.4,5,1011.0,1
2024-01-14 22:00:00,23.0,83,0.0,306,5.4,6,1011.0,2
2024-01-14 23:00:00,23.0,78,0.0,40,9.4,6,1012.0,2
2024-01-15 00:00:00,23.0,78,0.0,60,9.4,6,1012.0,2
2024-01-15 01:00:00,24.0,78,0.0,60,9.4,6,1013.0,2
2024-01-15 02:00:00,26.0,70,0.0,70,7.6,6,1013.0,2
2024-01-15 03:00:00,29.0,55,0.0,51,3.6,7,1013.0,2
2024-01-15 04:00:00,32.0,46,0.0,51,3.6,7,1013.0,2
2024-01-15 05:00:00,33.0,38,0.0,50,3.6,7,1012.0,3
2024-01-15 06:00:00,33.0,41,0.0,50,3.6,7,1011.0,3
2024-01-15 07:00:00,34.0,39,0.0,48,5.4,7,1010.0,3
2024-01-15 08:00:00,33.0,41,0.0,46,5.4,7,1009.0,3
2024-01-15 09:00:00,33.0,41,0.0,250,9.4,7,1010.0,3
2024-01-15 10:00:00,31.0,59,0.0,180,14.8,7,1010.0,2
2024-01-15 11:00:00,29.0,70,0.0,170,14.8,7,1011.0,2
2024-01-15 12:00:00,28.0,70,0.0,190,11.2,7,1011.0,2
2024-01-15 13:00:00,28.0,74,0.0,190,7.6,7,1011.0,2
2024-01-15 14:00:00,28.0,74,0.0,180,7.6,7,1012.0,2
2024-01-15 15:00:00,28.0,79,0.0,71,3.6,7,1012.0,2
2024-01-15 16:00:00,26.0,89,0.0,21,3.6,6,1012.0,2
2024-01-15 17:00:00,26.0,89,0.0,328,5.4,6,1011.0,2
2024-01-15 18:00:00,26.0,89,0.0,292,1.8,6,1011.0,2
2024-01-15 19:00:00,26.0,89,0.0,340,5.4,6,1010.0,2
2024-01-15 20:00:00,25.0,94,0.0,279,3.6,6,1010.0,2
2024-01-15 21:00:00,25.0,89,0.0,268,5.4,6,1010.0,2
2024-01-15 22:00:00,25.0,84,0.0,70,5.4,6,1011.0,2
2024-01-15 23:00:00,24.0,83,0.0,263,5.4,6,1011.0,2
2024-01-16 00:00:00,25.0,78,0.0,50,7.6,6,1012.0,2
2024-01-16 01:00:00,27.0,70,0.0,45,5.4,6,1013.0,2
2024-01-16 02:00:00,28.0,66,0.0,49,1.8,7,1013.0,2
2024-01-16 03:00:00,30.0,59,0.0,50,1.8,7,1013.0,2
2024-01-16 04:00:00,31.0,55,0.0,49,1.8,7,1013.0,2
2024-01-16 05:00:00,32.0,52,0.0,52,3.6,7,1012.0,2
2024-01-16 06:00:00,33.0,49,0.0,55,3.6,7,1011.0,2
2024-01-16 07:00:00,33.0,49,0.0,49,3.6,7,1010.0,2
2024-01-16 08:00:00,33.0,52,0.0,44,5.4,7,1009.0,2
2024-01-16 09:00:00,32.0,56,0.0,250,7.6,7,1009.0,2
2024-01-16 10:00:00,30.0,66,0.0,180,18.4,7,1010.0,2
2024-01-16 11:00:00,29.0,66,0.0,180,13.0,7,1011.0,2
2024-01-16 12:00:00,28.0,70,0.0,73,5.4,7,1012.0,2
2024-01-16 13:00:00,28.0,70,0.0,190,11.2,7,1012.0,2
2024-01-16 14:00:00,28.0,70,0.0,130,14.8,6,1012.0,2
2024-01-16 15:00:00,27.0,74,0.0,130,7.6,6,1013.0,2
2024-01-16 16:00:00,27.0,74,0.0,33,5.4,6,1012.0,2
2024-01-16 17:00:00,26.0,84,0.0,315,3.6,6,1012.0,2
2024-01-16 18:00:00,26.0,84,0.0,70,1.8,6,1011.0,2
2024-01-16 19:00:00,26.0,84,0.0,40,3.6,6,1011.0,2
2024-01-16 20:00:00,25.0,94,0.0,272,1.8,6,1011.0,2
2024-01-16 21:00:00,25.0,94,0.0,267,1.8,6,1011.0,2
2024-01-16 22:00:00,24.0,89,0.0,20,7.6,6,1011.0,2
2024-01-16 23:00:00,24.0,83,0.0,70,3.6,6,1011.0,2
2024-01-17 00:00:00,25.0,84,0.0,251,3.6,6,1012.0,2
2024-01-17 01:00:00,27.0,74,0.0,55,5.4,6,1013.0,2
2024-01-17 02:00:00,29.0,62,0.0,130,9.4,6,1013.1,2
2024-01-17 03:00:00,30.0,52,0.0,60,3.6,6,1013.6,2
2024-01-17 04:00:00,32.0,43,0.0,90,13.0,7,1012.8,2
2024-01-17 05:00:00,33.0,44,0.0,100,11.2,7,1011.0,2
2024-01-17 06:00:00,33.0,41,0.0,140,7.6,7,1011.1,2
2024-01-17 07:00:00,34.0,39,0.0,130,11.2,7,1009.0,2
2024-01-17 08:00:00,35.0,37,0.0,56,9.4,7,1009.0,2
2024-01-17 09:00:00,34.0,44,0.0,54,5.4,7,1009.0,2
2024-01-17 10:00:00,32.0,52,0.0,220,11.2,7,1009.0,2
2024-01-17 11:00:00,30.0,62,0.0,200,13.0,6,1010.0,2
2024-01-17 12:00:00,30.0,62,0.0,220,5.4,6,1011.0,2
2024-01-17 13:00:00,30.0,62,0.0,140,7.6,6,1011.0,2
2024-01-17 14:00:00,29.0,62,0.0,160,7.6,6,1012.0,2
2024-01-17 15:00:00,29.0,66,0.0,64,3.6,6,1012.0,2
2024-01-17 16:00:00,27.0,84,0.0,290,7.6,6,1012.0,2
2024-01-17 17:00:00,27.0,84,0.0,343,3.6,6,1012.0,2
2024-01-17 18:00:00,27.0,84,0.0,280,1.8,6,1011.0,2
2024-01-17 19:00:00,26.0,94,0.0,273,1.8,6,1011.0,2
2024-01-17 20:00:00,26.0,94,0.0,268,1.8,5,1011.0,2
2024-01-17 21:00:00,26.0,94,0.0,258,3.6,5,1011.0,2
2024-01-17 22:00:00,25.0,100,0.0,0,0.0,6,1011.0,2
2024-01-17 23:00:00,25.0,94,0.0,213,1.8,6,1011.0,2
2024-01-18 00:00:00,26.0,89,0.0,100,7.6,6,1012.0,2
2024-01-18 01:00:00,29.0,74,0.0,54,1.8,0,1013.0,2
2024-01-18 02:00:00,30.0,66,0.0,57,5.4,6,1014.0,2
2024-01-18 03:00:00,31.0,59,0.0,58,5.4,6,1013.0,2
2024-01-18 04:00:00,32.0,52,0.0,58,1.8,6,1012.0,2
2024-01-18 05:00:00,32.0,52,0.0,60,3.6,6,1011.0,2
2024-01-18 06:00:00,33.0,49,0.0,70,7.6,7,1010.0,2
2024-01-18 07:00:00,34.0,47,0.0,57,5.4,6,1008.0,2
2024-01-18 08:00:00,35.0,42,0.0,53,5.4,6,1008.0,2
2024-01-18 09:00:00,34.0,44,0.0,90,9.4,6,1008.0,2
2024-01-18 10:00:00,31.0,62,0.0,190,18.4,7,1009.0,2
2024-01-18 11:00:00,30.0,66,0.0,200,16.6,6,1009.0,2
2024-01-18 12:00:00,29.0,70,0.0,170,13.0,6,1011.0,2
2024-01-18 13:00:00,28.0,70,0.0,150,9.4,6,1011.0,2
2024-01-18 14:00:00,27.0,79,0.0,180,13.0,6,1011.0,2
2024-01-18 15:00:00,27.0,74,0.0,160,9.4,6,1011.0,2
2024-01-18 16:00:00,27.0,74,0.0,120,13.0,5,1011.0,2
2024-01-18 17:00:00,27.0,74,0.0,140,7.6,5,1011.0,1
2024-01-18 18:00:00,26.0,79,0.0,140,9.4,5,1011.0,1
2024-01-18 19:00:00,26.0,79,0.0,140,7.6,5,1010.0,1
2024-01-18 20:00:00,25.0,84,0.0,255,1.8,5,1010.0,1
2024-01-18 21:00:00,24.0,94,0.0,255,3.6,5,1010.0,1
2024-01-18 22:00:00,25.0,89,0.0,237,5.4,5,1010.0,2
2024-01-18 23:00:00,24.0,94,0.0,238,5.4,6,1011.0,2
2024-01-19 00:00:00,25.0,94,0.0,238,3.6,0,1012.0,2
2024-01-19 01:00:00,26.0,89,0.0,54,3.6,0,1013.0,2
2024-01-19 02:00:00,28.0,79,0.0,58,5.4,6,1014.0,2
2024-01-19 03:00:00,30.0,70,0.0,60,9.4,6,1014.0,2
2024-01-19 04:00:00,31.0,59,0.0,20,9.4,6,1013.0,2
2024-01-19 05:00:00,32.0,56,0.0,56,5.4,6,1012.0,2
2024-01-19 06:00:00,33.0,49,0.0,55,3.6,6,1010.0,2
2024-01-19 07:00:00,33.0,49,0.0,52,5.4,6,1009.0,2
2024-01-19 08:00:00,34.0,41,0.0,60,9.4,6,1008.0,2
2024-01-19 09:00:00,34.0,41,0.0,48,1.8,6,1008.0,2
2024-01-19 10:00:00,33.0,46,0.0,52,3.6,6,1008.0,2
2024-01-19 11:00:00,30.0,59,0.0,220,16.6,6,1009.0,2
2024-01-19 12:00:00,29.0,66,0.0,210,13.0,6,1010.0,2
2024-01-19 13:00:00,29.0,62,0.0,180,13.0,6,1011.0,2
2024-01-19 14:00:00,28.0,62,0.0,130,14.8,6,1011.0,1
2024-01-19 15:00:00,28.0,62,0.0,140,9.4,6,1011.0,1
2024-01-19 16:00:00,27.0,70,0.0,130,11.2,5,1011.0,2
2024-01-19 17:00:00,27.0,70,0.0,140,13.0,5,1011.0,1
2024-01-19 18:00:00,26.0,74,0.0,130,14.8,5,1011.0,1
2024-01-19 19:00:00,26.0,79,0.0,130,11.2,5,1010.0,1
2024-01-19 20:00:00,25.0,84,0.0,140,9.4,5,1010.0,1
2024-01-19 21:00:00,25.0,84,0.0,233,3.6,4,1010.0,1
2024-01-19 22:00:00,25.0,89,0.0,130,7.6,5,1010.0,2
2024-01-19 23:00:00,24.0,94,0.0,100,5.4,5,1011.0,2
2024-01-20 00:00:00,25.0,89,0.0,236,5.4,5,1012.0,2
2024-01-20 01:00:00,26.0,84,0.0,72,3.6,6,1013.0,2
2024-01-20 02:00:00,27.0,79,0.0,72,5.4,6,1014.0,2
2024-01-20 03:00:00,29.0,66,0.0,72,5.4,6,1014.0,2
2024-01-20 04:00:00,30.0,59,0.0,140,7.6,6,1013.0,2
2024-01-20 05:00:00,32.0,52,0.0,58,5.4,6,1012.0,2
2024-01-20 06:00:00,32.0,49,0.0,56,3.6,6,1011.0,2
2024-01-20 07:00:00,32.0,52,0.0,290,7.6,6,1010.0,2
2024-01-20 08:00:00,32.0,52,0.0,54,1.8,6,1009.0,2
2024-01-20 09:00:00,31.0,59,0.0,210,13.0,6,1010.0,2
2024-01-20 10:00:00,29.0,66,0.0,180,16.6,6,1010.0,2
2024-01-20 11:00:00,28.0,66,0.0,170,11.2,6,1011.0,2
2024-01-20 12:00:00,28.0,66,0.0,180,11.2,6,1011.0,2
2024-01-20 13:00:00,28.0,66,0.0,180,9.4,6,1012.0,2
2024-01-20 14:00:00,28.0,66,0.0,140,11.2,6,1013.0,1
2024-01-20 15:00:00,27.0,70,0.0,130,9.4,6,1013.0,1
2024-01-20 16:00:00,27.0,70,0.0,130,11.2,5,1013.0,2
2024-01-20 17:00:00,27.0,66,0.0,140,11.2,5,1013.0,1
2024-01-20 18:00:00,26.0,79,0.0,110,5.4,5,1013.0,1
2024-01-20 19:00:00,26.0,84,0.0,120,5.4,5,1012.0,1
2024-01-20 20:00:00,25.0,89,0.0,130,7.6,5,1012.0,1
2024-01-20 21:00:00,24.0,94,0.0,90,9.4,5,1012.0,1
2024-01-20 22:00:00,25.0,94,0.0,140,13.0,6,1012.0,2
2024-01-20 23:00:00,25.0,89,0.0,120,14.8,6,1012.0,2
2024-01-21 00:00:00,24.0,94,0.0,90,11.2,6,1013.0,2
2024-01-21 01:00:00,26.0,89,0.0,60,9.4,6,1014.0,2
2024-01-21 02:00:00,28.0,74,0.0,60,9.4,6,1015.0,2
2024-01-21 03:00:00,30.0,66,0.0,70,9.4,6,1015.0,2
2024-01-21 04:00:00,31.0,55,0.0,30,11.2,7,1014.0,2
2024-01-21 05:00:00,32.0,56,0.0,360,7.6,7,1013.0,2
2024-01-21 06:00:00,31.0,59,0.0,340,11.2,7,1012.0,2
2024-01-21 07:00:00,32.0,56,0.0,60,5.4,7,1011.0,2
2024-01-21 08:00:00,32.0,56,0.0,58,3.6,7,1010.0,2
2024-01-21 09:00:00,31.0,59,0.0,180,14.8,7,1011.0,2
2024-01-21 10:00:00,30.0,59,0.0,190,13.0,7,1011.0,2
2024-01-21 11:00:00,29.0,55,0.0,190,9.4,7,1011.0,2
2024-01-21 12:00:00,29.0,58,0.0,190,9.4,7,1012.0,2
2024-01-21 13:00:00,28.0,62,0.0,170,7.6,6,1012.0,2
2024-01-21 14:00:00,28.0,62,0.0,170,7.6,6,1013.0,2
2024-01-21 15:00:00,27.0,70,0.0,170,9.4,6,1013.0,2
2024-01-21 16:00:00,27.0,70,0.0,172,5.4,6,1013.0,2
2024-01-21 17:00:00,27.0,70,0.0,170,5.4,6,1013.0,2
2024-01-21 18:00:00,27.0,66,0.0,130,11.2,6,1013.0,1
2024-01-21 19:00:00,26.0,74,0.0,130,13.0,5,1012.0,1
2024-01-21 20:00:00,26.0,79,0.0,120,13.0,5,1012.0,1
2024-01-21 21:00:00,25.0,84,0.0,100,9.4,5,1012.0,1
2024-01-21 22:00:00,25.0,84,0.0,100,11.2,5,1012.0,2
2024-01-21 23:00:00,25.0,78,0.0,100,9.4,6,1012.0,2
2024-01-22 00:00:00,26.0,74,0.0,130,7.6,6,1013.0,2
2024-01-22 01:00:00,27.0,62,0.0,70,13.0,6,1014.0,2
2024-01-22 02:00:00,29.0,52,0.0,90,14.8,6,1015.0,2
2024-01-22 03:00:00,30.0,49,0.0,65,11.2,6,1015.0,2
2024-01-22 04:00:00,32.0,43,0.0,70,16.6,6,1014.0,2
2024-01-22 05:00:00,33.0,41,0.0,110,7.6,6,1013.0,2
2024-01-22 06:00:00,34.0,39,0.0,140,7.6,6,1012.0,2
2024-01-22 07:00:00,35.0,37,0.0,70,7.6,6,1011.0,2
2024-01-22 08:00:00,35.0,37,0.0,130,7.6,6,1010.0,2
2024-01-22 09:00:00,34.0,39,0.0,49,5.4,6,1010.0,2
2024-01-22 10:00:00,33.0,44,0.0,58,7.6,6,1011.0,2
2024-01-22 11:00:00,31.0,46,0.0,180,14.8,6,1011.0,2
2024-01-22 12:00:00,30.0,49,0.0,170,7.6,6,1012.0,2
2024-01-22 13:00:00,29.0,52,0.0,140,16.6,6,1013.0,2
2024-01-22 14:00:00,28.0,58,0.0,140,16.6,6,1014.0,2
2024-01-22 15:00:00,28.0,58,0.0,130,16.6,6,1014.0,2
2024-01-22 16:00:00,28.0,58,0.0,120,11.2,5,1014.0,2
2024-01-22 17:00:00,27.0,66,0.0,110,9.4,5,1014.0,2
2024-01-22 18:00:00,27.0,66,0.0,130,11.2,5,1014.0,1
2024-01-22 19:00:00,26.0,70,0.0,110,7.6,5,1013.0,1
2024-01-22 20:00:00,25.0,78,0.0,90,7.6,5,1013.0,2
2024-01-22 21:00:00,24.0,89,0.0,80,7.6,5,1013.0,2
2024-01-22 22:00:00,24.0,89,0.0,90,7.6,6,1013.0,2
2024-01-22 23:00:00,25.0,84,0.0,20,7.6,5,1014.0,2
2024-01-23 00:00:00,25.0,84,0.0,30,7.6,0,1015.0,2
2024-01-23 01:00:00,27.0,74,0.0,39,5.4,0,1015.0,2
2024-01-23 02:00:00,29.0,62,0.0,60,7.6,6,1016.0,2
2024-01-23 03:00:00,31.0,52,0.0,50,5.4,6,1015.0,2
2024-01-23 04:00:00,33.0,44,0.0,53,5.4,6,1014.0,2
2024-01-23 05:00:00,33.0,44,0.0,70,9.4,6,1013.0,2
2024-01-23 06:00:00,34.0,41,0.0,61,5.4,6,1012.0,2
2024-01-23 07:00:00,35.0,37,0.0,50,7.6,6,1011.0,2
2024-01-23 08:00:00,34.0,39,0.0,56,5.4,6,1011.0,2
2024-01-23 09:00:00,32.0,49,0.0,180,16.6,6,1011.0,2
2024-01-23 10:00:00,31.0,55,0.0,200,14.8,6,1012.0,2
2024-01-23 11:00:00,29.0,66,0.0,190,13.0,6,1012.0,2
2024-01-23 12:00:00,28.0,70,0.0,190,7.6,6,1013.0,2
2024-01-23 13:00:00,28.0,70,0.0,82,3.6,6,1013.0,2
2024-01-23 14:00:00,28.0,70,0.0,220,5.4,6,1014.0,2
2024-01-23 15:00:00,28.0,66,0.0,100,11.2,6,1014.0,2
2024-01-23 16:00:00,27.0,74,0.0,90,9.4,5,1015.0,2
2024-01-23 17:00:00,26.0,79,0.0,295,1.8,5,1015.0,2
2024-01-23 18:00:00,26.0,89,0.0,270,3.6,5,1014.0,1
2024-01-23 19:00:00,25.0,94,0.0,273,1.8,5,1014.0,1
2024-01-23 20:00:00,25.0,94,0.0,276,1.8,5,1013.0,1
2024-01-23 21:00:00,24.0,100,0.0,270,1.8,5,1013.0,2
2024-01-23 22:00:00,24.0,94,0.0,310,1.8,5,1014.0,2
2024-01-23 23:00:00,24.0,100,0.0,287,1.8,5,1014.0,2
2024-01-24 00:00:00,25.0,94,0.0,80,9.4,0,1015.0,2
2024-01-24 01:00:00,27.0,84,0.0,62,5.4,0,1016.0,2
2024-01-24 02:00:00,29.0,62,0.0,100,16.6,6,1016.0,2
2024-01-24 03:00:00,31.0,49,0.0,110,13.0,6,1015.0,2
2024-01-24 04:00:00,32.0,46,0.0,130,9.4,6,1015.0,2
2024-01-24 05:00:00,33.0,44,0.0,110,9.4,6,1014.0,2
2024-01-24 06:00:00,35.0,37,0.0,130,9.4,6,1013.0,2
2024-01-24 07:00:00,35.0,37,0.0,63,5.4,6,1012.0,2
2024-01-24 08:00:00,35.0,37,0.0,61,5.4,6,1011.0,2
2024-01-24 09:00:00,33.0,52,0.0,200,18.4,6,1011.0,2
2024-01-24 10:00:00,32.0,56,0.0,200,16.6,6,1012.0,2
2024-01-24 11:00:00,30.0,62,0.0,190,11.2,6,1012.0,2
2024-01-24 12:00:00,29.0,62,0.0,140,14.8,6,1013.0,2
2024-01-24 13:00:00,28.0,66,0.0,160,14.8,6,1014.0,2
2024-01-24 14:00:00,27.0,70,0.0,130,14.8,6,1015.0,2
2024-01-24 15:00:00,27.0,70,0.0,110,11.2,5,1015.0,2
2024-01-24 16:00:00,27.0,70,0.0,90,13.0,5,1015.0,2
2024-01-24 17:00:00,27.0,70,0.0,60,9.4,5,1015.0,2
2024-01-24 18:00:00,26.0,74,0.0,110,7.6,5,1015.0,2
2024-01-24 19:00:00,26.0,70,0.0,110,9.4,5,1015.0,2
2024-01-24 20:00:00,26.0,74,0.0,80,3.6,5,1015.0,2
2024-01-24 21:00:00,26.0,70,0.0,80,9.4,5,1015.0,2
2024-01-24 22:00:00,25.0,74,0.0,80,9.4,6,1015.0,2
2024-01-24 23:00:00,26.0,65,0.0,90,11.2,6,1016.0,2
2024-01-25 00:00:00,26.0,70,0.0,80,7.6,6,1016.0,2
2024-01-25 01:00:00,27.0,66,0.0,50,9.4,6,1017.0,2
2024-01-25 02:00:00,29.0,58,0.0,90,9.4,6,1017.0,2
2024-01-25 03:00:00,30.0,52,0.0,62,7.6,0,1017.0,2
2024-01-25 04:00:00,31.0,52,0.0,130,9.4,0,1017.0,2
2024-01-25 05:00:00,32.0,49,0.0,66,5.4,6,1016.0,2
2024-01-25 06:00:00,33.0,44,0.0,80,11.2,6,1015.0,2
2024-01-25 07:00:00,34.0,39,0.0,66,5.4,6,1013.0,2
2024-01-25 08:00:00,35.0,37,0.0,62,5.4,6,1013.0,2
2024-01-25 09:00:00,33.0,41,0.0,59,5.4,6,1013.0,2
2024-01-25 10:00:00,32.0,52,0.0,210,13.0,6,1013.0,2
2024-01-25 11:00:00,30.0,59,0.0,200,13.0,6,1014.0,2
2024-01-25 12:00:00,30.0,59,0.0,200,11.2,6,1015.0,2
2024-01-25 13:00:00,29.0,62,0.0,170,7.6,6,1015.0,2
2024-01-25 14:00:00,29.0,66,0.0,200,9.4,6,1016.0,2
2024-01-25 15:00:00,29.0,66,0.0,92,3.6,6,1017.0,2
2024-01-25 16:00:00,27.0,70,0.0,59,5.4,5,1017.0,2
2024-01-25 17:00:00,28.0,79,0.0,7,3.6,5,1017.0,2
2024-01-25 18:00:00,26.0,74,0.0,80,9.4,5,1017.0,2
2024-01-25 19:00:00,26.0,74,0.0,90,9.4,5,1016.0,2
2024-01-25 20:00:00,26.0,74,0.0,80,5.4,5,1016.0,2
2024-01-25 21:00:00,25.0,78,0.0,110,5.4,5,1016.0,2
2024-01-25 22:00:00,26.0,74,0.0,120,7.6,6,1016.0,2
2024-01-25 23:00:00,26.0,61,0.0,110,11.2,6,1017.0,2
2024-01-26 00:00:00,26.0,65,0.0,271,5.4,6,1017.0,2
2024-01-26 01:00:00,28.0,55,0.0,49,1.8,6,1018.0,2
2024-01-26 02:00:00,29.0,48,0.0,60,7.6,6,1018.0,2
2024-01-26 03:00:00,30.0,49,0.0,57,5.4,6,1018.0,2
2024-01-26 04:00:00,30.0,49,0.0,10,9.4,6,1018.0,2
2024-01-26 05:00:00,32.0,46,0.0,30,7.6,6,1017.0,2
2024-01-26 06:00:00,33.0,44,0.0,59,7.6,6,1016.0,2
2024-01-26 07:00:00,33.0,44,0.0,57,3.6,6,1015.0,2
2024-01-26 08:00:00,34.0,41,0.0,30,9.4,6,1014.0,2
2024-01-26 09:00:00,34.0,39,0.0,55,3.6,6,1014.0,2
2024-01-26 10:00:00,33.0,44,0.0,60,3.6,6,1014.0,2
2024-01-26 11:00:00,30.0,59,0.0,200,16.6,0,1014.0,2
2024-01-26 12:00:00,29.0,62,0.0,180,13.0,6,1015.0,2
2024-01-26 13:00:00,28.0,66,0.0,160,11.2,6,1015.0,2
2024-01-26 14:00:00,28.0,66,0.0,140,11.2,5,1016.0,2
2024-01-26 15:00:00,27.0,70,0.0,130,14.8,5,1017.0,1
2024-01-26 16:00:00,26.0,74,0.0,130,9.4,5,1017.0,2
2024-01-26 17:00:00,26.0,70,0.0,100,7.6,5,1017.0,1
2024-01-26 18:00:00,25.0,74,0.0,264,3.6,5,1017.0,1
2024-01-26 19:00:00,25.0,78,0.0,80,7.6,5,1016.0,1
2024-01-26 20:00:00,25.0,74,0.0,90,11.2,5,1016.0,1
2024-01-26 21:00:00,24.0,78,0.0,60,7.6,5,1016.0,1
2024-01-26 22:00:00,24.0,78,0.0,60,9.4,5,1016.0,2
2024-01-26 23:00:00,24.0,78,0.0,60,7.6,5,1016.0,2
2024-01-27 00:00:00,25.0,78,0.0,60,7.6,0,1017.0,2
2024-01-27 01:00:00,26.0,74,0.0,50,13.0,0,1017.0,2
2024-01-27 02:00:00,28.0,58,0.0,60,9.4,0,1018.0,2
2024-01-27 03:00:00,30.0,55,0.0,60,3.6,6,1017.0,2
2024-01-27 04:00:00,31.0,52,0.0,57,5.4,6,1017.0,2
2024-01-27 05:00:00,33.0,44,0.0,55,5.4,6,1015.0,2
2024-01-27 06:00:00,33.0,44,0.0,52,3.6,6,1014.0,2
2024-01-27 07:00:00,34.0,39,0.0,10,7.6,6,1013.0,2
2024-01-27 08:00:00,34.0,36,0.0,60,7.6,6,1012.0,2
2024-01-27 09:00:00,34.0,39,0.0,59,5.4,6,1012.0,2
2024-01-27 10:00:00,33.0,44,0.0,230,9.4,6,1013.0,2
2024-01-27 11:00:00,30.0,55,0.0,180,14.8,6,1013.0,2
2024-01-27 12:00:00,30.0,49,0.0,180,14.8,6,1014.0,2
2024-01-27 13:00:00,29.0,55,0.0,190,9.4,6,1015.0,2
2024-01-27 14:00:00,28.0,62,0.0,180,9.4,5,1015.0,2
2024-01-27 15:00:00,28.0,55,0.0,140,22.3,5,1016.0,1
2024-01-27 16:00:00,27.0,62,0.0,110,13.0,5,1016.0,2
2024-01-27 17:00:00,27.0,62,0.0,90,9.4,5,1016.0,1
2024-01-27 18:00:00,26.0,65,0.0,110,7.6,5,1016.0,1
2024-01-27 19:00:00,25.0,69,0.0,100,7.6,5,1015.0,1
2024-01-27 20:00:00,25.0,65,0.0,110,11.2,5,1015.0,1
2024-01-27 21:00:00,25.0,65,0.0,100,11.2,4,1015.0,1
2024-01-27 22:00:00,24.0,69,0.0,80,9.4,5,1016.0,2
2024-01-27 23:00:00,25.0,61,0.0,100,13.0,5,1016.0,2
2024-01-28 00:00:00,25.0,61,0.0,70,7.6,5,1016.0,2
2024-01-28 01:00:00,27.0,54,0.0,90,9.4,6,1017.0,2
2024-01-28 02:00:00,28.0,48,0.0,110,11.2,6,1018.0,2
2024-01-28 03:00:00,30.0,40,0.0,110,11.2,6,1018.0,2
2024-01-28 04:00:00,32.0,36,0.0,50,14.8,6,1017.0,2
2024-01-28 05:00:00,33.0,34,0.0,66,7.6,6,1016.0,2
2024-01-28 06:00:00,34.0,30,0.0,140,13.0,6,1015.0,2
2024-01-28 07:00:00,34.0,30,0.0,64,5.4,6,1013.0,2
2024-01-28 08:00:00,35.0,30,0.0,62,7.6,6,1013.0,2
2024-01-28 09:00:00,34.0,32,0.0,60,5.4,6,1012.0,2
2024-01-28 10:00:00,32.0,46,0.0,200,16.6,6,1013.0,2
2024-01-28 11:00:00,30.0,49,0.0,190,14.8,6,1014.0,2
2024-01-28 12:00:00,29.0,55,0.0,190,9.4,6,1015.0,2
2024-01-28 13:00:00,29.0,52,0.0,150,9.4,6,1015.0,2
2024-01-28 14:00:00,29.0,48,0.0,130,7.6,6,1016.0,2
2024-01-28 15:00:00,28.0,51,0.0,110,13.0,5,1016.0,2
2024-01-28 16:00:00,28.0,51,0.0,90,7.6,5,1016.0,2
2024-01-28 17:00:00,27.0,54,0.0,342,5.4,5,1016.0,2
2024-01-28 18:00:00,27.0,58,0.0,285,5.4,5,1015.0,1
2024-01-28 19:00:00,26.0,54,0.0,100,9.4,5,1015.0,1
2024-01-28 20:00:00,25.0,57,0.0,90,3.6,5,1015.0,1
2024-01-28 21:00:00,24.0,65,0.0,90,7.6,5,1015.0,2
2024-01-28 22:00:00,24.0,69,0.0,285,1.8,5,1015.0,2
2024-01-28 23:00:00,24.0,69,0.0,277,3.6,5,1016.0,2
2024-01-29 00:00:00,25.0,74,0.0,10,1.8,0,1016.0,2
2024-01-29 01:00:00,27.0,62,0.0,360,9.4,0,1017.0,2
2024-01-29 02:00:00,29.0,52,0.0,50,7.6,0,1017.0,2
2024-01-29 03:00:00,31.0,40,0.0,90,16.6,5,1017.0,2
2024-01-29 04:00:00,32.0,38,0.0,60,11.2,6,1016.0,2
2024-01-29 05:00:00,33.0,36,0.0,65,7.6,6,1015.0,2
2024-01-29 06:00:00,33.0,36,0.0,360,7.6,6,1014.0,2
2024-01-29 07:00:00,34.0,32,0.0,63,7.6,6,1013.0,2
2024-01-29 08:00:00,35.0,30,0.0,61,1.8,6,1012.0,2
2024-01-29 09:00:00,34.0,32,0.0,90,7.6,6,1012.0,2
2024-01-29 10:00:00,32.0,46,0.0,220,11.2,6,1012.0,2
2024-01-29 11:00:00,31.0,49,0.0,190,13.0,6,1013.0,2
2024-01-29 12:00:00,30.0,55,0.0,140,13.0,6,1014.0,2
2024-01-29 13:00:00,29.0,55,0.0,140,14.8,6,1014.0,2
2024-01-29 14:00:00,28.0,58,0.0,140,13.0,6,1015.0,2
2024-01-29 15:00:00,28.0,55,0.0,130,7.6,5,1015.0,2
2024-01-29 16:00:00,28.0,55,0.0,130,7.6,5,1015.0,2
2024-01-29 17:00:00,27.0,58,0.0,87,3.6,5,1015.0,2
2024-01-29 18:00:00,27.0,58,0.0,289,3.6,5,1015.0,2
2024-01-29 19:00:00,26.0,61,0.0,90,7.6,5,1014.0,2
2024-01-29 20:00:00,27.0,58,0.0,90,7.6,5,1014.0,2
2024-01-29 21:00:00,26.0,61,0.0,90,7.6,5,1014.0,2
2024-01-29 22:00:00,25.0,65,0.0,90,7.6,5,1015.0,2
2024-01-29 23:00:00,25.0,74,0.0,243,3.6,5,1015.0,2
2024-01-30 00:00:00,26.0,70,0.0,50,7.6,5,1015.0,2
2024-01-30 01:00:00,28.0,62,0.0,50,7.6,0,1016.0,2
2024-01-30 02:00:00,30.0,52,0.0,70,7.6,0,1016.0,2
2024-01-30 03:00:00,31.0,43,0.0,68,7.6,6,1016.0,2
2024-01-30 04:00:00,32.0,41,0.0,80,7.6,6,1016.0,2
2024-01-30 05:00:00,34.0,36,0.0,110,11.2,6,1015.0,2
2024-01-30 06:00:00,34.0,34,0.0,66,7.6,6,1013.0,2
2024-01-30 07:00:00,34.0,36,0.0,63,13.0,6,1012.0,2
2024-01-30 08:00:00,34.0,41,0.0,180,14.8,6,1012.0,2
2024-01-30 09:00:00,33.0,44,0.0,140,16.6,6,1011.0,2
2024-01-30 10:00:00,31.0,49,0.0,160,16.6,6,1012.0,2
2024-01-30 11:00:00,30.0,52,0.0,140,20.5,6,1012.0,2
2024-01-30 12:00:00,29.0,55,0.0,130,25.9,6,1013.0,2
2024-01-30 13:00:00,28.0,62,0.0,130,22.3,5,1014.0,2
2024-01-30 14:00:00,28.0,62,0.0,140,14.8,5,1015.0,1
2024-01-30 15:00:00,28.0,62,0.0,140,13.0,5,1015.0,1
2024-01-30 16:00:00,27.0,66,0.0,140,13.0,5,1015.0,2
2024-01-30 17:00:00,27.0,66,0.0,130,11.2,4,1015.0,1
2024-01-30 18:00:00,27.0,66,0.0,140,11.2,4,1015.0,1
2024-01-30 19:00:00,26.0,70,0.0,130,13.0,4,1014.0,1
2024-01-30 20:00:00,26.0,70,0.0,120,9.4,4,1014.0,1
2024-01-30 21:00:00,26.0,70,0.0,90,7.6,4,1014.0,1
2024-01-30 22:00:00,25.0,74,0.0,90,5.4,5,1014.0,2
2024-01-30 23:00:00,25.0,74,0.0,80,7.6,5,1015.0,2
2024-01-31 00:00:00,26.0,74,0.0,233,5.4,5,1015.0,2
2024-01-31 01:00:00,28.0,62,0.0,60,7.6,0,1016.0,2
2024-01-31 02:00:00,29.0,58,0.0,70,11.2,0,1016.0,2
2024-01-31 03:00:00,31.0,46,0.0,70,14.8,5,1016.0,2
2024-01-31 04:00:00,32.0,43,0.0,70,14.8,6,1016.0,2
2024-01-31 05:00:00,34.0,41,0.0,80,11.2,6,1014.0,2
2024-01-31 06:00:00,34.0,41,0.0,60,7.6,6,1013.0,2
2024-01-31 07:00:00,35.0,37,0.0,58,5.4,6,1012.0,2
2024-01-31 08:00:00,35.0,37,0.0,60,7.6,6,1011.0,2
2024-01-31 09:00:00,32.0,49,0.0,180,18.4,6,1011.0,2
2024-01-31 10:00:00,31.0,46,0.0,180,18.4,6,1012.0,2
2024-01-31 11:00:00,30.0,55,0.0,160,11.2,6,1012.0,2
2024-01-31 12:00:00,29.0,58,0.0,140,13.0,6,1013.0,2
2024-01-31 13:00:00,28.0,66,0.0,130,13.0,5,1014.0,2
2024-01-31 14:00:00,28.0,66,0.0,140,14.8,5,1014.0,1
2024-01-31 15:00:00,27.0,70,0.0,140,14.8,5,1014.0,1
2024-01-31 16:00:00,27.0,70,0.0,140,16.6,5,1014.0,2
2024-01-31 17:00:00,27.0,70,0.0,140,16.6,4,1014.0,1
2024-01-31 18:00:00,26.0,74,0.0,130,11.2,4,1014.0,1
2024-01-31 19:00:00,26.0,74,0.0,140,9.4,4,1014.0,1
2024-01-31 20:00:00,27.0,70,0.0,208,5.4,4,1014.0,1
2024-01-31 21:00:00,26.0,74,0.0,140,7.6,4,1014.0,1
2024-01-31 22:00:00,26.0,74,0.0,177,5.4,5,1014.0,2
2024-01-31 23:00:00,26.0,79,0.0,140,7.6,5,1014.0,2
2024-02-01 00:00:00,26.0,79,0.0,140,7.6,5,1015.0,2
2024-02-01 01:00:00,28.0,66,0.0,130,7.6,5,1016.0,2
2024-02-01 02:00:00,29.0,58,0.0,140,9.4,5,1017.0,2
2024-02-01 03:00:00,31.0,52,0.0,150,9.4,5,1017.0,2
2024-02-01 04:00:00,32.0,49,0.0,150,7.6,6,1016.0,2
2024-02-01 05:00:00,33.0,46,0.0,150,7.6,6,1015.0,2
2024-02-01 06:00:00,33.0,44,0.0,53,3.6,6,1014.0,2
2024-02-01 07:00:00,34.0,41,0.0,51,3.6,6,1013.0,2
2024-02-01 08:00:00,33.0,49,0.0,220,14.8,6,1012.0,2
2024-02-01 09:00:00,32.0,52,0.0,190,20.5,6,1012.0,2
2024-02-01 10:00:00,30.0,55,0.0,180,16.6,6,1013.0,2
2024-02-01 11:00:00,29.0,58,0.0,180,14.8,6,1013.0,2
2024-02-01 12:00:00,28.0,66,0.0,180,11.2,5,1014.0,2
2024-02-01 13:00:00,28.0,66,0.0,160,9.4,5,1014.0,2
2024-02-01 14:00:00,28.0,70,0.0,150,9.4,5,1015.0,2
2024-02-01 15:00:00,27.0,74,0.0,140,13.0,5,1014.0,1
2024-02-01 16:00:00,27.0,79,0.0,140,9.4,5,1014.0,2
2024-02-01 17:00:00,26.0,84,0.0,130,11.2,4,1014.0,1
2024-02-01 18:00:00,26.0,84,0.0,130,14.8,4,1014.0,1
2024-02-01 19:00:00,26.0,84,0.0,140,9.4,4,1013.0,1
2024-02-01 20:00:00,26.0,84,0.0,140,13.0,4,1013.0,1
2024-02-01 21:00:00,26.0,84,0.0,140,14.8,4,1013.0,1
2024-02-01 22:00:00,26.0,89,0.0,140,7.6,5,1013.0,2
2024-02-01 23:00:00,26.0,84,0.0,140,7.6,5,1014.0,2
2024-02-02 00:00:00,26.0,89,0.0,130,9.4,4,1014.0,2
2024-02-02 01:00:00,27.0,79,0.0,120,11.2,5,1015.0,2
2024-02-02 02:00:00,28.0,70,0.0,140,13.0,5,1016.0,2
2024-02-02 03:00:00,29.0,66,0.0,140,13.0,6,1016.0,2
2024-02-02 04:00:00,31.0,55,0.0,160,9.4,6,1015.0,2
2024-02-02 05:00:00,32.0,49,0.0,59,7.6,6,1014.0,2
2024-02-02 06:00:00,32.0,52,0.0,57,7.6,6,1013.0,2
2024-02-02 07:00:00,33.0,52,0.0,200,9.4,6,1012.0,2
2024-02-02 08:00:00,32.0,59,0.0,200,13.0,6,1011.0,2
2024-02-02 09:00:00,31.0,62,0.0,180,18.4,6,1011.0,2
2024-02-02 10:00:00,30.0,62,0.0,180,14.8,6,1012.0,2
2024-02-02 11:00:00,28.0,74,0.0,190,14.8,6,1012.0,2
2024-02-02 12:00:00,28.0,74,0.0,180,14.8,5,1013.0,2
2024-02-02 13:00:00,27.0,79,0.0,160,13.0,5,1014.0,2
2024-02-02 14:00:00,27.0,79,0.0,140,16.6,5,1014.0,2
2024-02-02 15:00:00,26.0,89,0.0,130,18.4,5,1014.0,2
2024-02-02 16:00:00,26.0,89,0.0,140,14.8,4,1014.0,2
2024-02-02 17:00:00,26.0,89,0.0,140,13.0,4,1014.0,2
2024-02-02 18:00:00,26.0,89,0.0,140,14.8,4,1014.0,1
2024-02-02 19:00:00,26.0,84,0.0,130,11.2,4,1014.0,1
2024-02-02 20:00:00,26.0,84,0.0,150,9.4,4,1013.0,2
2024-02-02 21:00:00,26.0,84,0.0,130,11.2,4,1013.0,2
2024-02-02 22:00:00,25.0,94,0.0,140,9.4,5,1014.0,2
2024-02-02 23:00:00,25.0,94,0.0,140,9.4,4,1014.0,2
2024-02-03 00:00:00,26.0,89,0.0,140,11.2,4,1015.0,2
2024-02-03 01:00:00,27.0,84,0.0,140,18.4,5,1015.0,2
2024-02-03 02:00:00,28.0,74,0.0,120,14.8,5,1016.0,2
2024-02-03 03:00:00,30.0,62,0.0,140,11.2,6,1016.0,2
2024-02-03 04:00:00,32.0,49,0.0,120,9.4,5,1015.0,2
2024-02-03 05:00:00,33.0,46,0.0,59,11.2,6,1014.0,2
2024-02-03 06:00:00,33.0,46,0.0,100,11.2,6,1012.0,2
2024-02-03 07:00:00,34.0,44,0.0,53,5.4,6,1011.0,2
2024-02-03 08:00:00,35.0,39,0.0,51,3.6,6,1011.0,2
2024-02-03 09:00:00,32.0,52,0.0,210,20.5,5,1011.0,2
2024-02-03 10:00:00,31.0,52,0.0,190,18.4,6,1011.0,2
2024-02-03 11:00:00,29.0,62,0.0,200,16.6,5,1012.0,2
2024-02-03 12:00:00,28.0,70,0.0,180,14.8,5,1013.0,2
2024-02-03 13:00:00,28.0,74,0.0,180,13.0,5,1013.0,2
2024-02-03 14:00:00,27.0,79,0.0,180,11.2,5,1014.0,2
2024-02-03 15:00:00,27.0,79,0.0,170,11.2,5,1014.0,1
2024-02-03 16:00:00,27.0,84,0.0,170,9.4,5,1014.0,1
2024-02-03 17:00:00,27.0,84,0.0,190,9.4,5,1014.0,1
2024-02-03 18:00:00,26.0,89,0.0,180,11.2,5,1014.0,1
2024-02-03 19:00:00,26.0,94,0.0,180,9.4,5,1014.0,1
2024-02-03 20:00:00,26.0,94,0.0,190,9.4,5,1013.0,1
2024-02-03 21:00:00,26.0,94,0.0,231,5.4,4,1013.0,2
2024-02-03 22:00:00,26.0,94,0.0,196,5.4,5,1014.0,2
2024-02-03 23:00:00,26.0,94,0.0,190,7.6,4,1014.0,2
2024-02-04 00:00:00,26.0,89,0.0,198,1.8,4,1014.0,2
2024-02-04 01:00:00,28.0,79,0.0,78,3.6,5,1015.0,2
2024-02-04 02:00:00,30.0,62,0.0,74,5.4,5,1016.0,2
2024-02-04 03:00:00,31.0,55,0.0,80,13.0,6,1016.0,2
2024-02-04 04:00:00,32.0,49,0.0,58,5.4,5,1015.0,2
2024-02-04 05:00:00,33.0,46,0.0,53,7.6,6,1014.0,2
2024-02-04 06:00:00,33.0,46,0.0,49,3.6,6,1013.0,2
2024-02-04 07:00:00,35.0,42,0.0,49,5.4,6,1012.0,2
2024-02-04 08:00:00,34.0,44,0.0,280,9.4,6,1011.0,2
2024-02-04 09:00:00,32.0,56,0.0,180,22.3,6,1012.0,2
2024-02-04 10:00:00,30.0,62,0.0,180,18.4,6,1012.0,2
2024-02-04 11:00:00,29.0,66,0.0,160,16.6,6,1013.0,2
2024-02-04 12:00:00,28.0,74,0.0,160,14.8,5,1014.0,2
2024-02-04 13:00:00,28.0,79,0.0,140,13.0,5,1014.0,2
2024-02-04 14:00:00,28.0,79,0.0,150,9.4,5,1015.0,2
2024-02-04 15:00:00,27.0,89,0.0,130,9.4,5,1015.0,1
2024-02-04 16:00:00,27.0,89,0.0,130,9.4,5,1014.0,2
2024-02-04 17:00:00,27.0,89,0.0,140,7.6,5,1014.0,1
2024-02-04 18:00:00,27.0,89,0.0,234,5.4,5,1014.0,1
2024-02-04 19:00:00,27.0,89,0.0,160,5.4,0,1013.0,1
2024-02-04 20:00:00,27.0,89,0.0,241,5.4,0,1013.0,1
2024-02-04 21:00:00,26.0,94,0.0,120,3.6,0,1013.3,1
2024-02-04 22:00:00,26.0,94,0.0,236,3.6,0,1013.7,2
2024-02-04 23:00:00,26.0,94,0.0,140,9.4,0,1014.1,2
2024-02-05 00:00:00,27.0,89,0.0,130,7.6,5,1014.5,2
2024-02-05 01:00:00,27.0,89,0.0,130,7.6,5,1015.1,2
2024-02-05 02:00:00,28.0,84,0.0,130,13.0,6,1015.6,2
2024-02-05 03:00:00,29.0,79,0.0,84,5.4,6,1016.2,2
2024-02-05 04:00:00,30.0,75,0.0,120,9.4,6,1015.4,2
2024-02-05 05:00:00,30.0,75,0.0,150,7.6,6,1014.4,2
2024-02-05 06:00:00,32.0,59,0.0,61,7.6,6,1013.0,2
2024-02-05 07:00:00,33.0,56,0.0,59,3.6,6,1012.0,2
2024-02-05 08:00:00,33.0,56,0.0,57,3.6,6,1012.0,2
2024-02-05 09:00:00,32.0,59,0.0,190,16.6,6,1012.0,2
2024-02-05 10:00:00,30.0,66,0.0,210,20.5,6,1012.0,2
2024-02-05 11:00:00,29.0,70,0.0,180,14.8,6,1013.0,2
2024-02-05 12:00:00,28.0,79,0.0,150,16.6,6,1013.0,2
2024-02-05 13:00:00,28.0,79,0.0,150,11.2,6,1014.0,2
2024-02-05 14:00:00,27.0,84,0.0,140,9.4,6,1015.0,2
2024-02-05 15:00:00,27.0,84,0.0,140,11.2,5,1015.0,1
2024-02-05 16:00:00,27.0,84,0.0,140,9.4,5,1015.0,1
2024-02-05 17:00:00,27.0,89,0.0,130,9.4,5,1015.0,1
2024-02-05 18:00:00,26.0,94,0.0,140,7.6,5,1014.0,1
2024-02-05 19:00:00,26.0,94,0.0,130,7.6,5,1014.0,1
2024-02-05 20:00:00,26.0,94,0.0,130,9.4,5,1014.0,1
2024-02-05 21:00:00,26.0,94,0.0,140,11.2,5,1014.0,1
2024-02-05 22:00:00,26.0,89,0.0,130,11.2,5,1014.0,2
2024-02-05 23:00:00,26.0,89,0.0,130,9.4,5,1015.0,2
2024-02-06 00:00:00,26.0,94,0.0,130,14.8,5,1015.0,2
2024-02-06 01:00:00,28.0,84,0.0,140,13.0,5,1016.0,2
2024-02-06 02:00:00,29.0,70,0.0,140,16.6,6,1017.0,2
2024-02-06 03:00:00,31.0,59,0.0,100,20.5,6,1016.0,2
2024-02-06 04:00:00,32.0,52,0.0,140,9.4,6,1016.0,2
2024-02-06 05:00:00,33.0,49,0.0,61,11.2,6,1014.0,2
2024-02-06 06:00:00,33.0,46,0.0,130,7.6,6,1013.0,2
2024-02-06 07:00:00,34.0,44,0.0,58,7.6,6,1012.0,2
2024-02-06 08:00:00,35.0,42,0.0,160,5.4,6,1011.0,2
2024-02-06 09:00:00,33.0,56,0.0,180,22.3,6,1011.0,2
2024-02-06 10:00:00,31.0,59,0.0,190,22.3,6,1011.0,2
2024-02-06 11:00:00,30.0,59,0.0,170,16.6,6,1012.0,2
2024-02-06 12:00:00,28.0,74,0.0,170,11.2,6,1013.0,2
2024-02-06 13:00:00,28.0,79,0.0,170,9.4,5,1014.0,2
2024-02-06 14:00:00,28.0,79,0.0,160,11.2,5,1014.0,2
2024-02-06 15:00:00,28.0,79,0.0,150,7.6,5,1015.0,1
2024-02-06 16:00:00,27.0,84,0.0,130,11.2,5,1015.0,2
2024-02-06 17:00:00,27.0,84,0.0,140,16.6,5,1014.0,1
2024-02-06 18:00:00,27.0,84,0.0,140,7.6,5,1014.0,1
2024-02-06 19:00:00,27.0,84,0.0,231,5.4,5,1013.0,1
2024-02-06 20:00:00,27.0,89,0.0,234,5.4,4,1013.0,1
2024-02-06 21:00:00,26.0,94,0.0,238,5.4,4,1013.0,1
2024-02-06 22:00:00,26.0,94,0.0,155,5.4,5,1013.0,2
2024-02-06 23:00:00,26.0,94,0.0,171,3.6,5,1013.0,2
2024-02-07 00:00:00,27.0,89,0.0,140,11.2,5,1014.0,2
2024-02-07 01:00:00,27.0,89,0.0,120,13.0,5,1015.0,2
2024-02-07 02:00:00,29.0,74,0.0,140,16.6,6,1015.1,2
2024-02-07 03:00:00,30.0,70,0.0,130,18.4,6,1015.0,2
2024-02-07 04:00:00,32.0,63,0.0,150,13.0,6,1015.0,2
2024-02-07 05:00:00,32.0,59,0.0,170,7.6,6,1014.0,2
2024-02-07 06:00:00,32.0,59,0.0,180,9.4,6,1013.0,2
2024-02-07 07:00:00,32.0,59,0.0,57,5.4,6,1011.0,2
2024-02-07 08:00:00,32.0,63,0.0,220,11.2,6,1011.0,2
2024-02-07 09:00:00,31.0,62,0.0,190,14.8,6,1011.0,2
2024-02-07 10:00:00,30.0,66,0.0,200,16.6,6,1011.0,2
2024-02-07 11:00:00,29.0,70,0.0,180,11.2,6,1011.0,2
2024-02-07 12:00:00,29.0,70,0.0,170,9.4,5,1011.0,2
2024-02-07 13:00:00,28.0,79,0.0,140,13.0,5,1012.0,2
2024-02-07 14:00:00,28.0,79,0.0,140,13.0,5,1012.0,2
2024-02-07 15:00:00,27.0,84,0.0,130,13.0,5,1012.0,1
2024-02-07 16:00:00,27.0,84,0.0,130,11.2,5,1012.0,2
2024-02-07 17:00:00,27.0,84,0.0,140,13.0,4,1012.0,1
2024-02-07 18:00:00,27.0,89,0.0,130,14.8,4,1012.0,1
2024-02-07 19:00:00,26.0,94,0.0,140,11.2,4,1011.0,1
2024-02-07 20:00:00,26.0,94,0.0,140,11.2,4,1010.0,1
2024-02-07 21:00:00,26.0,94,0.0,214,5.4,4,1010.0,1
2024-02-07 22:00:00,26.0,94,0.0,140,11.2,5,1011.0,2
2024-02-07 23:00:00,26.0,94,0.0,140,9.4,5,1012.0,2
2024-02-08 00:00:00,27.0,89,0.0,140,11.2,5,1013.0,2
2024-02-08 01:00:00,27.0,89,0.0,140,14.8,5,1013.0,2
2024-02-08 02:00:00,28.0,79,0.0,140,9.4,6,1014.0,2
2024-02-08 03:00:00,29.0,74,0.0,150,7.6,6,1015.0,2
2024-02-08 04:00:00,29.0,70,0.0,140,9.4,6,1014.0,2
2024-02-08 05:00:00,30.0,66,0.0,75,9.4,6,1014.0,2
2024-02-08 06:00:00,31.0,59,0.0,200,11.2,6,1013.0,2
2024-02-08 07:00:00,32.0,52,0.0,150,11.2,6,1012.0,2
2024-02-08 08:00:00,32.0,52,0.0,140,11.2,6,1011.0,2
2024-02-08 09:00:00,30.0,62,0.0,170,14.8,6,1011.0,2
2024-02-08 10:00:00,29.0,66,0.0,160,13.0,6,1011.0,2
2024-02-08 11:00:00,29.0,66,0.0,160,13.0,6,1011.0,2
2024-02-08 12:00:00,28.0,70,0.0,170,11.2,6,1012.0,2
2024-02-08 13:00:00,28.0,74,0.0,150,9.4,5,1012.0,2
2024-02-08 14:00:00,27.0,79,0.0,130,11.2,5,1013.0,2
2024-02-08 15:00:00,27.0,84,0.0,120,13.0,5,1013.0,2
2024-02-08 16:00:00,27.0,84,0.0,190,5.4,5,1013.0,2
2024-02-08 17:00:00,26.0,89,0.0,130,9.4,5,1013.0,2
2024-02-08 18:00:00,26.0,89,0.0,140,11.2,5,1012.0,1
2024-02-08 19:00:00,26.0,89,0.0,130,13.0,4,1012.0,1
2024-02-08 20:00:00,26.0,94,0.0,130,16.6,4,1012.0,2
2024-02-08 21:00:00,26.0,94,0.0,140,14.8,4,1012.0,2
2024-02-08 22:00:00,26.0,89,0.0,130,14.8,5,1012.0,2
2024-02-08 23:00:00,26.0,89,0.0,130,13.0,5,1013.0,2
2024-02-09 00:00:00,26.0,89,0.0,130,13.0,5,1014.0,2
2024-02-09 01:00:00,28.0,79,0.0,140,14.8,5,1015.0,2
2024-02-09 02:00:00,29.0,70,0.0,130,13.0,5,1016.0,2
2024-02-09 03:00:00,31.0,55,0.0,110,20.5,5,1016.0,2
2024-02-09 04:00:00,33.0,46,0.0,100,16.6,5,1015.0,2
2024-02-09 05:00:00,34.0,44,0.0,120,16.6,6,1014.0,2
2024-02-09 06:00:00,34.0,41,0.0,100,13.0,6,1013.0,2
2024-02-09 07:00:00,35.0,39,0.0,65,9.4,6,1012.0,2
2024-02-09 08:00:00,34.0,44,0.0,200,11.2,5,1011.0,2
2024-02-09 09:00:00,34.0,47,0.0,220,16.6,5,1011.0,2
2024-02-09 10:00:00,32.0,52,0.0,180,16.6,6,1012.0,2
2024-02-09 11:00:00,31.0,59,0.0,180,13.0,6,1012.0,2
2024-02-09 12:00:00,30.0,62,0.0,180,11.2,6,1013.0,2
2024-02-09 13:00:00,29.0,66,0.0,150,9.4,5,1014.0,2
2024-02-09 14:00:00,28.0,70,0.0,140,14.8,5,1014.0,2
2024-02-09 15:00:00,28.0,74,0.0,130,16.6,5,1015.0,1
2024-02-09 16:00:00,27.0,84,0.0,130,11.2,5,1015.0,2
2024-02-09 17:00:00,27.0,84,0.0,120,7.6,5,1015.0,2
2024-02-09 18:00:00,27.0,84,0.0,100,9.4,5,1014.0,1
2024-02-09 19:00:00,26.0,89,0.0,275,3.6,5,1014.0,1
2024-02-09 20:00:00,25.0,94,0.0,80,7.6,4,1014.0,2
2024-02-09 21:00:00,25.0,94,0.0,70,5.4,4,1014.0,2
2024-02-09 22:00:00,25.0,94,0.0,285,1.8,5,1014.0,2
2024-02-09 23:00:00,25.0,94,0.0,269,1.8,5,1015.0,2
2024-02-10 00:00:00,26.0,94,0.0,248,1.8,5,1016.0,5
2024-02-10 01:00:00,27.0,89,0.0,60,5.4,5,1016.0,5
2024-02-10 02:00:00,28.0,74,0.0,62,7.6,0,1017.0,2
2024-02-10 03:00:00,31.0,55,0.0,90,7.6,0,1017.0,2
2024-02-10 04:00:00,32.0,49,0.0,62,3.6,0,1016.0,2
2024-02-10 05:00:00,33.0,44,0.0,170,9.4,6,1015.0,2
2024-02-10 06:00:00,34.0,39,0.0,100,11.2,6,1014.0,2
2024-02-10 07:00:00,35.0,34,0.0,64,7.6,6,1013.0,2
2024-02-10 08:00:00,35.0,34,0.0,61,5.4,6,1012.0,2
2024-02-10 09:00:00,34.0,44,0.0,210,9.4,5,1012.0,2
2024-02-10 10:00:00,32.0,49,0.0,200,20.5,6,1013.0,2
2024-02-10 11:00:00,31.0,55,0.0,180,11.2,6,1014.0,2
2024-02-10 12:00:00,30.0,59,0.0,160,13.0,5,1014.0,2
2024-02-10 13:00:00,29.0,62,0.0,140,14.8,5,1015.0,2
2024-02-10 14:00:00,29.0,62,0.0,110,14.8,5,1016.0,2
2024-02-10 15:00:00,28.0,62,0.0,90,13.0,5,1016.0,2
2024-02-10 16:00:00,28.0,62,0.0,90,11.2,5,1017.0,2
2024-02-10 17:00:00,27.0,62,0.0,80,9.4,5,1017.0,2
2024-02-10 18:00:00,27.0,66,0.0,90,7.6,5,1016.0,2
2024-02-10 19:00:00,27.0,58,0.0,100,11.2,5,1016.0,2
2024-02-10 20:00:00,26.0,61,0.0,100,11.2,5,1016.0,2
2024-02-10 21:00:00,26.0,65,0.0,50,7.6,5,1016.0,2
2024-02-10 22:00:00,25.0,74,0.0,40,7.6,5,1016.0,2
2024-02-10 23:00:00,24.0,74,0.0,30,7.6,5,1017.0,2
2024-02-11 00:00:00,25.0,69,0.0,60,9.4,5,1017.0,2
2024-02-11 01:00:00,26.0,65,0.0,60,13.0,5,1018.0,2
2024-02-11 02:00:00,28.0,55,0.0,60,9.4,5,1019.0,2
2024-02-11 03:00:00,30.0,49,0.0,70,7.6,5,1019.0,2
2024-02-11 04:00:00,31.0,43,0.0,80,7.6,6,1018.0,2
2024-02-11 05:00:00,32.0,38,0.0,63,7.6,6,1017.0,2
2024-02-11 06:00:00,34.0,34,0.0,80,13.0,6,1016.0,2
2024-02-11 07:00:00,34.0,34,0.0,100,11.2,6,1015.0,2
2024-02-11 08:00:00,35.0,32,0.0,58,7.6,5,1014.0,2
2024-02-11 09:00:00,34.0,34,0.0,130,9.4,5,1013.0,2
2024-02-11 10:00:00,33.0,38,0.0,59,1.8,5,1014.0,2
2024-02-11 11:00:00,31.0,52,0.0,190,14.8,5,1014.0,2
2024-02-11 12:00:00,30.0,55,0.0,67,5.4,5,1015.0,2
2024-02-11 13:00:00,30.0,49,0.0,20,7.6,5,1016.0,2
2024-02-11 14:00:00,29.0,48,0.0,20,13.0,5,1017.0,2
2024-02-11 15:00:00,28.0,51,0.0,50,11.2,5,1017.0,2
2024-02-11 16:00:00,27.0,54,0.0,50,11.2,5,1017.0,2
2024-02-11 17:00:00,26.0,58,0.0,40,9.4,5,1017.0,2
2024-02-11 18:00:00,26.0,58,0.0,50,9.4,5,1016.0,1
2024-02-11 19:00:00,25.0,61,0.0,20,7.6,5,1016.0,1
2024-02-11 20:00:00,24.0,65,0.0,30,5.4,4,1015.0,1
2024-02-11 21:00:00,24.0,65,0.0,30,9.4,4,1015.0,1
2024-02-11 22:00:00,23.0,69,0.0,30,7.6,5,1015.0,2
2024-02-11 23:00:00,23.0,69,0.0,10,9.4,5,1016.0,2
2024-02-12 00:00:00,23.0,69,0.0,307,9.4,4,1016.0,2
2024-02-12 01:00:00,25.0,61,0.0,30,7.6,5,1017.0,2
2024-02-12 02:00:00,27.0,54,0.0,60,13.0,5,1017.9,2
2024-02-12 03:00:00,29.0,48,0.0,57,3.6,5,1018.3,2
2024-02-12 04:00:00,31.0,40,0.0,59,7.6,5,1017.0,2
2024-02-12 05:00:00,32.0,36,0.0,60,5.4,5,1016.0,2
2024-02-12 06:00:00,33.0,34,0.0,70,5.4,5,1015.0,2
2024-02-12 07:00:00,34.0,32,0.0,59,7.6,5,1014.0,2
2024-02-12 08:00:00,34.0,32,0.0,55,9.4,5,1013.0,2
2024-02-12 09:00:00,34.0,32,0.0,52,5.4,5,1012.0,2
2024-02-12 10:00:00,32.0,43,0.0,180,14.8,5,1013.0,2
2024-02-12 11:00:00,30.0,52,0.0,180,13.0,5,1014.0,2
2024-02-12 12:00:00,30.0,52,0.0,200,9.4,5,1015.0,2
2024-02-12 13:00:00,30.0,52,0.0,190,11.2,5,1015.0,2
2024-02-12 14:00:00,30.0,52,0.0,200,9.4,5,1016.0,2
2024-02-12 15:00:00,29.0,58,0.0,63,3.6,5,1017.0,2
2024-02-12 16:00:00,27.0,70,0.0,53,5.4,5,1017.0,2
2024-02-12 17:00:00,28.0,66,0.0,46,5.4,5,1016.0,2
2024-02-12 18:00:00,27.0,74,0.0,15,5.4,5,1015.0,1
2024-02-12 19:00:00,26.0,79,0.0,360,7.6,5,1015.0,1
2024-02-12 20:00:00,25.0,84,0.0,324,5.4,4,1014.0,1
2024-02-12 21:00:00,25.0,69,0.0,50,7.6,4,1014.0,1
2024-02-12 22:00:00,24.0,74,0.0,70,7.6,5,1014.0,1
2024-02-12 23:00:00,24.0,78,0.0,40,5.4,5,1015.0,2
2024-02-13 00:00:00,25.0,74,0.0,119,5.4,5,1015.0,2
2024-02-13 01:00:00,28.0,58,0.0,90,7.6,5,1016.0,2
2024-02-13 02:00:00,30.0,55,0.0,110,16.6,5,1016.8,2
2024-02-13 03:00:00,31.0,49,0.0,50,7.6,5,1016.0,2
2024-02-13 04:00:00,32.0,43,0.0,57,9.4,6,1016.0,2
2024-02-13 05:00:00,33.0,41,0.0,61,5.4,6,1014.0,2
2024-02-13 06:00:00,35.0,37,0.0,100,13.0,6,1013.0,2
2024-02-13 07:00:00,35.0,34,0.0,61,9.4,6,1012.0,2
2024-02-13 08:00:00,35.0,39,0.0,180,16.6,6,1011.0,2
2024-02-13 09:00:00,34.0,44,0.0,180,13.0,5,1011.0,2
2024-02-13 10:00:00,33.0,46,0.0,180,16.6,6,1012.0,2
2024-02-13 11:00:00,31.0,52,0.0,150,18.4,5,1012.0,2
2024-02-13 12:00:00,30.0,55,0.0,140,16.6,5,1013.0,2
2024-02-13 13:00:00,30.0,55,0.0,120,13.0,5,1013.0,2
2024-02-13 14:00:00,29.0,58,0.0,110,13.0,5,1014.0,2
2024-02-13 15:00:00,29.0,58,0.0,120,18.4,5,1014.0,2
2024-02-13 16:00:00,29.0,58,0.0,120,14.8,5,1014.0,2
2024-02-13 17:00:00,28.0,62,0.0,120,13.0,5,1014.0,2
2024-02-13 18:00:00,28.0,62,0.0,120,11.2,5,1014.0,2
2024-02-13 19:00:00,28.0,62,0.0,110,7.6,5,1013.0,1
2024-02-13 20:00:00,27.0,66,0.0,292,3.6,5,1013.0,2
2024-02-13 21:00:00,27.0,66,0.0,90,7.6,5,1013.0,2
2024-02-13 22:00:00,27.0,66,0.0,60,7.6,5,1013.0,2
2024-02-13 23:00:00,27.0,66,0.0,60,11.2,5,1014.0,2
2024-02-14 00:00:00,27.0,66,0.0,80,7.6,5,1014.0,2
2024-02-14 01:00:00,29.0,58,0.0,60,7.6,5,1015.0,2
2024-02-14 02:00:00,30.0,55,0.0,60,7.6,6,1015.5,2
2024-02-14 03:00:00,33.0,46,0.0,80,11.2,6,1015.0,2
2024-02-14 04:00:00,34.0,41,0.0,120,20.5,6,1015.0,2
2024-02-14 05:00:00,35.0,37,0.0,120,18.4,6,1013.0,2
2024-02-14 06:00:00,35.0,37,0.0,130,13.0,6,1012.0,2
2024-02-14 07:00:00,36.0,35,0.0,130,13.0,6,1011.0,2
2024-02-14 08:00:00,36.0,35,0.0,120,13.0,6,1010.0,2
2024-02-14 09:00:00,34.0,44,0.0,120,14.8,6,1010.0,2
2024-02-14 10:00:00,33.0,49,0.0,160,14.8,6,1010.0,2
2024-02-14 11:00:00,32.0,49,0.0,150,20.5,6,1011.0,2
2024-02-14 12:00:00,30.0,52,0.0,140,18.4,6,1012.0,2
2024-02-14 13:00:00,30.0,55,0.0,140,13.0,5,1013.0,2
2024-02-14 14:00:00,29.0,58,0.0,130,14.8,5,1013.0,2
2024-02-14 15:00:00,29.0,62,0.0,140,11.2,5,1013.0,2
2024-02-14 16:00:00,29.0,58,0.0,140,13.0,5,1013.0,2
2024-02-14 17:00:00,29.0,58,0.0,130,16.6,5,1013.0,2
2024-02-14 18:00:00,28.0,62,0.0,110,13.0,5,1013.0,1
2024-02-14 19:00:00,28.0,62,0.0,120,13.0,4,1012.0,1
2024-02-14 20:00:00,28.0,62,0.0,110,11.2,4,1012.0,2
2024-02-14 21:00:00,27.0,66,0.0,90,9.4,4,1012.0,2
2024-02-14 22:00:00,26.0,70,0.0,80,9.4,5,1012.0,2
2024-02-14 23:00:00,27.0,66,0.0,80,9.4,5,1013.0,2
2024-02-15 00:00:00,28.0,62,0.0,80,11.2,5,1014.0,2
2024-02-15 01:00:00,30.0,52,0.0,70,13.0,5,1014.0,2
2024-02-15 02:00:00,32.0,46,0.0,80,18.4,6,1014.9,2
2024-02-15 03:00:00,32.0,43,0.0,80,20.5,6,1015.5,2
2024-02-15 04:00:00,34.0,39,0.0,90,14.8,6,1014.7,2
2024-02-15 05:00:00,35.0,37,0.0,40,13.0,6,1013.0,2
2024-02-15 06:00:00,36.0,37,0.0,120,13.0,6,1012.0,2
2024-02-15 07:00:00,36.0,35,0.0,64,7.6,6,1012.0,2
2024-02-15 08:00:00,36.0,35,0.0,170,7.6,6,1011.0,2
2024-02-15 09:00:00,35.0,42,0.0,180,13.0,6,1011.0,2
2024-02-15 10:00:00,33.0,46,0.0,150,18.4,6,1011.0,2
2024-02-15 11:00:00,31.0,52,0.0,160,18.4,6,1012.0,2
2024-02-15 12:00:00,30.0,55,0.0,150,11.2,5,1013.0,2
2024-02-15 13:00:00,30.0,52,0.0,120,18.4,5,1013.0,2
2024-02-15 14:00:00,30.0,52,0.0,130,14.8,5,1014.0,2
2024-02-15 15:00:00,29.0,58,0.0,140,16.6,5,1014.0,1
2024-02-15 16:00:00,28.0,62,0.0,130,16.6,5,1014.0,2
2024-02-15 17:00:00,28.0,66,0.0,130,16.6,5,1014.0,1
2024-02-15 18:00:00,27.0,70,0.0,110,13.0,5,1013.0,1
2024-02-15 19:00:00,28.0,66,0.0,130,11.2,4,1013.0,1
2024-02-15 20:00:00,27.0,66,0.0,140,6.0,4,1012.0,1
2024-02-15 21:00:00,26.0,74,0.0,90,7.6,4,1012.0,1
2024-02-15 22:00:00,26.0,74,0.0,113,5.4,5,1013.0,2
2024-02-15 23:00:00,26.0,74,0.0,80,9.4,4,1013.0,2
2024-02-16 00:00:00,27.0,66,0.0,100,11.2,4,1014.0,2
2024-02-16 01:00:00,28.0,58,0.0,60,13.0,5,1015.0,2
2024-02-16 02:00:00,30.0,52,0.0,90,9.4,5,1015.0,2
2024-02-16 03:00:00,32.0,46,0.0,80,13.0,6,1015.0,2
2024-02-16 04:00:00,33.0,41,0.0,70,13.0,6,1014.0,2
2024-02-16 05:00:00,34.0,39,0.0,100,11.2,6,1013.0,2
2024-02-16 06:00:00,35.0,37,0.0,67,7.6,6,1012.0,2
2024-02-16 07:00:00,36.0,33,0.0,64,7.6,6,1011.0,2
2024-02-16 08:00:00,36.0,33,0.0,60,7.6,5,1011.0,2
2024-02-16 09:00:00,35.0,34,0.0,170,20.5,5,1010.0,2
2024-02-16 10:00:00,33.0,38,0.0,140,18.4,5,1011.0,2
2024-02-16 11:00:00,31.0,46,0.0,150,16.6,5,1011.0,2
2024-02-16 12:00:00,30.0,49,0.0,160,13.0,5,1012.0,2
2024-02-16 13:00:00,30.0,46,0.0,140,16.6,5,1012.0,2
2024-02-16 14:00:00,29.0,52,0.0,140,13.0,5,1013.0,2
2024-02-16 15:00:00,28.0,58,0.0,140,20.5,4,1013.0,1
2024-02-16 16:00:00,28.0,58,0.0,120,13.0,4,1013.0,2
2024-02-16 17:00:00,26.0,65,0.0,80,11.2,4,1012.0,1
2024-02-16 18:00:00,27.0,58,0.0,110,13.0,4,1012.0,1
2024-02-16 19:00:00,27.0,54,0.0,90,7.6,4,1011.0,1
2024-02-16 20:00:00,26.0,58,0.0,80,9.4,4,1011.0,1
2024-02-16 21:00:00,25.0,61,0.0,235,5.4,4,1011.0,1
2024-02-16 22:00:00,26.0,58,0.0,120,7.6,4,1012.0,2
2024-02-16 23:00:00,25.0,61,0.0,110,9.4,4,1012.0,2
2024-02-17 00:00:00,25.0,65,0.0,80,9.4,4,1013.0,2
2024-02-17 01:00:00,28.0,51,0.0,70,11.2,5,1014.0,2
2024-02-17 02:00:00,30.0,46,0.0,90,14.8,5,1014.0,2
2024-02-17 03:00:00,31.0,43,0.0,110,14.8,5,1014.0,2
2024-02-17 04:00:00,33.0,36,0.0,80,14.8,5,1013.0,2
2024-02-17 05:00:00,34.0,34,0.0,90,13.0,5,1012.0,2
2024-02-17 06:00:00,35.0,32,0.0,140,11.2,5,1011.0,2
2024-02-17 07:00:00,36.0,29,0.0,110,14.8,5,1010.0,2
2024-02-17 08:00:00,35.0,34,0.0,160,14.8,5,1010.0,2
2024-02-17 09:00:00,34.0,36,0.0,170,14.8,5,1010.0,2
2024-02-17 10:00:00,33.0,36,0.0,180,18.4,5,1010.0,2
2024-02-17 11:00:00,31.0,46,0.0,180,16.6,5,1011.0,2
2024-02-17 12:00:00,29.0,58,0.0,170,13.0,5,1011.0,2
2024-02-17 13:00:00,29.0,58,0.0,200,11.2,5,1012.0,2
2024-02-17 14:00:00,28.0,62,0.0,120,11.2,5,1013.0,1
2024-02-17 15:00:00,28.0,66,0.0,140,18.4,5,1013.0,1
2024-02-17 16:00:00,27.0,70,0.0,140,18.4,5,1013.0,1
2024-02-17 17:00:00,27.0,70,0.0,140,11.2,4,1012.0,1
2024-02-17 18:00:00,27.0,70,0.0,130,11.2,4,1012.0,1
2024-02-17 19:00:00,26.0,79,0.0,140,14.8,4,1011.0,1
2024-02-17 20:00:00,26.0,79,0.0,130,13.0,4,1011.0,1
2024-02-17 21:00:00,26.0,79,0.0,130,9.4,4,1011.0,1
2024-02-17 22:00:00,25.0,84,0.0,130,11.2,4,1012.0,1
2024-02-17 23:00:00,24.0,94,0.0,184,3.6,4,1013.0,2
2024-02-18 00:00:00,26.0,84,0.0,100,7.6,5,1013.0,2
2024-02-18 01:00:00,28.0,70,0.0,60,7.6,5,1014.0,2
2024-02-18 02:00:00,30.0,59,0.0,80,5.4,5,1014.0,2
2024-02-18 03:00:00,31.0,55,0.0,120,16.6,5,1014.0,2
2024-02-18 04:00:00,32.0,49,0.0,140,13.0,6,1014.0,2
2024-02-18 05:00:00,33.0,49,0.0,150,7.6,6,1013.0,2
2024-02-18 06:00:00,35.0,42,0.0,68,7.6,6,1012.0,2
2024-02-18 07:00:00,36.0,37,0.0,65,5.4,6,1011.0,2
2024-02-18 08:00:00,34.0,44,0.0,200,13.0,6,1010.0,2
2024-02-18 09:00:00,34.0,50,0.0,180,18.4,6,1010.0,2
2024-02-18 10:00:00,32.0,59,0.0,180,16.6,6,1010.0,2
2024-02-18 11:00:00,30.0,62,0.0,160,16.6,6,1011.0,2
2024-02-18 12:00:00,29.0,70,0.0,160,11.2,6,1011.0,2
2024-02-18 13:00:00,29.0,70,0.0,140,13.0,6,1012.0,2
2024-02-18 14:00:00,28.0,70,0.0,130,20.5,5,1013.0,2
2024-02-18 15:00:00,27.0,79,0.0,140,20.5,5,1013.0,1
2024-02-18 16:00:00,27.0,84,0.0,140,18.4,5,1013.0,2
2024-02-18 17:00:00,27.0,84,0.0,140,16.6,5,1013.0,1
2024-02-18 18:00:00,26.0,94,0.0,130,14.8,5,1012.0,1
2024-02-18 19:00:00,26.0,94,0.0,140,14.8,5,1012.0,1
2024-02-18 20:00:00,26.0,94,0.0,140,13.0,5,1012.0,1
2024-02-18 21:00:00,26.0,94,0.0,140,11.2,5,1012.0,1
2024-02-18 22:00:00,26.0,94,0.0,140,20.5,5,1012.0,2
2024-02-18 23:00:00,26.0,94,0.0,140,18.4,5,1013.0,2
2024-02-19 00:00:00,27.0,89,0.0,140,13.0,5,1013.0,2
2024-02-19 01:00:00,28.0,84,0.0,120,14.8,5,1014.0,2
2024-02-19 02:00:00,30.0,75,0.0,130,16.6,6,1014.3,2
2024-02-19 03:00:00,31.0,66,0.0,130,16.6,6,1014.0,2
2024-02-19 04:00:00,32.0,59,0.0,130,11.2,6,1014.0,2
2024-02-19 05:00:00,33.0,52,0.0,73,9.4,6,1013.0,2
2024-02-19 06:00:00,34.0,47,0.0,80,9.4,6,1011.0,2
2024-02-19 07:00:00,34.0,50,0.0,150,7.6,6,1011.0,2
2024-02-19 08:00:00,34.0,53,0.0,180,18.4,6,1010.0,2
2024-02-19 09:00:00,33.0,56,0.0,170,18.4,6,1010.0,2
2024-02-19 10:00:00,32.0,56,0.0,180,16.6,6,1010.0,2
2024-02-19 11:00:00,30.0,59,0.0,180,14.8,6,1011.0,2
2024-02-19 12:00:00,29.0,70,0.0,180,18.4,6,1011.0,2
2024-02-19 13:00:00,28.0,74,0.0,190,14.8,6,1012.0,2
2024-02-19 14:00:00,28.0,74,0.0,170,7.6,6,1013.0,2
2024-02-19 15:00:00,27.0,84,0.0,130,9.4,6,1013.0,1
2024-02-19 16:00:00,27.0,84,0.0,120,11.2,5,1013.0,2
2024-02-19 17:00:00,27.0,84,0.0,130,11.2,5,1012.0,1
2024-02-19 18:00:00,27.0,84,0.0,150,7.6,5,1012.0,1
2024-02-19 19:00:00,26.0,94,0.0,215,5.4,5,1012.0,1
2024-02-19 20:00:00,26.0,94,0.0,130,14.8,5,1011.0,1
2024-02-19 21:00:00,26.0,94,0.0,130,9.4,5,1011.0,1
2024-02-19 22:00:00,26.0,94,0.0,140,11.2,6,1011.0,2
2024-02-19 23:00:00,26.0,94,0.0,212,5.4,5,1012.0,2
2024-02-20 00:00:00,27.0,89,0.0,130,7.6,5,1013.0,2
2024-02-20 01:00:00,28.0,84,0.0,140,16.6,6,1014.0,2
2024-02-20 02:00:00,29.0,74,0.0,140,13.0,6,1014.0,2
2024-02-20 03:00:00,31.0,66,0.0,130,18.4,6,1014.0,2
2024-02-20 04:00:00,31.0,59,0.0,150,16.6,6,1014.0,2
2024-02-20 05:00:00,32.0,56,0.0,72,5.4,6,1013.0,2
2024-02-20 06:00:00,32.0,56,0.0,180,13.0,6,1012.0,2
2024-02-20 07:00:00,34.0,47,0.0,180,9.4,6,1011.0,2
2024-02-20 08:00:00,33.0,49,0.0,180,14.8,6,1010.0,2
2024-02-20 09:00:00,33.0,52,0.0,210,18.4,6,1010.0,2
2024-02-20 10:00:00,32.0,56,0.0,170,16.6,6,1010.0,2
2024-02-20 11:00:00,29.0,66,0.0,180,14.8,6,1011.0,2
2024-02-20 12:00:00,29.0,70,0.0,180,16.6,6,1011.0,2
2024-02-20 13:00:00,28.0,79,0.0,170,11.2,5,1012.0,2
2024-02-20 14:00:00,28.0,79,0.0,170,13.0,5,1012.0,1
2024-02-20 15:00:00,27.0,89,0.0,160,9.4,5,1013.0,1
2024-02-20 16:00:00,27.0,89,0.0,140,13.0,5,1012.0,2
2024-02-20 17:00:00,27.0,89,0.0,150,9.4,5,1012.0,1
2024-02-20 18:00:00,27.0,89,0.0,140,9.4,5,1011.0,1
2024-02-20 19:00:00,26.0,94,0.0,130,9.4,5,1011.0,1
2024-02-20 20:00:00,26.0,94,0.0,231,5.4,4,1011.0,1
2024-02-20 21:00:00,26.0,94,0.0,130,9.4,4,1011.0,1
2024-02-20 22:00:00,26.0,94,0.0,140,7.6,4,1011.0,2
2024-02-20 23:00:00,26.0,94,0.0,130,7.6,5,1012.0,2
2024-02-21 00:00:00,26.0,94,0.0,130,11.2,5,1012.0,2
2024-02-21 01:00:00,27.0,94,0.0,130,14.8,5,1013.0,2
2024-02-21 02:00:00,29.0,84,0.0,140,18.4,5,1014.0,2
2024-02-21 03:00:00,30.0,75,0.0,140,16.6,6,1014.0,2
2024-02-21 04:00:00,32.0,63,0.0,130,13.0,6,1013.0,2
2024-02-21 05:00:00,32.0,59,0.0,140,13.0,6,1012.0,2
2024-02-21 06:00:00,33.0,56,0.0,150,13.0,6,1011.0,2
2024-02-21 07:00:00,33.0,56,0.0,150,14.8,6,1010.0,2
2024-02-21 08:00:00,33.0,52,0.0,160,14.8,6,1009.0,2
2024-02-21 09:00:00,32.0,59,0.0,190,20.5,6,1009.0,2
2024-02-21 10:00:00,31.0,62,0.0,180,16.6,6,1010.0,2
2024-02-21 11:00:00,30.0,66,0.0,190,18.4,6,1010.0,2
2024-02-21 12:00:00,28.0,79,0.0,190,14.8,5,1011.0,2
2024-02-21 13:00:00,28.0,79,0.0,190,13.0,5,1011.0,2
2024-02-21 14:00:00,27.0,89,0.0,180,11.2,5,1012.0,1
2024-02-21 15:00:00,27.0,89,0.0,160,11.2,5,1013.0,1
2024-02-21 16:00:00,27.0,89,0.0,170,9.4,4,1013.0,2
2024-02-21 17:00:00,27.0,89,0.0,160,11.2,4,1013.0,1
2024-02-21 18:00:00,27.0,89,0.0,160,11.2,4,1012.0,1
2024-02-21 19:00:00,27.0,84,0.0,140,11.2,4,1012.0,1
2024-02-21 20:00:00,27.0,89,0.0,150,11.2,4,1012.0,1
2024-02-21 21:00:00,26.0,89,0.0,140,11.2,4,1012.0,1
2024-02-21 22:00:00,26.0,89,0.0,130,11.2,5,1012.0,2
2024-02-21 23:00:00,26.0,89,0.0,140,14.8,4,1012.0,2
2024-02-22 00:00:00,26.0,89,0.0,140,13.0,4,1013.0,2
2024-02-22 01:00:00,28.0,74,0.0,120,14.8,5,1014.0,2
2024-02-22 02:00:00,30.0,59,0.0,140,16.6,5,1014.0,2
2024-02-22 03:00:00,32.0,52,0.0,150,13.0,5,1015.0,2
2024-02-22 04:00:00,32.0,52,0.0,130,16.6,5,1014.0,2
2024-02-22 05:00:00,34.0,44,0.0,160,11.2,5,1013.0,2
2024-02-22 06:00:00,34.0,44,0.0,180,7.6,5,1012.0,2
2024-02-22 07:00:00,35.0,42,0.0,150,14.8,5,1011.0,2
2024-02-22 08:00:00,34.0,47,0.0,160,16.6,5,1010.0,2
2024-02-22 09:00:00,33.0,46,0.0,160,18.4,5,1010.0,2
2024-02-22 10:00:00,31.0,55,0.0,180,20.5,5,1011.0,2
2024-02-22 11:00:00,30.0,62,0.0,180,16.6,5,1011.0,2
2024-02-22 12:00:00,29.0,70,0.0,170,13.0,5,1012.0,2
2024-02-22 13:00:00,28.0,79,0.0,160,14.8,5,1013.0,2
2024-02-22 14:00:00,28.0,84,0.0,160,11.2,5,1013.0,1
2024-02-22 15:00:00,27.0,89,0.0,170,13.0,5,1013.0,1
2024-02-22 16:00:00,27.0,89,0.0,150,11.2,4,1013.0,2
2024-02-22 17:00:00,27.0,89,0.0,160,11.2,4,1013.0,1
2024-02-22 18:00:00,27.0,89,0.0,160,9.4,4,1012.0,1
2024-02-22 19:00:00,27.0,89,0.0,150,7.6,4,1012.0,1
2024-02-22 20:00:00,27.0,94,0.0,130,9.4,4,1012.0,1
2024-02-22 21:00:00,27.0,94,0.0,150,11.2,4,1012.0,1
2024-02-22 22:00:00,26.0,94,0.0,140,11.2,4,1012.0,1
2024-02-22 23:00:00,26.0,94,0.0,230,3.6,4,1013.0,2
2024-02-23 00:00:00,27.0,94,0.0,130,13.0,4,1014.0,2
2024-02-23 01:00:00,28.0,89,0.0,130,18.4,5,1014.0,2
2024-02-23 02:00:00,29.0,79,0.0,130,14.8,5,1015.0,2
2024-02-23 03:00:00,31.0,66,0.0,140,13.0,5,1015.0,2
2024-02-23 04:00:00,32.0,59,0.0,130,14.8,6,1014.0,2
2024-02-23 05:00:00,33.0,49,0.0,150,13.0,6,1013.0,2
2024-02-23 06:00:00,34.0,50,0.0,160,13.0,6,1013.0,2
2024-02-23 07:00:00,34.0,50,0.0,160,16.6,6,1012.0,2
2024-02-23 08:00:00,34.0,47,0.0,160,14.8,6,1011.0,2
2024-02-23 09:00:00,34.0,44,0.0,180,20.5,6,1011.0,2
2024-02-23 10:00:00,32.0,52,0.0,160,16.6,6,1011.0,2
2024-02-23 11:00:00,30.0,59,0.0,170,14.8,6,1011.0,2
2024-02-23 12:00:00,29.0,70,0.0,150,14.8,6,1012.0,2
2024-02-23 13:00:00,29.0,70,0.0,140,16.6,5,1012.0,2
2024-02-23 14:00:00,28.0,74,0.0,130,18.4,5,1013.0,2
2024-02-23 15:00:00,28.0,79,0.0,130,24.1,5,1013.0,1
2024-02-23 16:00:00,28.0,79,0.0,140,14.8,5,1013.0,2
2024-02-23 17:00:00,27.0,89,0.0,130,24.1,5,1012.0,1
2024-02-23 18:00:00,27.0,89,0.0,140,20.5,5,1012.0,1
2024-02-23 19:00:00,27.0,89,0.0,140,16.6,4,1011.0,1
2024-02-23 20:00:00,27.0,89,0.0,130,18.4,4,1011.0,1
2024-02-23 21:00:00,27.0,89,0.0,140,13.0,4,1012.0,1
2024-02-23 22:00:00,27.0,89,0.0,130,13.0,5,1012.0,2
2024-02-23 23:00:00,27.0,89,0.0,130,11.2,5,1013.0,2
2024-02-24 00:00:00,27.0,89,0.0,130,9.4,4,1014.0,2
2024-02-24 01:00:00,29.0,79,0.0,110,14.8,5,1014.0,2
2024-02-24 02:00:00,31.0,62,0.0,100,14.8,5,1015.0,2
2024-02-24 03:00:00,32.0,52,0.0,110,14.8,6,1015.0,2
2024-02-24 04:00:00,34.0,47,0.0,100,16.6,6,1014.0,2
2024-02-24 05:00:00,34.0,47,0.0,130,9.4,6,1013.0,2
2024-02-24 06:00:00,35.0,44,0.0,170,11.2,6,1012.0,2
2024-02-24 07:00:00,35.0,47,0.0,200,16.6,6,1011.0,2
2024-02-24 08:00:00,35.0,44,0.0,180,16.6,6,1011.0,2
2024-02-24 09:00:00,34.0,47,0.0,170,18.4,6,1010.0,2
2024-02-24 10:00:00,33.0,49,0.2,140,22.3,6,1011.0,2
2024-02-24 11:00:00,31.0,55,0.0,160,16.6,6,1011.0,2
2024-02-24 12:00:00,30.0,59,0.0,150,11.2,6,1012.0,2
2024-02-24 13:00:00,29.0,58,0.0,150,16.6,5,1012.0,2
2024-02-24 14:00:00,29.0,55,0.0,140,16.6,5,1013.0,2
2024-02-24 15:00:00,28.0,58,0.0,150,16.6,5,1013.0,1
2024-02-24 16:00:00,28.0,62,0.0,140,20.5,5,1013.0,2
2024-02-24 17:00:00,28.0,58,0.0,130,11.2,5,1012.0,1
2024-02-24 18:00:00,27.0,62,0.0,130,11.2,5,1011.0,1
2024-02-24 19:00:00,27.0,66,0.0,110,9.4,5,1011.0,1
2024-02-24 20:00:00,27.0,66,0.0,130,7.6,4,1011.0,1
2024-02-24 21:00:00,26.0,70,0.0,235,5.4,4,1011.0,1
2024-02-24 22:00:00,26.0,74,0.0,80,7.6,5,1011.0,2
2024-02-24 23:00:00,25.0,78,0.0,278,5.4,5,1012.0,2
2024-02-25 00:00:00,26.0,79,0.0,272,5.4,5,1013.0,2
2024-02-25 01:00:00,28.0,66,0.0,20,9.4,0,1013.0,2
2024-02-25 02:00:00,29.0,62,0.0,30,7.6,6,1014.0,2
2024-02-25 03:00:00,32.0,49,0.0,70,11.2,6,1014.0,2
2024-02-25 04:00:00,33.0,46,0.0,64,5.4,6,1013.0,2
2024-02-25 05:00:00,34.0,44,0.0,64,5.4,6,1012.0,2
2024-02-25 06:00:00,34.0,41,0.0,63,5.4,6,1011.0,2
2024-02-25 07:00:00,35.0,39,0.0,350,7.6,6,1010.0,2
2024-02-25 08:00:00,35.0,37,0.0,310,11.2,6,1009.0,2
2024-02-25 09:00:00,33.0,49,0.0,220,22.3,6,1010.0,2
2024-02-25 10:00:00,32.0,52,0.0,190,16.6,6,1010.0,2
2024-02-25 11:00:00,31.0,52,0.0,170,13.0,6,1010.0,2
2024-02-25 12:00:00,31.0,46,0.0,150,16.6,5,1011.0,2
2024-02-25 13:00:00,30.0,46,0.0,150,16.6,5,1011.0,2
2024-02-25 14:00:00,29.0,48,0.0,140,16.6,5,1012.0,2
2024-02-25 15:00:00,29.0,52,0.0,160,11.2,5,1012.0,1
2024-02-25 16:00:00,28.0,55,0.0,150,7.6,5,1013.0,1
2024-02-25 17:00:00,28.0,58,0.0,130,13.0,5,1012.0,1
2024-02-25 18:00:00,28.0,62,0.0,130,9.4,5,1012.0,1
2024-02-25 19:00:00,27.0,66,0.0,120,9.4,5,1012.0,1
2024-02-25 20:00:00,27.0,66,0.0,120,9.4,5,1012.0,1
2024-02-25 21:00:00,26.0,70,0.0,259,5.4,4,1012.0,1
2024-02-25 22:00:00,26.0,70,0.0,70,7.6,5,1012.0,2
2024-02-25 23:00:00,25.0,78,0.0,20,7.6,5,1013.0,2
2024-02-26 00:00:00,25.0,78,0.0,20,7.6,4,1014.0,2
2024-02-26 01:00:00,28.0,66,0.0,40,9.4,5,1014.0,2
2024-02-26 02:00:00,30.0,55,0.0,70,9.4,5,1015.0,2
2024-02-26 03:00:00,32.0,43,0.0,40,9.4,5,1015.0,2
2024-02-26 04:00:00,33.0,38,0.0,40,9.4,5,1014.0,2
2024-02-26 05:00:00,35.0,32,0.0,40,9.4,6,1013.0,2
2024-02-26 06:00:00,36.0,27,0.0,66,9.4,6,1012.0,2
2024-02-26 07:00:00,36.0,29,0.0,110,13.0,6,1010.0,2
2024-02-26 08:00:00,36.0,33,0.0,140,16.6,6,1010.0,2
2024-02-26 09:00:00,35.0,37,0.0,160,13.0,6,1009.0,2
2024-02-26 10:00:00,33.0,46,0.0,180,20.5,6,1009.0,2
2024-02-26 11:00:00,32.0,52,0.0,200,13.0,6,1009.0,2
2024-02-26 12:00:00,32.0,49,0.0,150,13.0,6,1010.0,2
2024-02-26 13:00:00,31.0,52,0.0,140,13.0,6,1010.0,2
2024-02-26 14:00:00,30.0,59,0.0,140,14.8,6,1011.0,2
2024-02-26 15:00:00,30.0,59,0.0,120,9.4,5,1011.0,1
2024-02-26 16:00:00,29.0,62,0.0,100,16.6,5,1011.0,2
2024-02-26 17:00:00,29.0,62,0.0,120,13.0,5,1011.0,1
2024-02-26 18:00:00,28.0,66,0.0,80,9.4,5,1011.0,1
2024-02-26 19:00:00,27.0,70,0.0,80,9.4,5,1010.0,1
2024-02-26 20:00:00,27.0,70,0.0,80,7.6,4,1010.0,1
2024-02-26 21:00:00,27.0,70,0.0,60,7.6,4,1010.0,1
2024-02-26 22:00:00,27.0,74,0.0,10,7.6,5,1011.0,2
2024-02-26 23:00:00,27.0,74,0.0,314,3.6,5,1012.0,2
2024-02-27 00:00:00,28.0,74,0.0,286,1.8,5,1013.0,2
2024-02-27 01:00:00,30.0,59,0.0,130,9.4,5,1013.0,2
2024-02-27 02:00:00,31.0,55,0.0,120,16.6,5,1014.0,2
2024-02-27 03:00:00,33.0,49,0.0,90,22.3,6,1014.0,2
2024-02-27 04:00:00,33.0,46,0.0,70,16.6,6,1013.0,2
2024-02-27 05:00:00,34.0,44,0.0,40,11.2,6,1012.0,2
2024-02-27 06:00:00,34.0,44,0.0,10,9.4,6,1011.0,2
2024-02-27 07:00:00,36.0,39,0.0,68,11.2,6,1010.0,2
2024-02-27 08:00:00,35.0,47,0.0,160,16.6,6,1009.0,2
2024-02-27 09:00:00,31.0,59,0.5,140,14.8,6,1009.0,2
2024-02-27 10:00:00,31.0,59,0.5,140,22.3,7,1009.0,2
2024-02-27 11:00:00,31.0,59,0.2,130,24.1,7,1010.0,2
2024-02-27 12:00:00,30.0,62,0.0,140,22.3,6,1010.0,2
2024-02-27 13:00:00,29.0,70,0.0,130,14.8,6,1011.0,2
2024-02-27 14:00:00,29.0,70,0.0,140,13.0,6,1012.0,2
2024-02-27 15:00:00,28.0,74,0.0,120,14.8,6,1012.0,2
2024-02-27 16:00:00,28.0,74,0.0,120,14.8,6,1012.0,2
2024-02-27 17:00:00,28.0,70,0.0,100,7.6,6,1012.0,2
2024-02-27 18:00:00,28.0,70,0.0,110,14.8,6,1011.0,2
2024-02-27 19:00:00,27.0,70,0.0,110,13.0,6,1010.0,2
2024-02-27 20:00:00,27.0,70,0.0,100,11.2,5,1010.0,2
2024-02-27 21:00:00,26.0,70,0.0,100,11.2,5,1010.0,2
2024-02-27 22:00:00,25.0,78,0.0,80,9.4,5,1010.0,2
2024-02-27 23:00:00,25.0,78,0.0,263,3.6,5,1011.0,2
2024-02-28 00:00:00,27.0,70,0.0,252,5.4,6,1011.0,2
2024-02-28 01:00:00,29.0,58,0.0,100,13.0,6,1012.0,2
2024-02-28 02:00:00,30.0,52,0.0,100,9.4,6,1012.0,2
2024-02-28 03:00:00,32.0,46,0.0,120,13.0,6,1012.0,2
2024-02-28 04:00:00,34.0,41,0.0,110,13.0,6,1011.0,2
2024-02-28 05:00:00,35.0,37,0.0,120,14.8,6,1010.0,2
2024-02-28 06:00:00,36.0,35,0.0,130,11.2,6,1009.0,2
2024-02-28 07:00:00,36.0,33,0.0,140,7.6,6,1008.0,2
2024-02-28 08:00:00,35.0,44,0.0,160,13.0,6,1008.0,2
2024-02-28 09:00:00,35.0,44,0.0,170,18.4,6,1008.0,2
2024-02-28 10:00:00,32.0,52,0.0,140,18.4,6,1008.0,2
2024-02-28 11:00:00,31.0,52,0.0,150,20.5,6,1009.0,2
2024-02-28 12:00:00,30.0,55,0.0,140,16.6,6,1010.0,2
2024-02-28 13:00:00,29.0,58,0.0,140,20.5,6,1010.0,2
2024-02-28 14:00:00,28.0,62,0.0,140,16.6,6,1011.0,2
2024-02-28 15:00:00,28.0,58,0.0,140,18.4,6,1011.0,1
2024-02-28 16:00:00,28.0,58,0.0,110,18.4,5,1011.0,2
2024-02-28 17:00:00,28.0,62,0.0,120,16.6,5,1011.0,1
2024-02-28 18:00:00,27.0,66,0.0,110,16.6,5,1010.0,1
2024-02-28 19:00:00,27.0,66,0.0,120,13.0,5,1010.0,1
2024-02-28 20:00:00,27.0,66,0.0,110,11.2,5,1010.0,1
2024-02-28 21:00:00,26.0,70,0.0,120,9.0,5,1010.0,1
2024-02-28 22:00:00,26.0,70,0.0,4,5.4,5,1010.0,2
2024-02-28 23:00:00,25.0,74,0.0,90,11.2,5,1011.0,2
2024-02-29 00:00:00,26.0,70,0.0,80,9.4,5,1012.0,2
2024-02-29 01:00:00,29.0,55,0.0,110,13.0,5,1012.0,2
2024-02-29 02:00:00,31.0,46,0.0,110,13.0,6,1013.2,2
2024-02-29 03:00:00,33.0,41,0.0,78,7.6,6,1013.7,2
2024-02-29 04:00:00,34.0,36,0.0,90,14.8,6,1012.0,2
2024-02-29 05:00:00,35.0,34,0.0,120,16.6,6,1011.0,2
2024-02-29 06:00:00,35.0,34,0.0,69,14.8,6,1010.0,2
2024-02-29 07:00:00,36.0,35,0.0,67,9.4,6,1009.0,2
2024-02-29 08:00:00,35.0,44,0.0,170,14.8,6,1008.0,2
2024-02-29 09:00:00,34.0,47,0.0,170,18.4,6,1008.0,2
2024-02-29 10:00:00,33.0,46,0.0,170,18.4,6,1009.0,2
2024-02-29 11:00:00,31.0,55,0.0,150,13.0,6,1009.0,2
2024-02-29 12:00:00,30.0,55,0.0,140,22.3,6,1010.0,2
2024-02-29 13:00:00,29.0,58,0.0,130,22.3,5,1011.0,2
2024-02-29 14:00:00,29.0,58,0.0,140,20.5,5,1011.0,2
2024-02-29 15:00:00,28.0,62,0.0,130,18.4,5,1011.0,1
2024-02-29 16:00:00,28.0,62,0.0,140,16.6,5,1012.0,2
2024-02-29 17:00:00,28.0,58,0.0,130,18.4,5,1011.0,1
2024-02-29 18:00:00,27.0,62,0.0,140,16.6,5,1011.0,1
2024-02-29 19:00:00,27.0,62,0.0,140,14.8,5,1011.0,1
2024-02-29 20:00:00,27.0,62,0.0,130,11.2,5,1010.0,1
2024-02-29 21:00:00,27.0,62,0.0,130,13.0,5,1010.0,1
2024-02-29 22:00:00,27.0,66,0.0,120,13.0,5,1011.3,2
2024-02-29 23:00:00,26.0,74,0.0,90,11.2,5,1012.0,2
2024-03-01 00:00:00,27.0,66,0.0,100,9.4,5,1012.0,2
2024-03-01 01:00:00,29.0,55,0.0,110,11.2,5,1013.0,2
2024-03-01 02:00:00,30.0,52,0.0,100,13.0,6,1013.4,2
2024-03-01 03:00:00,32.0,49,0.0,90,7.6,6,1013.9,2
2024-03-01 04:00:00,33.0,46,0.0,67,9.4,6,1013.0,2
2024-03-01 05:00:00,33.0,46,0.0,64,7.6,6,1012.0,2
2024-03-01 06:00:00,34.0,44,0.0,60,5.4,6,1011.0,2
2024-03-01 07:00:00,35.0,42,0.0,320,7.6,6,1009.0,2
2024-03-01 08:00:00,35.0,42,0.0,260,7.6,6,1009.0,2
2024-03-01 09:00:00,33.0,46,0.0,190,14.8,6,1009.0,2
2024-03-01 10:00:00,32.0,49,0.0,180,20.5,6,1009.0,2
2024-03-01 11:00:00,31.0,55,0.0,170,11.2,6,1010.0,2
2024-03-01 12:00:00,31.0,49,0.0,150,16.6,6,1010.0,2
2024-03-01 13:00:00,30.0,52,0.0,140,20.5,6,1011.1,2
2024-03-01 14:00:00,29.0,58,0.0,140,18.4,6,1012.0,2
2024-03-01 15:00:00,28.0,66,0.0,140,20.5,6,1012.0,2
2024-03-01 16:00:00,28.0,66,0.0,130,13.0,6,1012.0,2
2024-03-01 17:00:00,28.0,66,0.0,120,13.0,6,1011.0,2
2024-03-01 18:00:00,28.0,66,0.0,130,13.0,6,1011.0,2
2024-03-01 19:00:00,27.0,70,0.0,120,7.6,6,1011.0,2
2024-03-01 20:00:00,27.0,74,0.0,100,9.4,6,1011.0,2
2024-03-01 21:00:00,26.0,79,0.0,90,6.0,5,1010.0,2
2024-03-01 22:00:00,26.0,79,0.0,90,7.6,6,1010.0,2
2024-03-01 23:00:00,26.0,79,0.0,80,9.4,6,1011.0,2
2024-03-02 00:00:00,27.0,74,0.0,302,5.4,6,1012.0,2
2024-03-02 01:00:00,29.0,66,0.0,57,1.8,0,1013.0,2
2024-03-02 02:00:00,31.0,55,0.0,130,7.6,6,1014.0,2
2024-03-02 03:00:00,31.0,49,0.0,67,5.4,6,1014.0,2
2024-03-02 04:00:00,33.0,44,0.0,66,9.4,7,1013.0,2
2024-03-02 05:00:00,34.0,41,0.0,110,3.6,7,1012.0,2
2024-03-02 06:00:00,34.0,44,0.0,230,9.4,7,1011.0,2
2024-03-02 07:00:00,35.0,42,0.0,63,5.4,7,1010.0,2
2024-03-02 08:00:00,36.0,39,0.0,180,7.6,7,1009.0,2
2024-03-02 09:00:00,34.0,50,0.0,190,20.5,7,1009.0,2
2024-03-02 10:00:00,32.0,56,0.0,180,16.6,7,1009.0,3
2024-03-02 11:00:00,31.0,59,0.0,180,16.6,7,1010.0,2
2024-03-02 12:00:00,30.0,59,0.0,140,16.6,7,1010.0,2
2024-03-02 13:00:00,29.0,62,0.0,140,16.6,7,1011.0,2
2024-03-02 14:00:00,28.0,66,0.0,130,18.4,6,1011.0,2
2024-03-02 15:00:00,28.0,66,0.0,110,14.8,6,1012.0,2
2024-03-02 16:00:00,28.0,66,0.0,110,7.6,6,1012.0,2
2024-03-02 17:00:00,28.0,66,0.0,130,7.6,6,1012.0,2
2024-03-02 18:00:00,28.0,66,0.0,110,9.4,6,1011.0,2
2024-03-02 19:00:00,27.0,70,0.0,140,7.6,6,1011.0,2
2024-03-02 20:00:00,27.0,70,0.0,274,5.4,6,1011.0,2
2024-03-02 21:00:00,26.0,74,0.0,100,11.2,6,1011.0,2
2024-03-02 22:00:00,26.0,74,0.0,110,7.6,6,1011.0,2
2024-03-02 23:00:00,25.0,84,0.0,80,9.4,6,1012.0,2
2024-03-03 00:00:00,27.0,74,0.0,293,3.6,6,1013.0,2
2024-03-03 01:00:00,29.0,62,0.0,57,5.4,6,1013.0,2
2024-03-03 02:00:00,30.0,55,0.0,120,7.6,6,1013.4,2
2024-03-03 03:00:00,31.0,52,0.0,69,3.6,6,1013.0,2
2024-03-03 04:00:00,32.0,49,0.0,68,3.6,6,1012.0,2
2024-03-03 05:00:00,34.0,44,0.0,67,3.6,6,1011.0,2
2024-03-03 06:00:00,34.0,44,0.0,40,7.6,6,1010.0,2
2024-03-03 07:00:00,34.0,44,0.0,200,7.6,6,1009.0,2
2024-03-03 08:00:00,34.0,44,0.0,65,3.6,6,1008.0,2
2024-03-03 09:00:00,33.0,49,0.0,190,18.4,6,1009.0,2
2024-03-03 10:00:00,32.0,52,0.0,190,16.6,7,1009.0,2
2024-03-03 11:00:00,30.0,59,0.0,180,18.4,6,1009.0,2
2024-03-03 12:00:00,29.0,66,0.0,140,14.8,6,1010.0,2
2024-03-03 13:00:00,28.0,70,0.0,140,18.4,6,1010.0,2
2024-03-03 14:00:00,28.0,70,0.0,140,18.4,6,1011.0,2
2024-03-03 15:00:00,27.0,74,0.0,130,24.1,6,1011.0,1
2024-03-03 16:00:00,27.0,74,0.0,130,22.3,6,1011.0,1
2024-03-03 17:00:00,27.0,79,0.0,140,16.6,6,1011.0,1
2024-03-03 18:00:00,27.0,79,0.0,130,18.4,6,1010.0,1
2024-03-03 19:00:00,27.0,79,0.0,130,18.4,5,1010.0,1
2024-03-03 20:00:00,26.0,84,0.0,140,13.0,5,1010.0,1
2024-03-03 21:00:00,27.0,74,0.0,130,13.0,5,1010.0,1
2024-03-03 22:00:00,26.0,79,0.0,130,18.4,6,1010.0,2
2024-03-03 23:00:00,26.0,84,0.0,130,18.4,6,1011.0,2
2024-03-04 00:00:00,27.0,79,0.0,130,18.4,6,1012.0,2
2024-03-04 01:00:00,28.0,70,0.0,120,16.6,6,1012.0,2
2024-03-04 02:00:00,30.0,55,0.0,130,16.6,6,1012.5,2
2024-03-04 03:00:00,32.0,49,0.0,110,14.8,6,1012.9,2
2024-03-04 04:00:00,33.0,46,0.0,140,13.0,6,1012.0,2
2024-03-04 05:00:00,33.0,46,0.0,140,13.0,6,1011.0,2
2024-03-04 06:00:00,34.0,47,0.0,190,9.4,6,1010.0,2
2024-03-04 07:00:00,34.0,47,0.0,190,11.2,6,1009.0,2
2024-03-04 08:00:00,33.0,49,0.0,210,24.1,6,1009.0,2
2024-03-04 09:00:00,32.0,56,0.0,190,20.5,6,1009.0,2
2024-03-04 10:00:00,31.0,55,0.0,180,20.5,6,1009.0,2
2024-03-04 11:00:00,30.0,59,0.0,180,16.6,6,1009.0,2
2024-03-04 12:00:00,29.0,66,0.0,180,13.0,0,1010.0,2
2024-03-04 13:00:00,28.0,70,0.0,160,11.2,6,1010.0,2
2024-03-04 14:00:00,28.0,74,0.0,150,13.0,6,1011.0,2
2024-03-04 15:00:00,28.0,74,0.0,170,13.0,6,1011.0,1
2024-03-04 16:00:00,27.0,84,0.0,150,11.2,5,1011.0,2
2024-03-04 17:00:00,27.0,89,0.0,140,14.8,5,1011.0,1
2024-03-04 18:00:00,27.0,89,0.0,160,9.4,5,1010.6,1
2024-03-04 19:00:00,27.0,89,0.0,160,9.4,5,1010.0,1
2024-03-04 20:00:00,27.0,89,0.0,228,5.4,5,1010.0,1
2024-03-04 21:00:00,27.0,89,0.0,140,9.4,5,1010.0,1
2024-03-04 22:00:00,27.0,89,0.0,120,13.0,5,1010.0,1
2024-03-04 23:00:00,26.0,94,0.0,140,9.4,5,1011.0,2
2024-03-05 00:00:00,27.0,89,0.0,130,11.2,5,1011.0,2
2024-03-05 01:00:00,28.0,89,0.0,140,7.6,5,1012.0,2
2024-03-05 02:00:00,28.0,84,0.0,130,7.6,6,1013.0,2
2024-03-05 03:00:00,29.0,79,0.0,85,1.8,6,1013.0,2
2024-03-05 04:00:00,30.0,75,0.0,220,9.4,6,1012.0,2
2024-03-05 05:00:00,30.0,75,0.0,51,3.6,6,1011.0,2
2024-03-05 06:00:00,32.0,63,0.0,41,5.4,6,1010.0,2
2024-03-05 07:00:00,34.0,53,0.0,44,3.6,6,1009.0,2
2024-03-05 08:00:00,34.0,53,0.0,190,9.4,6,1008.0,2
2024-03-05 09:00:00,34.0,53,0.0,230,11.2,6,1007.0,2
2024-03-05 10:00:00,33.0,59,0.0,200,13.0,6,1008.0,2
2024-03-05 11:00:00,30.0,75,0.0,180,18.4,6,1008.0,2
2024-03-05 12:00:00,29.0,79,0.0,180,13.0,6,1008.0,2
2024-03-05 13:00:00,28.0,89,0.0,180,11.2,6,1009.0,2
2024-03-05 14:00:00,28.0,89,0.0,170,9.4,6,1009.0,2
2024-03-05 15:00:00,28.0,89,0.0,170,7.6,5,1010.0,1
2024-03-05 16:00:00,27.0,94,0.0,170,11.2,5,1010.0,2
2024-03-05 17:00:00,27.0,94,0.0,180,14.8,5,1009.0,1
2024-03-05 18:00:00,27.0,94,0.0,200,9.4,5,1009.0,1
2024-03-05 19:00:00,27.0,94,0.0,190,11.2,5,1008.0,1
2024-03-05 20:00:00,27.0,89,0.0,180,11.2,5,1008.0,1
2024-03-05 21:00:00,27.0,94,0.0,180,7.6,5,1008.0,1
2024-03-05 22:00:00,27.0,94,0.0,200,7.6,5,1009.0,2
2024-03-05 23:00:00,27.0,94,0.0,220,9.4,5,1009.0,2
2024-03-06 00:00:00,27.0,94,0.0,170,7.6,5,1010.0,2
2024-03-06 01:00:00,28.0,89,0.0,190,7.6,5,1010.6,2
2024-03-06 02:00:00,29.0,84,0.0,210,7.6,5,1011.0,2
2024-03-06 03:00:00,29.0,79,0.0,92,5.4,5,1011.5,2
2024-03-06 04:00:00,30.0,75,0.0,66,5.4,5,1010.6,2
2024-03-06 05:00:00,33.0,59,0.0,41,3.6,6,1009.8,2
2024-03-06 06:00:00,33.0,56,0.0,120,7.6,6,1008.9,2
2024-03-06 07:00:00,33.0,56,0.0,130,9.4,6,1008.0,2
2024-03-06 08:00:00,34.0,53,0.0,160,7.6,6,1007.0,2
2024-03-06 09:00:00,33.0,59,0.0,160,11.2,6,1007.0,2
2024-03-06 10:00:00,32.0,67,0.0,190,18.4,6,1007.0,2
2024-03-06 11:00:00,30.0,79,0.0,180,18.4,6,1007.0,2
2024-03-06 12:00:00,29.0,79,0.0,170,13.0,6,1007.0,2
2024-03-06 13:00:00,28.0,89,0.0,170,11.2,5,1008.0,2
2024-03-06 14:00:00,28.0,89,0.0,150,13.0,0,1009.0,1
2024-03-06 15:00:00,28.0,89,0.0,150,7.6,5,1009.0,1
2024-03-06 16:00:00,28.0,89,0.0,160,11.2,5,1010.0,1
2024-03-06 17:00:00,28.0,89,0.0,180,14.8,5,1009.0,1
2024-03-06 18:00:00,27.0,94,0.0,200,11.2,5,1009.0,1
2024-03-06 19:00:00,27.0,94,0.0,200,11.2,5,1008.0,1
2024-03-06 20:00:00,27.0,94,0.0,210,9.4,5,1008.0,1
2024-03-06 21:00:00,27.0,94,0.0,190,9.4,5,1008.0,1
2024-03-06 22:00:00,27.0,94,0.0,210,9.4,5,1009.0,2
2024-03-06 23:00:00,27.0,94,0.0,180,7.6,6,1009.1,2
2024-03-07 00:00:00,28.0,89,0.0,231,5.4,6,1009.6,2
2024-03-07 01:00:00,29.0,84,0.0,118,5.4,6,1010.1,2
2024-03-07 02:00:00,29.0,84,0.0,150,7.6,6,1010.6,2
2024-03-07 03:00:00,30.0,79,0.0,190,7.6,6,1011.1,2
2024-03-07 04:00:00,32.0,67,0.0,230,7.6,6,1010.3,2
2024-03-07 05:00:00,34.0,56,0.0,61,7.6,6,1009.4,2
2024-03-07 06:00:00,33.0,59,0.0,130,9.4,6,1008.6,2
2024-03-07 07:00:00,34.0,53,0.0,55,3.6,6,1007.8,2
2024-03-07 08:00:00,35.0,47,0.0,140,9.4,6,1007.0,2
2024-03-07 09:00:00,33.0,63,0.0,200,18.4,7,1006.2,2
2024-03-07 10:00:00,32.0,67,0.0,170,16.6,6,1006.8,2
2024-03-07 11:00:00,30.0,79,0.0,160,16.6,0,1007.0,2
2024-03-07 12:00:00,29.0,84,0.0,150,20.5,6,1008.0,2
2024-03-07 13:00:00,28.0,84,0.0,140,16.6,6,1009.0,2
2024-03-07 14:00:00,28.0,79,0.0,130,22.3,6,1010.0,2
2024-03-07 15:00:00,28.0,79,0.0,140,18.4,6,1010.0,1
2024-03-07 16:00:00,27.0,79,0.0,130,22.3,6,1010.0,2
2024-03-07 17:00:00,27.0,79,0.0,130,24.1,6,1010.0,1
2024-03-07 18:00:00,27.0,79,0.0,140,22.3,6,1009.0,2
2024-03-07 19:00:00,27.0,79,0.0,140,25.9,5,1009.0,2
2024-03-07 20:00:00,27.0,79,0.0,140,20.5,5,1009.0,2
2024-03-07 21:00:00,27.0,79,0.0,140,13.0,5,1009.0,2
2024-03-07 22:00:00,27.0,79,0.0,130,18.4,6,1010.0,2
2024-03-07 23:00:00,26.0,84,0.0,140,16.6,6,1010.7,2
2024-03-08 00:00:00,27.0,79,0.0,130,14.8,6,1011.3,2
2024-03-08 01:00:00,29.0,66,0.0,130,20.5,6,1011.8,2
2024-03-08 02:00:00,31.0,52,0.0,130,20.5,6,1012.3,2
2024-03-08 03:00:00,32.0,49,0.0,110,22.3,6,1012.8,2
2024-03-08 04:00:00,34.0,41,0.0,120,20.5,6,1012.0,2
2024-03-08 05:00:00,36.0,33,0.0,110,18.4,6,1011.2,2
2024-03-08 06:00:00,36.0,35,0.0,140,13.0,6,1010.4,2
2024-03-08 07:00:00,35.0,39,0.0,170,16.6,6,1009.6,2
2024-03-08 08:00:00,35.0,39,0.0,180,18.4,6,1008.8,2
2024-03-08 09:00:00,34.0,41,0.0,180,20.5,6,1008.0,2
2024-03-08 10:00:00,33.0,44,0.0,170,20.5,6,1008.4,2
2024-03-08 11:00:00,32.0,41,0.0,160,18.4,6,1008.9,2
2024-03-08 12:00:00,30.0,52,0.0,150,20.5,6,1009.3,2
2024-03-08 13:00:00,29.0,58,0.0,150,14.8,6,1010.1,2
2024-03-08 14:00:00,29.0,58,0.0,150,16.6,6,1010.9,2
2024-03-08 15:00:00,29.0,62,0.0,130,11.2,6,1011.6,1
2024-03-08 16:00:00,28.0,70,0.0,130,13.0,6,1011.6,1
2024-03-08 17:00:00,28.0,70,0.0,110,11.2,6,1011.0,1
2024-03-08 18:00:00,28.0,66,0.0,110,7.6,6,1010.0,1
2024-03-08 19:00:00,27.0,74,0.0,100,7.6,6,1010.0,1
2024-03-08 20:00:00,26.0,79,0.0,80,5.4,0,1010.0,1
2024-03-08 21:00:00,26.0,79,0.0,80,7.6,0,1010.0,1
2024-03-08 22:00:00,26.0,79,0.0,110,9.4,0,1010.3,2
2024-03-08 23:00:00,26.0,79,0.0,80,9.4,0,1011.0,2
2024-03-09 00:00:00,26.0,84,0.0,262,5.4,6,1011.6,2
2024-03-09 01:00:00,28.0,74,0.0,77,5.4,0,1013.0,2
2024-03-09 02:00:00,30.0,59,0.0,78,5.4,6,1012.6,2
2024-03-09 03:00:00,31.0,49,0.0,140,11.2,6,1013.2,2
2024-03-09 04:00:00,33.0,41,0.0,70,16.6,6,1012.4,2
2024-03-09 05:00:00,34.0,36,0.0,100,14.8,6,1011.6,2
2024-03-09 06:00:00,36.0,29,0.0,130,16.6,7,1010.0,2
2024-03-09 07:00:00,36.0,31,0.0,130,14.8,7,1009.9,2
2024-03-09 08:00:00,35.0,39,0.0,180,18.4,7,1009.0,2
2024-03-09 09:00:00,33.0,46,0.0,190,20.5,7,1008.2,2
2024-03-09 10:00:00,33.0,44,0.0,160,13.0,7,1008.7,2
2024-03-09 11:00:00,31.0,49,0.0,140,18.4,6,1009.3,2
2024-03-09 12:00:00,30.0,55,0.0,150,14.8,6,1009.8,2
2024-03-09 13:00:00,30.0,55,0.0,140,11.2,6,1010.0,2
2024-03-09 14:00:00,29.0,55,0.0,150,16.6,6,1011.0,2
2024-03-09 15:00:00,29.0,58,0.0,140,13.0,6,1012.1,1
2024-03-09 16:00:00,29.0,62,0.0,130,16.6,6,1012.0,1
2024-03-09 17:00:00,28.0,66,0.0,130,16.6,6,1012.0,1
2024-03-09 18:00:00,28.0,66,0.0,140,9.4,6,1012.0,1
2024-03-09 19:00:00,28.0,66,0.0,150,9.4,6,1011.7,1
2024-03-09 20:00:00,27.0,70,0.0,120,11.2,5,1011.5,1
2024-03-09 21:00:00,27.0,66,0.0,120,9.4,5,1012.0,1
2024-03-09 22:00:00,27.0,66,0.0,100,7.6,5,1012.0,1
2024-03-09 23:00:00,26.0,70,0.0,70,7.6,5,1012.6,2
2024-03-10 00:00:00,27.0,66,0.0,225,9.4,5,1013.2,2
2024-03-10 01:00:00,28.0,62,0.0,60,11.2,6,1013.4,2
2024-03-10 02:00:00,30.0,52,0.0,90,18.4,6,1013.9,2
2024-03-10 03:00:00,32.0,46,0.0,110,16.6,6,1014.5,2
2024-03-10 04:00:00,35.0,34,0.0,90,24.1,6,1013.8,2
2024-03-10 05:00:00,35.0,34,0.0,100,18.4,6,1013.1,2
2024-03-10 06:00:00,36.0,33,0.0,130,18.4,6,1012.0,2
2024-03-10 07:00:00,35.0,34,0.0,67,13.0,6,1011.0,2
2024-03-10 08:00:00,33.0,46,0.0,200,20.5,6,1010.0,2
2024-03-10 09:00:00,33.0,49,0.0,160,18.4,6,1010.3,2
2024-03-10 10:00:00,32.0,43,0.0,160,22.3,6,1010.8,2
2024-03-10 11:00:00,31.0,46,0.0,140,22.3,6,1011.4,2
2024-03-10 12:00:00,30.0,52,0.0,130,22.3,6,1012.0,2
2024-03-10 13:00:00,29.0,58,0.0,140,25.9,6,1012.7,2
2024-03-10 14:00:00,29.0,55,0.0,140,22.3,6,1013.4,1
2024-03-10 15:00:00,29.0,58,0.0,130,20.5,5,1014.0,1
2024-03-10 16:00:00,28.0,62,0.0,130,16.6,5,1014.0,2
2024-03-10 17:00:00,28.0,62,0.0,130,13.0,5,1013.0,1
2024-03-10 18:00:00,28.0,58,0.0,110,14.8,5,1013.0,1
2024-03-10 19:00:00,27.0,62,0.0,90,13.0,5,1012.0,1
2024-03-10 20:00:00,26.0,65,0.0,90,11.2,5,1012.0,1
2024-03-10 21:00:00,25.0,69,0.0,90,7.6,5,1013.0,1
2024-03-10 22:00:00,27.0,62,0.0,110,7.6,5,1013.0,2
2024-03-10 23:00:00,26.0,65,0.0,50,7.6,5,1014.0,2
2024-03-11 00:00:00,27.0,70,0.0,242,5.4,5,1014.3,2
2024-03-11 01:00:00,29.0,55,0.0,110,13.0,5,1014.6,2
2024-03-11 02:00:00,32.0,43,0.0,110,14.8,5,1015.0,2
2024-03-11 03:00:00,33.0,38,0.0,120,18.4,5,1015.4,2
2024-03-11 04:00:00,34.0,36,0.0,130,13.0,5,1014.5,2
2024-03-11 05:00:00,35.0,32,0.0,65,9.4,6,1013.7,2
2024-03-11 06:00:00,36.0,31,0.0,90,16.6,6,1012.8,2
2024-03-11 07:00:00,37.0,33,0.0,190,14.8,6,1011.9,2
2024-03-11 08:00:00,34.1,40,0.0,58,20.4,6,1011.0,2
2024-03-11 09:00:00,34.0,41,0.0,150,16.6,6,1010.0,2
2024-03-11 10:00:00,33.0,46,0.0,150,14.8,6,1010.3,2
2024-03-11 11:00:00,32.0,49,0.0,170,14.8,6,1010.8,2
2024-03-11 12:00:00,31.0,52,0.0,150,20.5,6,1011.4,2
2024-03-11 13:00:00,30.0,55,0.0,140,11.2,6,1012.2,2
2024-03-11 14:00:00,30.0,59,0.0,140,13.0,6,1013.0,2
2024-03-11 15:00:00,30.0,59,0.0,160,9.4,5,1013.8,1
2024-03-11 16:00:00,29.0,66,0.0,140,9.4,5,1013.6,1
2024-03-11 17:00:00,29.0,66,0.0,130,11.2,6,1013.4,1
2024-03-11 18:00:00,28.0,70,0.0,130,11.2,6,1013.2,1
2024-03-11 19:00:00,28.0,70,0.0,140,9.4,5,1012.8,1
2024-03-11 20:00:00,28.0,66,0.0,110,13.0,5,1011.0,1
2024-03-11 21:00:00,27.0,70,0.0,90,13.0,5,1012.1,1
2024-03-11 22:00:00,27.0,74,0.0,70,3.6,5,1012.6,1
2024-03-11 23:00:00,27.0,74,0.0,50,1.8,5,1013.1,2
2024-03-12 00:00:00,28.0,70,0.0,50,7.6,5,1013.8,2
2024-03-12 01:00:00,30.0,55,0.0,50,7.6,5,1014.1,2
2024-03-12 02:00:00,32.0,49,0.0,40,9.4,6,1014.6,2
2024-03-12 03:00:00,34.0,41,0.0,60,11.2,6,1015.0,2
2024-03-12 04:00:00,34.0,41,0.0,69,5.4,6,1014.2,2
2024-03-12 05:00:00,35.0,37,0.0,90,9.4,6,1013.4,2
2024-03-12 06:00:00,36.0,35,0.0,120,13.0,6,1012.6,2
2024-03-12 07:00:00,35.0,39,0.0,190,16.6,6,1011.7,2
2024-03-12 08:00:00,35.0,44,0.0,180,11.2,6,1010.0,2
2024-03-12 09:00:00,34.0,47,0.0,190,18.4,6,1010.0,2
2024-03-12 10:00:00,33.0,49,0.0,170,16.6,7,1010.0,2
2024-03-12 11:00:00,31.0,55,0.0,170,14.8,7,1011.0,2
2024-03-12 12:00:00,31.0,55,0.0,160,16.6,6,1011.0,2
2024-03-12 13:00:00,30.0,59,0.0,160,13.0,6,1012.0,2
2024-03-12 14:00:00,30.0,59,0.0,150,14.8,6,1013.0,2
2024-03-12 15:00:00,29.0,58,0.0,140,13.0,6,1013.0,1
2024-03-12 16:00:00,29.0,58,0.0,150,13.0,6,1013.0,2
2024-03-12 17:00:00,29.0,62,0.0,150,16.6,6,1013.0,1
2024-03-12 18:00:00,28.0,66,0.0,140,11.2,6,1013.0,1
2024-03-12 19:00:00,28.0,66,0.0,140,9.4,6,1011.0,1
2024-03-12 20:00:00,28.0,66,0.0,140,13.0,6,1011.0,1
2024-03-12 21:00:00,27.0,70,0.0,130,13.0,5,1012.0,1
2024-03-12 22:00:00,27.0,70,0.0,130,9.4,6,1012.0,2
2024-03-12 23:00:00,27.0,70,0.0,110,11.2,6,1013.0,2
2024-03-13 00:00:00,28.0,70,0.0,100,9.4,6,1013.5,2
2024-03-13 01:00:00,29.0,62,0.0,110,13.0,6,1013.9,2
2024-03-13 02:00:00,31.0,55,0.0,100,14.8,6,1015.0,2
2024-03-13 03:00:00,32.0,49,0.0,90,13.0,6,1014.8,2
2024-03-13 04:00:00,33.0,46,0.0,90,9.4,6,1013.9,2
2024-03-13 05:00:00,34.0,44,0.0,59,7.6,7,1013.1,2
2024-03-13 06:00:00,34.0,44,0.0,20,3.6,7,1012.2,2
2024-03-13 07:00:00,35.0,39,0.0,30,5.4,7,1011.3,2
2024-03-13 08:00:00,34.0,47,0.0,170,14.8,7,1010.3,2
2024-03-13 09:00:00,32.0,52,0.0,180,20.5,7,1009.3,2
2024-03-13 10:00:00,32.0,52,0.0,190,16.6,7,1009.8,2
2024-03-13 11:00:00,31.0,55,0.0,160,14.8,7,1010.4,2
2024-03-13 12:00:00,30.0,62,0.0,170,11.2,6,1010.9,2
2024-03-13 13:00:00,29.0,66,0.0,170,13.0,6,1012.0,2
2024-03-13 14:00:00,29.0,66,0.0,150,13.0,6,1013.0,2
2024-03-13 15:00:00,28.0,70,0.0,160,13.0,6,1013.0,1
2024-03-13 16:00:00,28.0,74,0.0,170,13.0,6,1013.0,2
2024-03-13 17:00:00,28.0,74,0.0,150,14.8,6,1013.0,1
2024-03-13 18:00:00,28.0,79,0.0,150,14.8,6,1012.0,2
2024-03-13 19:00:00,27.0,84,0.0,150,11.2,6,1012.0,2
2024-03-13 20:00:00,27.0,89,0.0,150,11.2,6,1011.0,2
2024-03-13 21:00:00,27.0,89,0.0,140,7.6,6,1012.0,2
2024-03-13 22:00:00,27.0,84,0.0,140,9.4,6,1012.0,2
2024-03-13 23:00:00,27.0,84,0.0,140,9.4,6,1013.0,2
2024-03-14 00:00:00,27.0,84,0.0,150,13.0,6,1013.0,2
2024-03-14 01:00:00,28.0,79,0.0,130,16.6,6,1014.0,2
2024-03-14 02:00:00,30.0,66,0.0,130,20.5,6,1014.0,2
2024-03-14 03:00:00,31.0,55,0.0,150,14.8,6,1014.0,2
2024-03-14 04:00:00,33.0,49,0.0,110,11.2,6,1014.0,2
2024-03-14 05:00:00,33.0,46,0.0,70,3.6,6,1013.0,2
2024-03-14 06:00:00,34.0,44,0.0,120,11.2,6,1011.0,2
2024-03-14 07:00:00,36.0,39,0.0,59,7.6,6,1010.0,2
2024-03-14 08:00:00,36.0,37,0.0,61,9.4,7,1009.0,2
2024-03-14 09:00:00,32.0,59,0.0,200,25.9,7,1009.0,2
2024-03-14 10:00:00,32.0,52,0.0,150,18.4,7,1009.0,3
2024-03-14 11:00:00,30.0,62,0.0,180,18.4,7,1010.0,2
2024-03-14 12:00:00,29.0,70,0.0,160,16.6,7,1011.0,2
2024-03-14 13:00:00,29.0,66,0.0,160,16.6,6,1011.0,2
2024-03-14 14:00:00,29.0,66,0.0,140,14.8,6,1012.0,2
2024-03-14 15:00:00,28.0,74,0.0,140,16.6,6,1013.0,1
2024-03-14 16:00:00,28.0,79,0.0,150,14.8,6,1013.0,2
2024-03-14 17:00:00,28.0,79,0.0,140,18.4,6,1012.0,1
2024-03-14 18:00:00,27.0,84,0.0,140,16.6,6,1012.0,2
2024-03-14 19:00:00,27.0,84,0.0,140,14.8,6,1011.0,2
2024-03-14 20:00:00,27.0,84,0.0,140,14.8,6,1011.0,2
2024-03-14 21:00:00,26.0,89,0.0,120,14.8,5,1011.0,2
2024-03-14 22:00:00,26.0,84,0.0,130,16.6,6,1012.0,2
2024-03-14 23:00:00,26.0,84,0.0,130,18.4,6,1012.0,2
2024-03-15 00:00:00,27.0,79,0.0,110,13.0,6,1013.0,2
2024-03-15 01:00:00,28.0,74,0.0,110,20.5,6,1013.4,2
2024-03-15 02:00:00,30.0,59,0.0,120,22.3,6,1013.9,2
2024-03-15 03:00:00,31.0,52,0.0,140,13.0,6,1014.3,2
2024-03-15 04:00:00,32.0,49,0.0,130,14.8,6,1013.5,2
2024-03-15 05:00:00,33.0,46,0.0,130,13.0,6,1012.6,2
2024-03-15 06:00:00,34.0,44,0.0,140,14.8,6,1011.8,2
2024-03-15 07:00:00,34.0,44,0.0,160,11.2,6,1010.9,2
2024-03-15 08:00:00,35.0,42,0.0,190,18.4,6,1010.1,2
2024-03-15 09:00:00,34.0,41,0.0,210,18.4,6,1009.2,2
2024-03-15 10:00:00,32.0,46,0.0,200,20.5,6,1009.9,2
2024-03-15 11:00:00,30.0,59,0.0,170,16.6,6,1010.5,2
2024-03-15 12:00:00,29.0,66,0.0,180,18.4,6,1011.1,2
2024-03-15 13:00:00,28.0,70,0.0,170,13.0,6,1011.9,2
2024-03-15 14:00:00,28.0,74,0.0,140,14.8,5,1012.7,1
2024-03-15 15:00:00,27.0,84,0.0,140,16.6,5,1013.4,1
2024-03-15 16:00:00,27.0,84,0.0,140,13.0,5,1013.4,2
2024-03-15 17:00:00,27.0,84,0.0,130,11.2,5,1013.0,1
2024-03-15 18:00:00,27.0,89,0.0,140,14.8,5,1012.0,1
2024-03-15 19:00:00,27.0,89,0.0,140,14.8,5,1012.0,1
2024-03-15 20:00:00,26.0,94,0.0,140,14.8,5,1012.0,1
2024-03-15 21:00:00,26.0,89,0.0,130,16.6,5,1012.1,1
2024-03-15 22:00:00,26.0,89,0.0,140,13.0,5,1012.6,1
2024-03-15 23:00:00,26.0,89,0.0,130,13.0,5,1013.0,2
2024-03-16 00:00:00,27.0,84,0.0,130,13.0,5,1014.0,2
2024-03-16 01:00:00,29.0,66,0.0,130,14.8,5,1013.9,2
2024-03-16 02:00:00,31.0,55,0.0,120,13.0,5,1014.4,2
2024-03-16 03:00:00,32.0,46,0.0,120,18.4,6,1014.8,2
2024-03-16 04:00:00,34.0,41,0.0,110,14.8,6,1014.0,2
2024-03-16 05:00:00,35.0,37,0.0,80,13.0,6,1013.2,2
2024-03-16 06:00:00,35.0,37,0.0,130,9.4,6,1012.3,2
2024-03-16 07:00:00,36.0,37,0.0,160,11.2,6,1011.4,2
2024-03-16 08:00:00,35.0,44,0.0,180,14.8,6,1010.0,2
2024-03-16 09:00:00,34.0,44,0.0,150,14.8,6,1010.0,2
2024-03-16 10:00:00,33.0,46,0.0,170,16.6,6,1010.0,2
2024-03-16 11:00:00,31.0,52,0.0,160,13.0,6,1011.0,2
2024-03-16 12:00:00,30.0,55,0.0,140,16.6,6,1012.0,2
2024-03-16 13:00:00,29.0,62,0.0,150,13.0,6,1012.0,2
2024-03-16 14:00:00,29.0,62,0.0,140,16.6,5,1013.0,2
2024-03-16 15:00:00,28.0,66,0.0,130,14.8,5,1013.0,1
2024-03-16 16:00:00,28.0,74,0.0,130,7.6,5,1013.0,2
2024-03-16 17:00:00,28.0,74,0.0,140,9.4,5,1013.0,1
2024-03-16 18:00:00,28.0,70,0.0,150,13.0,5,1013.0,1
2024-03-16 19:00:00,27.0,84,0.0,220,11.2,5,1013.0,1
2024-03-16 20:00:00,27.0,84,0.0,170,9.4,5,1013.0,1
2024-03-16 21:00:00,27.0,84,0.0,150,11.2,5,1012.0,1
2024-03-16 22:00:00,27.0,79,0.0,140,11.2,5,1012.0,1
2024-03-16 23:00:00,27.0,79,0.0,140,13.0,5,1013.0,2
2024-03-17 00:00:00,28.0,70,0.0,249,5.4,5,1014.0,2
2024-03-17 01:00:00,29.0,58,0.0,110,11.2,6,1014.0,2
2024-03-17 02:00:00,31.0,52,0.0,100,16.6,6,1014.0,2
2024-03-17 03:00:00,32.0,49,0.0,110,16.6,6,1014.0,2
2024-03-17 04:00:00,33.0,46,0.0,140,9.4,6,1014.0,2
2024-03-17 05:00:00,34.0,41,0.0,140,9.4,6,1012.0,2
2024-03-17 06:00:00,35.0,39,0.0,140,9.4,6,1011.0,2
2024-03-17 07:00:00,34.0,41,0.0,140,9.4,6,1010.0,2
2024-03-17 08:00:00,35.0,42,0.0,190,14.8,6,1009.0,2
2024-03-17 09:00:00,34.0,44,0.0,190,20.5,6,1009.0,2
2024-03-17 10:00:00,33.0,46,0.0,170,16.6,6,1009.6,2
2024-03-17 11:00:00,32.0,49,0.0,160,14.8,6,1010.0,2
2024-03-17 12:00:00,31.0,55,0.0,170,13.0,6,1011.0,2
2024-03-17 13:00:00,30.0,59,0.0,140,18.4,6,1011.0,2
2024-03-17 14:00:00,29.0,62,0.0,140,13.0,6,1012.0,2
2024-03-17 15:00:00,29.0,62,0.0,140,14.8,5,1012.0,1
2024-03-17 16:00:00,28.0,70,0.0,140,18.4,5,1012.0,1
2024-03-17 17:00:00,28.0,66,0.0,140,13.0,5,1011.0,1
2024-03-17 18:00:00,28.0,70,0.0,130,16.6,5,1010.0,1
2024-03-17 19:00:00,27.0,74,0.0,140,13.0,5,1010.0,1
2024-03-17 20:00:00,27.0,74,0.0,140,13.0,5,1010.0,1
2024-03-17 21:00:00,27.0,74,0.0,140,14.8,5,1010.0,1
2024-03-17 22:00:00,27.0,79,0.0,140,11.2,5,1010.0,1
2024-03-17 23:00:00,27.0,79,0.0,140,13.0,5,1011.0,2
2024-03-18 00:00:00,27.0,84,0.0,130,14.8,5,1012.0,2
2024-03-18 01:00:00,29.0,70,0.0,110,18.4,6,1012.4,2
2024-03-18 02:00:00,30.0,62,0.0,100,16.6,6,1013.0,2
2024-03-18 03:00:00,32.0,52,0.0,130,11.2,6,1013.0,2
2024-03-18 04:00:00,33.0,46,0.0,130,11.2,6,1012.0,2
2024-03-18 05:00:00,34.0,41,0.0,180,9.4,6,1011.0,2
2024-03-18 06:00:00,36.0,35,0.0,160,7.6,6,1010.0,2
2024-03-18 07:00:00,35.0,44,0.0,200,16.6,6,1009.0,2
2024-03-18 08:00:00,34.0,44,0.0,180,20.5,6,1009.0,2
2024-03-18 09:00:00,33.0,49,0.0,150,20.5,6,1008.0,2
2024-03-18 10:00:00,32.0,49,0.0,170,20.5,7,1009.0,3
2024-03-18 11:00:00,30.0,55,0.0,160,16.6,6,1009.0,2
2024-03-18 12:00:00,29.0,58,0.0,160,13.0,6,1010.0,2
2024-03-18 13:00:00,29.0,58,0.0,140,18.4,6,1011.0,2
2024-03-18 14:00:00,28.0,66,0.0,150,13.0,6,1011.0,2
2024-03-18 15:00:00,28.0,70,0.0,160,13.0,6,1012.0,1
2024-03-18 16:00:00,28.0,70,0.0,150,13.0,5,1012.0,2
2024-03-18 17:00:00,27.0,74,0.0,130,16.6,5,1012.0,1
2024-03-18 18:00:00,27.0,74,0.0,140,13.0,5,1011.0,1
2024-03-18 19:00:00,27.0,74,0.0,140,13.0,5,1011.0,1
2024-03-18 20:00:00,27.0,74,0.0,140,13.0,5,1011.0,1
2024-03-18 21:00:00,26.0,79,0.0,130,14.8,5,1011.0,1
2024-03-18 22:00:00,26.0,74,0.0,130,13.0,5,1011.0,2
2024-03-18 23:00:00,26.0,74,0.0,140,11.2,5,1012.0,2
2024-03-19 00:00:00,27.0,66,0.0,130,16.6,5,1013.0,2
2024-03-19 01:00:00,30.0,52,0.0,110,20.5,5,1012.9,2
2024-03-19 02:00:00,31.0,49,0.0,100,22.3,5,1014.0,2
2024-03-19 03:00:00,32.0,46,0.0,100,14.8,5,1014.0,2
2024-03-19 04:00:00,34.0,36,0.0,130,18.4,6,1013.0,2
2024-03-19 05:00:00,35.0,32,0.0,110,16.6,6,1012.0,2
2024-03-19 06:00:00,35.0,37,0.0,130,16.6,6,1011.0,2
2024-03-19 07:00:00,35.0,37,0.0,190,22.3,6,1010.0,2
2024-03-19 08:00:00,34.0,41,0.0,180,20.5,6,1009.0,2
2024-03-19 09:00:00,33.0,46,0.0,160,20.5,6,1009.0,2
2024-03-19 10:00:00,32.0,49,0.0,150,18.4,6,1010.0,2
2024-03-19 11:00:00,31.0,49,0.0,160,16.6,6,1010.0,2
2024-03-19 12:00:00,29.0,58,0.0,140,18.4,6,1011.0,2
2024-03-19 13:00:00,29.0,58,0.0,140,13.0,6,1012.0,2
2024-03-19 14:00:00,28.0,66,0.0,140,11.2,6,1013.0,2
2024-03-19 15:00:00,28.0,66,0.0,140,14.8,5,1013.0,1
2024-03-19 16:00:00,28.0,66,0.0,130,22.3,5,1013.1,1
2024-03-19 17:00:00,27.0,70,0.0,100,13.0,5,1013.0,1
2024-03-19 18:00:00,27.0,74,0.0,100,13.0,5,1012.0,1
2024-03-19 19:00:00,26.0,79,0.0,90,7.6,5,1012.0,1
2024-03-19 20:00:00,25.0,84,0.0,70,6.0,5,1012.0,1
2024-03-19 21:00:00,24.0,89,0.0,121,5.4,5,1012.0,1
2024-03-19 22:00:00,25.0,89,0.0,50,7.6,5,1013.0,1
2024-03-19 23:00:00,25.0,89,0.0,292,5.4,5,1013.0,2
2024-03-20 00:00:00,26.0,79,0.0,286,5.4,0,1014.0,2
2024-03-20 01:00:00,28.0,66,0.0,60,9.4,0,1015.0,2
2024-03-20 02:00:00,30.0,52,0.0,72,5.4,0,1015.0,2
2024-03-20 03:00:00,32.0,43,0.0,60,9.4,0,1015.0,2
2024-03-20 04:00:00,33.0,38,0.0,120,13.0,0,1014.0,2
2024-03-20 05:00:00,35.0,34,0.0,120,13.0,6,1013.0,2
2024-03-20 06:00:00,36.0,31,0.0,140,11.2,6,1012.0,2
2024-03-20 07:00:00,37.0,29,0.0,110,14.8,6,1011.0,2
2024-03-20 08:00:00,35.0,42,0.0,190,16.6,6,1010.0,2
2024-03-20 09:00:00,34.0,47,0.0,150,16.6,6,1010.0,2
2024-03-20 10:00:00,33.0,46,0.0,170,16.6,6,1010.0,2
2024-03-20 11:00:00,32.0,49,0.0,160,13.0,6,1011.0,2
2024-03-20 12:00:00,31.0,49,0.0,150,16.6,6,1011.0,2
2024-03-20 13:00:00,30.0,55,0.0,150,16.6,6,1012.0,2
2024-03-20 14:00:00,30.0,55,0.0,140,11.2,6,1012.0,2
2024-03-20 15:00:00,29.0,62,0.0,130,9.4,6,1013.0,1
2024-03-20 16:00:00,29.0,62,0.0,110,9.4,6,1013.0,2
2024-03-20 17:00:00,29.0,62,0.0,130,9.4,6,1013.0,1
2024-03-20 18:00:00,28.0,66,0.0,100,9.4,6,1012.0,1
2024-03-20 19:00:00,28.0,66,0.0,236,5.4,5,1012.0,1
2024-03-20 20:00:00,27.0,74,0.0,230,5.4,5,1012.0,1
2024-03-20 21:00:00,26.0,84,0.0,330,5.4,5,1012.0,1
2024-03-20 22:00:00,26.0,84,0.0,275,1.8,5,1012.0,2
2024-03-20 23:00:00,26.0,89,0.0,0,0.0,5,1012.0,2
2024-03-21 00:00:00,27.0,89,0.0,273,3.6,5,1013.1,2
2024-03-21 01:00:00,29.0,66,0.0,68,3.6,5,1013.2,2
2024-03-21 02:00:00,31.0,55,0.0,73,5.4,0,1013.4,2
2024-03-21 03:00:00,32.0,49,0.0,74,5.4,6,1013.6,2
2024-03-21 04:00:00,33.0,46,0.0,68,9.4,6,1012.7,2
2024-03-21 05:00:00,34.0,44,0.0,63,5.4,6,1011.7,2
2024-03-21 06:00:00,34.0,41,0.0,60,3.6,6,1010.8,2
2024-03-21 07:00:00,35.0,39,0.0,150,9.4,6,1008.0,2
2024-03-21 08:00:00,35.0,42,0.3,240,7.6,6,1008.0,2
2024-03-21 09:00:00,33.0,52,0.3,190,20.5,6,1008.0,2
2024-03-21 10:00:00,32.0,56,0.0,190,18.4,7,1008.0,3
2024-03-21 11:00:00,31.0,55,0.0,160,14.8,6,1009.0,2
2024-03-21 12:00:00,30.0,59,0.0,130,22.3,6,1010.0,2
2024-03-21 13:00:00,29.0,62,0.0,140,24.1,6,1010.0,2
2024-03-21 14:00:00,28.0,66,0.0,130,22.3,6,1011.0,2
2024-03-21 15:00:00,28.0,70,0.0,140,18.4,6,1011.0,1
2024-03-21 16:00:00,28.0,70,0.0,120,14.8,6,1011.0,2
2024-03-21 17:00:00,28.0,70,0.0,130,13.0,6,1011.0,2
2024-03-21 18:00:00,28.0,70,0.0,140,13.0,6,1010.0,2
2024-03-21 19:00:00,28.0,70,0.0,140,13.0,6,1009.0,2
2024-03-21 20:00:00,27.0,74,0.0,140,13.0,5,1009.0,2
2024-03-21 21:00:00,27.0,70,0.0,120,14.8,5,1009.0,2
2024-03-21 22:00:00,27.0,70,0.0,110,16.6,5,1009.0,2
2024-03-21 23:00:00,27.0,70,0.0,110,9.4,5,1009.0,2
2024-03-22 00:00:00,28.0,66,0.0,110,9.4,5,1010.0,2
2024-03-22 01:00:00,29.0,58,0.0,120,9.4,6,1011.2,2
2024-03-22 02:00:00,31.0,49,0.0,120,20.5,6,1011.0,2
2024-03-22 03:00:00,33.0,44,0.0,120,20.5,6,1011.0,2
2024-03-22 04:00:00,34.0,39,0.0,140,18.4,6,1010.0,2
2024-03-22 05:00:00,35.0,37,0.0,70,9.4,6,1009.0,2
2024-03-22 06:00:00,35.0,37,0.0,140,7.6,6,1008.0,2
2024-03-22 07:00:00,35.0,42,0.0,170,14.8,6,1007.0,2
2024-03-22 08:00:00,34.0,47,0.0,210,25.9,6,1006.0,2
2024-03-22 09:00:00,32.0,49,0.0,170,22.3,6,1006.0,2
2024-03-22 10:00:00,31.0,55,0.0,160,18.4,7,1007.0,3
2024-03-22 11:00:00,30.0,59,0.0,150,20.5,6,1007.0,2
2024-03-22 12:00:00,29.0,66,0.0,150,16.6,6,1008.0,2
2024-03-22 13:00:00,28.0,70,0.0,150,16.6,6,1009.0,2
2024-03-22 14:00:00,28.0,74,0.0,140,16.6,6,1009.0,2
2024-03-22 15:00:00,28.0,74,0.0,130,14.8,6,1010.0,1
2024-03-22 16:00:00,28.0,79,0.0,140,11.2,6,1010.0,2
2024-03-22 17:00:00,27.0,84,0.0,140,14.8,6,1010.0,2
2024-03-22 18:00:00,27.0,89,0.0,140,20.5,6,1009.0,2
2024-03-22 19:00:00,27.0,89,0.0,140,16.6,6,1009.0,2
2024-03-22 20:00:00,27.0,89,0.0,140,11.2,5,1009.0,2
2024-03-22 21:00:00,27.0,89,0.0,130,9.4,5,1009.0,2
2024-03-22 22:00:00,27.0,89,0.0,130,11.2,6,1009.0,2
2024-03-22 23:00:00,27.0,89,0.0,140,14.8,6,1010.0,2
2024-03-23 00:00:00,27.0,89,0.0,140,16.6,5,1011.0,2
2024-03-23 01:00:00,29.0,79,0.0,140,14.8,6,1012.0,2
2024-03-23 02:00:00,31.0,66,0.0,130,20.5,6,1012.0,2
2024-03-23 03:00:00,32.0,59,0.0,140,18.4,6,1012.0,2
2024-03-23 04:00:00,33.0,52,0.1,150,13.0,6,1012.0,2
2024-03-23 05:00:00,32.0,56,0.2,74,11.2,6,1011.0,2
2024-03-23 06:00:00,34.0,50,0.0,200,13.0,6,1009.0,2
2024-03-23 07:00:00,34.0,47,0.0,190,14.8,6,1009.0,2
2024-03-23 08:00:00,33.0,46,0.2,170,18.4,6,1008.0,2
2024-03-23 09:00:00,33.0,49,0.0,180,20.5,6,1008.0,2
2024-03-23 10:00:00,31.0,59,0.0,180,22.3,6,1008.0,2
2024-03-23 11:00:00,30.0,59,0.0,170,18.4,6,1009.0,2
2024-03-23 12:00:00,29.0,66,0.0,170,13.0,6,1010.0,2
2024-03-23 13:00:00,29.0,70,0.0,150,13.0,6,1010.0,2
2024-03-23 14:00:00,28.0,74,0.0,150,11.2,6,1011.0,2
2024-03-23 15:00:00,28.0,79,0.0,140,14.8,6,1011.0,1
2024-03-23 16:00:00,28.0,84,0.0,140,14.8,6,1012.0,2
2024-03-23 17:00:00,27.0,89,0.0,130,14.8,6,1011.0,2
2024-03-23 18:00:00,27.0,94,0.0,130,11.2,6,1011.0,2
2024-03-23 19:00:00,27.0,89,0.0,140,13.0,5,1010.0,2
2024-03-23 20:00:00,27.0,89,0.0,130,14.8,5,1010.0,2
2024-03-23 21:00:00,27.0,89,0.0,130,13.0,5,1010.0,2
2024-03-23 22:00:00,27.0,89,0.0,130,13.0,5,1010.6,2
2024-03-23 23:00:00,27.0,89,0.0,140,13.0,5,1011.0,2
2024-03-24 00:00:00,27.0,94,0.0,140,14.8,5,1012.0,2
2024-03-24 01:00:00,29.0,79,0.0,130,18.4,6,1012.5,2
2024-03-24 02:00:00,30.0,70,0.0,150,13.0,6,1012.9,2
2024-03-24 03:00:00,32.0,59,0.0,130,11.2,6,1013.3,2
2024-03-24 04:00:00,34.0,50,0.0,140,14.8,6,1012.0,2
2024-03-24 05:00:00,35.0,44,0.0,140,11.2,6,1011.0,2
2024-03-24 06:00:00,35.0,47,0.0,170,13.0,6,1010.0,2
2024-03-24 07:00:00,35.0,50,0.0,160,16.6,6,1010.0,2
2024-03-24 08:00:00,34.0,53,0.0,200,24.1,6,1010.0,2
2024-03-24 09:00:00,33.0,56,0.0,200,20.5,6,1009.0,2
2024-03-24 10:00:00,32.0,56,0.0,170,16.6,6,1010.0,2
2024-03-24 11:00:00,30.0,66,0.0,190,22.3,6,1010.0,2
2024-03-24 12:00:00,29.0,74,0.0,190,14.8,5,1011.0,2
2024-03-24 13:00:00,29.0,74,0.0,170,13.0,5,1012.0,2
2024-03-24 14:00:00,29.0,79,0.0,140,16.6,5,1013.0,2
2024-03-24 15:00:00,28.0,84,0.0,140,14.8,5,1013.0,1
2024-03-24 16:00:00,28.0,89,0.0,130,16.6,5,1013.0,2
2024-03-24 17:00:00,27.0,94,0.0,140,13.0,5,1012.0,1
2024-03-24 18:00:00,27.0,94,0.0,140,11.2,5,1011.0,1
2024-03-24 19:00:00,27.0,94,0.0,130,13.0,5,1011.0,1
2024-03-24 20:00:00,27.0,94,0.0,130,13.0,5,1011.0,1
2024-03-24 21:00:00,27.0,94,0.0,140,9.4,5,1010.0,1
2024-03-24 22:00:00,27.0,94,0.0,140,11.2,5,1011.0,1
2024-03-24 23:00:00,27.0,94,0.0,130,11.2,5,1011.0,2
2024-03-25 00:00:00,28.0,89,0.0,130,7.6,5,1012.0,2
2024-03-25 01:00:00,29.0,84,0.0,140,18.4,5,1012.6,2
2024-03-25 02:00:00,30.0,75,0.0,140,14.8,5,1012.9,2
2024-03-25 03:00:00,32.0,63,0.0,160,13.0,5,1013.1,2
2024-03-25 04:00:00,33.0,56,0.0,120,11.2,5,1012.3,2
2024-03-25 05:00:00,34.0,50,0.0,180,11.2,6,1011.4,2
2024-03-25 06:00:00,35.0,50,0.0,130,11.2,6,1010.0,2
2024-03-25 07:00:00,35.0,50,0.0,200,9.4,6,1009.0,2
2024-03-25 08:00:00,34.0,53,0.1,200,20.5,6,1009.0,2
2024-03-25 09:00:00,34.0,53,0.1,190,20.5,6,1009.0,2
2024-03-25 10:00:00,32.0,63,0.0,190,18.4,6,1009.0,2
2024-03-25 11:00:00,30.0,70,0.0,180,18.4,6,1010.0,2
2024-03-25 12:00:00,30.0,66,0.0,180,16.6,6,1010.0,2
2024-03-25 13:00:00,29.0,74,0.0,160,13.0,6,1011.0,2
2024-03-25 14:00:00,29.0,79,0.0,160,13.0,6,1012.0,2
2024-03-25 15:00:00,29.0,79,0.0,150,14.8,6,1012.0,1
2024-03-25 16:00:00,29.0,79,0.0,140,16.6,5,1013.0,2
2024-03-25 17:00:00,29.0,79,0.0,150,13.0,6,1012.0,1
2024-03-25 18:00:00,29.0,79,0.0,150,16.6,6,1012.0,2
2024-03-25 19:00:00,28.0,84,0.0,140,14.8,5,1011.0,2
2024-03-25 20:00:00,28.0,84,0.0,150,14.8,5,1011.0,2
2024-03-25 21:00:00,28.0,79,0.0,130,24.1,5,1011.0,2
2024-03-25 22:00:00,28.0,84,0.0,130,18.4,5,1012.0,2
2024-03-25 23:00:00,28.0,79,0.0,130,18.4,5,1012.3,2
2024-03-26 00:00:00,28.0,74,0.0,130,16.6,5,1012.8,2
2024-03-26 01:00:00,30.0,59,0.0,120,20.5,5,1013.2,2
2024-03-26 02:00:00,32.0,49,0.0,120,22.3,6,1013.5,2
2024-03-26 03:00:00,33.0,49,0.0,130,14.8,6,1013.8,2
2024-03-26 04:00:00,35.0,37,0.0,110,14.8,6,1013.2,2
2024-03-26 05:00:00,36.0,35,0.0,71,7.6,6,1012.3,2
2024-03-26 06:00:00,36.0,37,0.0,130,11.2,6,1011.4,2
2024-03-26 07:00:00,37.0,40,0.0,170,14.8,6,1010.5,2
2024-03-26 08:00:00,36.0,44,0.0,180,20.5,6,1009.7,2
2024-03-26 09:00:00,34.0,50,0.0,170,18.4,6,1010.0,2
2024-03-26 10:00:00,33.0,52,0.0,170,20.5,6,1010.0,2
2024-03-26 11:00:00,32.0,59,0.0,170,16.6,6,1011.0,2
2024-03-26 12:00:00,31.0,63,0.0,150,19.0,6,1011.0,2
2024-03-26 13:00:00,30.0,66,0.0,140,20.0,6,1012.0,2
2024-03-26 14:00:00,30.0,66,0.0,150,19.0,6,1013.0,2
2024-03-26 15:00:00,29.0,70,0.0,140,20.5,6,1013.0,2
2024-03-26 16:00:00,29.0,66,0.0,140,16.6,6,1014.0,2
2024-03-26 17:00:00,29.0,66,0.0,140,18.4,6,1013.0,1
2024-03-26 18:00:00,29.0,66,0.0,140,18.4,6,1013.0,1
2024-03-26 19:00:00,29.0,66,0.0,140,13.0,5,1012.0,1
2024-03-26 20:00:00,28.0,70,0.0,140,17.0,5,1012.0,1
2024-03-26 21:00:00,28.0,70,0.0,140,11.0,5,1012.0,1
2024-03-26 22:00:00,29.0,62,0.0,130,7.0,5,1013.0,2
2024-03-26 23:00:00,28.0,66,0.0,80,7.0,5,1013.0,2
2024-03-27 00:00:00,29.0,66,0.0,267,4.0,5,1014.0,2
2024-03-27 01:00:00,27.3,78,0.0,72,5.5,5,1014.1,2
2024-03-27 02:00:00,29.8,67,0.0,75,9.3,5,1014.5,2
2024-03-27 03:00:00,32.3,57,0.0,76,14.8,5,1014.9,2
2024-03-27 04:00:00,34.0,44,0.0,70,7.6,6,1015.0,2
2024-03-27 05:00:00,35.0,42,0.1,80,7.6,6,1014.0,2
2024-03-27 06:00:00,36.0,39,0.0,63,4.0,6,1012.0,2
2024-03-27 07:00:00,37.0,35,0.0,63,7.6,6,1011.0,2
2024-03-27 08:00:00,36.0,44,0.0,170,14.8,6,1011.0,2
2024-03-27 09:00:00,35.0,50,0.0,180,20.5,6,1010.0,2
2024-03-27 10:00:00,33.0,56,0.0,150,18.4,7,1011.0,2
2024-03-27 11:00:00,31.0,62,0.0,170,16.6,6,1011.0,2
2024-03-27 12:00:00,31.0,62,0.0,140,20.5,6,1012.0,2
2024-03-27 13:00:00,30.0,66,0.0,150,18.4,6,1012.0,2
2024-03-27 14:00:00,30.0,66,0.0,150,13.0,6,1013.0,2
2024-03-27 15:00:00,29.0,70,0.0,160,14.8,6,1014.0,1
2024-03-27 16:00:00,29.0,74,0.0,140,16.6,6,1014.0,2
2024-03-27 17:00:00,28.0,84,0.0,150,13.0,6,1013.0,1
2024-03-27 18:00:00,28.0,84,0.0,140,15.0,6,1013.0,1
2024-03-27 19:00:00,28.0,84,0.0,140,17.0,6,1012.0,1
2024-03-27 20:00:00,28.0,84,0.0,140,11.0,5,1012.0,1
2024-03-27 21:00:00,28.0,84,0.0,130,9.0,5,1012.0,1
2024-03-27 22:00:00,27.0,89,0.0,140,13.0,6,1011.0,2
2024-03-27 23:00:00,28.0,84,0.0,130,19.0,6,1012.0,2
2024-03-28 00:00:00,28.0,84,0.0,130,17.0,6,1012.0,2
2024-03-28 01:00:00,30.0,75,0.0,140,15.0,6,1013.0,2
2024-03-28 02:00:00,31.0,66,0.0,150,13.0,6,1013.0,2
2024-03-28 03:00:00,33.0,56,0.0,140,9.0,6,1013.0,2
2024-03-28 04:00:00,34.0,53,0.0,160,9.0,6,1012.0,2
2024-03-28 05:00:00,34.0,53,0.0,150,11.0,6,1012.0,2
2024-03-28 06:00:00,35.0,50,0.0,140,9.0,6,1010.0,2
2024-03-28 07:00:00,34.0,53,0.0,180,15.0,7,1010.0,2
2024-03-28 08:00:00,34.0,53,0.1,200,15.0,7,1009.0,2
2024-03-28 09:00:00,33.0,53,0.0,180,19.0,7,1009.0,2
2024-03-28 10:00:00,31.0,63,0.0,190,19.0,7,1010.0,2
2024-03-28 11:00:00,30.0,70,0.0,170,19.0,7,1010.0,2
2024-03-28 12:00:00,29.0,79,0.0,160,9.0,7,1011.0,2
2024-03-28 13:00:00,29.0,84,0.0,170,13.0,7,1012.0,2
2024-03-28 14:00:00,29.0,84,0.0,130,13.0,6,1012.0,2
2024-03-28 15:00:00,29.0,84,0.0,130,9.0,6,1013.0,2
2024-03-28 16:00:00,28.0,94,0.0,140,9.0,6,1013.0,2
2024-03-28 17:00:00,28.0,89,0.0,140,11.0,6,1012.0,2
2024-03-28 18:00:00,28.0,89,0.0,140,11.0,6,1012.0,2
2024-03-28 19:00:00,28.0,89,0.0,150,13.0,6,1011.0,2
2024-03-28 20:00:00,28.0,89,0.0,140,13.0,6,1011.0,2
2024-03-28 21:00:00,28.0,89,0.0,140,13.0,6,1011.0,2
2024-03-28 22:00:00,27.0,94,0.0,130,9.0,6,1011.0,2
2024-03-28 23:00:00,27.0,100,0.0,140,11.0,6,1011.0,2
2024-03-29 00:00:00,28.0,94,0.0,140,13.0,6,1012.0,2
2024-03-29 01:00:00,29.0,89,0.0,120,9.0,6,1013.0,2
2024-03-29 02:00:00,31.0,75,0.0,130,17.0,6,1013.0,2
2024-03-29 03:00:00,32.0,67,0.0,130,15.0,6,1013.0,2
2024-03-29 04:00:00,33.0,59,0.0,150,7.0,6,1013.0,2
2024-03-29 05:00:00,33.0,56,0.0,180,11.0,6,1012.0,2
2024-03-29 06:00:00,34.0,50,0.0,160,9.0,7,1011.0,2
2024-03-29 07:00:00,35.0,47,0.0,150,11.0,7,1010.0,2
2024-03-29 08:00:00,34.0,47,0.0,150,13.0,7,1009.0,2
2024-03-29 09:00:00,34.0,50,0.0,170,11.0,7,1009.0,2
2024-03-29 10:00:00,32.0,63,0.0,180,19.0,7,1009.0,3
2024-03-29 11:00:00,31.0,66,0.0,160,15.0,7,1010.0,3
2024-03-29 12:00:00,30.0,70,0.0,160,19.0,7,1010.0,2
2024-03-29 13:00:00,29.0,75,0.0,150,19.0,7,1011.0,2
2024-03-29 14:00:00,29.0,84,0.0,130,15.0,7,1012.0,2
2024-03-29 15:00:00,29.0,84,0.0,160,13.0,6,1013.0,2
2024-03-29 16:00:00,28.0,89,0.0,140,13.0,6,1013.0,2
2024-03-29 17:00:00,28.0,89,0.0,140,13.0,6,1013.0,2
2024-03-29 18:00:00,28.0,89,0.0,150,11.0,6,1012.0,2
2024-03-29 19:00:00,28.0,89,0.0,140,11.0,6,1012.0,2
2024-03-29 20:00:00,28.0,89,0.0,140,13.0,6,1012.0,2
2024-03-29 21:00:00,27.0,94,0.0,140,9.0,6,1012.0,2
2024-03-29 22:00:00,28.0,89,0.0,130,11.0,6,1012.0,2
2024-03-29 23:00:00,28.0,89,0.0,140,15.0,6,1012.0,2
2024-03-30 00:00:00,28.0,94,0.0,130,19.0,6,1013.0,2
2024-03-30 01:00:00,31.0,75,0.0,140,17.0,6,1014.0,2
2024-03-30 02:00:00,33.0,63,0.0,120,13.0,6,1014.0,2
2024-03-30 03:00:00,34.0,53,0.0,130,13.0,6,1014.0,2
2024-03-30 04:00:00,35.0,47,0.0,120,11.0,6,1014.0,2
2024-03-30 05:00:00,36.0,44,0.0,160,13.0,6,1013.0,2
2024-03-30 06:00:00,36.0,47,0.0,190,19.0,7,1012.0,2
2024-03-30 07:00:00,36.0,44,0.0,190,17.0,7,1011.0,2
2024-03-30 08:00:00,36.0,44,0.0,190,20.0,7,1010.0,2
2024-03-30 09:00:00,34.0,53,0.0,200,22.0,7,1010.0,2
2024-03-30 10:00:00,33.0,59,0.0,200,20.0,7,1010.0,3
2024-03-30 11:00:00,31.0,66,0.0,180,17.0,7,1011.0,2
2024-03-30 12:00:00,30.0,70,0.0,170,13.0,7,1012.0,2
2024-03-30 13:00:00,30.0,75,0.0,180,13.0,7,1012.0,2
2024-03-30 14:00:00,29.0,84,0.0,190,13.0,6,1013.0,2
2024-03-30 15:00:00,29.0,84,0.0,150,7.0,6,1014.0,1
2024-03-30 16:00:00,29.0,84,0.0,130,11.0,6,1014.0,2
2024-03-30 17:00:00,29.0,84,0.0,120,13.0,6,1013.0,1
2024-03-30 18:00:00,29.0,89,0.0,170,11.0,6,1012.0,1
2024-03-30 19:00:00,28.0,94,0.0,243,6.0,6,1012.0,1
2024-03-30 20:00:00,28.0,94,0.0,130,7.0,6,1012.0,1
2024-03-30 21:00:00,28.0,94,0.0,130,7.0,6,1012.0,1
2024-03-30 22:00:00,28.0,94,0.0,150,7.0,6,1013.0,2
2024-03-30 23:00:00,28.0,89,0.0,237,4.0,6,1013.0,2
2024-03-31 00:00:00,29.0,89,0.0,240,6.0,6,1014.0,2
2024-03-31 01:00:00,31.0,75,0.0,140,7.0,6,1014.0,2
2024-03-31 02:00:00,32.0,67,0.0,140,13.0,6,1014.0,2
2024-03-31 03:00:00,33.0,59,0.0,120,9.0,6,1014.0,2
2024-03-31 04:00:00,34.0,53,0.0,130,11.0,6,1013.0,2
2024-03-31 05:00:00,35.0,47,0.0,240,9.0,6,1012.0,2
2024-03-31 06:00:00,35.0,47,0.0,170,11.0,7,1011.0,2
2024-03-31 07:00:00,35.0,47,0.0,190,9.0,7,1010.0,2
2024-03-31 08:00:00,36.0,44,0.0,200,11.0,7,1009.0,2
2024-03-31 09:00:00,34.0,50,0.0,180,17.0,7,1009.0,2
2024-03-31 10:00:00,33.0,56,0.0,170,15.0,7,1009.0,3
2024-03-31 11:00:00,32.0,63,0.0,140,17.0,7,1010.0,2
2024-03-31 12:00:00,30.0,75,0.0,130,17.0,7,1010.0,2
2024-03-31 13:00:00,30.0,75,0.0,160,13.0,7,1010.0,2
2024-03-31 14:00:00,29.0,84,0.0,130,11.0,6,1011.0,2
2024-03-31 15:00:00,29.0,89,0.0,150,13.0,6,1012.0,1
2024-03-31 16:00:00,29.0,84,0.0,160,13.0,6,1012.0,2
2024-03-31 17:00:00,29.0,89,0.0,180,11.0,6,1012.0,2
2024-03-31 18:00:00,28.0,94,0.0,170,7.0,6,1011.0,2
2024-03-31 19:00:00,29.0,89,0.0,170,11.0,6,1010.0,2
2024-03-31 20:00:00,28.0,94,0.0,150,9.0,6,1010.0,2
2024-03-31 21:00:00,28.0,94,0.0,150,9.0,6,1010.0,2
2024-03-31 22:00:00,28.0,94,0.0,120,9.0,6,1010.0,2
2024-03-31 23:00:00,28.0,94,0.0,160,7.0,6,1011.0,2
2024-04-01 00:00:00,29.0,89,0.0,170,7.0,6,1011.0,2
2024-04-01 01:00:00,30.0,79,0.0,200,7.0,6,1012.0,2
2024-04-01 02:00:00,31.0,75,0.0,180,9.0,6,1012.0,2
2024-04-01 03:00:00,33.0,67,0.0,180,7.0,6,1012.0,2
2024-04-01 04:00:00,33.0,63,0.0,200,9.0,6,1011.0,2
2024-04-01 05:00:00,34.0,56,0.0,43,4.0,6,1011.0,2
2024-04-01 06:00:00,34.0,56,0.0,343,6.0,7,1009.0,2
2024-04-01 07:00:00,35.0,50,0.0,160,4.0,7,1008.0,2
2024-04-01 08:00:00,36.0,47,0.0,170,7.0,7,1007.0,2
2024-04-01 09:00:00,36.0,47,0.0,210,9.0,7,1006.0,2
2024-04-01 10:00:00,34.0,60,0.2,190,15.0,7,1006.0,3
2024-04-01 11:00:00,32.0,71,0.0,190,19.0,7,1007.0,2
2024-04-01 12:00:00,30.0,84,0.0,180,19.0,7,1008.0,2
2024-04-01 13:00:00,30.0,84,0.0,160,13.0,7,1009.0,2
2024-04-01 14:00:00,30.0,89,0.0,160,13.0,6,1009.0,2
2024-04-01 15:00:00,29.0,89,0.0,160,11.0,6,1010.0,2
2024-04-01 16:00:00,29.0,89,0.0,150,17.0,6,1010.0,2
2024-04-01 17:00:00,29.0,89,0.0,170,15.0,6,1010.0,2
2024-04-01 18:00:00,29.0,89,0.0,180,13.0,6,1009.0,2
2024-04-01 19:00:00,29.0,89,0.0,170,9.4,6,1008.0,2
2024-04-01 20:00:00,29.0,89,0.0,190,11.2,6,1008.0,2
2024-04-01 21:00:00,29.0,89,0.0,140,9.4,6,1008.0,2
2024-04-01 22:00:00,29.0,89,0.0,190,13.0,6,1009.0,2
2024-04-01 23:00:00,29.0,89,0.0,180,11.2,6,1009.0,2
2024-04-02 00:00:00,29.0,89,0.0,170,11.2,6,1010.0,2
2024-04-02 01:00:00,30.0,84,0.0,160,7.6,6,1011.0,2
2024-04-02 02:00:00,31.0,79,0.0,150,11.2,6,1011.0,2
2024-04-02 03:00:00,31.0,75,0.0,160,13.0,5,1011.0,2
2024-04-02 04:00:00,33.0,71,0.2,180,13.0,5,1010.0,2
2024-04-02 05:00:00,34.0,60,0.0,160,9.0,6,1010.0,2
2024-04-02 06:00:00,35.0,53,0.0,200,17.0,6,1009.0,2
2024-04-02 07:00:00,35.0,50,0.0,150,13.0,6,1008.0,2
2024-04-02 08:00:00,35.0,47,0.0,170,17.0,6,1007.0,2
2024-04-02 09:00:00,34.0,53,0.0,150,15.0,6,1007.0,2
2024-04-02 10:00:00,33.0,56,0.0,160,15.0,6,1007.0,2
2024-04-02 11:00:00,31.0,59,0.0,170,15.0,6,1007.0,2
2024-04-02 12:00:00,30.0,66,0.0,170,19.0,6,1008.0,2
2024-04-02 13:00:00,30.0,70,0.0,160,11.0,6,1009.0,2
2024-04-02 14:00:00,29.0,79,0.0,160,13.0,6,1009.0,2
2024-04-02 15:00:00,29.0,84,0.0,160,13.0,6,1010.0,1
2024-04-02 16:00:00,29.0,84,0.0,170,11.0,6,1010.0,2
2024-04-02 17:00:00,29.0,84,0.0,160,13.0,6,1010.0,1
2024-04-02 18:00:00,29.0,84,0.0,180,13.0,6,1009.0,1
2024-04-02 19:00:00,28.0,89,0.0,190,15.0,6,1008.0,1
2024-04-02 20:00:00,28.0,94,0.0,180,9.0,5,1009.0,1
2024-04-02 21:00:00,28.0,94,0.0,170,7.6,5,1009.0,1
2024-04-02 22:00:00,28.0,89,0.0,160,11.2,5,1010.0,2
2024-04-02 23:00:00,28.0,89,0.0,160,9.4,5,1010.0,2
2024-04-03 00:00:00,29.0,89,0.0,190,9.4,6,1011.0,2
2024-04-03 01:00:00,30.0,79,0.0,170,11.2,5,1012.0,2
2024-04-03 02:00:00,31.0,66,0.0,180,14.8,5,1012.0,2
2024-04-03 03:00:00,33.0,56,0.0,180,16.6,5,1012.0,2
2024-04-03 04:00:00,34.0,50,0.0,180,11.2,5,1011.0,2
2024-04-03 05:00:00,34.0,50,0.0,140,7.6,6,1010.0,2
2024-04-03 06:00:00,35.0,42,0.0,61,11.2,6,1009.0,2
2024-04-03 07:00:00,36.0,42,0.0,190,11.2,6,1008.0,2
2024-04-03 08:00:00,35.0,42,0.0,62,5.4,6,1007.0,2
2024-04-03 09:00:00,35.0,37,0.0,160,9.4,6,1007.0,2
2024-04-03 10:00:00,34.0,47,0.0,180,16.6,6,1007.0,2
2024-04-03 11:00:00,32.0,56,0.0,180,18.4,6,1008.0,2
2024-04-03 12:00:00,30.0,75,0.0,170,18.4,6,1008.0,2
2024-04-03 13:00:00,30.0,79,0.0,160,13.0,6,1009.0,2
2024-04-03 14:00:00,30.0,84,0.0,180,16.6,6,1010.0,2
2024-04-03 15:00:00,29.0,89,0.0,150,14.8,6,1010.0,1
2024-04-03 16:00:00,29.0,89,0.0,170,14.8,5,1010.0,2
2024-04-03 17:00:00,29.0,89,0.0,150,11.2,5,1009.0,1
2024-04-03 18:00:00,29.0,89,0.0,160,9.4,6,1009.0,1
2024-04-03 19:00:00,29.0,84,0.0,160,11.2,5,1008.0,1
2024-04-03 20:00:00,29.0,89,0.0,180,11.2,5,1008.0,1
2024-04-03 21:00:00,28.0,94,0.0,170,7.6,5,1008.0,1
2024-04-03 22:00:00,29.0,89,0.0,170,9.4,5,1009.0,1
2024-04-03 23:00:00,29.0,89,0.0,150,13.0,5,1009.0,2
2024-04-04 00:00:00,29.0,89,0.0,160,11.2,5,1010.0,2
2024-04-04 01:00:00,30.0,79,0.0,180,9.4,5,1011.0,2
2024-04-04 02:00:00,31.0,70,0.0,170,13.0,5,1011.0,2
2024-04-04 03:00:00,32.0,63,0.0,200,9.4,5,1011.0,2
2024-04-04 04:00:00,32.0,63,0.0,180,11.2,5,1011.0,2
2024-04-04 05:00:00,34.0,56,0.0,76,3.6,6,1010.0,2
2024-04-04 06:00:00,35.0,53,0.0,150,9.4,6,1008.0,2
2024-04-04 07:00:00,36.0,47,0.0,180,11.2,6,1008.0,2
2024-04-04 08:00:00,35.0,50,0.0,150,11.2,6,1007.0,2
2024-04-04 09:00:00,35.0,50,0.0,170,11.2,6,1006.0,2
2024-04-04 10:00:00,35.0,47,0.0,80,5.4,6,1006.0,2
2024-04-04 11:00:00,32.0,59,0.0,190,16.6,6,1007.0,2
2024-04-04 12:00:00,31.0,59,0.0,180,14.8,6,1007.0,2
2024-04-04 13:00:00,30.0,70,0.0,150,14.8,6,1008.0,2
2024-04-04 14:00:00,30.0,79,0.0,170,14.8,6,1009.0,2
2024-04-04 15:00:00,29.0,89,0.0,160,14.8,5,1009.0,1
2024-04-04 16:00:00,29.0,89,0.0,160,18.4,5,1009.0,2
2024-04-04 17:00:00,29.0,89,0.0,170,14.8,5,1009.0,1
2024-04-04 18:00:00,29.0,89,0.0,160,14.8,6,1008.0,2
2024-04-04 19:00:00,29.0,84,0.0,170,14.8,5,1008.0,2
2024-04-04 20:00:00,29.0,84,0.0,170,11.2,5,1008.0,2
2024-04-04 21:00:00,29.0,89,0.0,180,14.8,5,1008.0,2
2024-04-04 22:00:00,29.0,89,0.0,200,11.2,5,1008.0,2
2024-04-04 23:00:00,29.0,84,0.0,180,11.2,5,1009.0,2
2024-04-05 00:00:00,29.0,84,0.2,170,11.2,5,1010.0,2
2024-04-05 01:00:00,30.0,79,0.0,160,9.4,5,1010.0,2
2024-04-05 02:00:00,32.0,71,0.0,160,7.6,5,1011.0,2
2024-04-05 03:00:00,33.0,63,0.0,150,13.0,5,1010.0,2
2024-04-05 04:00:00,33.0,63,0.0,140,9.4,6,1010.0,2
2024-04-05 05:00:00,33.0,63,0.0,140,13.0,6,1009.0,2
2024-04-05 06:00:00,34.0,60,0.0,140,13.0,6,1007.0,2
2024-04-05 07:00:00,35.0,53,0.0,140,11.2,6,1006.0,2
2024-04-05 08:00:00,35.0,56,0.0,180,13.0,6,1006.0,2
2024-04-05 09:00:00,34.0,60,0.0,180,16.6,6,1006.0,2
2024-04-05 10:00:00,33.0,59,0.0,180,18.4,7,1006.0,2
2024-04-05 11:00:00,31.0,70,0.0,150,18.4,6,1007.0,2
2024-04-05 12:00:00,30.0,75,0.0,160,16.6,6,1008.0,2
2024-04-05 13:00:00,29.0,79,0.0,140,18.4,6,1009.0,2
2024-04-05 14:00:00,29.0,79,0.0,150,20.5,6,1009.0,2
2024-04-05 15:00:00,29.0,74,0.0,140,16.6,6,1010.0,1
2024-04-05 16:00:00,29.0,74,0.0,140,14.8,5,1010.0,2
2024-04-05 17:00:00,29.0,74,0.0,140,16.6,5,1009.0,1
2024-04-05 18:00:00,29.0,74,0.0,150,14.8,6,1009.0,2
2024-04-05 19:00:00,29.0,74,0.0,140,13.0,5,1008.0,2
2024-04-05 20:00:00,29.0,74,0.0,150,11.2,5,1008.0,2
2024-04-05 21:00:00,29.0,74,0.0,150,11.2,5,1008.0,2
2024-04-05 22:00:00,28.0,79,0.0,140,9.4,5,1009.0,1
2024-04-05 23:00:00,28.0,79,0.0,130,11.2,5,1009.0,2
2024-04-06 00:00:00,29.0,74,0.0,130,11.2,5,1010.0,2
2024-04-06 01:00:00,30.0,66,0.0,140,16.6,5,1011.0,2
2024-04-06 02:00:00,32.0,59,0.0,120,18.4,5,1011.0,2
2024-04-06 03:00:00,32.0,56,0.0,120,13.0,5,1011.0,2
2024-04-06 04:00:00,34.0,50,0.0,76,9.4,5,1011.0,2
2024-04-06 05:00:00,34.0,47,0.0,70,9.4,6,1010.0,2
2024-04-06 06:00:00,35.0,44,0.0,180,11.2,6,1009.0,2
2024-04-06 07:00:00,35.0,47,0.0,200,20.5,6,1008.0,2
2024-04-06 08:00:00,34.0,50,0.0,180,16.6,6,1007.0,2
2024-04-06 09:00:00,33.0,49,0.0,210,25.9,6,1007.0,2
2024-04-06 10:00:00,32.0,49,0.0,180,18.4,6,1007.0,2
2024-04-06 11:00:00,30.0,66,0.0,170,18.4,6,1007.0,2
2024-04-06 12:00:00,29.0,74,0.0,160,14.8,6,1008.0,2
2024-04-06 13:00:00,29.0,79,0.0,160,16.6,6,1009.0,2
2024-04-06 14:00:00,29.0,79,0.0,130,14.8,5,1009.0,2
2024-04-06 15:00:00,29.0,79,0.0,140,13.0,5,1010.0,1
2024-04-06 16:00:00,29.0,84,0.0,140,14.8,5,1010.0,2
2024-04-06 17:00:00,28.0,89,0.0,140,14.8,5,1009.0,1
2024-04-06 18:00:00,28.0,89,0.0,150,11.2,5,1008.0,1
2024-04-06 19:00:00,28.0,89,0.0,150,9.4,5,1008.0,1
2024-04-06 20:00:00,28.0,89,0.0,212,5.4,5,1008.0,1
2024-04-06 21:00:00,28.0,89,0.0,204,3.6,5,1008.0,1
2024-04-06 22:00:00,27.0,94,0.0,130,7.6,5,1008.0,2
2024-04-06 23:00:00,27.0,94,0.0,70,7.6,5,1009.0,2
2024-04-07 00:00:00,28.0,94,0.0,110,7.6,5,1010.0,2
2024-04-07 01:00:00,30.0,84,0.0,90,9.4,5,1010.0,2
2024-04-07 02:00:00,31.0,75,0.0,150,11.2,6,1011.0,2
2024-04-07 03:00:00,33.0,63,0.0,130,11.2,6,1011.0,2
2024-04-07 04:00:00,34.0,53,0.0,74,7.6,6,1010.0,2
2024-04-07 05:00:00,35.0,47,0.0,160,7.6,6,1009.0,2
2024-04-07 06:00:00,36.0,44,0.0,64,7.6,6,1008.0,2
2024-04-07 07:00:00,36.0,47,0.0,210,14.8,6,1007.0,2
2024-04-07 08:00:00,36.0,50,0.0,180,18.4,6,1006.0,2
2024-04-07 09:00:00,34.0,56,0.0,190,25.9,6,1006.0,2
2024-04-07 10:00:00,33.0,59,0.0,150,20.5,7,1006.0,2
2024-04-07 11:00:00,32.0,59,0.0,150,20.5,6,1007.0,2
2024-04-07 12:00:00,30.0,75,0.0,160,18.4,6,1007.0,2
2024-04-07 13:00:00,30.0,79,0.0,150,18.4,6,1008.0,2
2024-04-07 14:00:00,30.0,79,0.0,150,20.5,6,1009.0,2
2024-04-07 15:00:00,29.0,84,0.0,140,16.6,6,1009.0,1
2024-04-07 16:00:00,29.0,84,0.0,150,13.0,6,1010.0,1
2024-04-07 17:00:00,29.0,84,0.0,150,14.8,6,1009.0,1
2024-04-07 18:00:00,29.0,84,0.0,140,11.2,6,1009.0,1
2024-04-07 19:00:00,28.0,94,0.0,140,11.2,5,1008.0,1
2024-04-07 20:00:00,28.0,94,0.0,130,9.4,5,1008.0,1
2024-04-07 21:00:00,28.0,89,0.0,130,7.6,5,1008.0,2
2024-04-07 22:00:00,28.0,89,0.0,233,3.6,5,1009.0,1
2024-04-07 23:00:00,28.0,89,0.0,140,9.4,5,1009.0,2
2024-04-08 00:00:00,29.0,89,0.0,150,9.4,5,1010.0,2
2024-04-08 01:00:00,30.0,79,0.0,130,13.0,5,1011.0,2
2024-04-08 02:00:00,32.0,67,0.0,140,11.2,5,1011.0,2
2024-04-08 03:00:00,34.0,53,0.0,100,9.4,5,1011.0,2
2024-04-08 04:00:00,34.0,50,0.0,200,7.6,5,1011.0,2
2024-04-08 05:00:00,35.0,47,0.0,170,9.4,6,1010.0,2
2024-04-08 06:00:00,36.0,47,0.0,57,9.4,6,1009.0,2
2024-04-08 07:00:00,36.0,47,0.0,180,7.6,6,1008.0,2
2024-04-08 08:00:00,35.0,53,0.0,180,18.4,6,1007.0,2
2024-04-08 09:00:00,34.0,56,0.0,180,18.4,6,1007.0,2
2024-04-08 10:00:00,33.0,56,0.0,150,22.3,6,1007.0,2
2024-04-08 11:00:00,31.0,59,0.0,140,20.5,6,1008.0,2
2024-04-08 12:00:00,30.0,70,0.0,160,13.0,6,1008.0,2
2024-04-08 13:00:00,30.0,70,0.0,140,16.6,6,1009.0,2
2024-04-08 14:00:00,30.0,75,0.0,150,14.8,6,1009.0,2
2024-04-08 15:00:00,29.0,84,0.0,140,16.6,6,1010.0,1
2024-04-08 16:00:00,29.0,84,0.0,140,16.6,5,1010.0,2
2024-04-08 17:00:00,29.0,84,0.0,150,11.2,5,1009.0,1
2024-04-08 18:00:00,29.0,84,0.0,150,13.0,5,1009.0,1
2024-04-08 19:00:00,29.0,89,0.0,140,14.8,5,1009.0,1
2024-04-08 20:00:00,28.0,89,0.0,140,11.2,5,1009.0,1
2024-04-08 21:00:00,28.0,89,0.0,130,14.8,5,1009.0,2
2024-04-08 22:00:00,28.0,89,0.0,130,14.8,5,1009.0,2
2024-04-08 23:00:00,28.0,89,0.0,130,13.0,5,1010.0,2
2024-04-09 00:00:00,29.0,84,0.0,120,14.8,5,1011.0,2
2024-04-09 01:00:00,30.0,75,0.0,110,18.4,5,1012.0,2
2024-04-09 02:00:00,32.0,63,0.0,150,13.0,6,1012.0,2
2024-04-09 03:00:00,33.0,56,0.0,140,13.0,6,1012.0,2
2024-04-09 04:00:00,34.0,50,0.0,140,9.4,6,1011.0,2
2024-04-09 05:00:00,36.0,42,0.0,68,11.2,6,1010.0,2
2024-04-09 06:00:00,37.0,37,0.0,64,11.2,6,1009.0,2
2024-04-09 07:00:00,37.0,42,0.0,170,13.0,6,1008.0,2
2024-04-09 08:00:00,37.0,40,0.0,190,22.3,6,1008.0,2
2024-04-09 09:00:00,36.0,42,0.0,190,20.5,6,1007.0,2
2024-04-09 10:00:00,34.0,50,0.0,170,20.5,7,1007.0,2
2024-04-09 11:00:00,33.0,52,0.0,160,16.6,6,1007.0,2
2024-04-09 12:00:00,32.0,56,0.0,130,24.1,6,1008.0,2
2024-04-09 13:00:00,31.0,62,0.0,140,24.1,6,1008.0,2
2024-04-09 14:00:00,30.0,70,0.0,140,16.6,6,1009.0,2
2024-04-09 15:00:00,30.0,70,0.0,140,22.3,6,1010.0,1
2024-04-09 16:00:00,30.0,70,0.0,140,18.4,6,1010.0,2
2024-04-09 17:00:00,30.0,70,0.0,140,14.8,6,1010.0,1
2024-04-09 18:00:00,29.0,74,0.0,140,16.6,6,1010.0,1
2024-04-09 19:00:00,29.0,74,0.0,140,14.8,5,1009.0,1
2024-04-09 20:00:00,29.0,74,0.0,120,11.2,5,1009.0,1
2024-04-09 21:00:00,28.0,79,0.0,120,11.2,5,1010.0,1
2024-04-09 22:00:00,27.0,84,0.0,80,9.4,5,1010.0,2
2024-04-09 23:00:00,28.0,74,0.0,100,9.4,5,1011.0,2
2024-04-10 00:00:00,29.0,70,0.0,90,16.6,5,1012.0,2
2024-04-10 01:00:00,31.0,55,0.0,60,13.0,5,1013.0,2
2024-04-10 02:00:00,33.0,46,0.0,80,7.6,5,1013.0,2
2024-04-10 03:00:00,34.0,41,0.0,100,13.0,5,1013.0,2
2024-04-10 04:00:00,35.0,39,0.0,110,11.2,6,1012.0,2
2024-04-10 05:00:00,37.0,33,0.1,140,16.6,6,1011.0,2
2024-04-10 06:00:00,38.0,33,0.3,80,11.2,6,1010.0,2
2024-04-10 07:00:00,36.0,39,0.0,190,16.6,6,1010.0,2
2024-04-10 08:00:00,36.0,42,0.0,200,24.1,6,1009.0,2
2024-04-10 09:00:00,35.0,44,0.0,210,20.5,6,1009.0,2
2024-04-10 10:00:00,34.0,50,0.0,170,16.6,7,1009.0,2
2024-04-10 11:00:00,33.0,52,0.0,160,16.6,6,1009.0,2
2024-04-10 12:00:00,32.0,49,0.0,150,14.8,6,1010.0,2
2024-04-10 13:00:00,31.0,55,0.0,140,16.6,6,1010.0,2
2024-04-10 14:00:00,31.0,59,0.0,130,16.6,6,1010.0,2
2024-04-10 15:00:00,30.0,62,0.0,140,16.6,6,1011.0,1
2024-04-10 16:00:00,30.0,62,0.0,140,13.0,6,1011.0,2
2024-04-10 17:00:00,30.0,59,0.0,120,13.0,5,1010.0,1
2024-04-10 18:00:00,29.0,62,0.0,120,13.0,5,1010.0,1
2024-04-10 19:00:00,29.0,62,0.0,130,18.4,5,1009.0,1
2024-04-10 20:00:00,29.0,62,0.0,120,16.6,5,1009.0,1
2024-04-10 21:00:00,28.0,66,0.0,90,13.0,5,1009.0,1
2024-04-10 22:00:00,28.0,62,0.0,52,3.6,4,1009.0,1
2024-04-10 23:00:00,28.0,62,0.0,120,9.4,4,1010.0,2
2024-04-11 00:00:00,30.0,55,0.0,285,5.4,4,1011.0,2
2024-04-11 01:00:00,31.0,49,0.0,90,16.6,5,1012.0,2
2024-04-11 02:00:00,33.0,44,0.0,110,14.8,5,1012.0,2
2024-04-11 03:00:00,34.0,39,0.0,110,14.8,5,1012.0,2
2024-04-11 04:00:00,36.0,37,0.0,71,11.2,5,1011.0,2
2024-04-11 05:00:00,37.0,35,0.0,90,18.4,6,1010.0,2
2024-04-11 06:00:00,38.0,31,0.0,110,11.2,6,1009.0,2
2024-04-11 07:00:00,37.0,40,0.0,180,16.6,6,1008.0,2
2024-04-11 08:00:00,36.0,42,0.0,180,18.4,6,1008.0,2
2024-04-11 09:00:00,36.0,42,0.1,190,22.3,6,1008.0,2
2024-04-11 10:00:00,34.0,47,0.6,160,16.6,6,1008.0,2
2024-04-11 11:00:00,33.0,49,0.0,160,16.6,6,1009.0,2
2024-04-11 12:00:00,31.0,59,0.0,160,13.0,6,1009.0,2
2024-04-11 13:00:00,31.0,59,0.0,150,13.0,6,1010.0,2
2024-04-11 14:00:00,31.0,59,0.0,150,14.8,6,1010.0,2
2024-04-11 15:00:00,31.0,55,0.0,140,16.6,6,1011.0,1
2024-04-11 16:00:00,30.0,59,0.0,140,16.6,6,1011.0,2
2024-04-11 17:00:00,30.0,59,0.0,140,18.4,6,1010.0,1
2024-04-11 18:00:00,30.0,59,0.0,140,13.0,6,1010.0,1
2024-04-11 19:00:00,30.0,59,0.0,140,11.2,5,1010.0,1
2024-04-11 20:00:00,29.0,66,0.0,130,13.0,5,1009.0,1
2024-04-11 21:00:00,29.0,66,0.0,110,11.2,5,1010.0,1
2024-04-11 22:00:00,29.0,70,0.0,120,11.2,5,1010.0,1
2024-04-11 23:00:00,29.0,70,0.0,120,9.4,5,1010.0,2
2024-04-12 00:00:00,30.0,62,0.0,100,9.4,5,1011.0,2
2024-04-12 01:00:00,31.0,55,0.0,100,14.8,5,1011.0,2
2024-04-12 02:00:00,33.0,46,0.0,80,11.2,6,1012.0,2
2024-04-12 03:00:00,34.0,41,0.0,40,11.2,6,1011.0,2
2024-04-12 04:00:00,36.0,35,0.0,72,7.6,6,1011.0,2
2024-04-12 05:00:00,37.0,31,0.0,67,11.2,6,1010.0,2
2024-04-12 06:00:00,37.0,29,0.0,160,9.4,6,1008.0,2
2024-04-12 07:00:00,37.0,35,0.0,200,11.2,6,1007.0,2
2024-04-12 08:00:00,36.0,39,0.0,180,18.4,6,1007.0,2
2024-04-12 09:00:00,35.0,44,0.0,170,20.5,6,1007.0,2
2024-04-12 10:00:00,33.0,52,0.0,180,20.5,7,1007.0,3
2024-04-12 11:00:00,32.0,56,0.0,160,16.6,7,1007.0,2
2024-04-12 12:00:00,31.0,62,0.0,150,14.8,6,1008.0,2
2024-04-12 13:00:00,31.0,62,0.0,140,14.8,6,1009.0,2
2024-04-12 14:00:00,30.0,70,0.0,160,14.8,6,1010.0,2
2024-04-12 15:00:00,30.0,75,0.0,170,11.2,6,1010.0,1
2024-04-12 16:00:00,30.0,75,0.0,170,16.6,6,1010.0,1
2024-04-12 17:00:00,30.0,79,0.0,150,18.4,6,1010.0,1
2024-04-12 18:00:00,30.0,79,0.0,150,14.8,6,1009.0,1
2024-04-12 19:00:00,29.0,84,0.0,140,16.6,6,1009.0,1
2024-04-12 20:00:00,29.0,84,0.0,140,13.0,5,1009.0,1
2024-04-12 21:00:00,29.0,84,0.0,140,14.8,5,1009.0,1
2024-04-12 22:00:00,29.0,79,0.0,130,22.3,5,1009.0,2
2024-04-12 23:00:00,29.0,84,0.0,120,14.8,5,1010.0,2
2024-04-13 00:00:00,30.0,79,0.0,130,14.8,5,1010.0,2
2024-04-13 01:00:00,31.0,70,0.0,110,20.5,6,1011.0,2
2024-04-13 02:00:00,32.0,63,0.0,120,13.0,6,1012.0,2
2024-04-13 03:00:00,33.0,56,0.0,150,13.0,6,1012.0,2
2024-04-13 04:00:00,33.0,56,0.0,150,14.8,6,1011.0,2
2024-04-13 05:00:00,34.0,56,0.0,73,11.2,6,1010.0,2
2024-04-13 06:00:00,35.0,53,0.0,180,14.8,6,1009.0,2
2024-04-13 07:00:00,35.0,50,0.0,170,16.6,6,1008.0,2
2024-04-13 08:00:00,35.0,53,0.0,190,18.4,6,1008.0,2
2024-04-13 09:00:00,34.0,53,0.0,160,18.4,6,1007.0,2
2024-04-13 10:00:00,32.0,56,0.0,190,20.5,6,1008.0,2
2024-04-13 11:00:00,31.0,59,0.0,170,16.6,6,1008.0,2
2024-04-13 12:00:00,30.0,66,0.0,180,20.5,6,1008.0,2
2024-04-13 13:00:00,30.0,66,0.0,150,18.4,6,1009.0,2
2024-04-13 14:00:00,30.0,66,0.0,150,14.8,6,1010.0,2
2024-04-13 15:00:00,29.0,70,0.0,160,13.0,5,1011.0,1
2024-04-13 16:00:00,29.0,74,0.0,140,16.6,5,1011.0,2
2024-04-13 17:00:00,29.0,74,0.0,140,14.8,5,1010.0,1
2024-04-13 18:00:00,29.0,74,0.0,150,11.2,5,1010.0,1
2024-04-13 19:00:00,28.0,84,0.0,150,13.0,5,1010.0,1
2024-04-13 20:00:00,28.0,84,0.0,150,13.0,5,1009.0,1
2024-04-13 21:00:00,28.0,84,0.0,130,13.0,5,1010.0,1
2024-04-13 22:00:00,28.0,84,0.0,140,9.4,5,1010.0,2
2024-04-13 23:00:00,28.0,84,0.0,140,13.0,5,1011.0,2
2024-04-14 00:00:00,29.0,79,0.0,140,13.0,5,1012.0,2
2024-04-14 01:00:00,30.0,75,0.0,140,14.8,5,1013.0,2
2024-04-14 02:00:00,32.0,63,0.0,150,11.2,5,1013.0,2
2024-04-14 03:00:00,33.0,56,0.0,130,13.0,6,1012.0,2
2024-04-14 04:00:00,34.0,50,0.0,160,11.2,5,1012.0,2
2024-04-14 05:00:00,34.0,50,0.0,140,13.0,6,1011.0,2
2024-04-14 06:00:00,35.0,47,0.0,180,14.8,6,1010.0,2
2024-04-14 07:00:00,35.0,50,0.0,200,20.5,6,1009.0,2
2024-04-14 08:00:00,35.0,50,0.0,170,18.4,6,1009.0,2
2024-04-14 09:00:00,34.0,53,0.0,190,16.6,6,1009.0,2
2024-04-14 10:00:00,32.0,59,0.0,180,18.4,6,1008.0,2
2024-04-14 11:00:00,31.0,62,0.0,190,20.5,6,1009.0,2
2024-04-14 12:00:00,30.0,70,0.0,190,16.6,6,1009.0,2
2024-04-14 13:00:00,29.0,79,0.0,170,16.6,6,1010.0,2
2024-04-14 14:00:00,29.0,84,0.0,160,13.0,6,1011.0,2
2024-04-14 15:00:00,29.0,84,0.0,130,16.6,5,1011.0,1
2024-04-14 16:00:00,29.0,84,0.0,140,13.0,5,1011.0,2
2024-04-14 17:00:00,29.0,84,0.0,150,14.8,5,1011.0,1
2024-04-14 18:00:00,29.0,84,0.0,140,13.0,5,1011.0,1
2024-04-14 19:00:00,29.0,84,0.0,140,9.4,5,1010.0,1
2024-04-14 20:00:00,29.0,84,0.0,130,13.0,5,1010.0,1
2024-04-14 21:00:00,28.0,89,0.0,130,13.0,5,1010.0,1
2024-04-14 22:00:00,28.0,94,0.0,130,11.2,5,1011.0,1
2024-04-14 23:00:00,28.0,94,0.0,130,9.4,5,1012.0,2
2024-04-15 00:00:00,29.0,89,0.0,140,7.6,5,1012.0,2
2024-04-15 01:00:00,30.0,79,0.0,120,11.2,5,1013.0,2
2024-04-15 02:00:00,32.0,67,0.0,120,14.8,5,1013.0,2
2024-04-15 03:00:00,33.0,56,0.0,120,13.0,5,1013.0,2
2024-04-15 04:00:00,34.0,50,0.0,150,11.2,6,1013.0,2
2024-04-15 05:00:00,36.0,44,0.0,120,14.8,6,1012.0,2
2024-04-15 06:00:00,36.0,44,0.0,170,14.8,6,1010.0,2
2024-04-15 07:00:00,36.0,42,0.0,180,14.8,6,1010.0,2
2024-04-15 08:00:00,35.0,47,0.0,160,16.6,6,1009.0,2
2024-04-15 09:00:00,34.0,53,0.0,200,20.5,6,1009.0,2
2024-04-15 10:00:00,33.0,56,0.0,190,22.3,6,1009.0,2
2024-04-15 11:00:00,31.0,66,0.0,180,20.5,6,1009.0,2
2024-04-15 12:00:00,30.0,75,0.0,170,16.6,6,1009.0,2
2024-04-15 13:00:00,30.0,79,0.0,170,14.8,6,1010.0,2
2024-04-15 14:00:00,30.0,84,0.0,170,13.0,6,1011.0,2
2024-04-15 15:00:00,29.0,89,0.0,170,11.2,5,1011.0,1
2024-04-15 16:00:00,30.0,84,0.0,160,11.2,5,1011.0,2
2024-04-15 17:00:00,29.0,89,0.0,160,14.8,5,1011.0,1
2024-04-15 18:00:00,29.0,89,0.0,150,11.2,5,1010.0,1
2024-04-15 19:00:00,29.0,84,0.0,140,14.8,5,1010.0,1
2024-04-15 20:00:00,29.0,89,0.0,140,13.0,5,1010.0,1
2024-04-15 21:00:00,29.0,89,0.0,140,9.4,5,1010.0,1
2024-04-15 22:00:00,28.0,89,0.0,130,11.2,5,1010.0,1
2024-04-15 23:00:00,28.0,89,0.0,130,14.8,5,1011.0,2
2024-04-16 00:00:00,29.0,84,0.0,140,16.6,5,1011.0,2
2024-04-16 01:00:00,31.0,66,0.0,140,18.4,5,1012.0,2
2024-04-16 02:00:00,33.0,56,0.0,110,22.3,5,1011.0,2
2024-04-16 03:00:00,34.0,50,0.0,120,14.8,5,1011.0,2
2024-04-16 04:00:00,36.0,42,0.0,100,20.5,5,1010.0,2
2024-04-16 05:00:00,36.0,39,0.0,120,14.8,5,1009.0,2
2024-04-16 06:00:00,36.0,44,0.0,140,11.2,6,1008.0,2
2024-04-16 07:00:00,37.0,45,0.0,170,16.6,6,1007.0,2
2024-04-16 08:00:00,37.0,40,0.0,160,16.6,6,1007.0,2
2024-04-16 09:00:00,35.0,47,0.0,160,18.4,6,1007.0,2
2024-04-16 10:00:00,34.0,50,0.0,160,18.4,6,1007.0,2
2024-04-16 11:00:00,32.0,59,0.0,160,18.4,6,1007.0,2
2024-04-16 12:00:00,30.0,79,0.0,170,20.5,6,1008.0,2
2024-04-16 13:00:00,30.0,79,0.0,160,22.3,6,1008.0,2
2024-04-16 14:00:00,30.0,79,0.0,150,16.6,5,1009.0,2
2024-04-16 15:00:00,30.0,79,0.0,150,13.0,5,1009.0,1
2024-04-16 16:00:00,30.0,79,0.0,150,18.4,5,1010.0,2
2024-04-16 17:00:00,30.0,84,0.0,150,13.0,5,1010.0,1
2024-04-16 18:00:00,29.0,84,0.0,140,9.4,5,1009.0,2
2024-04-16 19:00:00,29.0,84,0.0,140,13.0,5,1008.0,2
2024-04-16 20:00:00,29.0,89,0.0,160,9.4,5,1008.0,2
2024-04-16 21:00:00,29.0,84,0.0,140,11.2,5,1008.0,2
2024-04-16 22:00:00,29.0,84,0.0,140,11.2,6,1009.0,2
2024-04-16 23:00:00,29.0,84,0.0,140,9.4,6,1009.0,2
2024-04-17 00:00:00,30.0,79,0.0,130,13.0,6,1011.0,2
2024-04-17 01:00:00,31.0,66,0.0,140,13.0,6,1011.0,2
2024-04-17 02:00:00,32.0,59,0.0,180,13.0,6,1011.0,2
2024-04-17 03:00:00,33.0,52,0.0,180,14.8,6,1011.0,2
2024-04-17 04:00:00,34.0,47,0.0,84,11.2,6,1011.0,2
2024-04-17 05:00:00,35.0,44,0.0,160,13.0,6,1010.0,2
2024-04-17 06:00:00,35.0,47,0.1,170,14.8,6,1009.0,2
2024-04-17 07:00:00,35.0,44,0.0,180,14.8,6,1008.0,2
2024-04-17 08:00:00,35.0,39,0.0,190,18.4,6,1007.2,2
2024-04-17 09:00:00,34.0,39,0.0,170,16.6,6,1007.0,2
2024-04-17 10:00:00,33.0,44,0.0,170,16.6,7,1007.0,2
2024-04-17 11:00:00,32.0,52,0.0,180,20.5,6,1008.0,2
2024-04-17 12:00:00,31.0,62,0.0,150,14.8,6,1008.0,2
2024-04-17 13:00:00,30.0,70,0.0,150,16.6,6,1009.0,2
2024-04-17 14:00:00,30.0,75,0.0,170,16.6,6,1009.0,2
2024-04-17 15:00:00,30.0,75,0.0,180,13.0,6,1010.0,1
2024-04-17 16:00:00,30.0,75,0.0,150,14.8,6,1009.0,1
2024-04-17 17:00:00,29.0,84,0.0,170,11.2,6,1009.0,1
2024-04-17 18:00:00,29.0,84,0.0,180,11.2,5,1008.0,1
2024-04-17 19:00:00,29.0,84,0.0,180,11.2,5,1008.0,1
2024-04-17 20:00:00,28.0,89,0.0,190,9.4,5,1008.6,1
2024-04-17 21:00:00,28.0,89,0.0,200,7.6,5,1008.0,1
2024-04-17 22:00:00,28.0,89,0.0,210,7.6,5,1008.0,2
2024-04-17 23:00:00,28.0,94,0.0,220,9.4,5,1009.0,2
2024-04-18 00:00:00,29.0,89,0.0,210,7.6,5,1010.0,2
2024-04-18 01:00:00,30.0,79,0.0,180,9.4,5,1011.0,2
2024-04-18 02:00:00,32.0,63,0.0,180,7.6,6,1011.0,2
2024-04-18 03:00:00,33.0,56,0.0,170,9.4,6,1011.0,2
2024-04-18 04:00:00,33.0,49,0.0,98,7.6,6,1010.0,2
2024-04-18 05:00:00,34.0,47,0.0,70,3.6,6,1009.0,2
2024-04-18 06:00:00,36.0,42,0.0,44,5.4,6,1008.0,2
2024-04-18 07:00:00,35.0,44,0.0,170,9.4,6,1007.0,2
2024-04-18 08:00:00,36.0,42,0.0,200,7.6,6,1006.0,2
2024-04-18 09:00:00,36.0,39,0.0,180,14.8,6,1005.0,2
2024-04-18 10:00:00,34.0,36,0.0,180,16.6,6,1005.0,2
2024-04-18 11:00:00,33.0,41,0.0,180,16.6,6,1006.0,2
2024-04-18 12:00:00,32.0,49,0.0,180,18.4,6,1006.0,2
2024-04-18 13:00:00,31.0,66,0.0,180,18.4,6,1007.0,2
2024-04-18 14:00:00,30.0,75,0.0,160,11.2,6,1007.0,2
2024-04-18 15:00:00,30.0,75,0.0,170,11.2,6,1008.0,1
2024-04-18 16:00:00,30.0,79,0.0,160,11.2,5,1008.0,2
2024-04-18 17:00:00,29.0,84,0.0,180,14.8,5,1008.0,2
2024-04-18 18:00:00,29.0,84,0.0,200,13.0,5,1007.0,2
2024-04-18 19:00:00,29.0,84,0.0,200,14.8,5,1007.0,2
2024-04-18 20:00:00,29.0,84,0.0,210,13.0,5,1007.0,2
2024-04-18 21:00:00,29.0,89,0.0,220,9.4,5,1007.0,2
2024-04-18 22:00:00,28.0,89,0.0,260,11.2,5,1008.0,2
2024-04-18 23:00:00,27.0,94,0.0,270,9.4,5,1008.0,2
2024-04-19 00:00:00,28.0,94,0.0,280,9.4,5,1009.0,2
2024-04-19 01:00:00,30.0,84,0.0,240,9.4,5,1009.0,2
2024-04-19 02:00:00,32.0,71,0.0,200,7.6,5,1010.0,2
2024-04-19 03:00:00,33.0,59,0.0,120,5.4,5,1009.3,2
2024-04-19 04:00:00,34.0,53,0.0,180,7.6,5,1008.0,2
2024-04-19 05:00:00,35.0,47,0.0,33,9.4,6,1007.0,2
2024-04-19 06:00:00,36.0,44,0.0,180,13.0,6,1006.0,2
2024-04-19 07:00:00,36.0,44,0.0,200,13.0,6,1005.0,2
2024-04-19 08:00:00,37.0,42,0.0,150,16.6,6,1004.0,2
2024-04-19 09:00:00,35.0,47,0.0,150,16.6,6,1004.0,2
2024-04-19 10:00:00,34.0,50,0.0,190,20.5,6,1004.0,2
2024-04-19 11:00:00,32.0,63,0.0,180,16.6,6,1005.0,2
2024-04-19 12:00:00,31.0,66,0.0,150,14.8,6,1006.0,2
2024-04-19 13:00:00,30.0,75,0.0,150,14.8,6,1006.0,2
2024-04-19 14:00:00,30.0,75,0.0,160,14.8,6,1007.0,2
2024-04-19 15:00:00,30.0,79,0.0,180,16.6,6,1008.0,1
2024-04-19 16:00:00,30.0,75,0.0,160,11.2,5,1008.0,2
2024-04-19 17:00:00,29.0,84,0.0,170,13.0,5,1008.0,1
2024-04-19 18:00:00,29.0,84,0.0,160,13.0,5,1007.0,2
2024-04-19 19:00:00,29.0,84,0.0,170,13.0,5,1007.0,2
2024-04-19 20:00:00,29.0,84,0.0,160,11.2,5,1006.0,2
2024-04-19 21:00:00,29.0,84,0.0,190,13.0,5,1006.0,2
2024-04-19 22:00:00,28.0,89,0.0,190,13.0,5,1007.0,2
2024-04-19 23:00:00,29.0,84,0.0,200,9.4,5,1008.0,2
2024-04-20 00:00:00,29.0,84,0.0,180,9.4,5,1009.0,2
2024-04-20 01:00:00,30.0,75,0.0,210,13.0,5,1009.0,2
2024-04-20 02:00:00,31.0,70,0.0,160,11.2,5,1010.0,2
2024-04-20 03:00:00,32.0,63,0.0,140,9.4,5,1009.0,2
2024-04-20 04:00:00,33.0,56,0.0,190,11.2,5,1009.0,2
2024-04-20 05:00:00,35.0,50,0.0,160,14.8,6,1008.0,2
2024-04-20 06:00:00,35.0,47,0.0,200,11.2,6,1007.0,2
2024-04-20 07:00:00,35.0,44,0.0,160,13.0,6,1006.0,2
2024-04-20 08:00:00,35.0,44,0.0,190,16.6,6,1006.0,2
2024-04-20 09:00:00,35.0,42,0.0,200,20.5,6,1005.0,2
2024-04-20 10:00:00,33.0,44,0.0,180,16.6,6,1005.0,2
2024-04-20 11:00:00,32.0,43,0.0,160,16.6,6,1005.0,2
2024-04-20 12:00:00,31.0,55,0.0,150,13.0,6,1006.0,2
2024-04-20 13:00:00,30.0,66,0.0,170,14.8,6,1006.0,2
2024-04-20 14:00:00,30.0,70,0.0,150,14.8,6,1007.0,2
2024-04-20 15:00:00,30.0,75,0.0,160,14.8,6,1008.0,1
2024-04-20 16:00:00,29.0,79,0.0,180,16.6,5,1008.0,2
2024-04-20 17:00:00,29.0,79,0.0,170,14.8,5,1008.0,1
2024-04-20 18:00:00,29.0,79,0.0,160,11.2,5,1007.0,2
2024-04-20 19:00:00,29.0,79,0.0,150,13.0,5,1007.0,2
2024-04-20 20:00:00,29.0,79,0.0,160,9.4,5,1007.0,2
2024-04-20 21:00:00,29.0,79,0.0,160,11.2,5,1007.0,2
2024-04-20 22:00:00,29.0,79,0.0,170,11.2,5,1008.0,2
2024-04-20 23:00:00,29.0,79,0.0,160,9.4,5,1009.0,2
2024-04-21 00:00:00,30.0,75,0.0,180,11.2,5,1010.0,2
2024-04-21 01:00:00,31.0,70,0.0,170,11.2,5,1011.0,2
2024-04-21 02:00:00,32.0,63,0.0,150,11.2,5,1011.0,2
2024-04-21 03:00:00,34.0,53,0.0,180,9.4,5,1011.0,2
2024-04-21 04:00:00,34.0,50,0.0,150,13.0,5,1010.0,2
2024-04-21 05:00:00,35.0,44,0.0,170,11.2,5,1009.0,2
2024-04-21 06:00:00,35.0,44,0.0,45,13.0,6,1008.0,2
2024-04-21 07:00:00,36.0,39,0.0,51,3.6,6,1007.0,2
2024-04-21 08:00:00,37.0,37,0.0,130,13.0,6,1006.0,2
2024-04-21 09:00:00,36.0,39,0.0,160,11.2,6,1005.0,2
2024-04-21 10:00:00,35.0,39,0.0,160,14.8,6,1005.0,2
2024-04-21 11:00:00,33.0,46,0.0,180,14.8,6,1006.0,2
2024-04-21 12:00:00,31.0,59,0.0,150,14.8,5,1006.0,2
2024-04-21 13:00:00,30.0,70,0.0,160,14.8,5,1007.0,2
2024-04-21 14:00:00,30.0,70,0.0,170,14.8,5,1008.0,1
2024-04-21 15:00:00,30.0,70,0.0,160,11.2,5,1009.0,1
2024-04-21 16:00:00,30.0,75,0.0,170,14.8,5,1008.0,2
2024-04-21 17:00:00,29.0,79,0.0,160,14.8,5,1008.0,1
2024-04-21 18:00:00,29.0,79,0.0,160,16.6,5,1007.0,1
2024-04-21 19:00:00,29.0,79,0.0,170,11.2,5,1007.0,1
2024-04-21 20:00:00,29.0,79,0.0,170,13.0,4,1007.0,1
2024-04-21 21:00:00,29.0,79,0.0,190,9.4,4,1008.0,1
2024-04-21 22:00:00,29.0,79,0.0,180,11.2,5,1008.0,2
2024-04-21 23:00:00,29.0,84,0.0,180,9.4,5,1008.0,2
2024-04-22 00:00:00,30.0,79,0.0,200,9.4,5,1009.0,2
2024-04-22 01:00:00,31.0,70,0.0,180,13.0,5,1010.0,2
2024-04-22 02:00:00,32.0,67,0.0,190,11.2,5,1011.0,2
2024-04-22 03:00:00,33.0,59,0.0,150,13.0,5,1010.0,2
2024-04-22 04:00:00,35.0,50,0.0,190,11.2,5,1010.0,2
2024-04-22 05:00:00,35.0,50,0.0,140,11.2,5,1009.0,2
2024-04-22 06:00:00,35.0,50,0.0,170,7.6,6,1008.0,2
2024-04-22 07:00:00,36.0,50,0.0,150,11.2,6,1007.0,2
2024-04-22 08:00:00,35.0,50,0.0,190,13.0,6,1006.0,2
2024-04-22 09:00:00,34.0,53,0.0,180,14.8,6,1005.0,2
2024-04-22 10:00:00,33.0,56,0.0,190,18.4,6,1006.0,2
2024-04-22 11:00:00,32.0,52,0.0,180,16.6,6,1006.0,2
2024-04-22 12:00:00,31.0,62,0.0,160,16.6,6,1006.0,2
2024-04-22 13:00:00,30.0,75,0.0,170,11.2,5,1007.0,2
2024-04-22 14:00:00,30.0,70,0.0,160,11.2,5,1008.0,2
2024-04-22 15:00:00,30.0,75,0.0,150,11.2,5,1008.0,1
2024-04-22 16:00:00,30.0,75,0.0,150,11.2,5,1008.0,2
2024-04-22 17:00:00,29.0,79,0.0,180,13.0,5,1007.0,1
2024-04-22 18:00:00,29.0,84,0.0,180,13.0,5,1007.0,1
2024-04-22 19:00:00,29.0,89,0.0,170,9.4,5,1007.0,1
2024-04-22 20:00:00,29.0,89,0.0,160,11.2,5,1007.0,1
2024-04-22 21:00:00,29.0,89,0.0,160,9.4,5,1007.0,1
2024-04-22 22:00:00,29.0,89,0.0,232,5.4,5,1007.0,1
2024-04-22 23:00:00,29.0,89,0.0,180,11.2,5,1008.0,2
2024-04-23 00:00:00,30.0,84,0.0,190,11.2,5,1009.0,2
2024-04-23 01:00:00,31.0,75,0.0,200,7.6,5,1010.0,2
2024-04-23 02:00:00,32.0,67,0.0,160,9.4,5,1010.0,2
2024-04-23 03:00:00,32.0,63,0.0,210,9.4,5,1010.0,2
2024-04-23 04:00:00,35.0,44,0.0,160,13.0,5,1009.0,2
2024-04-23 05:00:00,35.0,42,0.0,200,14.8,6,1009.0,2
2024-04-23 06:00:00,36.0,35,0.0,190,7.6,6,1007.0,2
2024-04-23 07:00:00,36.0,37,0.0,120,9.4,6,1006.0,2
2024-04-23 08:00:00,36.0,39,0.0,190,13.0,6,1006.0,2
2024-04-23 09:00:00,36.0,42,0.0,160,14.8,6,1005.0,2
2024-04-23 10:00:00,34.0,47,0.0,170,14.8,6,1005.0,2
2024-04-23 11:00:00,33.0,49,0.0,190,16.6,6,1005.0,2
2024-04-23 12:00:00,32.0,49,0.0,180,14.8,6,1006.0,2
2024-04-23 13:00:00,31.0,59,0.0,180,13.0,6,1006.0,2
2024-04-23 14:00:00,31.0,66,0.0,170,11.2,6,1007.0,2
2024-04-23 15:00:00,30.0,75,0.0,180,15.0,6,1008.0,1
2024-04-23 16:00:00,30.0,75,0.0,180,16.6,5,1008.0,2
2024-04-23 17:00:00,30.0,75,0.0,190,11.2,5,1008.0,1
2024-04-23 18:00:00,29.0,84,0.0,180,13.0,5,1007.0,1
2024-04-23 19:00:00,29.0,79,0.0,160,9.4,5,1007.0,1
2024-04-23 20:00:00,30.0,75,0.0,160,11.2,5,1007.0,1
2024-04-23 21:00:00,29.0,79,0.0,160,7.6,5,1007.0,2
2024-04-23 22:00:00,29.0,79,0.0,130,5.4,5,1007.0,2
2024-04-23 23:00:00,29.0,84,0.0,130,7.6,5,1008.0,2
2024-04-24 00:00:00,30.0,84,0.0,120,7.6,5,1008.0,2
2024-04-24 01:00:00,31.0,75,0.0,130,11.2,5,1009.0,2
2024-04-24 02:00:00,32.0,67,0.0,110,14.8,5,1009.0,2
2024-04-24 03:00:00,34.0,60,0.0,180,13.0,5,1009.0,2
2024-04-24 04:00:00,35.0,50,0.0,180,13.0,5,1009.0,2
2024-04-24 05:00:00,36.0,50,0.0,180,14.8,6,1008.0,2
2024-04-24 06:00:00,36.0,50,0.0,170,14.8,6,1007.0,2
2024-04-24 07:00:00,36.0,47,1.2,200,14.8,6,1006.0,2
2024-04-24 08:00:00,37.0,45,0.3,180,18.4,6,1005.0,2
2024-04-24 09:00:00,35.0,44,0.0,190,16.6,6,1005.0,2
2024-04-24 10:00:00,34.0,53,0.0,180,20.5,6,1005.0,2
2024-04-24 11:00:00,32.0,59,0.0,180,16.6,6,1005.0,2
2024-04-24 12:00:00,31.0,66,0.0,170,11.2,6,1006.0,2
2024-04-24 13:00:00,31.0,75,0.0,160,11.2,6,1007.0,2
2024-04-24 14:00:00,30.0,79,0.0,160,14.8,6,1007.0,2
2024-04-24 15:00:00,30.0,84,0.0,150,13.0,6,1008.0,1
2024-04-24 16:00:00,30.0,84,0.0,150,16.6,5,1009.0,2
2024-04-24 17:00:00,30.0,84,0.0,160,11.2,5,1009.0,1
2024-04-24 18:00:00,30.0,89,0.0,180,14.8,6,1008.0,1
2024-04-24 19:00:00,30.0,89,0.0,180,14.8,5,1008.0,1
2024-04-24 20:00:00,29.0,94,0.0,200,9.4,5,1008.0,1
2024-04-24 21:00:00,29.0,94,0.0,198,5.4,5,1008.0,1
2024-04-24 22:00:00,30.0,89,0.0,140,11.2,5,1008.0,2
2024-04-24 23:00:00,30.0,84,0.0,140,7.6,5,1008.0,2
2024-04-25 00:00:00,30.0,89,0.0,140,9.4,6,1009.0,2
2024-04-25 01:00:00,33.0,71,0.0,120,14.8,6,1009.0,2
2024-04-25 02:00:00,33.0,71,0.0,120,9.4,6,1010.0,2
2024-04-25 03:00:00,35.0,60,0.0,130,9.4,6,1009.0,2
2024-04-25 04:00:00,36.0,53,0.0,180,7.6,5,1009.0,2
2024-04-25 05:00:00,36.0,47,0.0,160,11.2,6,1008.0,2
2024-04-25 06:00:00,37.0,42,2.4,180,11.2,6,1007.0,2
2024-04-25 07:00:00,37.0,42,0.0,190,14.8,6,1005.0,2
2024-04-25 08:00:00,37.0,42,0.3,180,14.8,6,1005.0,2
2024-04-25 09:00:00,36.0,47,0.1,180,22.3,6,1004.0,2
2024-04-25 10:00:00,34.0,60,0.0,190,24.1,6,1004.0,2
2024-04-25 11:00:00,33.0,63,0.0,180,16.6,6,1005.0,2
2024-04-25 12:00:00,32.0,71,0.0,150,14.8,6,1006.0,2
2024-04-25 13:00:00,31.0,79,0.0,160,14.8,6,1006.0,2
2024-04-25 14:00:00,31.0,84,0.0,160,14.8,6,1007.0,2
2024-04-25 15:00:00,31.0,84,0.0,140,14.8,6,1007.0,1
2024-04-25 16:00:00,30.0,89,0.0,150,13.0,6,1007.0,2
2024-04-25 17:00:00,30.0,89,0.0,150,11.2,6,1007.0,1
2024-04-25 18:00:00,30.0,89,0.0,150,11.2,6,1007.0,2
2024-04-25 19:00:00,30.0,89,0.0,160,11.2,6,1007.0,2
2024-04-25 20:00:00,30.0,89,0.0,180,11.2,5,1006.0,2
2024-04-25 21:00:00,30.0,89,0.0,160,11.2,5,1006.0,2
2024-04-25 22:00:00,30.0,89,0.1,170,9.4,5,1007.0,2
2024-04-25 23:00:00,30.0,89,0.1,190,7.6,6,1007.0,2
2024-04-26 00:00:00,30.0,89,0.1,200,7.6,6,1008.0,2
2024-04-26 01:00:00,31.0,84,0.0,170,9.4,6,1009.0,2
2024-04-26 02:00:00,34.0,56,0.0,140,11.2,6,1010.0,2
2024-04-26 03:00:00,35.0,50,0.0,180,13.0,6,1009.0,2
2024-04-26 04:00:00,35.0,50,0.0,180,14.8,6,1009.0,2
2024-04-26 05:00:00,37.0,45,0.0,160,11.2,6,1008.0,2
2024-04-26 06:00:00,37.0,45,0.0,170,13.0,6,1007.0,2
2024-04-26 07:00:00,37.0,42,0.5,170,18.4,6,1006.0,2
2024-04-26 08:00:00,37.0,37,0.0,160,18.4,6,1005.0,2
2024-04-26 09:00:00,36.0,44,0.0,180,24.1,6,1005.0,2
2024-04-26 10:00:00,35.0,47,0.0,160,16.6,6,1005.0,2
2024-04-26 11:00:00,33.0,59,0.0,150,13.0,6,1006.0,2
2024-04-26 12:00:00,32.0,67,0.0,150,14.8,6,1006.0,2
2024-04-26 13:00:00,31.0,70,0.0,160,13.0,6,1006.0,2
2024-04-26 14:00:00,31.0,79,0.0,160,13.0,6,1007.0,2
2024-04-26 15:00:00,31.0,79,0.0,150,13.0,6,1008.0,1
2024-04-26 16:00:00,31.0,79,0.0,150,11.2,6,1008.0,2
2024-04-26 17:00:00,30.0,89,0.0,160,9.4,6,1007.0,1
2024-04-26 18:00:00,30.0,89,0.0,160,9.4,6,1007.0,1
2024-04-26 19:00:00,30.0,89,0.0,170,11.2,5,1007.0,1
2024-04-26 20:00:00,30.0,89,0.0,212,5.4,5,1007.0,1
2024-04-26 21:00:00,30.0,89,0.0,170,9.4,5,1007.0,1
2024-04-26 22:00:00,30.0,89,0.0,130,11.2,5,1007.0,2
2024-04-26 23:00:00,30.0,89,0.0,130,9.4,5,1008.0,2
2024-04-27 00:00:00,31.0,84,0.0,120,7.6,5,1008.0,2
2024-04-27 01:00:00,32.0,75,0.0,130,11.2,5,1009.0,2
2024-04-27 02:00:00,34.0,67,0.0,140,11.2,5,1009.0,2
2024-04-27 03:00:00,35.0,56,0.0,170,11.2,5,1009.0,2
2024-04-27 04:00:00,35.0,53,0.0,84,9.4,5,1008.0,2
2024-04-27 05:00:00,37.0,48,0.0,200,9.4,6,1007.0,2
2024-04-27 06:00:00,36.0,47,0.0,140,14.8,6,1006.0,2
2024-04-27 07:00:00,37.0,40,0.0,180,13.0,6,1005.0,2
2024-04-27 08:00:00,37.0,45,0.0,200,14.8,6,1005.0,2
2024-04-27 09:00:00,37.0,42,0.0,170,14.8,6,1004.0,2
2024-04-27 10:00:00,35.0,50,0.0,170,14.8,6,1004.0,2
2024-04-27 11:00:00,33.0,56,0.0,180,22.3,6,1005.0,2
2024-04-27 12:00:00,32.0,63,0.0,180,18.4,6,1005.0,2
2024-04-27 13:00:00,31.0,75,0.0,160,16.6,6,1006.0,2
2024-04-27 14:00:00,31.0,75,0.0,160,14.8,6,1007.0,2
2024-04-27 15:00:00,31.0,79,0.0,160,14.8,6,1007.0,1
2024-04-27 16:00:00,30.0,84,0.0,160,16.6,6,1007.0,2
2024-04-27 17:00:00,30.0,84,0.0,160,11.2,6,1008.0,1
2024-04-27 18:00:00,30.0,84,0.0,170,13.0,6,1007.0,1
2024-04-27 19:00:00,30.0,89,0.0,200,13.0,5,1007.0,1
2024-04-27 20:00:00,30.0,84,0.0,190,14.8,5,1007.0,1
2024-04-27 21:00:00,30.0,84,0.0,180,14.8,5,1007.0,1
2024-04-27 22:00:00,30.0,84,0.0,190,7.6,5,1008.0,1
2024-04-27 23:00:00,30.0,84,0.0,231,5.4,5,1008.0,2
2024-04-28 00:00:00,30.0,84,0.2,200,11.2,5,1009.0,2
2024-04-28 01:00:00,32.0,75,0.3,190,13.0,5,1010.0,2
2024-04-28 02:00:00,33.0,67,0.2,220,7.6,5,1010.0,2
2024-04-28 03:00:00,35.0,53,0.0,160,7.6,5,1010.0,2
2024-04-28 04:00:00,36.0,47,0.0,150,9.4,5,1010.0,2
2024-04-28 05:00:00,37.0,42,0.0,90,9.4,5,1009.0,2
2024-04-28 06:00:00,37.0,40,0.0,200,7.6,6,1008.0,2
2024-04-28 07:00:00,38.0,38,0.0,60,11.2,6,1006.0,2
2024-04-28 08:00:00,38.0,33,0.0,190,11.2,6,1006.0,2
2024-04-28 09:00:00,38.0,40,0.0,210,14.8,6,1006.0,2
2024-04-28 10:00:00,36.0,47,0.0,170,16.6,6,1006.0,2
2024-04-28 11:00:00,34.0,53,0.0,160,14.8,6,1006.0,2
2024-04-28 12:00:00,33.0,59,0.0,160,14.8,6,1007.0,2
2024-04-28 13:00:00,32.0,71,0.0,170,16.6,6,1008.0,2
2024-04-28 14:00:00,32.0,75,0.0,180,20.5,6,1009.0,2
2024-04-28 15:00:00,31.0,75,0.0,180,20.5,5,1010.0,1
2024-04-28 16:00:00,31.0,79,0.0,180,16.6,5,1010.0,2
2024-04-28 17:00:00,31.0,79,0.0,160,7.6,5,1010.0,1
2024-04-28 18:00:00,31.0,79,0.0,200,13.0,5,1009.0,1
2024-04-28 19:00:00,30.0,84,0.0,200,14.8,5,1009.0,1
2024-04-28 20:00:00,30.0,89,0.0,210,9.4,5,1008.0,1
2024-04-28 21:00:00,29.0,94,0.0,270,7.6,5,1009.0,1
2024-04-28 22:00:00,29.0,94,0.0,290,3.6,5,1009.0,1
2024-04-28 23:00:00,29.0,94,0.0,260,7.6,5,1010.0,2
2024-04-29 00:00:00,31.0,84,0.0,240,9.4,5,1010.0,2
2024-04-29 01:00:00,32.0,75,0.0,210,9.4,5,1011.0,2
2024-04-29 02:00:00,33.0,63,0.0,210,7.6,5,1010.5,2
2024-04-29 03:00:00,35.0,50,0.0,220,9.4,5,1010.7,2
2024-04-29 04:00:00,37.0,42,0.0,220,9.4,5,1010.0,2
2024-04-29 05:00:00,36.0,44,0.0,220,9.4,5,1009.0,2
2024-04-29 06:00:00,37.0,42,0.0,49,3.6,6,1008.0,2
2024-04-29 07:00:00,39.0,36,0.0,52,5.4,6,1007.0,2
2024-04-29 08:00:00,38.0,40,0.0,150,14.8,6,1006.0,2
2024-04-29 09:00:00,38.0,40,0.0,170,14.8,6,1005.0,2
2024-04-29 10:00:00,36.0,42,0.0,180,18.4,6,1006.0,2
2024-04-29 11:00:00,34.0,50,0.0,160,16.6,6,1006.0,2
2024-04-29 12:00:00,32.0,67,0.0,170,14.8,6,1007.0,2
2024-04-29 13:00:00,32.0,71,0.0,160,14.8,6,1007.0,2
2024-04-29 14:00:00,31.0,79,0.0,160,14.8,6,1007.0,2
2024-04-29 15:00:00,31.0,79,0.0,150,14.8,6,1008.0,1
2024-04-29 16:00:00,31.0,84,0.0,170,11.2,5,1008.0,2
2024-04-29 17:00:00,30.0,89,0.0,160,13.0,5,1007.0,1
2024-04-29 18:00:00,30.0,89,0.0,160,13.0,5,1007.0,1
2024-04-29 19:00:00,30.0,89,0.0,210,13.0,5,1006.0,1
2024-04-29 20:00:00,30.0,89,0.0,190,11.2,5,1006.0,1
2024-04-29 21:00:00,30.0,89,0.0,210,9.4,5,1006.0,1
2024-04-29 22:00:00,30.0,89,0.0,220,9.4,5,1007.0,1
2024-04-29 23:00:00,29.0,94,0.0,270,7.6,5,1007.0,2
2024-04-30 00:00:00,30.0,89,0.0,230,7.6,6,1008.0,2
2024-04-30 01:00:00,31.0,84,0.0,210,9.4,5,1009.0,2
2024-04-30 02:00:00,33.0,71,0.0,210,9.4,5,1009.0,2
2024-04-30 03:00:00,34.0,60,0.0,170,9.4,5,1008.0,2
2024-04-30 04:00:00,36.0,50,0.0,112,11.2,5,1008.0,2
2024-04-30 05:00:00,36.0,47,0.0,200,9.4,6,1007.0,2
2024-04-30 06:00:00,36.0,47,0.0,150,11.2,6,1006.0,2
2024-04-30 07:00:00,37.0,42,0.0,170,11.2,6,1005.0,2
2024-04-30 08:00:00,37.0,45,0.0,180,18.4,6,1004.0,2
2024-04-30 09:00:00,36.0,44,0.0,170,16.6,7,1004.0,2
2024-04-30 10:00:00,35.0,50,0.0,180,16.6,7,1004.0,2
2024-04-30 11:00:00,33.0,56,0.0,180,16.6,7,1004.0,2
2024-04-30 12:00:00,32.0,67,0.0,170,14.8,7,1005.0,2
2024-04-30 13:00:00,32.0,75,0.0,170,16.6,6,1006.0,2
2024-04-30 14:00:00,31.0,79,0.0,160,14.8,6,1006.0,2
2024-04-30 15:00:00,31.0,84,0.0,190,18.4,6,1007.0,1
2024-04-30 16:00:00,31.0,84,0.0,190,16.6,6,1007.0,2
2024-04-30 17:00:00,31.0,84,0.0,200,14.8,6,1007.0,2
2024-04-30 18:00:00,30.0,89,0.0,210,14.8,6,1007.0,2
2024-04-30 19:00:00,30.0,89,0.0,210,13.0,6,1006.0,2
2024-04-30 20:00:00,30.0,89,0.0,210,14.8,6,1006.0,2
2024-04-30 21:00:00,30.0,89,0.0,200,14.8,5,1006.0,2
2024-04-30 22:00:00,30.0,89,0.0,220,9.0,6,1006.0,2
2024-04-30 23:00:00,30.0,89,0.0,210,7.0,6,1006.0,2
2024-05-01 00:00:00,30.0,89,0.0,230,9.0,6,1007.0,2
2024-05-01 01:00:00,32.0,80,0.0,230,9.0,6,1007.0,2
2024-05-01 02:00:00,33.0,63,0.0,190,7.0,6,1008.0,2
2024-05-01 03:00:00,35.0,50,0.0,240,7.0,6,1007.0,2
2024-05-01 04:00:00,36.0,44,0.0,108,6.0,6,1007.0,2
2024-05-01 05:00:00,37.0,42,0.0,3,6.0,6,1006.0,2
2024-05-01 06:00:00,36.0,44,0.0,200,9.0,6,1005.0,2
2024-05-01 07:00:00,38.0,40,0.0,18,11.0,6,1004.0,2
2024-05-01 08:00:00,36.0,50,0.0,160,15.0,6,1003.0,2
2024-05-01 09:00:00,37.0,48,0.0,200,11.0,6,1003.0,2
2024-05-01 10:00:00,36.0,50,0.0,160,15.0,6,1003.0,2
2024-05-01 11:00:00,34.0,56,0.0,180,19.0,6,1004.0,2
2024-05-01 12:00:00,33.0,59,0.0,170,13.0,6,1004.0,2
2024-05-01 13:00:00,32.0,71,0.0,170,20.0,6,1004.0,2
2024-05-01 14:00:00,32.0,75,0.0,180,19.0,6,1006.0,2
2024-05-01 15:00:00,31.0,79,0.0,180,19.0,6,1007.0,1
2024-05-01 16:00:00,31.0,79,0.0,160,17.0,6,1007.0,2
2024-05-01 17:00:00,31.0,79,0.0,170,13.0,6,1007.0,2
2024-05-01 18:00:00,31.0,79,0.0,180,11.0,6,1007.0,2
2024-05-01 19:00:00,31.0,84,0.0,180,15.0,6,1006.0,2
2024-05-01 20:00:00,30.0,89,0.0,200,20.0,6,1006.0,2
2024-05-01 21:00:00,30.0,89,0.0,190,15.0,6,1006.0,2
2024-05-01 22:00:00,30.0,89,0.1,190,11.2,6,1007.0,2
2024-05-01 23:00:00,30.0,84,0.1,200,11.2,6,1008.0,2
2024-05-02 00:00:00,31.0,79,0.0,180,13.0,6,1009.0,2
2024-05-02 01:00:00,32.0,71,0.7,180,13.0,6,1009.0,2
2024-05-02 02:00:00,33.0,63,0.0,180,7.6,6,1009.0,2
2024-05-02 03:00:00,34.0,60,0.0,107,9.4,6,1009.0,2
2024-05-02 04:00:00,35.0,50,0.0,102,9.4,6,1008.0,2
2024-05-02 05:00:00,36.0,44,0.0,170,9.4,6,1007.0,2
2024-05-02 06:00:00,37.0,42,0.0,140,9.4,6,1006.0,2
2024-05-02 07:00:00,38.0,38,0.0,160,11.2,6,1005.0,2
2024-05-02 08:00:00,38.0,38,0.0,180,9.4,6,1004.0,2
2024-05-02 09:00:00,38.0,38,0.0,160,13.0,6,1004.0,2
2024-05-02 10:00:00,35.0,53,0.0,190,22.3,7,1005.0,2
2024-05-02 11:00:00,33.0,63,0.0,170,18.4,6,1005.0,2
2024-05-02 12:00:00,32.0,71,0.0,170,18.4,6,1006.0,2
2024-05-02 13:00:00,31.0,79,0.0,160,18.4,6,1006.0,2
2024-05-02 14:00:00,31.0,79,0.0,140,16.6,6,1007.0,2
2024-05-02 15:00:00,31.0,79,0.0,140,14.8,6,1008.0,1
2024-05-02 16:00:00,31.0,79,0.0,150,13.0,6,1008.0,2
2024-05-02 17:00:00,31.0,79,0.0,140,14.8,6,1008.0,1
2024-05-02 18:00:00,31.0,79,0.0,150,11.2,6,1007.0,1
2024-05-02 19:00:00,31.0,79,0.0,140,13.0,6,1007.0,1
2024-05-02 20:00:00,31.0,79,0.0,140,11.2,6,1007.0,1
2024-05-02 21:00:00,30.0,89,0.0,140,11.2,5,1007.0,1
2024-05-02 22:00:00,30.0,89,0.0,130,11.2,5,1008.0,2
2024-05-02 23:00:00,30.0,84,0.0,160,9.4,5,1008.0,2
2024-05-03 00:00:00,32.0,75,0.0,130,11.2,6,1009.0,2
2024-05-03 01:00:00,32.0,71,0.0,110,13.0,6,1010.0,2
2024-05-03 02:00:00,33.0,63,0.0,140,13.0,6,1010.0,2
2024-05-03 03:00:00,35.0,53,0.0,180,13.0,6,1009.0,2
2024-05-03 04:00:00,35.0,53,0.0,160,7.6,6,1009.0,2
2024-05-03 05:00:00,37.0,48,0.0,210,13.0,6,1008.0,2
2024-05-03 06:00:00,37.0,45,0.0,200,14.8,6,1007.0,2
2024-05-03 07:00:00,38.0,45,0.0,180,14.8,6,1006.0,2
2024-05-03 08:00:00,37.0,45,0.0,130,13.0,6,1005.0,2
2024-05-03 09:00:00,35.0,53,0.0,170,14.8,7,1005.0,2
2024-05-03 10:00:00,34.0,60,0.0,160,14.8,7,1005.0,3
2024-05-03 11:00:00,33.0,67,0.0,170,16.6,7,1006.0,2
2024-05-03 12:00:00,32.0,71,0.0,160,16.6,7,1007.0,2
2024-05-03 13:00:00,31.0,79,0.0,140,18.4,7,1008.0,2
2024-05-03 14:00:00,31.0,79,0.0,150,16.6,6,1009.0,2
2024-05-03 15:00:00,31.0,75,0.0,150,14.8,6,1009.0,2
2024-05-03 16:00:00,31.0,79,0.0,150,11.2,6,1009.0,2
2024-05-03 17:00:00,31.0,75,0.0,140,13.0,6,1009.0,2
2024-05-03 18:00:00,31.0,75,0.0,160,14.8,6,1008.0,2
2024-05-03 19:00:00,31.0,75,0.0,160,9.4,6,1008.0,2
2024-05-03 20:00:00,30.0,84,0.1,215,5.4,6,1008.0,2
2024-05-03 21:00:00,30.0,84,0.0,180,7.6,6,1008.0,2
2024-05-03 22:00:00,30.0,84,0.0,210,7.6,6,1009.0,2
2024-05-03 23:00:00,29.0,89,0.0,130,16.6,6,1009.0,2
2024-05-04 00:00:00,29.0,94,0.0,221,1.8,6,1009.0,2
2024-05-04 01:00:00,31.0,84,0.0,157,3.6,6,1009.0,2
2024-05-04 02:00:00,33.0,63,0.0,120,14.8,6,1009.0,2
2024-05-04 03:00:00,35.0,53,0.0,118,7.6,6,1009.0,2
2024-05-04 04:00:00,35.0,50,0.0,200,11.2,6,1009.0,2
2024-05-04 05:00:00,34.0,53,0.0,336,3.6,7,1008.0,2
2024-05-04 06:00:00,35.0,50,2.5,250,11.2,7,1007.0,18
2024-05-04 07:00:00,37.0,45,0.7,260,9.4,7,1005.0,18
2024-05-04 08:00:00,36.0,47,0.9,180,18.4,7,1005.0,25
2024-05-04 09:00:00,35.0,50,0.6,160,13.0,7,1005.0,25
2024-05-04 10:00:00,34.0,56,0.0,210,14.8,8,1005.0,25
2024-05-04 11:00:00,33.0,59,0.0,170,16.6,8,1006.0,7
2024-05-04 12:00:00,32.0,71,0.0,190,7.6,8,1007.0,7
2024-05-04 13:00:00,30.0,70,0.0,130,13.0,8,1007.0,7
2024-05-04 14:00:00,29.0,84,0.0,130,7.6,7,1008.0,3
2024-05-04 15:00:00,29.0,89,0.0,290,3.6,7,1008.0,3
2024-05-04 16:00:00,29.0,84,0.0,279,5.4,7,1008.0,2
2024-05-04 17:00:00,30.0,79,0.0,265,3.6,7,1007.0,2
2024-05-04 18:00:00,29.0,84,0.0,249,3.6,7,1007.0,2
2024-05-04 19:00:00,28.0,89,0.0,50,7.6,7,1006.0,2
2024-05-04 20:00:00,28.0,89,0.0,231,1.8,7,1005.0,2
2024-05-04 21:00:00,28.0,94,0.0,80,5.4,7,1006.0,2
2024-05-04 22:00:00,29.0,89,0.0,234,3.6,6,1006.0,2
2024-05-04 23:00:00,28.0,94,0.1,70,7.6,6,1008.0,2
2024-05-05 00:00:00,30.0,84,0.0,110,7.6,0,1008.0,2
2024-05-05 01:00:00,31.0,79,0.0,160,7.6,6,1009.0,2
2024-05-05 02:00:00,33.0,67,0.0,170,5.4,6,1010.0,2
2024-05-05 03:00:00,34.0,56,0.1,210,7.6,6,1009.0,2
2024-05-05 04:00:00,35.0,53,3.4,155,5.4,6,1009.0,2
2024-05-05 05:00:00,35.0,50,1.0,200,7.6,6,1008.0,2
2024-05-05 06:00:00,30.0,70,2.5,70,29.5,7,1007.0,7
2024-05-05 07:00:00,29.0,89,0.0,250,13.0,7,1006.0,18
2024-05-05 08:00:00,28.0,89,0.3,250,13.0,7,1006.0,25
2024-05-05 09:00:00,31.0,75,0.0,190,9.4,8,1006.0,25
2024-05-05 10:00:00,31.0,75,0.3,170,9.4,8,1007.0,7
2024-05-05 11:00:00,31.0,75,0.2,84,1.8,8,1007.0,7
2024-05-05 12:00:00,28.0,84,0.0,340,7.6,8,1008.0,7
2024-05-05 13:00:00,27.0,94,0.0,300,9.4,7,1009.0,3
2024-05-05 14:00:00,28.0,89,0.0,49,1.8,7,1010.0,3
2024-05-05 15:00:00,28.0,89,0.0,289,1.8,7,1010.0,3
2024-05-05 16:00:00,28.0,89,0.0,281,5.4,7,1009.0,2
2024-05-05 17:00:00,28.0,89,0.0,80,5.4,7,1008.0,2
2024-05-05 18:00:00,28.0,89,0.0,70,3.6,7,1008.0,2
2024-05-05 19:00:00,28.0,89,0.0,60,7.6,7,1008.0,2
2024-05-05 20:00:00,28.0,89,0.0,360,3.6,7,1008.0,2
2024-05-05 21:00:00,27.0,94,0.0,70,5.4,6,1008.0,2
2024-05-05 22:00:00,27.0,94,0.0,60,3.6,6,1008.0,2
2024-05-05 23:00:00,28.0,94,0.0,229,5.4,6,1009.0,2
2024-05-06 00:00:00,29.0,89,0.0,60,7.6,6,1009.0,2
2024-05-06 01:00:00,31.0,84,0.0,90,7.6,6,1010.0,2
2024-05-06 02:00:00,33.0,71,0.0,130,11.2,6,1011.0,2
2024-05-06 03:00:00,34.0,56,0.0,150,7.6,6,1010.0,2
2024-05-06 04:00:00,36.0,47,0.0,130,11.2,6,1010.0,2
2024-05-06 05:00:00,35.0,50,0.0,210,13.0,6,1009.0,2
2024-05-06 06:00:00,35.0,50,0.0,220,14.8,6,1008.0,2
2024-05-06 07:00:00,35.0,53,0.0,190,14.8,6,1007.0,2
2024-05-06 08:00:00,36.0,50,0.0,190,20.5,7,1006.0,2
2024-05-06 09:00:00,35.0,53,0.0,150,18.4,7,1006.0,2
2024-05-06 10:00:00,34.0,56,0.0,140,24.1,7,1006.0,3
2024-05-06 11:00:00,32.0,67,0.0,150,18.4,6,1007.0,2
2024-05-06 12:00:00,31.0,70,0.0,160,14.8,6,1008.0,2
2024-05-06 13:00:00,31.0,66,0.0,140,14.8,6,1009.0,2
2024-05-06 14:00:00,31.0,70,0.0,140,13.0,6,1010.0,2
2024-05-06 15:00:00,31.0,70,0.0,150,14.8,6,1010.0,1
2024-05-06 16:00:00,30.0,75,0.0,140,13.0,6,1010.0,1
2024-05-06 17:00:00,30.0,75,0.0,140,13.0,6,1010.0,1
2024-05-06 18:00:00,30.0,75,0.0,140,13.0,6,1010.0,1
2024-05-06 19:00:00,30.0,75,0.0,140,9.4,6,1009.0,1
2024-05-06 20:00:00,30.0,79,0.0,130,11.2,6,1009.0,1
2024-05-06 21:00:00,29.0,84,0.0,130,11.2,5,1009.0,1
2024-05-06 22:00:00,29.0,84,0.0,130,7.6,5,1010.0,2
2024-05-06 23:00:00,29.0,89,0.0,150,9.4,5,1010.0,2
2024-05-07 00:00:00,31.0,79,0.0,140,11.2,5,1011.0,2
2024-05-07 01:00:00,33.0,59,0.0,140,13.0,6,1011.0,2
2024-05-07 02:00:00,34.0,53,0.0,150,14.8,6,1011.0,2
2024-05-07 03:00:00,35.0,50,0.0,120,13.0,6,1011.0,2
2024-05-07 04:00:00,36.0,44,0.0,140,13.0,6,1010.0,2
2024-05-07 05:00:00,36.0,44,0.8,170,11.2,6,1010.0,2
2024-05-07 06:00:00,36.0,50,0.1,190,18.4,6,1009.0,2
2024-05-07 07:00:00,30.0,79,0.2,210,11.2,7,1008.0,2
2024-05-07 08:00:00,36.0,50,4.0,170,16.6,7,1007.0,2
2024-05-07 09:00:00,32.0,63,7.7,120,25.9,7,1008.0,2
2024-05-07 10:00:00,29.0,84,0.6,180,16.6,7,1008.0,25
2024-05-07 11:00:00,26.0,100,0.0,110,22.3,7,1009.0,7
2024-05-07 12:00:00,28.0,94,0.0,78,3.6,7,1009.0,7
2024-05-07 13:00:00,28.0,94,0.0,77,5.4,7,1011.0,3
2024-05-07 14:00:00,28.0,94,0.0,76,1.8,7,1011.0,2
2024-05-07 15:00:00,28.0,94,0.0,64,3.6,7,1011.0,2
2024-05-07 16:00:00,28.0,94,0.5,349,3.6,7,1011.0,2
2024-05-07 17:00:00,28.0,94,0.0,237,4.0,7,1011.0,2
2024-05-07 18:00:00,27.0,100,0.0,221,6.0,6,1010.0,5
2024-05-07 19:00:00,27.0,100,0.0,340,5.4,6,1010.0,2
2024-05-07 20:00:00,27.0,100,0.0,208,3.6,6,1010.0,2
2024-05-07 21:00:00,27.0,94,0.0,10,9.4,6,1010.0,2
2024-05-07 22:00:00,27.0,94,0.0,274,5.4,6,1010.0,2
2024-05-07 23:00:00,27.0,94,0.0,277,5.4,6,1010.0,5
2024-05-08 00:00:00,28.0,94,0.0,281,4.0,6,1011.0,2
2024-05-08 01:00:00,30.0,89,0.0,30,9.4,6,1011.0,2
2024-05-08 02:00:00,32.0,75,0.0,80,11.2,6,1011.0,2
2024-05-08 03:00:00,33.0,63,0.0,70,9.4,6,1011.0,2
2024-05-08 04:00:00,35.0,50,0.0,90,11.2,6,1010.0,2
2024-05-08 05:00:00,36.0,44,0.0,60,11.2,6,1009.0,2
2024-05-08 06:00:00,36.0,44,0.0,120,11.2,7,1008.0,2
2024-05-08 07:00:00,36.0,44,0.0,66,9.4,7,1007.0,2
2024-05-08 08:00:00,36.0,50,0.0,190,20.5,7,1006.0,2
2024-05-08 09:00:00,35.0,50,0.4,160,19.0,7,1006.0,2
2024-05-08 10:00:00,34.0,60,0.0,150,16.6,7,1006.0,3
2024-05-08 11:00:00,29.0,66,0.0,20,14.8,7,1007.0,3
2024-05-08 12:00:00,31.0,66,0.0,150,9.4,7,1007.0,3
2024-05-08 13:00:00,31.0,75,0.0,140,14.8,7,1008.0,3
2024-05-08 14:00:00,31.0,75,0.0,130,16.6,7,1009.0,2
2024-05-08 15:00:00,31.0,75,0.1,140,16.6,7,1009.0,2
2024-05-08 16:00:00,31.0,75,0.0,140,22.0,7,1009.0,2
2024-05-08 17:00:00,30.0,79,0.0,140,18.4,7,1009.0,2
2024-05-08 18:00:00,30.0,79,0.0,130,18.4,7,1009.0,2
2024-05-08 19:00:00,30.0,79,0.0,130,18.4,7,1009.0,2
2024-05-08 20:00:00,30.0,79,0.0,110,14.8,6,1008.0,2
2024-05-08 21:00:00,30.0,79,0.0,120,18.4,6,1008.0,2
2024-05-08 22:00:00,29.0,84,0.0,120,13.0,6,1008.0,2
2024-05-08 23:00:00,30.0,84,0.0,90,11.2,7,1009.0,2
2024-05-09 00:00:00,30.0,79,0.0,90,11.2,7,1009.0,2
2024-05-09 01:00:00,33.0,59,0.0,100,16.6,6,1010.0,2
2024-05-09 02:00:00,34.0,53,0.0,100,22.3,7,1010.0,2
2024-05-09 03:00:00,34.0,53,0.0,100,20.5,7,1010.0,2
2024-05-09 04:00:00,36.0,44,0.1,110,18.4,7,1010.0,2
2024-05-09 05:00:00,37.0,42,0.0,120,13.0,7,1009.0,2
2024-05-09 06:00:00,36.0,50,0.4,160,7.6,7,1008.0,18
2024-05-09 07:00:00,30.0,84,0.0,210,13.0,7,1007.0,25
2024-05-09 08:00:00,31.0,84,1.9,260,7.6,8,1006.0,25
2024-05-09 09:00:00,33.0,63,0.1,180,18.4,8,1006.0,25
2024-05-09 10:00:00,32.0,67,1.7,180,22.3,8,1007.0,18
2024-05-09 11:00:00,32.0,71,0.0,160,14.8,8,1008.0,7
2024-05-09 12:00:00,31.0,75,0.0,170,11.2,7,1009.0,3
2024-05-09 13:00:00,31.0,75,0.0,140,16.6,7,1009.0,3
2024-05-09 14:00:00,31.0,75,0.0,140,13.0,7,1009.0,3
2024-05-09 15:00:00,30.0,79,0.0,120,16.6,7,1010.0,2
2024-05-09 16:00:00,30.0,79,0.0,110,14.8,7,1011.0,2
2024-05-09 17:00:00,30.0,84,0.0,110,14.8,7,1010.0,2
2024-05-09 18:00:00,30.0,84,0.0,120,14.8,7,1009.0,2
2024-05-09 19:00:00,29.0,89,0.0,100,9.4,7,1009.0,2
2024-05-09 20:00:00,29.0,89,0.0,100,11.2,6,1008.0,2
2024-05-09 21:00:00,28.0,94,0.0,100,7.6,6,1009.0,2
2024-05-09 22:00:00,28.0,94,0.0,289,5.4,6,1009.0,2
2024-05-09 23:00:00,28.0,94,0.0,284,3.6,6,1010.0,2
2024-05-10 00:00:00,29.0,89,0.0,80,7.6,6,1010.0,2
2024-05-10 01:00:00,31.0,75,0.0,100,13.0,6,1011.0,2
2024-05-10 02:00:00,33.0,59,0.0,110,14.8,6,1011.0,2
2024-05-10 03:00:00,34.0,53,0.0,110,18.4,6,1010.0,2
2024-05-10 04:00:00,36.0,44,0.0,120,13.0,6,1010.0,2
2024-05-10 05:00:00,36.0,42,0.4,170,13.0,7,1010.0,2
2024-05-10 06:00:00,38.0,38,0.0,150,11.2,7,1008.0,2
2024-05-10 07:00:00,37.0,42,0.8,170,13.0,7,1008.0,2
2024-05-10 08:00:00,37.0,42,0.3,160,16.6,7,1007.0,3
2024-05-10 09:00:00,35.0,50,0.0,170,22.3,7,1007.0,3
2024-05-10 10:00:00,34.0,53,0.5,170,18.4,7,1007.0,3
2024-05-10 11:00:00,32.0,67,0.0,160,16.6,7,1007.0,3
2024-05-10 12:00:00,32.0,67,0.0,160,16.6,7,1008.0,3
2024-05-10 13:00:00,31.0,75,0.0,140,20.5,7,1009.0,3
2024-05-10 14:00:00,31.0,75,0.0,140,18.4,7,1010.0,2
2024-05-10 15:00:00,31.0,79,0.0,140,14.8,7,1010.0,2
2024-05-10 16:00:00,31.0,79,0.0,140,20.5,6,1010.0,2
2024-05-10 17:00:00,30.0,84,0.0,120,18.4,6,1010.0,2
2024-05-10 18:00:00,30.0,84,0.0,140,13.0,6,1010.0,2
2024-05-10 19:00:00,30.0,84,0.0,140,11.2,6,1010.0,2
2024-05-10 20:00:00,30.0,84,0.0,140,11.2,6,1009.0,2
2024-05-10 21:00:00,30.0,79,0.0,130,16.6,6,1010.0,2
2024-05-10 22:00:00,30.0,79,0.0,120,9.4,6,1010.0,2
2024-05-10 23:00:00,30.0,79,0.0,120,9.4,6,1011.0,2
2024-05-11 00:00:00,30.0,79,0.0,100,9.4,6,1012.0,2
2024-05-11 01:00:00,33.0,59,0.0,80,13.0,6,1012.0,2
2024-05-11 02:00:00,34.0,50,0.0,90,18.4,6,1013.0,2
2024-05-11 03:00:00,34.0,53,0.0,80,9.4,6,1012.0,2
2024-05-11 04:00:00,35.0,47,0.0,70,13.0,6,1011.0,2
2024-05-11 05:00:00,36.0,44,3.0,90,11.2,7,1011.0,2
2024-05-11 06:00:00,37.0,42,1.2,80,13.0,7,1009.0,2
2024-05-11 07:00:00,37.0,40,0.0,80,13.0,7,1008.0,2
2024-05-11 08:00:00,36.0,47,4.2,160,18.4,7,1008.0,3
2024-05-11 09:00:00,33.0,63,0.5,140,14.8,7,1008.0,3
2024-05-11 10:00:00,32.0,67,1.9,78,11.2,7,1008.0,3
2024-05-11 11:00:00,32.0,67,0.0,76,5.4,7,1008.0,3
2024-05-11 12:00:00,32.0,71,0.0,150,13.0,7,1009.0,3
2024-05-11 13:00:00,31.0,79,0.0,140,14.8,7,1009.0,3
2024-05-11 14:00:00,31.0,79,0.0,130,14.8,7,1010.0,2
2024-05-11 15:00:00,31.0,79,0.0,140,13.0,7,1011.0,2
2024-05-11 16:00:00,31.0,79,0.0,140,9.4,7,1011.0,2
2024-05-11 17:00:00,31.0,84,0.0,130,14.8,7,1011.0,2
2024-05-11 18:00:00,30.0,89,0.0,140,9.4,7,1011.0,2
2024-05-11 19:00:00,30.0,84,0.0,120,7.6,6,1010.0,2
2024-05-11 20:00:00,30.0,84,0.0,140,11.2,6,1010.0,2
2024-05-11 21:00:00,30.0,84,0.0,130,13.0,6,1010.0,2
2024-05-11 22:00:00,30.0,89,0.0,130,11.2,6,1010.0,2
2024-05-11 23:00:00,30.0,84,0.0,120,9.4,6,1010.0,2
2024-05-12 00:00:00,31.0,79,0.0,110,14.8,6,1011.0,2
2024-05-12 01:00:00,32.0,75,0.0,100,13.0,6,1012.0,2
2024-05-12 02:00:00,33.0,67,0.0,90,16.6,6,1012.0,2
2024-05-12 03:00:00,34.0,56,0.0,110,14.8,6,1012.0,2
2024-05-12 04:00:00,35.0,53,0.0,90,9.4,6,1011.0,2
2024-05-12 05:00:00,36.0,47,0.0,67,9.4,6,1010.0,2
2024-05-12 06:00:00,37.0,42,0.6,80,11.2,7,1008.0,2
2024-05-12 07:00:00,36.0,53,0.1,63,11.2,7,1007.0,2
2024-05-12 08:00:00,36.0,53,2.6,170,16.6,7,1006.0,2
2024-05-12 09:00:00,36.0,53,0.0,160,16.6,7,1006.0,2
2024-05-12 10:00:00,33.0,63,0.2,170,18.4,7,1006.0,3
2024-05-12 11:00:00,32.0,71,0.3,170,13.0,7,1007.0,3
2024-05-12 12:00:00,32.0,71,0.7,160,13.0,7,1008.0,3
2024-05-12 13:00:00,31.0,79,0.1,160,14.8,7,1008.0,2
2024-05-12 14:00:00,31.0,79,0.0,150,14.8,7,1009.0,2
2024-05-12 15:00:00,31.0,79,0.0,140,11.2,6,1010.0,2
2024-05-12 16:00:00,31.0,79,0.0,140,14.8,6,1010.0,2
2024-05-12 17:00:00,31.0,79,0.4,140,11.2,6,1010.0,2
2024-05-12 18:00:00,31.0,79,0.0,140,14.8,6,1008.0,2
2024-05-12 19:00:00,30.0,84,0.0,130,13.0,6,1008.0,2
2024-05-12 20:00:00,30.0,84,0.0,140,14.8,6,1007.0,2
2024-05-12 21:00:00,30.0,84,0.0,130,11.2,6,1008.0,2
2024-05-12 22:00:00,30.0,89,0.0,140,14.8,6,1008.0,2
2024-05-12 23:00:00,30.0,84,0.0,100,11.2,6,1009.0,2
2024-05-13 00:00:00,31.0,79,0.0,110,14.8,6,1009.0,2
2024-05-13 01:00:00,33.0,67,0.0,100,16.6,6,1010.0,2
2024-05-13 02:00:00,33.0,59,0.0,150,11.2,6,1010.0,2
2024-05-13 03:00:00,34.0,60,0.1,130,9.4,6,1010.0,2
2024-05-13 04:00:00,35.0,53,0.0,140,9.4,6,1009.0,2
2024-05-13 05:00:00,36.0,47,0.0,65,9.4,7,1009.0,2
2024-05-13 06:00:00,36.0,47,0.0,210,11.2,7,1008.0,2
2024-05-13 07:00:00,37.0,45,0.0,170,14.8,7,1007.0,18
2024-05-13 08:00:00,36.0,47,1.6,170,14.8,7,1006.0,25
2024-05-13 09:00:00,35.0,50,0.4,190,22.3,7,1006.0,25
2024-05-13 10:00:00,34.0,56,0.0,150,16.6,8,1007.0,25
2024-05-13 11:00:00,32.0,67,0.0,180,20.5,8,1007.4,25
2024-05-13 12:00:00,32.0,71,0.4,180,14.8,8,1008.0,7
2024-05-13 13:00:00,31.0,75,1.0,190,14.8,7,1009.0,7
2024-05-13 14:00:00,31.0,75,1.2,170,7.6,7,1010.0,3
2024-05-13 15:00:00,29.0,84,0.0,320,9.4,7,1010.0,2
2024-05-13 16:00:00,29.0,84,0.1,330,9.4,7,1010.0,2
2024-05-13 17:00:00,28.0,94,0.0,350,7.6,7,1010.0,2
2024-05-13 18:00:00,28.0,89,0.0,256,5.4,7,1010.0,2
2024-05-13 19:00:00,28.0,89,0.0,340,3.6,7,1009.0,2
2024-05-13 20:00:00,28.0,89,0.0,0,0.0,6,1009.0,2
2024-05-13 21:00:00,28.0,89,0.0,225,1.8,6,1009.0,2
2024-05-13 22:00:00,28.0,89,0.0,310,3.6,6,1009.0,2
2024-05-13 23:00:00,28.0,89,0.0,299,5.4,6,1009.0,2
2024-05-14 00:00:00,29.0,84,0.0,30,7.6,7,1010.0,2
2024-05-14 01:00:00,31.0,75,0.0,62,1.8,6,1010.0,2
2024-05-14 02:00:00,33.0,67,0.0,78,3.6,6,1010.0,2
2024-05-14 03:00:00,33.0,59,0.0,81,3.6,6,1010.0,2
2024-05-14 04:00:00,33.0,63,0.0,310,11.2,7,1010.0,2
2024-05-14 05:00:00,35.0,53,0.0,340,11.2,7,1009.0,2
2024-05-14 06:00:00,35.0,53,0.0,60,7.6,7,1008.0,2
2024-05-14 07:00:00,36.0,47,0.1,45,5.4,7,1007.0,2
2024-05-14 08:00:00,37.0,45,0.8,10,9.4,7,1006.0,2
2024-05-14 09:00:00,31.0,70,0.0,160,22.3,7,1006.0,2
2024-05-14 10:00:00,33.0,63,0.0,160,14.8,7,1007.0,3
2024-05-14 11:00:00,32.0,71,0.0,140,18.4,7,1008.0,3
2024-05-14 12:00:00,32.0,75,0.0,140,16.6,7,1008.0,3
2024-05-14 13:00:00,31.0,75,0.0,130,11.2,7,1009.0,3
2024-05-14 14:00:00,31.0,75,0.0,130,14.8,7,1009.0,3
2024-05-14 15:00:00,31.0,75,0.0,140,14.8,7,1009.0,2
2024-05-14 16:00:00,31.0,75,0.0,130,14.8,7,1009.0,2
2024-05-14 17:00:00,31.0,75,0.0,150,9.4,7,1009.0,2
2024-05-14 18:00:00,31.0,75,0.0,150,13.0,7,1008.0,2
2024-05-14 19:00:00,30.0,79,0.0,150,11.2,7,1008.0,2
2024-05-14 20:00:00,30.0,84,0.0,150,9.4,6,1008.0,2
2024-05-14 21:00:00,30.0,84,0.0,120,11.2,6,1008.0,2
2024-05-14 22:00:00,30.0,84,0.0,130,11.2,6,1009.0,2
2024-05-14 23:00:00,30.0,84,0.0,130,13.0,6,1009.0,2
2024-05-15 00:00:00,32.0,75,0.0,120,14.8,6,1010.0,2
2024-05-15 01:00:00,33.0,63,0.0,110,18.4,6,1011.0,2
2024-05-15 02:00:00,33.0,59,0.0,110,18.4,6,1011.0,2
2024-05-15 03:00:00,36.0,47,0.0,100,18.4,6,1011.0,2
2024-05-15 04:00:00,36.0,47,0.4,120,14.8,6,1010.0,18
2024-05-15 05:00:00,37.0,42,2.6,110,14.8,7,1009.0,25
2024-05-15 06:00:00,38.0,38,3.3,110,9.4,7,1008.0,25
2024-05-15 07:00:00,36.0,50,1.2,170,18.4,7,1008.0,25
2024-05-15 08:00:00,34.0,56,1.4,160,20.5,8,1007.0,25
2024-05-15 09:00:00,33.0,63,1.7,160,24.1,8,1007.0,25
2024-05-15 10:00:00,24.0,100,0.0,30,16.6,8,1010.0,25
2024-05-15 11:00:00,25.0,94,0.1,100,20.5,8,1011.0,8
2024-05-15 12:00:00,24.0,100,0.2,55,1.8,8,1010.0,8
2024-05-15 13:00:00,26.0,94,0.0,47,1.8,8,1011.0,8
2024-05-15 14:00:00,26.0,100,0.0,90,11.2,8,1011.0,8
2024-05-15 15:00:00,27.0,94,0.0,70,13.0,8,1011.0,7
2024-05-15 16:00:00,27.0,100,0.0,356,5.4,7,1011.0,7
2024-05-15 17:00:00,27.0,94,0.0,348,5.4,7,1011.0,7
2024-05-15 18:00:00,26.0,100,0.0,291,5.4,7,1010.0,7
2024-05-15 19:00:00,26.0,100,0.0,10,9.4,7,1009.0,7
2024-05-15 20:00:00,26.0,100,0.0,218,1.8,7,1009.0,7
2024-05-15 21:00:00,26.0,100,0.0,10,7.6,7,1009.0,3
2024-05-15 22:00:00,26.0,100,0.0,280,3.6,7,1009.0,3
2024-05-15 23:00:00,27.0,94,0.0,280,1.8,8,1010.0,3
2024-05-16 00:00:00,27.0,100,0.0,281,1.8,8,1010.0,3
2024-05-16 01:00:00,29.0,94,0.0,60,7.6,7,1010.0,3
2024-05-16 02:00:00,30.0,84,0.0,70,7.6,7,1011.0,3
2024-05-16 03:00:00,32.0,71,0.0,90,9.4,7,1010.0,3
2024-05-16 04:00:00,34.0,63,0.0,160,9.4,7,1010.0,3
2024-05-16 05:00:00,35.0,53,0.0,120,9.4,7,1008.0,7
2024-05-16 06:00:00,35.0,53,0.0,59,7.6,8,1007.0,18
2024-05-16 07:00:00,27.0,89,1.4,130,40.7,8,1008.0,25
2024-05-16 08:00:00,27.0,94,0.5,190,16.6,8,1007.0,25
2024-05-16 09:00:00,29.0,89,2.2,40,9.4,8,1007.0,25
2024-05-16 10:00:00,30.0,89,0.4,210,5.4,8,1007.0,25
2024-05-16 11:00:00,30.0,89,0.0,75,5.4,8,1008.0,8
2024-05-16 12:00:00,30.0,89,0.0,73,5.4,8,1008.0,8
2024-05-16 13:00:00,30.0,89,0.0,71,5.4,8,1009.0,8
2024-05-16 14:00:00,30.0,89,0.0,140,9.4,8,1010.0,7
2024-05-16 15:00:00,30.0,89,0.0,140,7.6,8,1010.0,3
2024-05-16 16:00:00,30.0,89,0.0,120,7.6,8,1010.0,7
2024-05-16 17:00:00,30.0,89,0.0,66,3.6,8,1010.0,7
2024-05-16 18:00:00,29.0,94,0.4,120,7.6,8,1009.0,7
2024-05-16 19:00:00,29.0,94,4.4,161,1.8,8,1008.0,7
2024-05-16 20:00:00,29.0,94,0.3,155,1.8,8,1008.0,18
2024-05-16 21:00:00,28.0,100,0.0,151,3.6,7,1008.0,3
2024-05-16 22:00:00,28.0,100,0.0,185,1.8,7,1008.0,3
2024-05-16 23:00:00,28.0,100,0.0,209,3.6,7,1009.0,3
2024-05-17 00:00:00,30.0,89,0.0,150,9.4,8,1009.0,3
2024-05-17 01:00:00,31.0,79,0.0,120,11.2,7,1010.0,3
2024-05-17 02:00:00,32.0,75,0.0,150,11.2,7,1010.0,3
2024-05-17 03:00:00,33.0,67,0.0,120,9.4,8,1010.0,3
2024-05-17 04:00:00,32.0,75,0.0,130,7.6,7,1009.0,3
2024-05-17 05:00:00,34.0,60,0.0,170,9.4,7,1009.0,7
2024-05-17 06:00:00,32.0,71,3.2,210,20.5,8,1008.0,7
2024-05-17 07:00:00,32.0,71,0.6,210,14.8,8,1007.0,25
2024-05-17 08:00:00,32.0,67,0.1,210,13.0,8,1007.0,25
2024-05-17 09:00:00,32.0,67,0.6,200,18.4,8,1006.0,25
2024-05-17 10:00:00,32.0,71,0.0,180,18.4,8,1007.0,7
2024-05-17 11:00:00,31.0,75,0.0,150,9.4,8,1007.0,7
2024-05-17 12:00:00,31.0,79,0.0,160,9.4,8,1008.0,7
2024-05-17 13:00:00,31.0,79,0.0,190,9.4,8,1009.0,3
2024-05-17 14:00:00,31.0,79,0.0,120,7.6,8,1010.0,3
2024-05-17 15:00:00,30.0,89,0.0,290,5.4,7,1010.0,3
2024-05-17 16:00:00,30.0,84,0.0,90,7.6,7,1010.0,3
2024-05-17 17:00:00,30.0,89,0.0,80,5.4,7,1010.0,3
2024-05-17 18:00:00,29.0,89,0.0,280,7.6,7,1009.0,3
2024-05-17 19:00:00,29.0,89,0.0,235,3.6,7,1008.0,3
2024-05-17 20:00:00,28.0,94,0.0,224,3.6,7,1008.0,2
2024-05-17 21:00:00,28.0,100,0.0,320,1.8,7,1007.0,2
2024-05-17 22:00:00,28.0,94,0.0,0,0.0,7,1007.0,2
2024-05-17 23:00:00,28.0,100,0.0,228,5.4,7,1008.0,5
2024-05-18 00:00:00,29.0,94,0.0,237,5.4,7,1008.0,3
2024-05-18 01:00:00,31.0,84,0.0,197,3.6,7,1009.0,2
2024-05-18 02:00:00,32.0,75,0.0,175,3.6,7,1009.0,2
2024-05-18 03:00:00,33.0,67,0.0,120,7.6,7,1008.0,2
2024-05-18 04:00:00,34.0,63,0.0,120,7.6,6,1008.0,2
2024-05-18 05:00:00,35.0,56,0.0,120,7.6,7,1007.0,2
2024-05-18 06:00:00,35.0,47,0.0,120,7.6,7,1006.0,2
2024-05-18 07:00:00,35.0,53,0.5,310,9.4,7,1004.0,2
2024-05-18 08:00:00,32.0,71,0.0,320,13.0,7,1004.0,3
2024-05-18 09:00:00,34.0,60,0.0,130,9.4,7,1003.0,3
2024-05-18 10:00:00,31.0,79,0.0,155,5.4,8,1004.0,3
2024-05-18 11:00:00,30.0,89,0.0,104,5.4,8,1005.0,3
2024-05-18 12:00:00,31.0,79,0.0,160,11.2,7,1006.0,3
2024-05-18 13:00:00,31.0,79,0.0,180,11.2,7,1006.0,3
2024-05-18 14:00:00,31.0,79,0.3,200,13.0,7,1007.0,3
2024-05-18 15:00:00,30.0,89,0.0,254,5.4,7,1007.0,2
2024-05-18 16:00:00,30.0,89,0.0,220,11.2,7,1007.0,2
2024-05-18 17:00:00,30.0,89,0.0,210,14.8,7,1007.0,2
2024-05-18 18:00:00,30.0,89,0.0,220,9.4,7,1007.0,2
2024-05-18 19:00:00,28.0,100,0.0,40,5.4,7,1006.0,2
2024-05-18 20:00:00,28.0,100,0.0,50,5.4,7,1006.0,2
2024-05-18 21:00:00,28.0,94,0.0,60,7.6,7,1006.0,2
2024-05-18 22:00:00,27.0,100,0.0,60,7.6,7,1006.0,3
2024-05-18 23:00:00,27.0,100,0.0,223,5.4,7,1007.0,2
2024-05-19 00:00:00,28.0,100,0.0,207,5.4,7,1007.0,2
2024-05-19 01:00:00,29.0,100,0.0,205,5.4,7,1008.0,2
2024-05-19 02:00:00,31.0,89,0.0,205,3.6,6,1008.0,2
2024-05-19 03:00:00,33.0,71,0.0,280,13.0,6,1008.0,2
2024-05-19 04:00:00,33.0,71,0.0,280,13.0,7,1007.0,2
2024-05-19 05:00:00,34.0,56,0.0,290,16.6,7,1006.0,7
2024-05-19 06:00:00,35.0,53,0.0,280,14.8,7,1005.0,7
2024-05-19 07:00:00,35.0,53,0.0,270,16.6,7,1004.0,18
2024-05-19 08:00:00,34.0,56,4.5,260,13.0,8,1003.0,25
2024-05-19 09:00:00,34.0,60,1.4,240,16.6,8,1003.0,25
2024-05-19 10:00:00,34.0,63,0.7,250,11.2,8,1003.0,25
2024-05-19 11:00:00,33.0,67,0.0,222,5.4,8,1003.0,25
2024-05-19 12:00:00,32.0,80,0.0,160,7.6,8,1004.0,7
2024-05-19 13:00:00,32.0,80,0.0,169,5.4,8,1005.0,7
2024-05-19 14:00:00,30.0,84,0.0,230,7.6,8,1006.0,7
2024-05-19 15:00:00,30.0,89,0.0,240,7.6,8,1006.0,3
2024-05-19 16:00:00,30.0,89,0.5,239,5.4,7,1007.0,3
2024-05-19 17:00:00,30.0,89,0.0,250,7.6,7,1006.0,3
2024-05-19 18:00:00,30.0,89,0.0,190,5.4,7,1006.0,3
2024-05-19 19:00:00,30.0,89,0.0,189,5.4,7,1005.0,3
2024-05-19 20:00:00,30.0,89,0.0,220,7.6,7,1005.0,3
2024-05-19 21:00:00,29.0,94,0.1,187,3.6,7,1006.0,3
2024-05-19 22:00:00,29.0,94,0.0,0,0.0,7,1006.0,3
2024-05-19 23:00:00,28.0,94,0.0,50,16.6,7,1007.0,3
2024-05-20 00:00:00,27.0,94,0.0,90,13.0,8,1008.0,3
2024-05-20 01:00:00,27.0,100,0.0,110,9.4,7,1008.0,3
2024-05-20 02:00:00,29.0,94,0.2,222,5.4,7,1008.0,2
2024-05-20 03:00:00,31.0,79,0.0,60,7.6,7,1008.0,2
2024-05-20 04:00:00,33.0,71,0.1,200,11.2,7,1007.0,18
2024-05-20 05:00:00,33.0,71,0.0,220,7.6,7,1006.0,18
2024-05-20 06:00:00,35.0,56,0.0,240,13.0,7,1005.0,18
2024-05-20 07:00:00,36.0,50,4.2,260,11.2,7,1004.0,25
2024-05-20 08:00:00,36.0,53,1.1,270,11.2,8,1003.0,25
2024-05-20 09:00:00,36.0,53,0.0,270,13.0,8,1002.0,25
2024-05-20 10:00:00,32.0,67,0.0,220,24.1,8,1003.0,25
2024-05-20 11:00:00,29.0,94,0.4,140,14.8,8,1004.0,8
2024-05-20 12:00:00,28.0,94,0.0,80,18.4,8,1005.0,8
2024-05-20 13:00:00,28.0,94,0.0,80,11.2,8,1006.0,8
2024-05-20 14:00:00,28.0,94,0.2,70,14.8,8,1007.0,8
2024-05-20 15:00:00,28.0,94,0.0,200,20.5,8,1008.0,7
2024-05-20 16:00:00,27.0,100,0.0,220,13.0,8,1008.0,7
2024-05-20 17:00:00,26.0,100,2.1,210,24.1,8,1009.0,7
2024-05-20 18:00:00,26.0,100,0.5,160,13.0,8,1007.0,7
2024-05-20 19:00:00,26.0,94,0.0,200,9.4,8,1006.0,7
2024-05-20 20:00:00,26.0,100,0.0,100,9.4,8,1006.0,7
2024-05-20 21:00:00,26.0,100,0.0,160,3.6,8,1007.0,18
2024-05-20 22:00:00,26.0,100,0.0,215,1.8,8,1007.0,3
2024-05-20 23:00:00,26.0,100,0.0,30,20.5,8,1008.0,3
2024-05-21 00:00:00,25.0,100,0.0,40,22.3,8,1009.0,3
2024-05-21 01:00:00,26.0,94,1.0,50,13.0,8,1009.0,3
2024-05-21 02:00:00,29.0,89,0.0,217,5.4,8,1009.0,3
2024-05-21 03:00:00,30.0,79,3.1,220,1.8,8,1008.0,3
2024-05-21 04:00:00,32.0,67,0.0,233,1.8,8,1008.0,7
2024-05-21 05:00:00,33.0,63,0.2,220,9.4,8,1007.0,8
2024-05-21 06:00:00,33.0,63,0.9,210,7.6,8,1007.0,8
2024-05-21 07:00:00,34.0,60,2.1,250,7.6,8,1006.0,25
2024-05-21 08:00:00,34.0,56,2.6,250,11.2,8,1005.0,25
2024-05-21 09:00:00,35.0,53,4.7,270,13.0,8,1005.0,25
2024-05-21 10:00:00,27.0,94,0.3,190,25.9,8,1006.0,25
2024-05-21 11:00:00,28.0,94,0.0,241,5.4,8,1006.0,25
2024-05-21 12:00:00,28.0,100,0.0,63,3.6,8,1007.0,9
2024-05-21 13:00:00,28.0,94,0.0,292,5.4,8,1008.0,8
2024-05-21 14:00:00,28.0,94,0.1,276,5.4,8,1008.0,8
2024-05-21 15:00:00,28.0,94,0.2,272,3.6,8,1009.0,7
2024-05-21 16:00:00,28.0,94,0.0,258,1.8,8,1009.0,7
2024-05-21 17:00:00,28.0,94,0.0,232,1.8,8,1009.0,7
2024-05-21 18:00:00,28.0,94,0.0,205,3.6,8,1008.0,7
2024-05-21 19:00:00,28.0,94,0.0,240,7.6,8,1008.0,7
2024-05-21 20:00:00,27.0,100,0.0,280,5.4,8,1008.0,7
2024-05-21 21:00:00,27.0,100,0.0,280,3.6,8,1007.0,3
2024-05-21 22:00:00,27.0,100,0.0,320,1.8,8,1008.0,3
2024-05-21 23:00:00,27.0,100,0.0,0,0.0,8,1008.0,5
2024-05-22 00:00:00,29.0,94,0.0,0,0.0,8,1009.0,3
2024-05-22 01:00:00,30.0,89,0.0,213,5.4,8,1009.0,3
2024-05-22 02:00:00,32.0,80,0.0,208,5.4,8,1009.0,3
2024-05-22 03:00:00,33.0,67,0.0,90,7.6,8,1009.0,3
2024-05-22 04:00:00,34.0,60,0.0,40,9.4,7,1008.0,2
2024-05-22 05:00:00,35.0,56,0.0,40,9.4,7,1008.0,7
2024-05-22 06:00:00,30.0,84,0.0,190,24.1,8,1007.0,8
2024-05-22 07:00:00,29.0,89,0.0,340,7.6,8,1006.0,8
2024-05-22 08:00:00,31.0,84,1.8,240,16.6,8,1005.0,25
2024-05-22 09:00:00,31.0,84,0.7,260,7.6,8,1005.0,25
2024-05-22 10:00:00,31.0,79,2.8,160,7.6,8,1006.0,25
2024-05-22 11:00:00,30.0,79,0.4,152,5.4,8,1006.0,8
2024-05-22 12:00:00,30.0,84,0.0,170,7.6,8,1007.0,8
2024-05-22 13:00:00,30.0,84,0.0,190,11.2,8,1007.0,7
2024-05-22 14:00:00,30.0,84,0.0,160,9.4,8,1008.0,7
2024-05-22 15:00:00,30.0,89,0.0,259,3.6,7,1008.0,3
2024-05-22 16:00:00,30.0,89,0.0,150,7.6,7,1008.0,3
2024-05-22 17:00:00,30.0,89,0.0,190,7.6,7,1008.0,3
2024-05-22 18:00:00,30.0,89,0.0,231,5.4,7,1008.0,3
2024-05-22 19:00:00,29.0,94,0.0,226,5.4,7,1007.0,3
2024-05-22 20:00:00,28.0,100,0.0,270,5.4,7,1007.0,3
2024-05-22 21:00:00,28.0,94,0.0,260,5.4,7,1007.0,3
2024-05-22 22:00:00,28.0,94,0.0,90,5.4,7,1007.0,3
2024-05-22 23:00:00,29.0,94,0.0,214,5.4,7,1007.0,3
2024-05-23 00:00:00,29.0,94,0.0,214,5.4,7,1008.0,3
2024-05-23 01:00:00,31.0,84,0.0,201,1.8,7,1008.0,3
2024-05-23 02:00:00,32.0,75,0.0,188,5.4,7,1009.0,2
2024-05-23 03:00:00,33.0,71,0.1,220,7.6,7,1009.0,2
2024-05-23 04:00:00,33.0,67,0.6,160,9.4,7,1009.0,2
2024-05-23 05:00:00,31.0,70,8.3,320,7.6,7,1008.0,18
2024-05-23 06:00:00,28.0,94,2.8,310,11.2,7,1007.0,18
2024-05-23 07:00:00,28.0,89,0.9,180,14.8,7,1007.0,25
2024-05-23 08:00:00,28.0,94,0.1,77,3.6,8,1006.0,25
2024-05-23 09:00:00,29.0,89,0.0,76,3.6,8,1005.0,25
2024-05-23 10:00:00,29.0,94,0.5,97,3.6,8,1006.0,25
2024-05-23 11:00:00,28.0,94,0.1,280,9.4,8,1006.0,25
2024-05-23 12:00:00,29.0,89,0.2,220,7.6,8,1008.0,7
2024-05-23 13:00:00,29.0,89,0.0,30,1.8,8,1008.0,7
2024-05-23 14:00:00,29.0,89,0.0,300,5.4,7,1009.0,7
2024-05-23 15:00:00,28.0,94,0.0,240,7.6,7,1009.0,3
2024-05-23 16:00:00,28.0,94,0.0,0,0.0,7,1009.0,3
2024-05-23 17:00:00,28.0,94,0.0,0,0.0,7,1009.0,3
2024-05-23 18:00:00,28.0,94,0.0,0,0.0,7,1008.0,3
2024-05-23 19:00:00,28.0,94,0.0,340,1.8,7,1008.0,3
2024-05-23 20:00:00,27.0,100,0.0,230,1.8,7,1007.0,3
2024-05-23 21:00:00,27.0,100,0.0,90,5.4,7,1007.0,2
2024-05-23 22:00:00,27.0,100,0.0,50,3.6,7,1007.0,3
2024-05-23 23:00:00,28.0,94,0.0,60,3.6,7,1008.0,3
2024-05-24 00:00:00,29.0,94,0.0,239,3.6,7,1008.0,3
2024-05-24 01:00:00,30.0,94,0.0,176,3.6,7,1009.0,3
2024-05-24 02:00:00,32.0,75,0.0,0,0.0,7,1009.0,2
2024-05-24 03:00:00,33.0,67,0.0,113,1.8,7,1009.0,2
2024-05-24 04:00:00,35.0,56,0.0,82,3.6,7,1008.0,2
2024-05-24 05:00:00,35.0,56,0.0,280,3.6,7,1008.0,2
2024-05-24 06:00:00,36.0,50,0.0,20,7.6,7,1007.0,2
2024-05-24 07:00:00,37.0,45,0.0,53,1.8,7,1006.0,2
2024-05-24 08:00:00,35.0,53,0.0,140,9.4,7,1005.0,3
2024-05-24 09:00:00,35.0,56,0.0,180,11.2,7,1004.0,3
2024-05-24 10:00:00,32.0,67,0.0,73,13.0,7,1006.0,3
2024-05-24 11:00:00,30.0,84,0.0,76,1.8,7,1006.0,3
2024-05-24 12:00:00,31.0,79,0.0,250,7.6,7,1007.0,3
2024-05-24 13:00:00,31.0,79,0.0,200,7.6,7,1007.0,3
2024-05-24 14:00:00,31.0,79,0.0,160,9.4,7,1008.0,2
2024-05-24 15:00:00,31.0,84,0.0,140,13.0,7,1009.0,2
2024-05-24 16:00:00,31.0,84,0.0,130,13.0,7,1009.0,2
2024-05-24 17:00:00,30.0,89,0.0,140,11.2,7,1009.0,2
2024-05-24 18:00:00,30.0,89,0.0,150,9.4,7,1008.0,2
2024-05-24 19:00:00,30.0,89,0.0,150,7.6,7,1008.0,2
2024-05-24 20:00:00,30.0,89,0.0,227,5.4,6,1008.0,2
2024-05-24 21:00:00,30.0,89,0.0,223,5.4,6,1008.0,2
2024-05-24 22:00:00,30.0,89,0.0,230,3.6,6,1008.0,2
2024-05-24 23:00:00,30.0,89,0.0,130,7.6,7,1009.0,2
2024-05-25 00:00:00,31.0,84,0.0,120,7.6,7,1009.0,2
2024-05-25 01:00:00,32.0,80,0.0,150,9.4,7,1009.0,2
2024-05-25 02:00:00,34.0,67,0.0,130,11.2,7,1009.0,2
2024-05-25 03:00:00,35.0,56,0.0,120,11.2,7,1009.0,2
2024-05-25 04:00:00,34.0,60,0.0,140,14.8,7,1009.0,2
2024-05-25 05:00:00,36.0,50,0.2,160,11.2,7,1008.0,2
2024-05-25 06:00:00,36.0,50,1.2,170,7.6,7,1008.0,2
2024-05-25 07:00:00,37.0,50,0.1,160,9.4,7,1006.0,2
2024-05-25 08:00:00,35.0,56,0.4,180,18.4,7,1006.0,3
2024-05-25 09:00:00,35.0,53,0.0,190,16.6,7,1005.0,3
2024-05-25 10:00:00,35.0,50,0.0,190,14.8,7,1005.0,3
2024-05-25 11:00:00,33.0,63,0.0,190,16.6,7,1006.0,3
2024-05-25 12:00:00,32.0,75,0.0,180,14.8,7,1007.0,3
2024-05-25 13:00:00,31.0,84,0.0,160,13.0,7,1008.0,3
2024-05-25 14:00:00,31.0,84,0.0,180,14.8,7,1009.0,2
2024-05-25 15:00:00,31.0,84,0.2,170,11.2,7,1010.0,2
2024-05-25 16:00:00,31.0,84,0.5,160,9.4,7,1010.0,2
2024-05-25 17:00:00,31.0,84,0.9,215,5.4,7,1010.0,2
2024-05-25 18:00:00,31.0,84,0.0,180,9.4,7,1009.0,2
2024-05-25 19:00:00,30.0,84,0.0,270,7.0,7,1009.0,2
2024-05-25 20:00:00,29.0,89,0.0,320,11.2,6,1009.0,2
2024-05-25 21:00:00,27.0,94,0.0,60,14.8,6,1009.0,2
2024-05-25 22:00:00,26.0,100,0.0,186,5.4,7,1009.0,2
2024-05-25 23:00:00,27.0,94,0.0,195,1.8,7,1009.0,2
2024-05-26 00:00:00,28.0,94,0.0,203,3.6,7,1011.0,2
2024-05-26 01:00:00,29.0,94,0.0,198,3.6,7,1012.0,2
2024-05-26 02:00:00,31.0,84,0.0,0,0.0,7,1011.0,2
2024-05-26 03:00:00,32.0,75,0.0,170,1.8,7,1011.0,2
2024-05-26 04:00:00,34.0,67,0.0,193,1.8,7,1010.0,2
2024-05-26 05:00:00,34.0,63,0.0,214,1.8,7,1009.0,2
2024-05-26 06:00:00,35.0,53,0.0,239,1.8,7,1008.0,2
2024-05-26 07:00:00,32.0,71,0.0,229,1.8,7,1007.0,2
2024-05-26 08:00:00,30.0,75,0.3,260,29.5,7,1007.0,3
2024-05-26 09:00:00,30.0,79,0.3,210,14.8,8,1007.0,3
2024-05-26 10:00:00,32.0,71,0.4,230,13.0,8,1006.0,3
2024-05-26 11:00:00,32.0,71,0.2,220,11.2,7,1007.0,3
2024-05-26 12:00:00,31.0,75,0.5,210,7.6,7,1007.0,3
2024-05-26 13:00:00,31.0,75,0.0,220,9.4,7,1008.0,3
2024-05-26 14:00:00,31.0,75,0.0,220,7.6,7,1008.0,2
2024-05-26 15:00:00,30.0,79,0.0,230,7.6,7,1009.0,2
2024-05-26 16:00:00,30.0,84,0.0,230,7.6,7,1009.0,2
2024-05-26 17:00:00,30.0,84,0.0,220,13.0,7,1009.0,2
2024-05-26 18:00:00,30.0,89,0.0,210,13.0,7,1008.0,2
2024-05-26 19:00:00,29.0,94,0.0,230,14.8,7,1008.0,2
2024-05-26 20:00:00,29.0,94,0.0,230,11.2,7,1007.0,2
2024-05-26 21:00:00,29.0,94,0.0,240,11.2,7,1007.0,2
2024-05-26 22:00:00,29.0,94,0.0,230,13.0,7,1008.0,2
2024-05-26 23:00:00,29.0,94,0.0,240,7.6,7,1008.0,2
2024-05-27 00:00:00,30.0,94,0.0,220,9.4,7,1009.0,2
2024-05-27 01:00:00,31.0,89,0.0,240,13.0,7,1009.0,2
2024-05-27 02:00:00,33.0,75,0.0,250,11.2,7,1009.0,2
2024-05-27 03:00:00,34.0,71,0.0,270,9.4,7,1009.0,2
2024-05-27 04:00:00,35.0,56,0.0,246,3.6,7,1008.0,2
2024-05-27 05:00:00,36.0,53,0.0,260,7.6,7,1007.0,2
2024-05-27 06:00:00,36.0,50,0.0,259,5.4,7,1006.0,2
2024-05-27 07:00:00,37.0,50,0.0,256,9.4,7,1005.0,2
2024-05-27 08:00:00,37.0,50,0.0,290,9.4,7,1005.0,2
2024-05-27 09:00:00,37.0,48,0.7,280,14.8,7,1004.0,2
2024-05-27 10:00:00,35.0,60,0.8,290,18.4,7,1004.0,3
2024-05-27 11:00:00,32.0,80,0.4,130,22.3,7,1005.0,3
2024-05-27 12:00:00,29.0,94,0.0,180,18.4,7,1006.0,3
2024-05-27 13:00:00,29.0,89,0.0,220,5.4,7,1007.0,3
2024-05-27 14:00:00,29.0,89,0.0,210,14.8,7,1007.0,2
2024-05-27 15:00:00,29.0,89,0.0,210,11.2,7,1008.0,2
2024-05-27 16:00:00,29.0,89,0.0,220,14.8,7,1008.3,2
2024-05-27 17:00:00,29.0,89,0.0,220,13.0,7,1008.0,2
2024-05-27 18:00:00,29.0,94,2.6,230,18.4,7,1008.0,2
2024-05-27 19:00:00,29.0,94,7.8,230,16.6,7,1007.8,3
2024-05-27 20:00:00,29.0,94,5.5,230,14.8,7,1007.0,3
2024-05-27 21:00:00,29.0,94,10.1,220,9.4,7,1007.0,3
2024-05-27 22:00:00,29.0,94,0.9,250,7.6,7,1007.0,3
2024-05-27 23:00:00,29.0,94,6.0,250,11.2,7,1008.0,3
2024-05-28 00:00:00,29.0,100,0.2,260,16.6,8,1008.2,3
2024-05-28 01:00:00,30.0,94,0.3,270,16.6,7,1008.0,3
2024-05-28 02:00:00,31.0,84,0.1,310,9.4,7,1009.0,3
2024-05-28 03:00:00,31.0,79,0.0,247,3.6,7,1009.0,3
2024-05-28 04:00:00,31.0,79,0.0,248,3.6,7,1010.0,3
2024-05-28 05:00:00,31.0,89,0.0,251,3.6,7,1008.0,7
2024-05-28 06:00:00,32.0,80,0.1,300,13.0,7,1007.0,18
2024-05-28 07:00:00,32.0,75,0.7,300,11.2,8,1006.0,25
2024-05-28 08:00:00,32.0,75,1.6,250,1.8,8,1005.0,25
2024-05-28 09:00:00,30.0,89,0.9,110,7.6,8,1005.0,25
2024-05-28 10:00:00,30.0,89,2.3,249,3.6,8,1005.0,25
2024-05-28 11:00:00,30.0,89,0.0,238,3.6,8,1006.0,25
2024-05-28 12:00:00,30.0,89,0.0,210,7.6,8,1006.0,7
2024-05-28 13:00:00,29.0,94,0.0,210,11.2,7,1007.0,7
2024-05-28 14:00:00,29.0,94,0.0,210,11.2,7,1008.0,7
2024-05-28 15:00:00,29.0,94,0.0,230,9.4,7,1008.0,3
2024-05-28 16:00:00,29.0,94,0.0,220,9.4,7,1008.0,2
2024-05-28 17:00:00,29.0,94,0.0,220,9.4,7,1008.0,3
2024-05-28 18:00:00,29.0,94,0.0,230,16.6,7,1007.0,3
2024-05-28 19:00:00,28.0,100,0.0,220,11.2,7,1007.0,3
2024-05-28 20:00:00,28.0,100,0.0,220,11.2,7,1006.0,3
2024-05-28 21:00:00,28.0,94,0.0,240,7.6,7,1007.0,3
2024-05-28 22:00:00,28.0,100,0.0,250,9.4,7,1007.0,2
2024-05-28 23:00:00,28.0,94,0.0,250,11.2,7,1007.0,2
2024-05-29 00:00:00,29.0,94,0.0,250,11.2,7,1007.0,2
2024-05-29 01:00:00,31.0,84,0.0,250,16.6,7,1008.0,2
2024-05-29 02:00:00,32.0,80,0.0,290,11.2,7,1008.0,3
2024-05-29 03:00:00,32.0,71,0.0,300,9.4,7,1008.0,2
2024-05-29 04:00:00,33.0,67,0.0,310,13.0,7,1008.0,2
2024-05-29 05:00:00,34.0,60,0.0,310,14.8,7,1007.0,2
2024-05-29 06:00:00,34.0,60,0.0,290,16.6,7,1006.0,7
2024-05-29 07:00:00,34.0,63,0.0,330,9.4,7,1005.0,7
2024-05-29 08:00:00,33.0,63,0.7,320,13.0,8,1005.0,7
2024-05-29 09:00:00,33.0,67,0.6,330,11.2,8,1005.0,7
2024-05-29 10:00:00,32.0,71,1.2,350,13.0,8,1005.0,25
2024-05-29 11:00:00,32.0,71,4.9,350,11.2,8,1005.0,7
2024-05-29 12:00:00,31.0,75,0.2,223,3.6,8,1006.0,7
2024-05-29 13:00:00,30.0,84,0.0,280,11.2,8,1007.0,7
2024-05-29 14:00:00,30.0,84,0.0,270,11.2,7,1007.0,7
2024-05-29 15:00:00,29.0,84,0.0,250,11.2,7,1007.0,7
2024-05-29 16:00:00,29.0,89,0.0,240,7.6,7,1007.0,7
2024-05-29 17:00:00,29.0,89,0.0,260,5.4,7,1007.0,7
2024-05-29 18:00:00,28.0,94,0.0,260,7.6,7,1007.0,7
2024-05-29 19:00:00,28.0,94,0.0,260,11.2,7,1006.6,7
2024-05-29 20:00:00,28.0,94,0.0,260,9.4,7,1006.2,7
2024-05-29 21:00:00,28.0,94,0.0,250,11.2,7,1006.0,3
2024-05-29 22:00:00,28.0,94,0.0,220,7.6,7,1006.3,3
2024-05-29 23:00:00,28.0,100,0.0,186,5.4,8,1006.6,3
2024-05-30 00:00:00,29.0,94,0.0,230,9.4,8,1006.9,3
2024-05-30 01:00:00,31.0,84,0.0,240,11.2,8,1008.0,3
2024-05-30 02:00:00,32.0,80,0.0,250,13.0,8,1007.7,3
2024-05-30 03:00:00,33.0,71,0.0,250,18.4,8,1008.0,3
2024-05-30 04:00:00,34.0,63,0.0,250,22.3,8,1007.6,7
2024-05-30 05:00:00,34.0,60,10.2,250,20.5,8,1006.0,7
2024-05-30 06:00:00,33.0,63,1.4,250,22.3,8,1006.0,7
2024-05-30 07:00:00,33.0,67,1.2,250,14.8,8,1005.0,8
2024-05-30 08:00:00,29.0,79,0.4,260,24.1,8,1005.9,8
2024-05-30 09:00:00,28.0,94,0.2,20,7.6,8,1006.0,8
2024-05-30 10:00:00,27.0,94,1.4,290,13.0,8,1006.1,25
2024-05-30 11:00:00,28.0,94,1.1,220,9.4,8,1006.7,9
2024-05-30 12:00:00,28.0,94,0.4,220,7.6,8,1009.0,9
2024-05-30 13:00:00,28.0,94,0.6,210,7.6,8,1007.9,8
2024-05-30 14:00:00,28.0,94,1.6,200,7.6,8,1010.0,8
2024-05-30 15:00:00,28.0,94,0.8,198,1.8,8,1010.0,7
2024-05-30 16:00:00,28.0,94,0.3,250,7.6,8,1009.0,7
2024-05-30 17:00:00,28.0,94,0.2,210,13.0,8,1008.0,7
2024-05-30 18:00:00,28.0,94,0.4,210,14.8,8,1007.9,7
2024-05-30 19:00:00,28.0,94,0.1,190,5.4,8,1007.0,7
2024-05-30 20:00:00,27.0,100,0.0,240,9.4,8,1007.0,7
2024-05-30 21:00:00,27.0,100,0.0,193,1.8,8,1007.0,7
2024-05-30 22:00:00,27.0,100,0.0,197,1.8,8,1007.0,7
2024-05-30 23:00:00,27.0,100,0.0,192,1.8,8,1007.0,7
2024-05-31 00:00:00,29.0,89,0.0,187,5.4,8,1008.0,7
2024-05-31 01:00:00,30.0,84,0.0,210,13.0,8,1009.0,7
2024-05-31 02:00:00,31.0,84,0.2,210,14.8,8,1009.0,7
2024-05-31 03:00:00,31.0,79,0.2,220,5.4,8,1009.0,18
2024-05-31 04:00:00,33.0,63,0.0,220,13.0,8,1009.0,7
2024-05-31 05:00:00,34.0,56,0.0,220,18.4,8,1008.0,8
2024-05-31 06:00:00,34.0,56,0.4,200,13.0,8,1007.0,8
2024-05-31 07:00:00,29.0,84,3.7,280,35.3,8,1007.0,8
2024-05-31 08:00:00,26.0,100,0.2,270,25.9,8,1008.0,9
2024-05-31 09:00:00,26.0,100,0.0,250,20.5,8,1008.0,25
2024-05-31 10:00:00,26.0,94,0.0,250,16.6,8,1008.0,25
2024-05-31 11:00:00,26.0,94,0.8,260,7.6,8,1008.0,9
2024-05-31 12:00:00,26.0,94,2.2,208,3.6,8,1009.0,9
2024-05-31 13:00:00,26.0,94,0.0,250,5.4,8,1010.0,9
2024-05-31 14:00:00,26.0,100,0.0,200,1.8,8,1011.0,8
2024-05-31 15:00:00,26.0,100,0.0,196,1.8,8,1011.0,7
2024-05-31 16:00:00,27.0,94,0.0,197,1.8,8,1011.0,7
2024-05-31 17:00:00,27.0,94,0.0,191,3.6,8,1010.0,7
2024-05-31 18:00:00,27.0,94,0.0,160,5.4,8,1010.0,7
2024-05-31 19:00:00,27.0,94,0.0,160,5.4,8,1009.0,7
2024-05-31 20:00:00,27.0,94,0.0,120,5.4,8,1009.0,7
2024-05-31 21:00:00,26.0,100,0.0,110,3.6,8,1009.0,7
2024-05-31 22:00:00,26.0,100,0.0,80,1.8,8,1009.0,3
2024-05-31 23:00:00,26.0,100,0.0,204,3.6,8,1010.0,3
2024-06-01 00:00:00,28.0,94,0.0,193,1.8,8,1010.0,3
2024-06-01 01:00:00,30.0,89,0.0,218,1.8,8,1011.0,3
2024-06-01 02:00:00,31.0,75,0.0,260,7.6,8,1012.0,3
2024-06-01 03:00:00,32.0,67,0.3,240,7.6,8,1012.0,3
2024-06-01 04:00:00,33.0,59,0.2,230,11.2,8,1011.0,3
2024-06-01 05:00:00,34.0,56,0.1,250,11.2,8,1011.0,3
2024-06-01 06:00:00,34.0,63,0.0,290,11.2,8,1010.0,7
2024-06-01 07:00:00,33.0,59,0.0,270,11.2,8,1009.0,25
2024-06-01 08:00:00,35.0,53,0.1,246,5.4,8,1009.0,25
2024-06-01 09:00:00,35.0,53,1.2,244,5.4,8,1008.0,25
2024-06-01 10:00:00,33.0,67,5.4,190,13.0,8,1009.0,25
2024-06-01 11:00:00,32.0,71,1.0,170,14.8,8,1009.0,8
2024-06-01 12:00:00,27.0,94,0.7,310,14.8,8,1011.0,8
2024-06-01 13:00:00,27.0,94,2.3,290,11.2,7,1011.0,7
2024-06-01 14:00:00,27.0,100,0.1,222,3.6,7,1012.0,7
2024-06-01 15:00:00,28.0,89,0.0,209,3.6,7,1012.0,3
2024-06-01 16:00:00,28.0,94,0.0,209,1.8,7,1012.0,3
2024-06-01 17:00:00,27.0,100,0.0,205,3.6,7,1012.0,3
2024-06-01 18:00:00,27.0,100,0.0,200,3.6,7,1011.0,3
2024-06-01 19:00:00,27.0,100,0.0,203,3.6,7,1010.0,2
2024-06-01 20:00:00,27.0,100,0.0,50,3.6,7,1010.0,2
2024-06-01 21:00:00,27.0,100,0.0,350,1.8,7,1011.0,5
2024-06-01 22:00:00,27.0,100,0.0,340,3.6,7,1011.0,5
2024-06-01 23:00:00,27.0,100,0.0,204,3.6,0,1011.0,5
2024-06-02 00:00:00,28.0,94,0.0,175,3.6,0,1011.0,5
2024-06-02 01:00:00,29.0,94,0.0,310,7.6,0,1012.0,2
2024-06-02 02:00:00,30.0,89,0.0,300,14.8,7,1012.0,2
2024-06-02 03:00:00,31.0,84,0.0,310,13.0,7,1012.0,2
2024-06-02 04:00:00,32.0,75,0.0,320,14.8,7,1011.0,2
2024-06-02 05:00:00,33.0,71,0.0,300,13.0,7,1011.0,2
2024-06-02 06:00:00,33.0,67,0.0,300,13.0,7,1010.0,2
2024-06-02 07:00:00,33.0,67,0.0,310,11.2,7,1009.0,2
2024-06-02 08:00:00,34.0,63,0.0,330,13.0,7,1008.0,3
2024-06-02 09:00:00,34.0,60,0.0,330,9.4,7,1008.0,3
2024-06-02 10:00:00,33.0,56,0.0,360,16.6,7,1008.0,3
2024-06-02 11:00:00,32.0,63,0.0,340,9.4,7,1009.0,3
2024-06-02 12:00:00,32.0,63,0.0,247,5.4,7,1009.0,3
2024-06-02 13:00:00,31.0,66,0.0,237,3.6,7,1010.0,3
2024-06-02 14:00:00,30.0,75,0.0,222,5.4,7,1011.0,2
2024-06-02 15:00:00,31.0,70,0.0,300,7.6,7,1011.0,2
2024-06-02 16:00:00,30.0,75,0.0,205,3.6,7,1011.0,2
2024-06-02 17:00:00,30.0,75,0.0,290,7.6,6,1010.0,2
2024-06-02 18:00:00,29.0,84,0.0,270,5.4,6,1010.0,2
2024-06-02 19:00:00,29.0,89,0.0,260,11.2,6,1009.0,2
2024-06-02 20:00:00,28.0,100,0.0,260,7.6,6,1009.0,2
2024-06-02 21:00:00,28.0,100,0.0,290,7.6,6,1009.1,2
2024-06-02 22:00:00,28.0,94,0.0,280,7.6,6,1009.0,2
2024-06-02 23:00:00,28.0,100,0.0,300,7.6,7,1009.0,2
2024-06-03 00:00:00,29.0,94,0.0,173,5.4,7,1010.0,2
2024-06-03 01:00:00,31.0,84,0.0,231,3.6,7,1010.0,2
2024-06-03 02:00:00,32.0,75,0.0,240,5.4,7,1010.0,2
2024-06-03 03:00:00,33.0,67,0.0,244,5.4,7,1010.0,2
2024-06-03 04:00:00,34.0,56,0.0,300,14.8,6,1010.0,2
2024-06-03 05:00:00,35.0,53,0.0,290,13.0,7,1010.0,2
2024-06-03 06:00:00,35.0,53,0.0,290,13.0,7,1009.0,2
2024-06-03 07:00:00,35.0,50,0.0,290,18.4,7,1008.0,2
2024-06-03 08:00:00,35.0,47,0.0,310,13.0,7,1007.0,3
2024-06-03 09:00:00,36.0,47,0.0,330,13.0,7,1007.0,3
2024-06-03 10:00:00,35.0,50,0.0,330,11.2,7,1007.0,3
2024-06-03 11:00:00,34.0,53,0.0,300,11.2,7,1007.0,3
2024-06-03 12:00:00,33.0,56,0.0,320,9.4,7,1007.0,3
2024-06-03 13:00:00,32.0,67,0.0,280,16.6,7,1008.0,2
2024-06-03 14:00:00,30.0,75,0.0,290,9.4,7,1009.0,2
2024-06-03 15:00:00,30.0,79,0.0,270,9.4,7,1009.0,2
2024-06-03 16:00:00,29.0,89,0.0,260,9.4,6,1010.0,2
2024-06-03 17:00:00,29.0,79,0.0,270,9.4,6,1009.0,2
2024-06-03 18:00:00,28.0,89,0.0,250,9.4,6,1009.0,2
2024-06-03 19:00:00,28.0,89,0.0,260,7.6,6,1008.0,2
2024-06-03 20:00:00,28.0,89,0.0,260,7.6,6,1008.0,2
2024-06-03 21:00:00,28.0,94,0.0,270,4.0,6,1008.0,2
2024-06-03 22:00:00,28.0,94,0.0,250,5.4,6,1008.0,2
2024-06-03 23:00:00,28.0,94,0.0,280,7.6,7,1009.0,2
2024-06-04 00:00:00,30.0,89,0.0,270,5.4,7,1009.0,2
2024-06-04 01:00:00,31.0,79,0.0,280,11.2,7,1010.0,2
2024-06-04 02:00:00,32.0,75,0.0,270,9.4,7,1010.0,2
2024-06-04 03:00:00,34.0,63,0.0,242,3.6,7,1010.0,2
2024-06-04 04:00:00,35.0,60,0.0,245,5.4,6,1009.0,2
2024-06-04 05:00:00,36.0,56,0.0,310,9.4,7,1009.0,2
2024-06-04 06:00:00,36.0,50,0.0,250,7.6,7,1008.0,2
2024-06-04 07:00:00,36.0,47,0.0,270,9.4,7,1007.0,2
2024-06-04 08:00:00,37.0,45,0.0,290,9.4,7,1007.0,2
2024-06-04 09:00:00,37.0,45,0.0,290,9.4,7,1006.0,2
2024-06-04 10:00:00,36.0,50,0.0,243,5.4,7,1006.0,3
2024-06-04 11:00:00,35.0,56,0.0,220,9.4,7,1007.0,3
2024-06-04 12:00:00,34.0,60,0.0,190,11.2,7,1007.0,2
2024-06-04 13:00:00,33.0,75,0.0,170,11.2,7,1008.0,2
2024-06-04 14:00:00,33.0,75,0.0,170,9.4,7,1008.0,2
2024-06-04 15:00:00,32.0,80,0.0,230,16.6,6,1009.0,2
2024-06-04 16:00:00,31.0,84,0.0,240,18.4,6,1010.0,2
2024-06-04 17:00:00,30.0,89,0.0,250,22.3,6,1009.0,2
2024-06-04 18:00:00,30.0,89,0.0,250,14.8,6,1009.0,2
2024-06-04 19:00:00,29.0,94,0.0,250,16.6,6,1009.0,2
2024-06-04 20:00:00,29.0,94,0.0,250,16.6,6,1009.0,2
2024-06-04 21:00:00,29.0,94,0.0,250,11.2,6,1008.0,2
2024-06-04 22:00:00,29.0,94,0.0,240,16.6,7,1009.0,2
2024-06-04 23:00:00,29.0,94,0.0,220,13.0,7,1009.0,2
2024-06-05 00:00:00,30.0,89,0.0,220,13.0,7,1010.0,2
2024-06-05 01:00:00,30.0,89,0.0,250,11.2,7,1010.0,2
2024-06-05 02:00:00,31.0,84,0.0,250,14.8,7,1011.0,2
2024-06-05 03:00:00,33.0,75,0.0,240,16.6,7,1010.0,2
2024-06-05 04:00:00,34.0,67,0.0,240,16.6,7,1010.0,2
2024-06-05 05:00:00,35.0,56,0.0,240,18.4,7,1009.0,2
2024-06-05 06:00:00,35.0,56,0.0,250,14.8,7,1008.0,7
2024-06-05 07:00:00,34.0,60,0.0,260,16.6,7,1008.0,7
2024-06-05 08:00:00,34.0,53,0.0,220,24.1,7,1007.0,25
2024-06-05 09:00:00,33.0,59,0.1,240,11.2,7,1007.0,25
2024-06-05 10:00:00,30.0,79,0.6,270,11.2,8,1008.0,25
2024-06-05 11:00:00,29.0,84,0.0,260,11.2,7,1008.0,25
2024-06-05 12:00:00,29.0,84,0.0,209,1.8,7,1009.0,7
2024-06-05 13:00:00,30.0,79,0.0,205,3.6,7,1010.0,7
2024-06-05 14:00:00,30.0,84,0.0,200,1.8,7,1011.0,7
2024-06-05 15:00:00,30.0,89,0.0,270,11.2,7,1011.0,2
2024-06-05 16:00:00,30.0,89,0.0,300,3.6,7,1011.0,2
2024-06-05 17:00:00,30.0,89,0.0,192,1.8,7,1011.0,2
2024-06-05 18:00:00,29.0,94,0.0,270,5.4,7,1010.0,2
2024-06-05 19:00:00,29.0,94,0.0,260,5.4,7,1010.0,2
2024-06-05 20:00:00,29.0,94,0.8,270,9.4,7,1010.0,2
2024-06-05 21:00:00,28.0,100,0.0,250,9.4,7,1010.0,2
2024-06-05 22:00:00,28.0,100,0.0,270,7.6,7,1010.0,2
2024-06-05 23:00:00,28.0,100,0.0,260,3.6,7,1010.0,2
2024-06-06 00:00:00,29.0,100,0.0,270,9.4,7,1011.0,2
2024-06-06 01:00:00,31.0,89,0.0,260,11.2,7,1011.0,2
2024-06-06 02:00:00,31.0,89,0.2,270,13.0,7,1011.0,2
2024-06-06 03:00:00,33.0,75,0.0,290,11.2,7,1011.0,2
2024-06-06 04:00:00,34.0,60,0.2,251,5.4,7,1010.0,2
2024-06-06 05:00:00,35.0,53,0.2,330,7.6,7,1010.0,2
2024-06-06 06:00:00,35.0,53,0.2,310,9.4,7,1008.0,2
2024-06-06 07:00:00,36.0,50,0.2,320,9.4,7,1007.0,3
2024-06-06 08:00:00,36.0,50,0.2,290,14.8,7,1007.0,3
2024-06-06 09:00:00,35.0,53,1.7,280,16.6,7,1006.0,3
2024-06-06 10:00:00,32.0,67,3.6,270,13.0,8,1007.0,3
2024-06-06 11:00:00,32.0,71,0.1,280,7.6,8,1008.0,3
2024-06-06 12:00:00,32.0,71,0.1,240,5.4,7,1008.0,3
2024-06-06 13:00:00,32.0,71,0.0,222,3.6,7,1009.0,3
2024-06-06 14:00:00,30.0,84,0.0,80,5.4,7,1010.0,3
2024-06-06 15:00:00,31.0,79,0.0,260,11.2,7,1010.0,3
2024-06-06 16:00:00,30.0,84,0.0,260,9.4,7,1010.0,2
2024-06-06 17:00:00,30.0,79,0.0,260,11.2,7,1010.0,2
2024-06-06 18:00:00,30.0,84,0.0,250,18.4,7,1009.0,2
2024-06-06 19:00:00,29.0,89,0.0,240,16.6,7,1009.0,2
2024-06-06 20:00:00,29.0,89,0.0,250,16.6,7,1008.0,2
2024-06-06 21:00:00,29.0,89,0.0,270,13.0,7,1008.0,2
2024-06-06 22:00:00,29.0,89,0.0,250,11.2,7,1009.0,2
2024-06-06 23:00:00,28.0,100,0.3,260,9.4,7,1009.0,2
2024-06-07 00:00:00,29.0,94,0.2,260,7.6,7,1010.0,2
2024-06-07 01:00:00,30.0,89,0.0,230,5.4,7,1010.0,2
2024-06-07 02:00:00,31.0,84,0.0,280,11.2,7,1010.0,2
2024-06-07 03:00:00,33.0,71,0.0,280,11.2,7,1010.1,2
2024-06-07 04:00:00,33.0,67,0.0,270,13.0,7,1009.0,3
2024-06-07 05:00:00,26.0,94,0.0,120,20.5,7,1010.0,3
2024-06-07 06:00:00,26.0,100,0.0,160,16.6,7,1008.0,3
2024-06-07 07:00:00,27.0,100,0.0,262,3.6,7,1007.0,3
2024-06-07 08:00:00,27.0,100,0.0,262,3.6,7,1006.0,3
2024-06-07 09:00:00,28.0,94,0.0,262,3.6,7,1006.0,3
2024-06-07 10:00:00,28.0,94,1.2,40,7.6,8,1006.0,3
2024-06-07 11:00:00,27.0,100,0.0,60,11.2,7,1007.0,5
2024-06-07 12:00:00,27.0,100,0.0,240,1.8,7,1007.0,3
2024-06-07 13:00:00,27.0,94,0.0,60,7.6,7,1008.0,3
2024-06-07 14:00:00,26.0,94,0.0,60,9.4,7,1008.0,3
2024-06-07 15:00:00,27.0,89,0.0,204,3.6,7,1008.0,2
2024-06-07 16:00:00,27.0,94,0.0,205,1.8,7,1008.0,2
2024-06-07 17:00:00,27.0,94,0.0,195,1.8,7,1008.0,2
2024-06-07 18:00:00,27.0,94,0.0,180,3.6,7,1007.0,2
2024-06-07 19:00:00,27.0,94,0.0,184,1.8,7,1007.0,2
2024-06-07 20:00:00,26.0,100,0.0,188,3.6,7,1006.0,2
2024-06-07 21:00:00,26.0,100,0.0,50,1.8,7,1007.0,2
2024-06-07 22:00:00,27.0,94,0.0,0,0.0,7,1007.0,2
2024-06-07 23:00:00,27.0,94,0.0,176,1.8,7,1008.0,2
2024-06-08 00:00:00,28.0,94,0.0,169,3.6,7,1008.0,2
2024-06-08 01:00:00,29.0,89,0.0,231,1.8,7,1009.0,2
2024-06-08 02:00:00,31.0,84,0.1,242,3.6,7,1009.0,2
2024-06-08 03:00:00,33.0,71,0.0,270,11.2,7,1009.0,2
2024-06-08 04:00:00,33.0,67,0.0,320,15.0,7,1008.0,2
2024-06-08 05:00:00,34.0,63,0.0,300,11.2,7,1008.0,3
2024-06-08 06:00:00,34.0,63,0.0,290,13.0,7,1006.0,3
2024-06-08 07:00:00,35.0,56,0.0,300,11.2,7,1005.0,3
2024-06-08 08:00:00,34.0,60,0.0,280,11.2,7,1004.0,3
2024-06-08 09:00:00,34.0,60,3.1,280,11.2,7,1004.0,3
2024-06-08 10:00:00,27.0,89,0.3,250,24.1,7,1006.0,3
2024-06-08 11:00:00,27.0,94,6.6,210,9.4,7,1006.0,3
2024-06-08 12:00:00,28.0,84,0.6,220,3.6,7,1007.0,3
2024-06-08 13:00:00,28.0,89,0.4,140,7.6,7,1007.0,3
2024-06-08 14:00:00,27.0,94,0.0,140,7.6,7,1008.0,3
2024-06-08 15:00:00,27.0,94,0.0,120,7.6,7,1008.0,3
2024-06-08 16:00:00,27.0,94,0.0,130,7.6,7,1008.0,3
2024-06-08 17:00:00,27.0,94,0.0,120,7.6,7,1008.0,3
2024-06-08 18:00:00,27.0,94,0.0,160,5.4,7,1007.0,3
2024-06-08 19:00:00,28.0,94,0.0,179,3.6,7,1007.0,3
2024-06-08 20:00:00,28.0,94,0.0,180,11.2,7,1006.0,3
2024-06-08 21:00:00,28.0,94,0.0,210,9.4,7,1006.0,3
2024-06-08 22:00:00,28.0,100,0.0,193,3.6,7,1006.0,3
2024-06-08 23:00:00,28.0,100,0.0,210,7.6,7,1007.0,3
2024-06-09 00:00:00,29.0,94,0.0,200,9.4,7,1007.0,3
2024-06-09 01:00:00,31.0,84,0.0,250,13.0,8,1008.0,3
2024-06-09 02:00:00,32.0,80,0.0,250,16.6,8,1008.0,3
2024-06-09 03:00:00,28.0,89,0.0,270,27.7,8,1009.0,3
2024-06-09 04:00:00,30.0,79,0.1,270,27.7,8,1008.0,7
2024-06-09 05:00:00,30.0,79,0.3,270,22.3,8,1008.0,7
2024-06-09 06:00:00,30.0,79,2.5,280,14.8,8,1007.0,7
2024-06-09 07:00:00,31.0,75,0.8,260,20.5,8,1007.0,7
2024-06-09 08:00:00,31.0,75,0.2,260,18.4,8,1006.0,8
2024-06-09 09:00:00,31.0,75,0.6,250,13.0,8,1006.0,8
2024-06-09 10:00:00,31.0,75,0.4,260,16.6,8,1006.0,9
2024-06-09 11:00:00,31.0,70,0.1,240,16.6,8,1007.0,9
2024-06-09 12:00:00,30.0,75,0.0,240,18.4,8,1007.0,8
2024-06-09 13:00:00,30.0,75,0.0,220,11.2,8,1008.0,8
2024-06-09 14:00:00,30.0,75,0.0,240,16.6,8,1009.0,8
2024-06-09 15:00:00,29.0,79,0.0,250,14.8,8,1010.0,7
2024-06-09 16:00:00,29.0,79,0.0,240,13.0,0,1010.0,7
2024-06-09 17:00:00,29.0,79,0.0,240,13.0,0,1010.0,7
2024-06-09 18:00:00,29.0,84,0.0,230,13.0,0,1009.0,7
2024-06-09 19:00:00,28.0,89,0.0,220,11.2,8,1008.0,7
2024-06-09 20:00:00,28.0,89,0.0,220,11.2,8,1008.0,7
2024-06-09 21:00:00,28.0,89,0.0,210,11.2,8,1008.0,7
2024-06-09 22:00:00,28.0,89,0.0,220,11.2,8,1009.0,7
2024-06-09 23:00:00,28.0,89,0.0,230,9.4,8,1009.0,7
2024-06-10 00:00:00,29.0,84,0.0,230,11.2,8,1010.0,7
2024-06-10 01:00:00,29.0,84,0.0,220,14.8,8,1010.0,7
2024-06-10 02:00:00,31.0,70,0.0,230,14.8,8,1010.0,7
2024-06-10 03:00:00,29.0,84,0.0,270,27.7,8,1011.0,7
2024-06-10 04:00:00,30.0,75,0.1,260,33.5,8,1010.0,7
2024-06-10 05:00:00,31.0,66,0.0,260,22.3,8,1010.0,7
2024-06-10 06:00:00,31.0,70,2.3,230,20.5,8,1009.0,7
2024-06-10 07:00:00,31.0,66,0.1,260,16.6,8,1008.0,7
2024-06-10 08:00:00,32.0,52,1.3,250,18.4,8,1008.0,3
2024-06-10 09:00:00,32.0,46,0.0,240,20.5,8,1008.0,7
2024-06-10 10:00:00,32.0,52,2.5,260,20.5,8,1008.0,7
2024-06-10 11:00:00,30.0,62,0.0,260,16.6,8,1008.0,7
2024-06-10 12:00:00,30.0,66,0.0,250,16.6,8,1009.0,3
2024-06-10 13:00:00,29.0,70,0.0,240,14.8,8,1010.0,3
2024-06-10 14:00:00,29.0,70,0.0,230,11.2,7,1011.0,3
2024-06-10 15:00:00,30.0,70,0.0,220,11.2,7,1011.0,3
2024-06-10 16:00:00,29.0,74,0.0,240,13.0,7,1012.0,3
2024-06-10 17:00:00,28.0,84,0.0,220,11.2,7,1011.0,3
2024-06-10 18:00:00,28.0,84,0.0,210,7.6,7,1011.0,3
2024-06-10 19:00:00,28.0,89,0.0,230,11.2,7,1010.0,3
2024-06-10 20:00:00,28.0,89,0.0,230,5.4,7,1010.0,3
2024-06-10 21:00:00,28.0,89,0.0,210,3.6,7,1010.0,2
2024-06-10 22:00:00,28.0,89,0.0,220,5.4,7,1011.0,2
2024-06-10 23:00:00,28.0,89,0.0,220,7.6,7,1012.0,2
2024-06-11 00:00:00,29.0,89,0.0,160,5.4,7,1012.0,2
2024-06-11 01:00:00,31.0,75,0.0,220,9.4,7,1012.0,2
2024-06-11 02:00:00,32.0,67,0.0,220,14.8,7,1012.0,2
2024-06-11 03:00:00,33.0,63,0.0,230,18.4,6,1012.0,2
2024-06-11 04:00:00,32.0,63,0.0,280,13.0,7,1011.0,2
2024-06-11 05:00:00,34.0,53,0.0,270,18.4,7,1010.0,2
2024-06-11 06:00:00,34.0,53,0.0,290,16.6,7,1010.0,2
2024-06-11 07:00:00,34.0,56,0.0,280,18.4,7,1009.0,3
2024-06-11 08:00:00,35.0,50,1.5,310,16.6,7,1008.0,3
2024-06-11 09:00:00,34.0,56,0.0,280,14.8,7,1008.0,3
2024-06-11 10:00:00,33.0,59,0.0,290,14.8,7,1008.0,3
2024-06-11 11:00:00,32.0,63,0.0,260,16.6,7,1008.0,3
2024-06-11 12:00:00,31.0,70,0.0,270,9.4,7,1009.0,3
2024-06-11 13:00:00,31.0,75,0.0,260,13.0,7,1010.0,2
2024-06-11 14:00:00,30.0,70,0.0,250,16.6,6,1010.0,2
2024-06-11 15:00:00,30.0,75,0.0,250,13.0,6,1011.0,2
2024-06-11 16:00:00,29.0,79,0.0,260,13.0,6,1011.0,2
2024-06-11 17:00:00,29.0,84,0.0,250,13.0,6,1011.0,2
2024-06-11 18:00:00,28.0,94,0.0,250,13.0,6,1010.0,2
2024-06-11 19:00:00,28.0,94,0.0,250,14.8,6,1010.0,2
2024-06-11 20:00:00,28.0,94,0.0,250,13.0,6,1010.0,2
2024-06-11 21:00:00,27.0,94,0.0,260,13.0,6,1011.0,2
2024-06-11 22:00:00,27.0,94,0.0,260,9.4,6,1011.0,2
2024-06-11 23:00:00,28.0,94,0.0,260,9.4,6,1011.0,2
2024-06-12 00:00:00,29.0,89,0.0,260,14.8,6,1012.0,2
2024-06-12 01:00:00,30.0,89,0.0,260,18.4,6,1012.0,2
2024-06-12 02:00:00,32.0,71,0.0,290,16.6,6,1013.0,2
2024-06-12 03:00:00,33.0,63,0.0,290,16.6,6,1012.0,2
2024-06-12 04:00:00,34.0,56,0.0,280,20.5,6,1012.0,2
2024-06-12 05:00:00,34.0,56,0.2,280,18.4,6,1011.0,2
2024-06-12 06:00:00,35.0,53,0.1,280,18.4,7,1010.0,2
2024-06-12 07:00:00,36.0,47,0.0,290,14.8,7,1009.0,2
2024-06-12 08:00:00,35.0,53,2.3,270,18.4,7,1009.0,2
2024-06-12 09:00:00,35.0,50,1.0,290,16.6,7,1008.0,2
2024-06-12 10:00:00,34.0,56,0.0,280,14.8,7,1008.0,25
2024-06-12 11:00:00,33.0,59,0.0,280,14.8,7,1009.0,25
2024-06-12 12:00:00,28.0,79,0.0,290,14.8,7,1009.0,2
2024-06-12 13:00:00,29.0,74,0.0,300,9.4,7,1010.0,2
2024-06-12 14:00:00,28.0,84,0.0,300,7.6,6,1010.0,2
2024-06-12 15:00:00,28.0,84,0.0,189,1.8,6,1010.0,2
2024-06-12 16:00:00,28.0,84,0.0,188,1.8,6,1011.0,2
2024-06-12 17:00:00,28.0,89,0.0,250,7.6,6,1010.0,2
2024-06-12 18:00:00,28.0,89,0.0,250,14.8,6,1009.0,2
2024-06-12 19:00:00,28.0,89,0.0,260,13.0,6,1009.0,2
2024-06-12 20:00:00,28.0,89,0.0,260,11.2,6,1009.0,2
2024-06-12 21:00:00,27.0,94,0.0,260,11.2,6,1009.0,2
2024-06-12 22:00:00,27.0,94,0.0,270,7.6,6,1010.0,2
2024-06-12 23:00:00,27.0,94,0.0,280,7.6,6,1010.0,2
2024-06-13 00:00:00,29.0,84,0.0,280,13.0,6,1011.0,2
2024-06-13 01:00:00,30.0,79,0.0,300,13.0,6,1011.0,2
2024-06-13 02:00:00,32.0,67,0.0,310,13.0,6,1011.0,2
2024-06-13 03:00:00,33.0,67,0.0,320,11.2,6,1010.0,2
2024-06-13 04:00:00,34.0,56,0.0,340,14.8,6,1009.0,2
2024-06-13 05:00:00,35.0,53,0.0,340,18.4,6,1009.0,2
2024-06-13 06:00:00,35.0,50,0.0,330,14.8,6,1007.0,2
2024-06-13 07:00:00,35.0,53,0.0,290,16.6,6,1006.0,2
2024-06-13 08:00:00,35.0,56,0.0,320,13.0,7,1006.0,2
2024-06-13 09:00:00,35.0,53,0.2,290,16.6,7,1006.0,2
2024-06-13 10:00:00,35.0,53,0.0,290,13.0,7,1006.0,3
2024-06-13 11:00:00,34.0,56,0.0,290,9.4,7,1006.0,2
2024-06-13 12:00:00,34.0,56,0.0,290,7.6,7,1007.0,2
2024-06-13 13:00:00,32.0,71,0.0,270,9.4,6,1007.0,2
2024-06-13 14:00:00,32.0,71,0.0,260,9.4,6,1007.0,2
2024-06-13 15:00:00,31.0,84,0.0,250,13.0,0,1008.0,2
2024-06-13 16:00:00,31.0,79,0.0,250,14.8,0,1008.0,2
2024-06-13 17:00:00,30.0,84,0.0,250,14.8,0,1007.0,2
2024-06-13 18:00:00,30.0,84,0.0,240,14.8,0,1007.0,2
2024-06-13 19:00:00,29.0,94,0.0,250,13.0,0,1007.0,2
2024-06-13 20:00:00,29.0,94,0.0,260,11.2,0,1007.0,2
2024-06-13 21:00:00,28.0,100,0.0,260,11.2,0,1007.0,2
2024-06-13 22:00:00,28.0,100,0.0,260,9.4,0,1007.0,2
2024-06-13 23:00:00,28.0,100,0.0,250,7.6,0,1007.0,2
2024-06-14 00:00:00,30.0,89,0.0,260,7.6,6,1008.0,2
2024-06-14 01:00:00,31.0,84,0.0,290,9.4,6,1008.0,2
2024-06-14 02:00:00,33.0,71,0.0,280,9.4,6,1008.0,2
2024-06-14 03:00:00,34.0,63,0.1,260,7.6,6,1007.0,2
2024-06-14 04:00:00,35.0,53,0.2,270,11.2,6,1007.0,2
2024-06-14 05:00:00,35.0,56,0.0,310,9.4,7,1006.0,2
2024-06-14 06:00:00,36.0,50,0.0,310,13.0,7,1006.0,2
2024-06-14 07:00:00,36.0,50,3.7,280,9.4,7,1005.0,2
2024-06-14 08:00:00,34.0,60,3.1,256,14.8,7,1004.0,2
2024-06-14 09:00:00,27.0,94,0.0,180,29.5,7,1005.0,2
2024-06-14 10:00:00,26.0,100,0.0,247,3.6,7,1006.0,3
2024-06-14 11:00:00,27.0,100,0.0,240,7.6,7,1005.0,2
2024-06-14 12:00:00,27.0,100,0.0,130,9.4,7,1005.0,2
2024-06-14 13:00:00,27.0,100,0.0,218,1.8,7,1007.0,2
2024-06-14 14:00:00,28.0,94,0.0,205,1.8,6,1007.0,2
2024-06-14 15:00:00,28.0,94,0.0,184,1.8,6,1006.0,2
2024-06-14 16:00:00,28.0,94,0.0,189,3.6,6,1007.0,2
2024-06-14 17:00:00,28.0,94,0.0,186,5.4,6,1007.0,2
2024-06-14 18:00:00,28.0,94,0.0,183,1.8,6,1007.0,2
2024-06-14 19:00:00,27.0,100,0.0,179,3.6,6,1006.0,2
2024-06-14 20:00:00,28.0,94,0.0,120,5.4,6,1006.0,2
2024-06-14 21:00:00,28.0,100,1.3,166,1.8,6,1006.0,2
2024-06-14 22:00:00,29.0,94,0.0,360,1.8,6,1007.0,2
2024-06-14 23:00:00,28.0,100,0.0,0,0.0,6,1007.0,2
2024-06-15 00:00:00,29.0,94,0.0,204,3.6,6,1008.0,2
2024-06-15 01:00:00,30.0,94,0.0,231,1.8,7,1008.0,2
2024-06-15 02:00:00,31.0,89,0.0,0,0.0,6,1008.0,2
2024-06-15 03:00:00,32.0,80,0.0,0,0.0,6,1008.0,2
2024-06-15 04:00:00,33.0,75,0.0,255,5.4,6,1007.0,2
2024-06-15 05:00:00,33.0,67,0.0,262,3.6,6,1006.0,18
2024-06-15 06:00:00,34.0,60,0.0,250,5.4,7,1005.0,18
2024-06-15 07:00:00,35.0,56,0.0,310,9.4,7,1004.0,25
2024-06-15 08:00:00,35.0,56,0.0,340,9.4,7,1003.0,25
2024-06-15 09:00:00,35.0,56,3.2,274,5.4,7,1003.0,25
2024-06-15 10:00:00,35.0,56,4.0,242,3.6,7,1003.0,25
2024-06-15 11:00:00,34.0,63,0.0,270,7.6,7,1004.0,25
2024-06-15 12:00:00,32.0,80,0.0,220,18.4,7,1005.0,25
2024-06-15 13:00:00,32.0,75,0.0,200,18.4,7,1006.0,25
2024-06-15 14:00:00,25.0,94,0.0,250,31.7,7,1008.0,18
2024-06-15 15:00:00,27.0,94,0.0,220,16.6,7,1007.0,7
2024-06-15 16:00:00,27.0,94,0.0,260,11.2,6,1009.0,7
2024-06-15 17:00:00,27.0,94,0.0,181,3.6,6,1008.0,18
2024-06-15 18:00:00,27.0,94,0.0,181,3.6,6,1009.0,18
2024-06-15 19:00:00,24.0,100,0.0,70,16.6,6,1009.0,18
2024-06-15 20:00:00,24.0,94,5.0,100,16.6,6,1009.0,18
2024-06-15 21:00:00,24.0,94,1.0,189,3.6,6,1008.0,18
2024-06-15 22:00:00,24.0,100,0.2,0,0.0,7,1006.0,2
2024-06-15 23:00:00,25.0,94,0.0,260,5.4,7,1007.0,2
2024-06-16 00:00:00,26.0,94,0.0,151,1.8,7,1008.0,2
2024-06-16 01:00:00,26.0,94,0.0,20,13.0,7,1009.0,2
2024-06-16 02:00:00,28.0,89,0.0,360,9.4,7,1010.0,2
2024-06-16 03:00:00,29.0,84,0.0,223,5.4,7,1009.0,2
2024-06-16 04:00:00,31.0,66,0.0,234,1.8,7,1009.0,18
2024-06-16 05:00:00,33.0,59,0.0,330,9.4,7,1008.0,7
2024-06-16 06:00:00,34.0,50,0.0,244,3.6,7,1007.0,7
2024-06-16 07:00:00,35.0,47,0.0,242,7.6,7,1006.0,7
2024-06-16 08:00:00,35.0,50,0.0,280,5.4,7,1005.0,7
2024-06-16 09:00:00,35.0,50,0.0,238,3.6,7,1005.0,7
2024-06-16 10:00:00,33.0,59,0.0,200,16.6,7,1006.0,25
2024-06-16 11:00:00,31.0,70,0.1,220,14.8,7,1006.0,8
2024-06-16 12:00:00,30.0,75,0.0,210,13.0,7,1007.0,8
2024-06-16 13:00:00,30.0,75,0.0,210,9.4,7,1008.0,7
2024-06-16 14:00:00,30.0,75,0.0,210,13.0,7,1008.0,7
2024-06-16 15:00:00,29.0,79,0.0,240,11.2,7,1009.0,7
2024-06-16 16:00:00,29.0,84,0.0,230,13.0,6,1009.0,2
2024-06-16 17:00:00,28.0,94,0.0,240,18.4,6,1009.0,2
2024-06-16 18:00:00,28.0,94,0.0,240,13.0,6,1008.0,2
2024-06-16 19:00:00,27.0,100,0.0,240,9.4,6,1008.0,2
2024-06-16 20:00:00,27.0,100,0.0,250,11.2,6,1008.0,2
2024-06-16 21:00:00,27.0,94,0.0,240,11.2,6,1008.0,2
2024-06-16 22:00:00,27.0,94,0.0,190,3.6,7,1007.0,2
2024-06-16 23:00:00,27.0,94,0.0,186,1.8,7,1008.0,2
2024-06-17 00:00:00,28.0,94,0.0,200,11.2,7,1009.0,2
2024-06-17 01:00:00,29.0,89,0.0,220,7.6,7,1009.0,2
2024-06-17 02:00:00,31.0,79,0.2,250,7.6,7,1009.4,2
2024-06-17 03:00:00,32.0,63,0.1,270,7.6,6,1009.0,2
2024-06-17 04:00:00,33.0,59,0.0,270,7.6,6,1009.1,2
2024-06-17 05:00:00,34.0,53,0.0,280,9.4,7,1008.4,2
2024-06-17 06:00:00,34.0,53,0.0,250,9.4,7,1007.0,3
2024-06-17 07:00:00,34.0,56,0.0,270,7.6,7,1006.0,3
2024-06-17 08:00:00,35.0,53,1.8,241,7.6,7,1005.0,3
2024-06-17 09:00:00,34.0,53,0.3,270,11.2,7,1005.0,3
2024-06-17 10:00:00,32.0,67,0.8,170,16.6,7,1006.0,3
2024-06-17 11:00:00,28.0,89,0.0,240,13.0,7,1007.0,3
2024-06-17 12:00:00,29.0,89,0.0,210,1.8,7,1008.0,2
2024-06-17 13:00:00,28.0,89,0.0,230,11.2,7,1008.6,2
2024-06-17 14:00:00,29.0,89,0.0,220,13.0,7,1008.0,2
2024-06-17 15:00:00,29.0,89,0.0,230,13.0,6,1009.0,2
2024-06-17 16:00:00,28.0,94,0.0,220,13.0,7,1009.0,2
2024-06-17 17:00:00,28.0,94,0.0,230,14.8,7,1009.0,2
2024-06-17 18:00:00,28.0,94,0.0,250,14.8,7,1009.0,2
2024-06-17 19:00:00,28.0,94,0.0,230,14.8,7,1008.0,2
2024-06-17 20:00:00,27.0,100,0.0,240,13.0,7,1008.0,2
2024-06-17 21:00:00,27.0,100,0.0,230,11.2,7,1007.0,2
2024-06-17 22:00:00,27.0,100,0.0,230,9.4,7,1008.0,3
2024-06-17 23:00:00,27.0,100,0.0,250,11.2,7,1008.0,2
2024-06-18 00:00:00,28.0,94,0.0,240,9.4,7,1008.6,2
2024-06-18 01:00:00,29.0,94,0.0,250,14.8,7,1009.0,2
2024-06-18 02:00:00,30.0,84,0.0,290,13.0,7,1010.0,2
2024-06-18 03:00:00,32.0,67,0.2,280,16.6,7,1009.0,2
2024-06-18 04:00:00,33.0,63,0.2,270,14.8,7,1008.0,2
2024-06-18 05:00:00,33.0,59,0.2,260,14.8,7,1007.0,2
2024-06-18 06:00:00,34.0,60,1.3,250,14.8,7,1006.0,3
2024-06-18 07:00:00,34.0,56,0.3,290,13.0,7,1005.0,3
2024-06-18 08:00:00,34.0,56,0.3,250,16.6,7,1004.0,3
2024-06-18 09:00:00,35.0,56,0.0,250,16.6,7,1004.0,3
2024-06-18 10:00:00,34.0,56,0.1,240,20.5,7,1004.0,25
2024-06-18 11:00:00,31.0,66,2.3,320,9.4,7,1005.0,7
2024-06-18 12:00:00,31.0,66,3.8,0,0.0,7,1006.0,7
2024-06-18 13:00:00,32.0,67,0.0,200,13.0,7,1007.0,7
2024-06-18 14:00:00,29.0,84,0.1,180,16.6,7,1008.0,7
2024-06-18 15:00:00,29.0,84,0.0,200,16.6,7,1008.0,7
2024-06-18 16:00:00,29.0,84,0.0,210,16.6,7,1008.0,2
2024-06-18 17:00:00,29.0,84,0.0,220,20.5,7,1008.0,2
2024-06-18 18:00:00,29.0,84,0.0,220,16.6,7,1007.0,2
2024-06-18 19:00:00,28.0,89,0.0,220,18.4,7,1007.0,2
2024-06-18 20:00:00,28.0,89,0.0,230,16.6,7,1007.0,2
2024-06-18 21:00:00,28.0,89,0.0,220,18.4,7,1006.0,2
2024-06-18 22:00:00,28.0,89,0.0,220,20.5,7,1006.0,3
2024-06-18 23:00:00,28.0,89,0.0,230,14.8,7,1007.0,3
2024-06-19 00:00:00,28.0,89,0.0,230,14.8,7,1007.0,3
2024-06-19 01:00:00,30.0,79,0.0,230,16.6,7,1007.0,3
2024-06-19 02:00:00,31.0,75,0.0,250,20.5,7,1008.0,3
2024-06-19 03:00:00,32.0,67,0.0,260,22.3,7,1008.0,2
2024-06-19 04:00:00,34.0,60,0.0,280,20.5,7,1007.0,3
2024-06-19 05:00:00,34.0,60,0.0,270,22.3,7,1006.0,3
2024-06-19 06:00:00,34.0,56,0.0,280,22.3,7,1005.0,3
2024-06-19 07:00:00,35.0,56,0.3,270,18.4,7,1004.0,7
2024-06-19 08:00:00,35.0,56,8.1,280,13.0,7,1003.0,7
2024-06-19 09:00:00,34.0,60,0.4,330,16.6,7,1003.0,7
2024-06-19 10:00:00,30.0,62,0.3,200,22.3,8,1003.0,25
2024-06-19 11:00:00,29.0,79,0.0,240,25.9,8,1004.0,7
2024-06-19 12:00:00,30.0,70,0.0,250,13.0,0,1005.0,7
2024-06-19 13:00:00,30.0,70,0.0,310,5.4,7,1006.0,7
2024-06-19 14:00:00,29.0,79,0.0,187,1.8,0,1006.0,7
2024-06-19 15:00:00,29.0,79,0.0,240,13.0,7,1007.0,3
2024-06-19 16:00:00,30.0,75,0.0,220,9.4,7,1007.0,3
2024-06-19 17:00:00,29.0,79,0.0,210,13.0,7,1007.0,3
2024-06-19 18:00:00,29.0,79,0.1,240,14.8,7,1006.0,3
2024-06-19 19:00:00,29.0,79,0.2,230,18.4,7,1006.0,3
2024-06-19 20:00:00,28.0,89,0.0,240,18.4,7,1005.0,3
2024-06-19 21:00:00,28.0,89,0.0,240,16.6,7,1005.0,3
2024-06-19 22:00:00,28.0,89,0.0,240,16.6,8,1005.0,7
2024-06-19 23:00:00,28.0,89,0.0,250,11.2,8,1005.0,7
2024-06-20 00:00:00,28.0,89,0.1,250,14.8,8,1005.0,7
2024-06-20 01:00:00,29.0,84,0.0,260,16.6,8,1006.0,7
2024-06-20 02:00:00,30.0,79,0.2,240,16.6,8,1007.0,7
2024-06-20 03:00:00,31.0,75,0.0,240,18.4,8,1007.0,7
2024-06-20 04:00:00,32.0,71,0.2,280,13.0,8,1007.0,7
2024-06-20 05:00:00,32.0,67,0.4,300,16.6,8,1006.0,7
2024-06-20 06:00:00,32.0,67,0.3,280,14.8,8,1005.0,7
2024-06-20 07:00:00,33.0,63,0.7,290,14.8,8,1003.0,7
2024-06-20 08:00:00,33.0,63,2.6,320,11.2,8,1003.0,7
2024-06-20 09:00:00,33.0,59,2.0,350,14.8,8,1003.0,8
2024-06-20 10:00:00,32.0,67,3.1,350,9.4,8,1003.0,8
2024-06-20 11:00:00,32.0,67,0.8,20,5.4,8,1003.0,8
2024-06-20 12:00:00,28.0,84,1.0,70,9.4,8,1004.0,8
2024-06-20 13:00:00,29.0,79,1.2,220,22.3,8,1006.0,8
2024-06-20 14:00:00,26.0,89,0.4,270,22.3,8,1008.0,7
2024-06-20 15:00:00,24.0,94,0.2,230,24.1,8,1008.0,7
2024-06-20 16:00:00,25.0,94,0.2,240,14.8,8,1008.0,7
2024-06-20 17:00:00,25.0,94,0.0,180,13.0,8,1007.0,7
2024-06-20 18:00:00,25.0,94,0.3,190,5.4,8,1006.0,7
2024-06-20 19:00:00,25.0,94,0.3,270,5.4,8,1005.0,7
2024-06-20 20:00:00,25.0,94,0.0,360,3.6,8,1005.0,7
2024-06-20 21:00:00,25.0,94,0.0,50,9.4,8,1005.0,7
2024-06-20 22:00:00,25.0,94,0.0,20,11.2,8,1004.0,7
2024-06-20 23:00:00,25.0,94,0.0,350,5.4,8,1005.0,5
2024-06-21 00:00:00,26.0,89,0.0,0,0.0,0,1005.0,7
2024-06-21 01:00:00,27.0,89,0.0,221,3.6,8,1006.0,7
2024-06-21 02:00:00,28.0,79,0.0,242,3.6,0,1006.0,7
2024-06-21 03:00:00,29.0,79,0.0,251,3.6,8,1007.0,7
2024-06-21 04:00:00,29.0,79,0.0,340,5.4,8,1006.0,7
2024-06-21 05:00:00,30.0,75,0.0,330,9.4,8,1005.0,8
2024-06-21 06:00:00,30.0,75,0.1,270,13.0,8,1005.0,8
2024-06-21 07:00:00,30.0,75,0.2,310,9.4,8,1004.0,8
2024-06-21 08:00:00,31.0,70,0.0,360,5.4,8,1003.0,9
2024-06-21 09:00:00,31.0,70,4.9,350,9.4,8,1002.0,9
2024-06-21 10:00:00,26.0,89,2.5,340,22.3,8,1003.0,9
2024-06-21 11:00:00,25.0,94,1.2,290,5.4,8,1004.0,9
2024-06-21 12:00:00,26.0,89,1.4,240,14.8,8,1005.0,9
2024-06-21 13:00:00,26.0,94,1.1,230,24.1,8,1007.0,9
2024-06-21 14:00:00,25.0,94,0.1,240,18.4,8,1007.0,9
2024-06-21 15:00:00,25.0,94,0.3,250,7.6,8,1007.0,9
2024-06-21 16:00:00,25.0,94,1.2,230,11.2,8,1007.0,9
2024-06-21 17:00:00,25.0,94,0.8,172,3.6,8,1007.0,9
2024-06-21 18:00:00,26.0,89,0.2,172,3.6,8,1006.0,9
2024-06-21 19:00:00,26.0,89,0.2,173,1.8,0,1006.0,9
2024-06-21 20:00:00,26.0,89,0.0,250,5.4,0,1005.0,8
2024-06-21 21:00:00,25.0,94,0.0,250,3.6,8,1004.0,8
2024-06-21 22:00:00,26.0,89,0.0,250,7.6,8,1004.0,7
2024-06-21 23:00:00,26.0,94,0.0,210,9.4,8,1005.0,7
2024-06-22 00:00:00,27.0,89,1.2,240,11.2,8,1005.0,7
2024-06-22 01:00:00,28.0,89,0.8,240,14.8,8,1006.0,7
2024-06-22 02:00:00,28.0,84,0.6,240,20.5,8,1006.0,7
2024-06-22 03:00:00,29.0,79,0.5,260,18.4,8,1006.0,7
2024-06-22 04:00:00,30.0,75,0.3,260,18.4,8,1006.0,8
2024-06-22 05:00:00,31.0,70,2.3,250,25.9,8,1005.0,8
2024-06-22 06:00:00,32.0,67,0.6,240,27.7,8,1005.0,9
2024-06-22 07:00:00,30.0,70,0.9,240,33.5,8,1004.0,9
2024-06-22 08:00:00,31.0,70,1.2,250,31.7,8,1003.0,9
2024-06-22 09:00:00,31.0,66,1.0,240,31.7,8,1003.0,9
2024-06-22 10:00:00,30.0,70,0.3,230,24.1,8,1004.0,9
2024-06-22 11:00:00,29.0,79,0.4,210,25.9,8,1005.0,9
2024-06-22 12:00:00,27.0,84,0.3,220,20.5,8,1006.0,9
2024-06-22 13:00:00,27.0,89,0.2,210,20.5,8,1007.0,9
2024-06-22 14:00:00,28.0,79,0.8,210,18.4,8,1008.0,9
2024-06-22 15:00:00,27.0,84,0.2,220,18.4,8,1008.0,9
2024-06-22 16:00:00,27.0,84,0.0,220,18.4,8,1009.0,9
2024-06-22 17:00:00,27.0,84,0.0,240,37.1,8,1008.0,9
2024-06-22 18:00:00,26.0,84,0.0,240,24.1,8,1008.0,9
2024-06-22 19:00:00,26.0,84,0.0,240,18.4,8,1007.0,9
2024-06-22 20:00:00,26.0,84,0.2,240,16.6,8,1007.0,9
2024-06-22 21:00:00,25.0,89,0.0,250,18.4,0,1007.0,9
2024-06-22 22:00:00,25.0,94,0.0,250,11.2,0,1007.0,8
2024-06-22 23:00:00,25.0,94,0.0,240,14.8,8,1007.0,8
2024-06-23 00:00:00,26.0,89,0.0,220,13.0,8,1007.0,8
2024-06-23 01:00:00,27.0,84,0.0,240,16.6,8,1008.0,8
2024-06-23 02:00:00,28.0,79,0.2,240,29.5,8,1009.0,8
2024-06-23 03:00:00,29.0,70,0.2,240,33.5,8,1009.0,8
2024-06-23 04:00:00,29.0,70,0.3,250,27.7,8,1008.0,8
2024-06-23 05:00:00,30.0,70,5.5,250,27.7,8,1007.0,8
2024-06-23 06:00:00,30.0,70,2.6,250,20.5,8,1006.0,8
2024-06-23 07:00:00,31.0,66,0.9,250,27.7,8,1006.0,8
2024-06-23 08:00:00,31.0,66,0.4,240,24.1,8,1005.0,8
2024-06-23 09:00:00,30.0,75,0.6,240,16.6,8,1005.0,8
2024-06-23 10:00:00,29.0,79,1.4,230,22.3,8,1005.0,9
2024-06-23 11:00:00,29.0,79,0.4,240,18.4,8,1005.0,8
2024-06-23 12:00:00,27.0,79,0.3,220,27.7,8,1007.0,8
2024-06-23 13:00:00,27.0,84,0.0,220,24.1,8,1008.0,8
2024-06-23 14:00:00,26.0,89,0.0,250,9.4,8,1008.0,8
2024-06-23 15:00:00,27.0,84,0.0,240,9.4,8,1009.0,8
2024-06-23 16:00:00,27.0,79,1.5,200,13.0,8,1008.0,8
2024-06-23 17:00:00,27.0,84,0.7,210,7.6,8,1008.0,8
2024-06-23 18:00:00,27.0,84,0.3,200,11.2,8,1008.0,8
2024-06-23 19:00:00,27.0,84,0.0,210,7.6,8,1007.0,8
2024-06-23 20:00:00,26.0,89,0.2,240,5.4,8,1007.0,8
2024-06-23 21:00:00,27.0,84,0.0,220,7.6,8,1007.0,7
2024-06-23 22:00:00,27.0,84,0.0,200,5.4,8,1007.0,7
2024-06-23 23:00:00,27.0,84,0.0,200,7.6,8,1007.0,7
2024-06-24 00:00:00,28.0,84,0.0,220,13.0,8,1008.0,7
2024-06-24 01:00:00,25.0,94,0.0,209,1.8,8,1009.0,7
2024-06-24 02:00:00,26.0,94,0.0,70,7.6,8,1009.0,7
2024-06-24 03:00:00,25.0,89,0.1,230,16.6,8,1009.0,7
2024-06-24 04:00:00,26.0,89,0.2,230,13.0,8,1009.0,7
2024-06-24 05:00:00,27.0,84,1.7,250,18.4,8,1009.0,7
2024-06-24 06:00:00,29.0,79,4.1,250,31.7,8,1008.0,7
2024-06-24 07:00:00,30.0,70,0.5,240,27.7,8,1007.0,7
2024-06-24 08:00:00,30.0,70,0.0,230,27.7,8,1006.0,8
2024-06-24 09:00:00,29.0,74,2.2,230,24.1,8,1006.0,8
2024-06-24 10:00:00,29.0,74,1.0,250,13.0,8,1006.0,8
2024-06-24 11:00:00,29.0,74,0.2,230,14.8,8,1006.0,8
2024-06-24 12:00:00,29.0,74,0.1,220,13.0,8,1006.0,8
2024-06-24 13:00:00,28.0,79,1.1,240,16.6,8,1007.0,8
2024-06-24 14:00:00,28.0,79,0.0,230,18.4,8,1008.0,8
2024-06-24 15:00:00,28.0,79,0.0,240,13.0,8,1008.0,8
2024-06-24 16:00:00,28.0,79,0.0,210,11.2,8,1008.0,8
2024-06-24 17:00:00,27.0,84,0.8,220,11.2,8,1008.0,8
2024-06-24 18:00:00,27.0,84,0.0,210,14.8,8,1008.0,8
2024-06-24 19:00:00,27.0,89,0.2,190,14.8,8,1008.0,8
2024-06-24 20:00:00,27.0,84,0.2,220,16.6,8,1007.2,8
2024-06-24 21:00:00,25.0,89,0.3,230,20.5,8,1006.8,7
2024-06-24 22:00:00,25.0,89,0.8,240,16.6,8,1007.4,7
2024-06-24 23:00:00,25.0,89,0.2,240,16.6,8,1007.8,7
2024-06-25 00:00:00,25.0,89,0.0,250,9.4,8,1008.1,7
2024-06-25 01:00:00,27.0,84,0.0,250,5.4,8,1008.6,7
2024-06-25 02:00:00,28.0,79,0.0,210,13.0,8,1008.8,7
2024-06-25 03:00:00,30.0,70,0.0,250,18.4,8,1009.1,7
2024-06-25 04:00:00,32.0,63,0.1,280,18.4,8,1008.4,3
2024-06-25 05:00:00,32.0,63,0.0,280,16.6,8,1007.8,3
2024-06-25 06:00:00,31.0,66,0.0,290,14.8,8,1007.2,3
2024-06-25 07:00:00,32.0,63,0.0,250,16.6,8,1006.7,3
2024-06-25 08:00:00,32.0,63,0.0,240,11.2,8,1006.2,3
2024-06-25 09:00:00,32.0,63,1.8,250,18.4,8,1005.6,7
2024-06-25 10:00:00,31.0,66,0.0,230,18.4,8,1006.1,7
2024-06-25 11:00:00,30.0,70,0.0,250,14.8,8,1006.5,7
2024-06-25 12:00:00,29.0,74,0.0,260,14.8,8,1006.9,7
2024-06-25 13:00:00,29.0,79,0.0,240,11.2,8,1007.0,7
2024-06-25 14:00:00,29.0,79,0.0,250,14.8,8,1008.0,7
2024-06-25 15:00:00,26.0,84,0.0,260,25.9,7,1009.0,7
2024-06-25 16:00:00,25.0,89,1.1,280,14.8,7,1009.0,3
2024-06-25 17:00:00,26.0,84,0.0,280,13.0,7,1008.0,3
2024-06-25 18:00:00,26.0,84,0.0,260,13.0,8,1008.0,3
2024-06-25 19:00:00,26.0,79,0.0,290,9.4,8,1008.0,3
2024-06-25 20:00:00,25.0,89,0.0,190,3.6,7,1007.0,3
2024-06-25 21:00:00,25.0,84,0.0,203,1.8,7,1007.0,3
2024-06-25 22:00:00,25.0,89,0.0,280,3.6,8,1007.0,3
2024-06-25 23:00:00,26.0,79,0.0,170,1.8,0,1008.0,3
2024-06-26 00:00:00,27.0,79,0.0,166,3.6,8,1008.3,3
2024-06-26 01:00:00,28.0,74,0.0,330,5.4,8,1009.0,3
2024-06-26 02:00:00,29.0,70,0.0,340,9.4,7,1009.0,3
2024-06-26 03:00:00,30.0,70,0.0,290,13.0,7,1008.0,3
2024-06-26 04:00:00,32.0,63,0.0,290,18.4,7,1008.0,3
2024-06-26 05:00:00,32.0,63,0.0,270,18.4,7,1008.0,3
2024-06-26 06:00:00,33.0,59,0.0,310,14.8,7,1007.0,3
2024-06-26 07:00:00,32.0,63,0.0,280,13.0,7,1006.0,3
2024-06-26 08:00:00,32.0,63,0.0,290,13.0,7,1005.0,3
2024-06-26 09:00:00,32.0,63,0.0,260,11.2,7,1005.0,3
2024-06-26 10:00:00,32.0,63,0.0,290,11.2,8,1006.3,3
2024-06-26 11:00:00,28.0,84,0.0,70,11.2,8,1007.0,3
2024-06-26 12:00:00,28.0,84,0.0,360,9.4,8,1007.0,3
2024-06-26 13:00:00,28.0,89,0.0,10,1.8,7,1007.0,3
2024-06-26 14:00:00,28.0,89,0.0,182,3.6,7,1008.0,3
2024-06-26 15:00:00,29.0,84,0.0,20,5.4,7,1009.0,3
2024-06-26 16:00:00,29.0,84,0.9,70,9.4,0,1009.0,3
2024-06-26 17:00:00,28.0,84,3.9,176,3.6,7,1009.0,3
2024-06-26 18:00:00,28.0,79,0.1,175,3.6,7,1008.0,3
2024-06-26 19:00:00,28.0,84,0.0,260,5.4,7,1009.0,3
2024-06-26 20:00:00,26.0,89,0.1,260,14.8,7,1009.0,3
2024-06-26 21:00:00,26.0,89,0.0,300,7.6,7,1009.0,3
2024-06-26 22:00:00,26.0,89,0.0,360,5.4,7,1009.0,3
2024-06-26 23:00:00,26.0,89,0.0,330,5.4,7,1009.0,5
2024-06-27 00:00:00,28.0,84,0.0,50,7.6,7,1009.0,3
2024-06-27 01:00:00,29.0,79,0.0,60,9.4,7,1010.0,2
2024-06-27 02:00:00,30.0,75,0.0,63,5.4,7,1010.0,2
2024-06-27 03:00:00,31.0,75,0.0,360,5.4,7,1010.0,2
2024-06-27 04:00:00,32.0,67,0.3,44,5.4,7,1009.0,2
2024-06-27 05:00:00,32.0,67,0.4,310,11.2,7,1008.0,18
2024-06-27 06:00:00,30.0,79,0.3,200,13.0,7,1008.0,18
2024-06-27 07:00:00,28.0,79,2.6,240,18.4,7,1007.0,25
2024-06-27 08:00:00,29.0,79,6.2,240,13.0,7,1006.0,25
2024-06-27 09:00:00,30.0,75,6.5,200,14.8,7,1006.0,25
2024-06-27 10:00:00,30.0,79,0.6,170,11.2,8,1007.0,25
2024-06-27 11:00:00,30.0,75,0.6,160,11.2,8,1008.0,25
2024-06-27 12:00:00,25.0,94,2.5,70,25.9,8,1010.0,25
2024-06-27 13:00:00,25.0,94,0.1,60,7.6,7,1010.0,8
2024-06-27 14:00:00,25.0,94,0.0,300,7.6,7,1010.0,25
2024-06-27 15:00:00,25.0,94,0.0,10,7.6,7,1010.0,7
2024-06-27 16:00:00,25.0,94,0.0,30,5.4,7,1009.0,7
2024-06-27 17:00:00,25.0,94,0.0,192,3.6,7,1009.0,7
2024-06-27 18:00:00,25.0,94,0.0,0,0.0,7,1009.0,7
2024-06-27 19:00:00,25.0,94,0.0,80,5.4,7,1008.0,7
2024-06-27 20:00:00,26.0,89,0.0,182,1.8,7,1008.0,7
2024-06-27 21:00:00,26.0,89,0.0,181,3.6,7,1009.0,3
2024-06-27 22:00:00,25.0,94,0.0,350,3.6,7,1009.0,3
2024-06-27 23:00:00,26.0,94,0.0,50,5.4,0,1010.0,5
2024-06-28 00:00:00,26.0,94,0.0,187,3.6,0,1010.0,2
2024-06-28 01:00:00,28.0,84,0.0,20,5.4,0,1010.0,5
2024-06-28 02:00:00,30.0,70,0.0,50,5.4,7,1010.0,2
2024-06-28 03:00:00,31.0,70,0.0,30,5.4,7,1010.0,2
2024-06-28 04:00:00,32.0,67,0.1,150,9.4,7,1010.0,2
2024-06-28 05:00:00,32.0,63,0.1,140,13.0,7,1009.0,2
2024-06-28 06:00:00,32.0,63,4.3,100,18.4,7,1008.0,7
2024-06-28 07:00:00,32.0,67,0.8,140,16.6,7,1007.0,7
2024-06-28 08:00:00,33.0,63,0.0,110,16.6,7,1006.0,7
2024-06-28 09:00:00,32.0,67,0.3,120,18.4,7,1006.0,8
2024-06-28 10:00:00,32.0,63,0.5,170,22.3,8,1006.0,8
2024-06-28 11:00:00,31.0,70,0.7,170,18.4,7,1007.0,8
2024-06-28 12:00:00,30.0,75,0.4,160,13.0,7,1008.0,7
2024-06-28 13:00:00,30.0,75,0.0,160,9.4,7,1009.0,7
2024-06-28 14:00:00,29.0,79,0.0,150,9.4,7,1009.0,7
2024-06-28 15:00:00,29.0,79,0.0,170,11.2,7,1009.0,3
2024-06-28 16:00:00,29.0,79,0.0,160,9.4,7,1009.0,2
2024-06-28 17:00:00,29.0,79,0.2,100,9.4,7,1009.0,2
2024-06-28 18:00:00,29.0,84,0.3,130,7.6,7,1009.0,2
2024-06-28 19:00:00,28.0,89,0.7,100,11.2,7,1008.0,2
2024-06-28 20:00:00,28.0,89,0.1,60,5.4,7,1009.0,2
2024-06-28 21:00:00,27.0,94,0.0,196,3.6,7,1009.0,2
2024-06-28 22:00:00,27.0,94,0.0,196,1.8,7,1009.0,2
2024-06-28 23:00:00,27.0,94,0.3,197,3.6,7,1010.0,2
2024-06-29 00:00:00,28.0,89,0.0,280,5.4,7,1010.0,5
2024-06-29 01:00:00,29.0,79,0.1,190,7.6,7,1010.0,2
2024-06-29 02:00:00,29.0,79,0.1,170,9.4,7,1011.0,2
2024-06-29 03:00:00,31.0,75,0.0,170,13.0,7,1011.0,2
2024-06-29 04:00:00,31.0,75,0.0,130,9.4,7,1010.0,2
2024-06-29 05:00:00,32.0,67,0.0,181,11.2,7,1009.0,2
2024-06-29 06:00:00,33.0,67,0.0,150,11.2,7,1008.0,2
2024-06-29 07:00:00,33.0,63,2.2,160,20.5,7,1008.0,3
2024-06-29 08:00:00,33.0,56,0.3,170,20.5,7,1007.0,3
2024-06-29 09:00:00,33.0,59,0.4,160,18.4,7,1007.0,3
2024-06-29 10:00:00,32.0,63,0.0,180,20.5,7,1007.0,3
2024-06-29 11:00:00,31.0,70,0.0,180,22.3,7,1008.0,3
2024-06-29 12:00:00,30.0,75,0.0,150,14.8,7,1009.0,3
2024-06-29 13:00:00,30.0,75,0.0,160,16.6,7,1010.0,2
2024-06-29 14:00:00,30.0,75,0.0,160,14.8,7,1011.0,2
2024-06-29 15:00:00,30.0,75,0.0,170,16.6,6,1011.0,2
2024-06-29 16:00:00,29.0,79,0.0,170,14.8,6,1011.0,2
2024-06-29 17:00:00,29.0,79,0.0,160,11.2,6,1011.0,2
2024-06-29 18:00:00,29.0,79,0.3,180,14.8,6,1010.0,2
2024-06-29 19:00:00,29.0,79,0.4,190,14.8,6,1010.0,2
2024-06-29 20:00:00,28.0,84,0.0,190,13.0,6,1010.0,2
2024-06-29 21:00:00,28.0,84,0.0,190,7.6,6,1010.0,2
2024-06-29 22:00:00,28.0,84,0.0,210,7.6,7,1010.0,2
2024-06-29 23:00:00,28.0,84,0.0,210,5.4,6,1010.0,2
2024-06-30 00:00:00,29.0,79,0.0,270,5.4,6,1011.0,2
2024-06-30 01:00:00,30.0,75,0.0,220,7.6,7,1011.0,2
2024-06-30 02:00:00,31.0,66,0.0,221,3.6,6,1011.0,2
2024-06-30 03:00:00,32.0,59,0.2,250,11.2,6,1011.0,2
2024-06-30 04:00:00,32.0,59,0.0,300,11.2,6,1010.0,2
2024-06-30 05:00:00,34.0,56,0.0,260,13.0,6,1010.0,2
2024-06-30 06:00:00,34.0,56,0.0,290,13.0,7,1009.0,2
2024-06-30 07:00:00,34.0,56,0.0,260,14.8,7,1008.0,2
2024-06-30 08:00:00,35.0,53,0.8,260,13.0,7,1007.0,2
2024-06-30 09:00:00,32.0,63,0.0,190,24.1,7,1007.0,2
2024-06-30 10:00:00,32.0,59,0.3,190,14.8,7,1007.0,3
2024-06-30 11:00:00,32.0,59,0.2,190,13.0,7,1007.0,3
2024-06-30 12:00:00,31.0,66,0.0,210,20.5,7,1009.0,3
2024-06-30 13:00:00,27.0,84,0.0,240,14.8,7,1010.0,2
2024-06-30 14:00:00,29.0,70,0.0,230,13.0,7,1010.0,2
2024-06-30 15:00:00,28.0,70,0.0,240,11.2,6,1011.0,2
2024-06-30 16:00:00,28.0,74,0.0,260,9.4,6,1011.0,2
2024-06-30 17:00:00,28.0,74,0.0,240,13.0,6,1011.0,2
2024-06-30 18:00:00,28.0,79,0.0,220,13.0,6,1010.0,2
2024-06-30 19:00:00,28.0,79,0.0,230,11.2,6,1009.0,2
2024-06-30 20:00:00,27.0,84,0.0,230,7.6,6,1009.0,2
2024-06-30 21:00:00,27.0,84,0.0,250,11.2,6,1009.0,2
2024-06-30 22:00:00,26.0,89,0.0,260,11.2,7,1009.0,2
2024-06-30 23:00:00,27.0,89,0.0,240,5.4,7,1009.0,2
2024-07-01 00:00:00,28.0,89,0.0,250,7.6,7,1010.0,2
2024-07-01 01:00:00,29.0,84,0.1,240,14.8,7,1010.0,2
2024-07-01 02:00:00,31.0,75,0.0,260,18.4,6,1010.4,2
2024-07-01 03:00:00,31.0,66,0.2,240,20.5,6,1010.0,2
2024-07-01 04:00:00,31.0,70,0.0,250,24.1,6,1009.0,2
2024-07-01 05:00:00,31.0,66,0.0,240,31.7,7,1008.0,2
2024-07-01 06:00:00,32.0,67,0.0,260,25.9,7,1008.0,2
2024-07-01 07:00:00,32.0,67,0.1,250,24.1,7,1007.0,2
2024-07-01 08:00:00,33.0,63,0.8,280,22.3,7,1006.0,2
2024-07-01 09:00:00,33.0,63,0.0,280,16.6,7,1005.0,2
2024-07-01 10:00:00,33.0,59,0.0,290,13.0,7,1005.0,3
2024-07-01 11:00:00,32.0,63,0.0,300,14.8,7,1006.0,2
2024-07-01 12:00:00,31.0,66,0.0,280,9.4,7,1006.0,2
2024-07-01 13:00:00,30.0,70,0.0,290,7.6,7,1007.0,2
2024-07-01 14:00:00,29.0,79,0.3,280,5.4,6,1008.0,2
2024-07-01 15:00:00,30.0,75,0.0,280,5.4,6,1008.0,2
2024-07-01 16:00:00,29.0,84,0.0,280,9.4,6,1008.0,2
2024-07-01 17:00:00,30.0,79,0.0,280,11.2,6,1008.0,2
2024-07-01 18:00:00,29.0,84,0.0,320,7.6,6,1007.0,2
2024-07-01 19:00:00,29.0,79,0.0,340,3.6,6,1006.0,2
2024-07-01 20:00:00,28.0,84,0.0,50,5.4,6,1006.0,2
2024-07-01 21:00:00,28.0,84,0.0,175,3.6,6,1006.0,2
2024-07-01 22:00:00,27.0,89,0.0,270,5.4,7,1006.0,2
2024-07-01 23:00:00,27.0,89,0.0,280,7.6,0,1006.0,2
2024-07-02 00:00:00,29.0,79,0.0,290,9.0,7,1007.0,2
2024-07-02 01:00:00,30.0,75,0.0,270,7.6,7,1007.0,2
2024-07-02 02:00:00,31.0,70,0.0,270,5.4,7,1008.0,2
2024-07-02 03:00:00,33.0,59,0.1,330,7.6,6,1008.0,2
2024-07-02 04:00:00,32.0,67,0.3,280,9.4,6,1007.0,2
2024-07-02 05:00:00,34.0,60,0.5,250,5.4,7,1006.0,2
2024-07-02 06:00:00,35.0,56,4.3,280,13.0,7,1005.0,2
2024-07-02 07:00:00,34.0,60,11.6,290,16.6,7,1004.0,2
2024-07-02 08:00:00,31.0,70,0.5,270,16.6,7,1003.0,3
2024-07-02 09:00:00,29.0,84,1.7,100,11.2,7,1004.0,3
2024-07-02 10:00:00,28.0,89,0.4,238,3.6,7,1004.0,25
2024-07-02 11:00:00,29.0,74,0.2,190,16.6,7,1005.0,25
2024-07-02 12:00:00,28.0,79,0.0,120,14.8,7,1007.0,18
2024-07-02 13:00:00,27.0,84,1.7,170,9.4,7,1007.6,7
2024-07-02 14:00:00,26.0,94,0.2,290,5.4,7,1009.0,7
2024-07-02 15:00:00,26.0,94,0.4,176,3.6,7,1010.0,7
2024-07-02 16:00:00,26.0,89,1.0,330,9.4,7,1010.0,7
2024-07-02 17:00:00,26.0,89,0.8,360,11.2,7,1009.0,7
2024-07-02 18:00:00,25.0,94,0.4,10,7.6,7,1008.0,7
2024-07-02 19:00:00,25.0,94,0.3,80,7.6,7,1008.0,7
2024-07-02 20:00:00,26.0,94,0.1,173,1.8,7,1006.0,7
2024-07-02 21:00:00,26.0,94,0.1,350,5.4,7,1005.0,3
2024-07-02 22:00:00,26.0,94,0.0,30,9.4,7,1007.7,3
2024-07-02 23:00:00,26.0,89,0.0,0,0.0,7,1007.0,3
2024-07-03 00:00:00,27.0,84,2.6,0,0.0,7,1008.6,3
2024-07-03 01:00:00,28.0,79,0.0,211,3.6,7,1009.0,3
2024-07-03 02:00:00,29.0,79,3.4,270,7.6,7,1009.4,3
2024-07-03 03:00:00,30.0,75,0.1,260,14.8,7,1010.0,3
2024-07-03 04:00:00,30.0,75,0.0,240,14.8,7,1010.0,7
2024-07-03 05:00:00,32.0,67,0.2,280,11.2,7,1008.0,7
2024-07-03 06:00:00,32.0,63,0.2,250,13.0,8,1008.0,8
2024-07-03 07:00:00,32.0,67,1.9,240,16.6,8,1007.0,8
2024-07-03 08:00:00,32.0,63,3.4,250,13.0,8,1006.0,8
2024-07-03 09:00:00,32.0,67,0.5,240,14.8,8,1006.0,25
2024-07-03 10:00:00,29.0,79,0.8,260,20.5,8,1007.0,25
2024-07-03 11:00:00,27.0,89,0.6,220,14.8,8,1008.0,8
2024-07-03 12:00:00,26.0,89,0.1,190,13.0,8,1009.0,8
2024-07-03 13:00:00,26.0,89,0.0,160,5.4,0,1010.0,8
2024-07-03 14:00:00,26.0,94,0.1,180,9.4,0,1011.0,8
2024-07-03 15:00:00,26.0,94,0.3,190,9.4,0,1011.0,8
2024-07-03 16:00:00,27.0,89,0.0,177,3.6,0,1011.0,7
2024-07-03 17:00:00,27.0,89,0.0,178,1.8,0,1011.0,7
2024-07-03 18:00:00,26.0,94,0.3,178,3.6,8,1010.0,7
2024-07-03 19:00:00,26.0,94,0.3,20,14.8,8,1010.0,7
2024-07-03 20:00:00,26.0,94,0.0,50,5.4,8,1010.0,7
2024-07-03 21:00:00,26.0,94,0.6,40,9.4,7,1009.0,7
2024-07-03 22:00:00,25.0,94,0.3,60,7.6,8,1010.0,3
2024-07-03 23:00:00,26.0,89,0.0,120,5.4,0,1010.0,3
2024-07-04 00:00:00,26.0,89,0.0,181,3.6,8,1011.0,3
2024-07-04 01:00:00,27.0,84,0.0,201,3.6,8,1011.0,3
2024-07-04 02:00:00,28.0,84,0.2,210,3.6,8,1011.3,3
2024-07-04 03:00:00,29.0,79,5.3,215,1.8,8,1012.0,3
2024-07-04 04:00:00,31.0,70,0.4,240,11.2,8,1011.0,7
2024-07-04 05:00:00,31.0,75,0.3,260,13.0,8,1010.0,7
2024-07-04 06:00:00,30.0,75,0.5,240,14.8,8,1009.0,8
2024-07-04 07:00:00,30.0,75,0.3,250,24.1,8,1009.0,8
2024-07-04 08:00:00,28.0,79,0.1,235,11.2,8,1008.0,8
2024-07-04 09:00:00,28.0,84,0.0,170,16.6,8,1008.0,25
2024-07-04 10:00:00,28.0,84,0.0,160,16.6,8,1008.0,25
2024-07-04 11:00:00,27.0,79,0.0,240,16.6,8,1009.0,8
2024-07-04 12:00:00,26.0,89,0.0,250,9.4,8,1009.0,8
2024-07-04 13:00:00,27.0,84,0.0,240,9.4,8,1010.0,8
2024-07-04 14:00:00,26.0,89,0.0,250,5.4,8,1011.0,7
2024-07-04 15:00:00,27.0,84,0.0,185,1.8,8,1011.0,7
2024-07-04 16:00:00,26.0,89,0.1,340,9.4,8,1011.0,7
2024-07-04 17:00:00,26.0,89,0.3,330,5.4,8,1010.0,7
2024-07-04 18:00:00,26.0,94,0.0,40,9.4,8,1010.0,7
2024-07-04 19:00:00,26.0,94,0.0,50,9.4,8,1009.0,7
2024-07-04 20:00:00,26.0,94,0.0,50,5.4,7,1009.0,7
2024-07-04 21:00:00,26.0,94,0.0,20,5.4,7,1008.0,3
2024-07-04 22:00:00,26.0,89,0.0,40,5.4,7,1008.0,3
2024-07-04 23:00:00,26.0,89,0.0,20,5.4,0,1008.0,5
2024-07-05 00:00:00,26.0,89,0.0,20,7.6,0,1009.0,3
2024-07-05 01:00:00,27.0,84,0.0,10,9.4,0,1009.0,3
2024-07-05 02:00:00,28.0,79,0.0,237,5.4,7,1010.0,3
2024-07-05 03:00:00,30.0,75,0.1,280,11.2,7,1009.0,3
2024-07-05 04:00:00,31.0,66,0.2,290,14.8,7,1009.0,3
2024-07-05 05:00:00,32.0,63,0.0,290,13.0,7,1008.0,3
2024-07-05 06:00:00,33.0,59,0.0,320,13.0,7,1007.0,3
2024-07-05 07:00:00,33.0,59,0.0,290,14.8,7,1007.0,3
2024-07-05 08:00:00,33.0,59,0.8,320,16.6,7,1005.0,3
2024-07-05 09:00:00,33.0,59,0.3,290,11.2,7,1005.0,3
2024-07-05 10:00:00,32.0,63,0.1,270,14.8,7,1005.0,3
2024-07-05 11:00:00,30.0,70,1.8,250,22.3,7,1006.0,3
2024-07-05 12:00:00,29.0,70,0.1,240,18.4,7,1007.0,3
2024-07-05 13:00:00,29.0,70,0.0,240,11.2,7,1007.0,3
2024-07-05 14:00:00,29.0,74,0.0,250,14.8,7,1008.0,3
2024-07-05 15:00:00,29.0,74,0.0,230,14.8,7,1008.0,3
2024-07-05 16:00:00,28.0,79,0.0,250,13.0,7,1008.0,2
2024-07-05 17:00:00,27.0,89,0.0,250,13.0,7,1008.0,2
2024-07-05 18:00:00,27.0,89,0.0,250,11.2,7,1007.0,2
2024-07-05 19:00:00,27.0,89,0.0,250,13.0,7,1007.0,2
2024-07-05 20:00:00,26.0,94,0.0,250,9.4,0,1006.0,2
2024-07-05 21:00:00,26.0,94,0.0,250,7.6,7,1006.0,2
2024-07-05 22:00:00,26.0,94,0.0,0,0.0,7,1006.0,2
2024-07-05 23:00:00,26.0,94,0.0,165,1.8,7,1006.0,2
2024-07-06 00:00:00,28.0,84,0.0,60,3.6,7,1007.0,2
2024-07-06 01:00:00,28.0,84,0.0,218,1.8,7,1007.0,2
2024-07-06 02:00:00,30.0,75,0.0,50,5.4,7,1007.0,2
2024-07-06 03:00:00,32.0,63,0.0,235,5.4,6,1007.0,2
2024-07-06 04:00:00,33.0,59,0.0,248,5.4,6,1007.0,2
2024-07-06 05:00:00,34.0,53,0.0,259,5.4,7,1006.0,2
2024-07-06 06:00:00,35.0,53,0.0,268,7.6,7,1005.0,2
2024-07-06 07:00:00,34.0,56,0.0,170,11.2,7,1004.0,2
2024-07-06 08:00:00,34.0,56,0.0,160,11.2,7,1004.0,2
2024-07-06 09:00:00,34.0,56,0.5,270,13.0,7,1004.7,2
2024-07-06 10:00:00,31.0,70,1.4,170,11.2,7,1004.0,3
2024-07-06 11:00:00,32.0,71,1.8,170,16.6,7,1004.0,3
2024-07-06 12:00:00,31.0,70,0.2,140,14.8,7,1006.0,3
2024-07-06 13:00:00,30.0,75,0.0,140,11.2,7,1006.0,3
2024-07-06 14:00:00,30.0,75,0.0,150,13.0,7,1007.0,2
2024-07-06 15:00:00,30.0,75,0.0,150,13.0,6,1007.0,2
2024-07-06 16:00:00,30.0,75,0.0,180,14.8,7,1007.0,2
2024-07-06 17:00:00,30.0,75,0.0,185,9.4,7,1007.0,2
2024-07-06 18:00:00,29.0,79,0.0,200,13.0,6,1007.0,2
2024-07-06 19:00:00,29.0,79,0.0,200,14.8,6,1007.0,2
2024-07-06 20:00:00,29.0,79,0.0,190,11.2,6,1006.0,2
2024-07-06 21:00:00,29.0,84,0.5,190,13.0,6,1006.0,2
2024-07-06 22:00:00,29.0,84,0.0,210,13.0,6,1007.0,2
2024-07-06 23:00:00,29.0,84,0.0,190,9.4,7,1007.0,2
2024-07-07 00:00:00,29.0,84,0.0,210,9.4,7,1007.0,5
2024-07-07 01:00:00,30.0,75,0.0,230,13.0,7,1008.0,2
2024-07-07 02:00:00,29.0,70,0.1,190,13.0,7,1008.0,2
2024-07-07 03:00:00,28.0,89,0.0,20,5.4,6,1008.0,2
2024-07-07 04:00:00,30.0,75,0.1,180,16.6,6,1008.0,2
2024-07-07 05:00:00,32.0,63,1.0,180,14.8,7,1007.0,2
2024-07-07 06:00:00,33.0,59,0.4,170,14.8,7,1006.0,18
2024-07-07 07:00:00,33.0,59,0.2,160,13.0,7,1006.0,25
2024-07-07 08:00:00,33.0,59,0.1,150,16.6,7,1005.0,25
2024-07-07 09:00:00,33.0,59,5.3,180,14.8,7,1005.0,25
2024-07-07 10:00:00,30.0,70,1.8,210,16.6,7,1005.0,25
2024-07-07 11:00:00,30.0,75,0.0,190,13.0,7,1005.0,25
2024-07-07 12:00:00,30.0,75,0.0,210,11.2,7,1007.0,7
2024-07-07 13:00:00,28.0,84,0.0,260,11.2,7,1008.0,7
2024-07-07 14:00:00,27.0,89,0.5,169,3.6,7,1008.0,7
2024-07-07 15:00:00,27.0,89,0.4,185,3.6,7,1008.0,3
2024-07-07 16:00:00,27.0,89,0.0,280,5.4,7,1008.0,3
2024-07-07 17:00:00,28.0,84,0.0,179,3.6,7,1008.0,2
2024-07-07 18:00:00,27.0,89,0.0,177,3.6,7,1008.0,2
2024-07-07 19:00:00,27.0,89,0.0,180,1.8,7,1008.0,2
2024-07-07 20:00:00,28.0,84,0.0,180,9.4,7,1007.0,2
2024-07-07 21:00:00,28.0,84,0.0,190,5.4,7,1007.0,2
2024-07-07 22:00:00,28.0,84,0.0,200,7.6,7,1007.0,2
2024-07-07 23:00:00,28.0,84,0.0,210,3.6,7,1007.0,2
2024-07-08 00:00:00,29.0,79,0.0,176,3.6,7,1007.0,2
2024-07-08 01:00:00,30.0,75,0.0,240,5.4,7,1008.0,2
2024-07-08 02:00:00,31.0,70,0.2,200,5.4,7,1007.0,2
2024-07-08 03:00:00,32.0,63,0.5,210,5.4,6,1008.0,2
2024-07-08 04:00:00,32.0,67,0.2,240,13.0,6,1007.0,2
2024-07-08 05:00:00,33.0,59,1.8,220,13.0,7,1007.0,2
2024-07-08 06:00:00,33.0,59,3.9,224,9.4,7,1007.0,18
2024-07-08 07:00:00,33.0,59,0.4,180,13.0,7,1006.0,25
2024-07-08 08:00:00,33.0,59,0.7,190,16.6,7,1005.0,25
2024-07-08 09:00:00,30.0,70,0.0,50,11.2,7,1005.0,7
2024-07-08 10:00:00,29.0,79,0.0,70,5.4,7,1005.0,25
2024-07-08 11:00:00,28.0,74,0.1,250,24.1,7,1006.8,25
2024-07-08 12:00:00,26.0,89,0.0,270,22.3,7,1008.0,7
2024-07-08 13:00:00,25.0,94,0.0,165,1.8,7,1008.0,7
2024-07-08 14:00:00,26.0,89,0.0,230,13.0,7,1008.0,7
2024-07-08 15:00:00,26.0,89,0.0,270,9.4,7,1008.0,7
2024-07-08 16:00:00,26.0,89,0.0,178,3.6,7,1009.0,7
2024-07-08 17:00:00,26.0,89,0.0,190,3.6,7,1009.0,7
2024-07-08 18:00:00,26.0,89,0.0,175,1.8,7,1008.0,18
2024-07-08 19:00:00,28.0,79,0.1,210,5.4,7,1009.0,7
2024-07-08 20:00:00,26.0,94,0.0,0,0.0,7,1008.2,7
2024-07-08 21:00:00,26.0,94,0.0,205,1.8,7,1008.0,3
2024-07-08 22:00:00,26.0,94,0.0,230,9.4,0,1008.0,3
2024-07-08 23:00:00,27.0,89,0.0,240,5.4,0,1008.0,5
2024-07-09 00:00:00,28.0,84,0.0,230,7.6,0,1008.0,3
2024-07-09 01:00:00,29.0,79,0.0,230,11.2,7,1010.0,3
2024-07-09 02:00:00,30.0,75,0.0,240,7.6,7,1010.0,3
2024-07-09 03:00:00,32.0,67,0.1,211,7.6,7,1009.0,2
2024-07-09 04:00:00,32.0,67,0.0,240,11.2,7,1009.0,2
2024-07-09 05:00:00,32.0,67,0.7,210,13.0,7,1008.0,3
2024-07-09 06:00:00,32.0,67,3.2,200,14.8,7,1008.0,3
2024-07-09 07:00:00,32.0,71,1.8,170,14.8,7,1007.0,3
2024-07-09 08:00:00,33.0,63,0.2,170,16.6,7,1006.0,3
2024-07-09 09:00:00,32.0,63,0.0,200,14.8,7,1006.0,3
2024-07-09 10:00:00,31.0,70,0.2,160,16.6,7,1006.0,3
2024-07-09 11:00:00,31.0,70,0.0,180,9.4,7,1007.0,3
2024-07-09 12:00:00,31.0,75,2.0,160,13.0,7,1009.0,3
2024-07-09 13:00:00,30.0,79,0.4,140,9.4,7,1009.0,3
2024-07-09 14:00:00,30.0,75,0.4,190,9.4,7,1009.0,3
2024-07-09 15:00:00,30.0,75,0.2,210,16.6,7,1010.0,7
2024-07-09 16:00:00,26.0,89,0.0,320,14.8,7,1011.0,7
2024-07-09 17:00:00,24.0,100,0.1,10,22.3,7,1011.0,7
2024-07-09 18:00:00,25.0,94,0.4,350,9.4,7,1011.0,7
2024-07-09 19:00:00,25.0,94,0.3,290,5.4,7,1011.0,7
2024-07-09 20:00:00,25.0,94,6.0,199,3.6,7,1010.0,7
2024-07-09 21:00:00,25.0,94,1.8,0,0.0,7,1010.0,3
2024-07-09 22:00:00,25.0,94,0.0,175,1.8,0,1010.0,3
2024-07-09 23:00:00,26.0,89,0.0,230,7.6,7,1010.0,3
2024-07-10 00:00:00,26.0,94,0.0,169,3.6,7,1010.8,3
2024-07-10 01:00:00,27.0,89,0.0,207,3.6,7,1011.0,3
2024-07-10 02:00:00,28.0,79,0.0,190,9.4,7,1011.0,3
2024-07-10 03:00:00,29.0,74,0.0,210,7.6,7,1011.0,3
2024-07-10 04:00:00,30.0,70,0.0,210,9.4,7,1011.0,3
2024-07-10 05:00:00,31.0,70,0.0,220,9.4,7,1010.0,3
2024-07-10 06:00:00,32.0,63,0.1,240,16.6,7,1010.0,7
2024-07-10 07:00:00,32.0,63,0.8,220,16.6,7,1009.0,7
2024-07-10 08:00:00,31.0,66,1.3,200,20.5,7,1008.0,7
2024-07-10 09:00:00,32.0,63,0.1,220,18.4,7,1007.0,7
2024-07-10 10:00:00,30.0,70,1.5,190,22.3,7,1008.0,25
2024-07-10 11:00:00,29.0,74,0.0,190,16.6,7,1008.0,8
2024-07-10 12:00:00,29.0,74,0.4,200,16.6,7,1009.0,7
2024-07-10 13:00:00,29.0,79,0.0,210,14.8,7,1009.0,7
2024-07-10 14:00:00,28.0,84,0.0,230,9.4,7,1010.0,7
2024-07-10 15:00:00,27.0,89,0.0,280,11.2,7,1010.0,7
2024-07-10 16:00:00,27.0,84,0.0,260,9.4,7,1011.0,3
2024-07-10 17:00:00,27.0,84,0.0,250,11.2,7,1010.0,3
2024-07-10 18:00:00,26.0,89,0.0,250,9.4,7,1009.0,3
2024-07-10 19:00:00,26.0,89,0.0,260,5.4,7,1009.0,2
2024-07-10 20:00:00,26.0,89,0.8,260,5.4,7,1009.0,2
2024-07-10 21:00:00,26.0,89,0.3,260,7.6,7,1008.8,2
2024-07-10 22:00:00,26.0,94,0.0,260,5.4,7,1009.0,2
2024-07-10 23:00:00,26.0,89,0.0,184,3.6,0,1009.0,2
2024-07-11 00:00:00,27.0,89,0.0,250,9.4,7,1010.0,2
2024-07-11 01:00:00,28.0,84,0.0,240,7.6,7,1010.0,2
2024-07-11 02:00:00,30.0,75,0.0,250,14.8,7,1010.0,3
2024-07-11 03:00:00,30.0,75,0.0,260,18.4,7,1010.0,3
2024-07-11 04:00:00,28.0,79,0.0,240,37.1,7,1009.0,3
2024-07-11 05:00:00,26.0,89,0.4,250,20.5,7,1009.0,7
2024-07-11 06:00:00,27.0,84,12.0,290,14.8,7,1008.0,7
2024-07-11 07:00:00,29.0,79,1.0,250,18.4,7,1007.0,7
2024-07-11 08:00:00,30.0,75,0.5,250,14.8,7,1006.0,7
2024-07-11 09:00:00,31.0,70,2.5,240,18.4,7,1006.0,7
2024-07-11 10:00:00,30.0,70,0.2,250,16.6,8,1006.0,8
2024-07-11 11:00:00,28.0,84,3.3,240,7.6,8,1006.0,8
2024-07-11 12:00:00,27.0,79,0.5,250,33.5,8,1008.0,8
2024-07-11 13:00:00,25.0,89,0.3,260,16.6,8,1009.0,8
2024-07-11 14:00:00,25.0,94,1.5,250,7.6,8,1009.0,8
2024-07-11 15:00:00,26.0,89,1.1,210,14.8,7,1009.0,8
2024-07-11 16:00:00,26.0,89,0.6,220,9.4,7,1009.0,8
2024-07-11 17:00:00,26.0,89,0.4,250,7.6,7,1009.0,8
2024-07-11 18:00:00,27.0,89,0.3,220,9.4,7,1008.0,8
2024-07-11 19:00:00,26.0,94,0.0,230,9.4,7,1008.0,8
2024-07-11 20:00:00,26.0,94,0.0,230,13.0,8,1008.0,8
2024-07-11 21:00:00,26.0,94,0.0,230,18.4,8,1007.0,7
2024-07-11 22:00:00,26.0,89,0.0,250,14.8,8,1007.0,7
2024-07-11 23:00:00,26.0,84,0.0,240,9.4,8,1007.0,7
2024-07-12 00:00:00,26.0,84,0.7,240,18.4,8,1007.0,7
2024-07-12 01:00:00,26.0,84,0.6,240,13.0,8,1008.0,7
2024-07-12 02:00:00,27.0,79,0.3,250,18.4,8,1009.0,7
2024-07-12 03:00:00,28.0,79,0.2,260,14.8,8,1008.0,7
2024-07-12 04:00:00,29.0,74,0.1,250,24.1,8,1008.0,7
2024-07-12 05:00:00,30.0,75,0.0,250,18.4,8,1007.0,7
2024-07-12 06:00:00,32.0,63,0.0,260,25.9,8,1006.0,7
2024-07-12 07:00:00,31.0,70,0.1,250,25.9,8,1005.0,7
2024-07-12 08:00:00,31.0,70,1.1,250,27.7,8,1004.0,7
2024-07-12 09:00:00,32.0,63,0.4,260,27.7,8,1004.0,7
2024-07-12 10:00:00,31.0,66,0.0,250,25.9,8,1004.0,8
2024-07-12 11:00:00,30.0,70,0.1,250,24.1,8,1005.0,8
2024-07-12 12:00:00,29.0,70,0.1,240,25.9,8,1005.0,7
2024-07-12 13:00:00,28.0,79,0.0,240,24.1,8,1006.0,7
2024-07-12 14:00:00,27.0,79,0.0,260,18.4,8,1007.0,7
2024-07-12 15:00:00,27.0,79,0.0,290,11.0,8,1008.0,7
2024-07-12 16:00:00,26.0,84,0.0,270,9.4,8,1008.0,7
2024-07-12 17:00:00,26.0,89,0.0,270,11.2,8,1007.0,7
2024-07-12 18:00:00,26.0,89,0.0,260,13.0,8,1007.0,7
2024-07-12 19:00:00,26.0,89,0.0,270,14.8,8,1006.0,7
2024-07-12 20:00:00,26.0,84,0.0,270,14.8,8,1006.0,7
2024-07-12 21:00:00,26.0,84,0.1,290,9.4,8,1005.0,7
2024-07-12 22:00:00,25.0,89,0.0,270,7.0,8,1005.0,7
2024-07-12 23:00:00,25.0,89,0.0,250,11.2,8,1006.0,7
2024-07-13 00:00:00,26.0,89,0.0,250,14.8,8,1006.0,7
2024-07-13 01:00:00,28.0,79,0.5,270,19.0,8,1006.0,7
2024-07-13 02:00:00,29.0,74,0.2,270,22.3,8,1006.0,7
2024-07-13 03:00:00,30.0,70,5.0,250,22.3,8,1006.0,7
2024-07-13 04:00:00,30.0,66,1.4,270,20.0,8,1006.0,7
2024-07-13 05:00:00,29.0,70,1.1,270,19.0,8,1005.0,7
2024-07-13 06:00:00,30.0,70,0.8,280,16.6,8,1005.0,7
2024-07-13 07:00:00,30.0,66,10.0,270,24.1,8,1004.0,7
2024-07-13 08:00:00,31.0,66,8.4,270,20.5,8,1003.0,7
2024-07-13 09:00:00,30.0,70,1.4,240,22.3,8,1003.0,7
2024-07-13 10:00:00,31.0,66,0.2,250,18.4,8,1003.0,8
2024-07-13 11:00:00,30.0,70,0.3,250,17.0,8,1004.0,8
2024-07-13 12:00:00,28.0,79,0.0,260,20.5,8,1005.0,8
2024-07-13 13:00:00,28.0,79,0.0,250,18.4,8,1005.6,7
2024-07-13 14:00:00,28.0,74,0.0,250,17.0,8,1006.0,7
2024-07-13 15:00:00,27.0,79,0.0,250,14.8,8,1007.0,7
2024-07-13 16:00:00,27.0,79,0.0,270,13.0,8,1007.0,7
2024-07-13 17:00:00,26.0,89,0.0,280,13.0,8,1007.0,7
2024-07-13 18:00:00,26.0,89,0.0,230,11.2,8,1006.0,7
2024-07-13 19:00:00,26.0,84,0.0,230,11.0,8,1004.0,7
2024-07-13 20:00:00,25.0,94,0.0,350,5.4,8,1004.0,7
2024-07-13 21:00:00,25.0,94,0.0,230,9.4,8,1005.0,7
2024-07-13 22:00:00,26.0,89,0.0,240,11.2,8,1005.0,7
2024-07-13 23:00:00,26.0,89,0.0,250,13.0,8,1006.0,7
2024-07-14 00:00:00,26.0,89,0.3,250,20.0,8,1006.0,7
2024-07-14 01:00:00,27.0,84,0.5,260,24.0,8,1006.0,7
2024-07-14 02:00:00,28.0,79,0.5,270,24.1,8,1006.0,7
2024-07-14 03:00:00,29.0,74,0.1,270,35.3,8,1006.0,7
2024-07-14 04:00:00,28.0,74,6.8,290,24.1,8,1006.0,8
2024-07-14 05:00:00,31.0,66,1.3,280,27.7,8,1005.0,8
2024-07-14 06:00:00,30.0,70,0.4,270,29.5,8,1005.0,8
2024-07-14 07:00:00,29.5,72,0.3,253,16.7,8,1005.1,8
2024-07-14 08:00:00,29.0,74,0.6,260,27.7,8,1004.7,8
2024-07-14 09:00:00,29.0,79,0.6,250,24.1,8,1003.0,8
2024-07-14 10:00:00,24.0,94,0.3,260,28.0,8,1004.0,8
2024-07-14 11:00:00,25.0,89,0.0,270,18.4,8,1005.0,8
2024-07-14 12:00:00,25.0,94,0.0,270,11.2,0,1005.0,8
2024-07-14 13:00:00,25.0,94,0.3,240,11.2,8,1005.0,8
2024-07-14 14:00:00,25.0,94,0.2,260,11.2,8,1006.0,8
2024-07-14 15:00:00,26.0,89,0.0,240,9.0,8,1007.0,8
2024-07-14 16:00:00,26.0,89,0.0,230,17.0,8,1006.0,8
2024-07-14 17:00:00,26.0,89,0.0,250,16.6,8,1006.0,8
2024-07-14 18:00:00,26.0,89,0.0,240,16.6,8,1005.0,8
2024-07-14 19:00:00,26.0,89,0.0,230,15.0,8,1004.0,8
2024-07-14 20:00:00,26.0,89,0.0,250,9.0,8,1004.0,8
2024-07-14 21:00:00,26.0,89,0.0,240,11.2,8,1005.0,7
2024-07-14 22:00:00,25.0,94,0.0,250,11.0,8,1005.0,7
2024-07-14 23:00:00,25.0,94,0.0,260,11.2,8,1005.0,7
2024-07-15 00:00:00,26.0,94,0.0,240,13.0,8,1005.0,7
2024-07-15 01:00:00,28.0,84,0.0,240,14.8,8,1006.0,7
2024-07-15 02:00:00,29.0,79,0.0,270,16.6,8,1006.0,7
2024-07-15 03:00:00,30.0,75,0.0,270,22.3,8,1006.0,7
2024-07-15 04:00:00,29.3,73,0.2,243,13.0,8,1006.5,7
2024-07-15 05:00:00,30.0,70,0.1,290,14.8,8,1005.0,7
2024-07-15 06:00:00,31.0,66,0.6,290,16.6,8,1004.0,8
2024-07-15 07:00:00,29.6,72,9.0,249,14.8,8,1005.0,8
2024-07-15 08:00:00,33.0,59,2.5,290,18.4,8,1002.0,8
2024-07-15 09:00:00,32.0,63,0.6,260,18.4,8,1002.0,8
2024-07-15 10:00:00,32.0,59,1.6,280,16.6,8,1003.0,9
2024-07-15 11:00:00,28.0,79,0.4,350,16.6,8,1004.0,9
2024-07-15 12:00:00,23.0,100,0.2,260,5.4,8,1006.0,9
2024-07-15 13:00:00,26.0,89,0.2,250,13.0,8,1006.0,9
2024-07-15 14:00:00,26.0,89,0.0,260,13.0,8,1007.0,9
2024-07-15 15:00:00,26.0,89,0.2,240,13.0,8,1007.0,9
2024-07-15 16:00:00,25.0,94,0.3,310,11.2,8,1008.0,8
2024-07-15 17:00:00,24.0,100,0.0,176,3.6,8,1006.0,8
2024-07-15 18:00:00,25.0,94,0.0,260,5.4,8,1005.0,8
2024-07-15 19:00:00,25.0,94,0.0,250,9.4,8,1005.0,8
2024-07-15 20:00:00,25.0,100,0.0,250,9.4,8,1004.0,8
2024-07-15 21:00:00,25.0,94,0.1,250,9.4,0,1004.0,8
2024-07-15 22:00:00,25.0,100,0.3,240,9.4,8,1005.0,5
2024-07-15 23:00:00,26.0,94,0.0,240,16.6,8,1006.0,7
2024-07-16 00:00:00,26.0,94,0.0,240,14.8,8,1006.0,7
2024-07-16 01:00:00,27.0,89,0.0,260,9.4,8,1006.0,7
2024-07-16 02:00:00,28.0,84,0.0,250,18.4,8,1006.0,7
2024-07-16 03:00:00,29.0,79,0.2,250,24.1,8,1007.0,7
2024-07-16 04:00:00,29.0,79,0.2,250,20.5,8,1006.0,7
2024-07-16 05:00:00,29.0,79,0.0,290,11.2,8,1006.0,8
2024-07-16 06:00:00,31.0,70,0.0,270,18.4,8,1005.0,8
2024-07-16 07:00:00,30.0,75,1.2,250,20.5,8,1004.0,8
2024-07-16 08:00:00,30.0,75,0.9,250,24.1,8,1003.0,8
2024-07-16 09:00:00,30.0,70,1.2,270,24.1,8,1003.0,9
2024-07-16 10:00:00,28.0,79,0.9,260,29.5,8,1004.0,9
2024-07-16 11:00:00,26.0,89,1.4,280,9.4,8,1005.0,9
2024-07-16 12:00:00,26.0,89,0.4,240,7.6,8,1005.0,9
2024-07-16 13:00:00,26.0,89,0.8,230,5.4,8,1006.0,9
2024-07-16 14:00:00,26.0,84,0.2,240,22.3,8,1007.0,9
2024-07-16 15:00:00,25.0,94,0.5,230,18.4,8,1007.0,9
2024-07-16 16:00:00,25.0,94,0.9,230,18.4,8,1007.0,9
2024-07-16 17:00:00,25.0,89,0.1,220,18.4,8,1006.0,9
2024-07-16 18:00:00,25.0,89,0.0,230,18.4,8,1006.0,8
2024-07-16 19:00:00,26.0,84,0.3,240,20.5,8,1006.0,8
2024-07-16 20:00:00,25.0,89,0.0,240,25.9,8,1005.0,8
2024-07-16 21:00:00,25.0,89,0.0,250,18.4,8,1005.0,8
2024-07-16 22:00:00,25.0,89,0.0,240,16.6,8,1005.0,7
2024-07-16 23:00:00,25.0,89,0.2,230,11.2,8,1006.0,7
2024-07-17 00:00:00,26.0,84,0.0,210,13.0,8,1006.0,7
2024-07-17 01:00:00,27.0,84,0.0,240,14.8,8,1007.0,7
2024-07-17 02:00:00,28.0,84,0.1,220,16.6,8,1007.1,7
2024-07-17 03:00:00,27.0,84,0.4,230,18.4,8,1007.0,7
2024-07-17 04:00:00,28.0,89,0.1,230,20.5,8,1007.0,8
2024-07-17 05:00:00,30.0,75,1.4,230,27.7,8,1005.0,8
2024-07-17 06:00:00,32.0,71,3.2,250,27.7,8,1005.0,9
2024-07-17 07:00:00,26.0,94,0.9,240,38.9,8,1005.0,9
2024-07-17 08:00:00,27.0,89,1.5,240,29.5,8,1005.0,9
2024-07-17 09:00:00,26.0,94,3.1,240,25.9,8,1005.0,9
2024-07-17 10:00:00,26.0,94,2.2,240,18.4,8,1005.0,9
2024-07-17 11:00:00,26.0,89,0.9,230,16.6,8,1006.0,9
2024-07-17 12:00:00,26.0,89,0.0,220,14.8,8,1006.0,9
2024-07-17 13:00:00,26.0,84,0.0,250,13.0,8,1007.0,9
2024-07-17 14:00:00,25.0,89,0.0,230,9.4,8,1008.0,9
2024-07-17 15:00:00,25.0,89,0.0,240,9.4,8,1008.0,9
2024-07-17 16:00:00,26.0,84,0.0,220,11.2,8,1008.0,9
2024-07-17 17:00:00,26.0,89,0.1,210,11.2,8,1007.0,9
2024-07-17 18:00:00,26.0,89,0.2,200,9.4,8,1007.0,9
2024-07-17 19:00:00,26.0,89,0.2,190,11.2,8,1007.0,9
2024-07-17 20:00:00,26.0,89,0.2,200,11.2,8,1006.0,8
2024-07-17 21:00:00,26.0,89,4.2,200,11.2,8,1006.0,8
2024-07-17 22:00:00,26.0,94,1.9,210,13.0,8,1006.0,8
2024-07-17 23:00:00,26.0,94,0.2,230,9.4,8,1007.0,8
2024-07-18 00:00:00,27.0,89,0.0,240,9.4,8,1008.0,8
2024-07-18 01:00:00,28.0,89,0.0,250,18.4,8,1008.0,8
2024-07-18 02:00:00,29.0,79,0.0,250,24.1,8,1008.0,8
2024-07-18 03:00:00,30.0,79,0.3,250,29.5,8,1008.0,8
2024-07-18 04:00:00,30.0,70,0.1,250,27.7,8,1007.0,8
2024-07-18 05:00:00,30.0,70,2.2,250,25.9,8,1007.0,8
2024-07-18 06:00:00,30.0,70,0.6,270,24.1,8,1007.0,8
2024-07-18 07:00:00,31.0,70,5.4,280,20.5,8,1006.0,8
2024-07-18 08:00:00,31.0,66,2.6,280,20.5,8,1005.0,8
2024-07-18 09:00:00,24.0,94,1.9,260,24.1,8,1007.0,9
2024-07-18 10:00:00,26.0,89,0.7,240,11.2,8,1006.0,9
2024-07-18 11:00:00,26.0,94,0.3,260,11.2,8,1007.0,9
2024-07-18 12:00:00,26.0,94,0.0,290,7.6,8,1007.0,9
2024-07-18 13:00:00,26.0,89,0.0,280,11.2,8,1009.0,9
2024-07-18 14:00:00,26.0,94,0.1,290,9.4,8,1009.0,9
2024-07-18 15:00:00,26.0,94,0.2,280,7.6,8,1009.0,8
2024-07-18 16:00:00,26.0,94,0.3,300,7.6,8,1009.0,9
2024-07-18 17:00:00,27.0,84,0.3,190,13.0,8,1008.0,9
2024-07-18 18:00:00,26.0,89,0.5,220,14.8,8,1008.0,9
2024-07-18 19:00:00,26.0,89,0.6,220,13.0,8,1007.0,9
2024-07-18 20:00:00,25.0,89,0.0,230,14.8,8,1007.0,9
2024-07-18 21:00:00,25.0,89,0.0,220,13.0,8,1007.0,8
2024-07-18 22:00:00,25.0,89,0.0,240,14.8,8,1007.0,7
2024-07-18 23:00:00,25.0,94,0.0,250,11.2,8,1007.0,7
2024-07-19 00:00:00,26.0,89,0.0,230,11.2,8,1007.0,7
2024-07-19 01:00:00,28.0,84,0.0,240,20.5,8,1008.0,7
2024-07-19 02:00:00,28.0,84,0.0,250,16.6,8,1008.0,7
2024-07-19 03:00:00,29.0,79,0.0,250,16.6,8,1008.0,7
2024-07-19 04:00:00,30.0,75,0.0,250,18.4,8,1008.0,8
2024-07-19 05:00:00,30.0,79,0.1,260,20.5,8,1007.0,8
2024-07-19 06:00:00,30.0,75,0.3,290,20.5,8,1007.0,9
2024-07-19 07:00:00,31.0,66,0.1,270,25.9,8,1006.0,9
2024-07-19 08:00:00,31.0,70,1.1,280,20.5,8,1005.0,9
2024-07-19 09:00:00,30.0,70,0.5,270,18.4,8,1005.0,9
2024-07-19 10:00:00,30.0,75,0.3,250,18.4,8,1005.0,9
2024-07-19 11:00:00,29.0,79,0.1,240,13.0,8,1005.0,9
2024-07-19 12:00:00,29.0,84,0.0,240,11.2,8,1006.0,9
2024-07-19 13:00:00,24.0,100,0.0,320,11.2,8,1008.0,9
2024-07-19 14:00:00,25.0,94,0.0,350,11.2,8,1008.0,9
2024-07-19 15:00:00,25.0,94,0.0,30,5.4,8,1009.0,9
2024-07-19 16:00:00,25.0,94,0.0,360,7.6,8,1009.0,7
2024-07-19 17:00:00,25.0,94,0.0,175,3.6,8,1009.0,7
2024-07-19 18:00:00,25.0,94,0.0,0,0.0,8,1008.0,7
2024-07-19 19:00:00,26.0,94,0.0,250,7.6,8,1007.0,7
2024-07-19 20:00:00,26.0,94,0.0,280,3.6,8,1007.0,7
2024-07-19 21:00:00,26.0,94,0.0,250,5.4,8,1007.0,7
2024-07-19 22:00:00,26.0,94,0.0,177,3.6,0,1007.0,7
2024-07-19 23:00:00,25.0,94,0.0,250,5.4,0,1007.0,7
2024-07-20 00:00:00,26.0,94,0.0,260,7.0,8,1008.0,7
2024-07-20 01:00:00,27.0,94,0.2,250,9.0,8,1008.0,7
2024-07-20 02:00:00,28.0,89,0.2,250,13.0,8,1009.0,7
2024-07-20 03:00:00,28.0,84,0.9,230,22.0,8,1009.0,7
2024-07-20 04:00:00,29.0,84,4.0,240,24.0,8,1008.0,8
2024-07-20 05:00:00,27.0,89,0.3,230,20.0,8,1008.0,8
2024-07-20 06:00:00,28.0,89,0.3,230,24.1,8,1008.0,8
2024-07-20 07:00:00,29.0,79,5.5,250,24.1,8,1006.0,9
2024-07-20 08:00:00,28.0,84,1.2,240,18.4,8,1006.0,9
2024-07-20 09:00:00,29.0,79,1.5,240,20.5,8,1005.0,9
2024-07-20 10:00:00,28.0,84,1.6,250,18.4,8,1006.0,9
2024-07-20 11:00:00,28.0,84,0.7,240,16.6,8,1007.0,9
2024-07-20 12:00:00,27.0,94,0.6,220,13.0,8,1008.0,9
2024-07-20 13:00:00,27.0,89,0.6,230,11.2,8,1008.0,9
2024-07-20 14:00:00,27.0,89,0.8,240,13.0,8,1008.0,9
2024-07-20 15:00:00,26.0,94,0.0,270,11.2,8,1009.0,8
2024-07-20 16:00:00,26.0,94,0.0,270,9.4,8,1009.0,8
2024-07-20 17:00:00,26.0,94,0.0,270,9.4,8,1009.0,8
2024-07-20 18:00:00,26.0,94,0.0,240,9.4,8,1009.0,8
2024-07-20 19:00:00,26.0,94,0.8,250,9.4,8,1008.0,8
2024-07-20 20:00:00,26.0,94,0.0,250,9.4,8,1008.0,8
2024-07-20 21:00:00,26.0,94,0.0,250,13.0,8,1007.0,8
2024-07-20 22:00:00,26.0,94,0.0,260,13.0,8,1007.7,7
2024-07-20 23:00:00,26.0,94,0.0,240,11.2,8,1008.0,7
2024-07-21 00:00:00,27.0,94,0.0,260,11.2,8,1008.0,7
2024-07-21 01:00:00,28.0,89,0.2,260,13.0,8,1008.0,7
2024-07-21 02:00:00,30.0,79,0.2,260,22.3,8,1008.0,7
2024-07-21 03:00:00,30.0,75,2.0,260,24.1,8,1008.0,7
2024-07-21 04:00:00,30.0,79,3.9,260,18.4,8,1008.0,8
2024-07-21 05:00:00,31.0,70,2.8,270,22.3,8,1007.0,8
2024-07-21 06:00:00,31.0,70,0.9,300,18.4,8,1007.0,8
2024-07-21 07:00:00,32.0,67,0.7,280,22.3,8,1006.0,8
2024-07-21 08:00:00,31.0,70,0.5,280,25.9,8,1006.0,8
2024-07-21 09:00:00,31.0,66,0.6,280,22.3,8,1006.0,8
2024-07-21 10:00:00,28.0,84,0.3,310,9.4,8,1006.0,9
2024-07-21 11:00:00,29.0,79,0.2,290,9.4,8,1006.0,8
2024-07-21 12:00:00,29.0,79,0.0,300,7.6,8,1007.0,8
2024-07-21 13:00:00,28.0,89,0.0,270,7.6,8,1008.0,8
2024-07-21 14:00:00,28.0,79,0.0,270,14.8,8,1008.0,8
2024-07-21 15:00:00,27.0,79,0.0,280,11.2,7,1008.0,7
2024-07-21 16:00:00,26.0,79,0.0,250,14.8,7,1009.0,7
2024-07-21 17:00:00,27.0,79,0.0,250,13.0,7,1009.0,7
2024-07-21 18:00:00,26.0,84,0.0,250,9.4,7,1009.0,7
2024-07-21 19:00:00,26.0,89,0.0,250,11.2,7,1008.0,7
2024-07-21 20:00:00,27.0,89,0.0,260,11.2,7,1008.0,7
2024-07-21 21:00:00,27.0,89,0.0,210,14.8,7,1007.0,7
2024-07-21 22:00:00,27.0,89,0.0,240,16.6,7,1007.0,7
2024-07-21 23:00:00,27.0,89,0.0,230,14.8,7,1008.0,7
2024-07-22 00:00:00,27.0,94,0.0,230,16.6,7,1008.0,7
2024-07-22 01:00:00,29.0,84,0.1,240,20.5,7,1009.0,7
2024-07-22 02:00:00,29.0,84,0.1,230,20.5,8,1009.0,7
2024-07-22 03:00:00,30.0,79,0.1,240,24.1,8,1009.0,7
2024-07-22 04:00:00,31.0,70,0.2,230,24.1,8,1008.0,7
2024-07-22 05:00:00,31.0,70,0.3,250,29.5,8,1008.0,7
2024-07-22 06:00:00,27.0,84,5.7,240,22.3,8,1007.0,7
2024-07-22 07:00:00,27.0,89,0.8,250,18.4,8,1007.0,7
2024-07-22 08:00:00,29.0,79,0.4,270,22.3,8,1006.0,3
2024-07-22 09:00:00,29.0,79,0.1,250,25.9,8,1006.0,7
2024-07-22 10:00:00,29.0,79,0.0,240,18.4,8,1006.0,7
2024-07-22 11:00:00,28.0,84,0.0,240,20.5,8,1007.0,7
2024-07-22 12:00:00,28.0,84,0.0,240,14.8,8,1007.0,7
2024-07-22 13:00:00,28.0,79,0.0,240,14.8,8,1008.0,7
2024-07-22 14:00:00,27.0,89,0.0,240,16.6,7,1009.0,3
2024-07-22 15:00:00,27.0,89,0.0,240,13.0,7,1010.0,3
2024-07-22 16:00:00,27.0,89,0.0,210,16.6,7,1010.0,3
2024-07-22 17:00:00,28.0,84,0.0,210,14.8,7,1010.0,3
2024-07-22 18:00:00,27.0,89,0.0,220,13.0,7,1009.0,3
2024-07-22 19:00:00,27.0,89,0.0,230,11.2,7,1008.0,3
2024-07-22 20:00:00,27.0,89,0.0,240,16.6,7,1008.0,3
2024-07-22 21:00:00,27.0,89,0.0,220,16.6,0,1007.0,3
2024-07-22 22:00:00,26.0,94,0.0,230,13.0,7,1007.0,7
2024-07-22 23:00:00,27.0,94,0.0,240,14.8,7,1007.0,5
2024-07-23 00:00:00,27.0,94,0.0,240,14.8,7,1008.0,7
2024-07-23 01:00:00,29.0,79,0.0,250,20.5,7,1008.0,7
2024-07-23 02:00:00,29.0,84,0.1,240,24.1,7,1009.0,7
2024-07-23 03:00:00,30.0,79,0.0,250,20.5,7,1009.0,7
2024-07-23 04:00:00,32.0,67,1.9,270,22.3,7,1009.0,7
2024-07-23 05:00:00,32.0,67,0.2,260,24.1,7,1007.0,3
2024-07-23 06:00:00,33.0,59,0.2,260,31.7,7,1007.0,3
2024-07-23 07:00:00,32.0,63,0.0,260,31.7,7,1006.0,3
2024-07-23 08:00:00,32.0,67,0.1,260,25.9,7,1005.0,3
2024-07-23 09:00:00,31.0,75,0.0,240,22.3,7,1005.0,3
2024-07-23 10:00:00,31.0,70,0.0,250,22.3,8,1005.0,3
2024-07-23 11:00:00,31.0,70,0.0,230,20.5,8,1006.0,3
2024-07-23 12:00:00,30.0,70,0.0,230,16.6,8,1006.0,3
2024-07-23 13:00:00,30.0,70,0.0,230,20.5,8,1007.0,3
2024-07-23 14:00:00,29.0,79,0.0,230,18.4,7,1008.0,3
2024-07-23 15:00:00,29.0,79,0.0,240,18.4,7,1008.0,3
2024-07-23 16:00:00,29.0,79,0.0,230,14.8,7,1008.0,3
2024-07-23 17:00:00,28.0,84,0.0,240,18.4,7,1007.0,3
2024-07-23 18:00:00,28.0,84,0.0,250,18.4,7,1007.0,3
2024-07-23 19:00:00,27.0,89,0.0,260,16.6,7,1007.0,3
2024-07-23 20:00:00,27.0,94,0.0,250,13.0,7,1006.0,3
2024-07-23 21:00:00,27.0,94,0.0,240,15.0,7,1006.0,3
2024-07-23 22:00:00,27.0,94,0.0,230,13.0,7,1006.0,7
2024-07-23 23:00:00,27.0,94,0.0,230,11.2,7,1006.0,7
2024-07-24 00:00:00,28.0,89,0.0,250,14.8,7,1007.0,7
2024-07-24 01:00:00,28.0,89,0.0,240,20.5,7,1007.0,7
2024-07-24 02:00:00,30.0,79,0.0,250,20.5,7,1007.0,7
2024-07-24 03:00:00,31.0,70,0.0,250,22.3,7,1007.0,7
2024-07-24 04:00:00,32.0,67,0.0,250,24.1,7,1006.0,7
2024-07-24 05:00:00,33.0,59,0.0,260,35.3,7,1005.0,7
2024-07-24 06:00:00,32.0,63,0.0,240,29.5,7,1005.0,3
2024-07-24 07:00:00,33.0,59,0.0,260,27.7,7,1004.0,3
2024-07-24 08:00:00,32.0,63,0.0,270,35.3,7,1003.0,3
2024-07-24 09:00:00,32.0,63,0.1,260,27.7,7,1003.0,3
2024-07-24 10:00:00,31.0,66,0.0,250,24.1,7,1003.0,3
2024-07-24 11:00:00,31.0,70,0.0,250,20.5,7,1004.0,3
2024-07-24 12:00:00,30.0,70,0.0,240,22.3,7,1005.0,3
2024-07-24 13:00:00,30.0,70,0.0,240,16.6,7,1005.0,3
2024-07-24 14:00:00,29.0,74,0.0,240,18.4,7,1006.0,3
2024-07-24 15:00:00,29.0,79,0.0,250,18.4,7,1007.0,3
2024-07-24 16:00:00,28.0,84,0.0,250,18.4,7,1007.0,3
2024-07-24 17:00:00,27.0,79,0.0,250,22.3,7,1007.0,3
2024-07-24 18:00:00,26.0,84,0.0,240,22.3,7,1006.0,3
2024-07-24 19:00:00,25.0,89,0.0,230,14.8,7,1005.0,3
2024-07-24 20:00:00,25.0,89,0.0,260,11.2,7,1004.0,3
2024-07-24 21:00:00,26.0,84,0.0,220,18.4,7,1004.0,7
2024-07-24 22:00:00,26.0,84,0.0,230,14.8,7,1004.0,7
2024-07-24 23:00:00,26.0,89,0.0,240,13.0,7,1004.0,7
2024-07-25 00:00:00,27.0,84,0.0,230,13.0,7,1005.0,7
2024-07-25 01:00:00,28.0,84,0.0,260,14.8,7,1005.0,7
2024-07-25 02:00:00,30.0,75,0.0,250,18.4,7,1006.0,7
2024-07-25 03:00:00,30.0,75,0.0,230,24.1,7,1005.0,7
2024-07-25 04:00:00,30.0,79,0.1,240,16.6,7,1005.0,7
2024-07-25 05:00:00,27.0,94,1.8,250,14.8,7,1004.0,7
2024-07-25 06:00:00,32.0,71,0.2,250,27.7,7,1003.0,7
2024-07-25 07:00:00,31.0,70,0.2,250,31.7,7,1003.0,7
2024-07-25 08:00:00,29.0,84,5.0,260,22.3,7,1002.0,7
2024-07-25 09:00:00,30.0,75,0.0,240,20.5,7,1003.0,7
2024-07-25 10:00:00,30.0,75,1.0,250,22.3,8,1003.0,8
2024-07-25 11:00:00,29.0,79,0.2,260,16.6,8,1004.0,8
2024-07-25 12:00:00,28.0,89,0.1,260,18.4,8,1005.0,8
2024-07-25 13:00:00,28.0,89,0.0,260,13.0,8,1006.0,8
2024-07-25 14:00:00,28.0,84,0.0,260,18.4,7,1007.0,8
2024-07-25 15:00:00,27.0,89,0.1,280,9.4,7,1007.0,8
2024-07-25 16:00:00,28.0,84,0.0,300,13.0,8,1007.0,8
2024-07-25 17:00:00,25.0,94,0.0,280,11.2,8,1006.0,8
2024-07-25 18:00:00,25.0,89,0.0,270,5.4,8,1005.0,8
2024-07-25 19:00:00,25.0,94,0.0,260,9.4,8,1004.0,8
2024-07-25 20:00:00,25.0,94,0.0,260,11.2,8,1005.0,8
2024-07-25 21:00:00,25.0,94,0.0,250,3.6,8,1005.0,8
2024-07-25 22:00:00,26.0,89,0.2,210,11.2,8,1005.0,8
2024-07-25 23:00:00,26.0,89,1.1,220,13.0,8,1006.0,8
2024-07-26 00:00:00,26.0,89,0.2,230,11.2,8,1007.0,8
2024-07-26 01:00:00,27.0,79,0.0,240,20.5,8,1007.0,8
2024-07-26 02:00:00,27.0,79,0.1,240,16.6,8,1007.0,8
2024-07-26 03:00:00,29.0,74,0.2,240,16.6,8,1007.0,8
2024-07-26 04:00:00,30.0,75,0.2,250,24.1,8,1007.0,7
2024-07-26 05:00:00,31.0,70,5.2,240,27.7,8,1006.0,7
2024-07-26 06:00:00,31.0,70,2.2,240,24.1,8,1005.0,7
2024-07-26 07:00:00,31.0,70,0.4,230,25.9,8,1005.0,7
2024-07-26 08:00:00,32.0,67,0.0,250,27.7,8,1004.0,7
2024-07-26 09:00:00,31.0,66,0.0,240,24.1,8,1005.0,7
2024-07-26 10:00:00,30.0,70,0.1,250,20.5,8,1005.0,7
2024-07-26 11:00:00,29.0,74,0.0,240,16.6,8,1005.0,7
2024-07-26 12:00:00,29.0,74,0.0,230,14.8,8,1006.0,7
2024-07-26 13:00:00,28.0,84,3.6,250,13.0,8,1007.0,7
2024-07-26 14:00:00,28.0,84,0.3,230,14.8,8,1008.0,7
2024-07-26 15:00:00,28.0,84,0.0,210,14.8,8,1008.0,7
2024-07-26 16:00:00,28.0,84,0.0,240,14.8,8,1008.0,7
2024-07-26 17:00:00,28.0,89,0.6,240,14.8,7,1008.0,7
2024-07-26 18:00:00,28.0,89,0.2,230,14.8,7,1007.0,7
2024-07-26 19:00:00,28.0,89,0.0,230,13.0,7,1007.0,7
2024-07-26 20:00:00,28.0,89,0.0,230,14.8,7,1007.0,7
2024-07-26 21:00:00,27.0,79,0.0,250,25.9,7,1007.0,7
2024-07-26 22:00:00,25.0,84,9.1,240,16.6,7,1007.0,3
2024-07-26 23:00:00,26.0,74,4.0,230,11.2,7,1007.0,3
2024-07-27 00:00:00,26.0,79,3.0,240,14.8,8,1008.0,3
2024-07-27 01:00:00,27.0,79,0.7,220,13.0,7,1008.0,3
2024-07-27 02:00:00,27.0,84,0.4,210,11.2,7,1009.0,3
2024-07-27 03:00:00,28.0,79,0.0,210,16.6,7,1009.0,3
2024-07-27 04:00:00,29.0,74,0.2,250,13.0,8,1009.0,7
2024-07-27 05:00:00,30.0,75,0.2,250,18.4,8,1008.0,7
2024-07-27 06:00:00,30.0,75,0.2,230,18.4,8,1007.0,8
2024-07-27 07:00:00,30.0,75,0.6,250,18.4,8,1006.0,8
2024-07-27 08:00:00,30.0,75,2.6,220,22.3,8,1006.0,8
2024-07-27 09:00:00,30.0,75,0.9,240,22.3,8,1006.0,8
2024-07-27 10:00:00,26.0,94,0.4,290,11.2,8,1007.0,9
2024-07-27 11:00:00,26.0,89,0.0,250,9.4,8,1007.0,9
2024-07-27 12:00:00,26.0,89,0.0,0,0.0,8,1007.0,9
2024-07-27 13:00:00,26.0,89,0.0,198,1.8,8,1008.0,9
2024-07-27 14:00:00,26.0,94,0.0,188,3.6,7,1009.0,8
2024-07-27 15:00:00,27.0,89,0.0,178,3.6,7,1009.0,8
2024-07-27 16:00:00,27.0,89,0.2,200,11.2,7,1009.0,8
2024-07-27 17:00:00,27.0,89,2.4,210,16.6,7,1009.0,8
2024-07-27 18:00:00,27.0,84,1.7,210,11.2,7,1008.0,8
2024-07-27 19:00:00,26.0,89,0.0,200,11.2,7,1008.0,8
2024-07-27 20:00:00,26.0,89,1.2,210,9.4,8,1007.0,8
2024-07-27 21:00:00,27.0,84,0.3,210,11.2,8,1007.0,7
2024-07-27 22:00:00,27.0,84,0.0,220,9.4,8,1007.0,7
2024-07-27 23:00:00,27.0,84,0.3,210,13.0,8,1008.0,7
2024-07-28 00:00:00,27.0,84,0.0,210,11.2,8,1008.0,7
2024-07-28 01:00:00,27.0,89,0.0,240,18.4,8,1009.0,7
2024-07-28 02:00:00,27.0,84,0.0,260,22.3,8,1009.0,7
2024-07-28 03:00:00,28.0,79,3.3,240,16.6,8,1009.0,7
2024-07-28 04:00:00,29.0,74,9.8,260,13.0,8,1008.0,7
2024-07-28 05:00:00,29.0,74,0.0,280,14.8,8,1008.0,8
2024-07-28 06:00:00,30.0,75,0.0,250,16.6,8,1007.0,8
2024-07-28 07:00:00,31.0,66,0.1,270,16.6,8,1006.0,8
2024-07-28 08:00:00,31.0,70,0.2,230,20.5,8,1005.0,8
2024-07-28 09:00:00,30.0,75,2.0,240,16.6,8,1005.0,9
2024-07-28 10:00:00,30.0,75,0.3,260,14.8,8,1006.0,9
2024-07-28 11:00:00,30.0,70,0.0,240,14.8,8,1006.0,8
2024-07-28 12:00:00,29.0,79,0.0,250,9.4,8,1007.0,8
2024-07-28 13:00:00,29.0,79,0.6,230,11.2,8,1008.0,8
2024-07-28 14:00:00,29.0,79,0.8,220,14.8,8,1008.0,8
2024-07-28 15:00:00,28.0,84,0.0,220,18.4,8,1009.0,7
2024-07-28 16:00:00,28.0,84,0.3,190,9.4,8,1009.0,7
2024-07-28 17:00:00,27.0,89,2.5,230,14.8,8,1008.0,7
2024-07-28 18:00:00,27.0,89,0.2,230,14.8,8,1007.0,7
2024-07-28 19:00:00,27.0,89,1.5,240,14.8,8,1007.0,7
2024-07-28 20:00:00,26.0,94,0.2,250,11.2,8,1007.0,7
2024-07-28 21:00:00,26.0,94,0.0,270,7.6,8,1007.0,7
2024-07-28 22:00:00,26.0,94,0.0,230,11.2,7,1007.0,3
2024-07-28 23:00:00,26.0,94,0.0,230,7.6,7,1007.0,3
2024-07-29 00:00:00,28.0,84,0.0,180,9.4,7,1007.0,3
2024-07-29 01:00:00,28.0,84,0.0,200,11.2,8,1008.0,3
2024-07-29 02:00:00,29.0,79,0.0,240,16.6,8,1009.0,3
2024-07-29 03:00:00,30.0,75,0.0,240,18.4,8,1009.0,3
2024-07-29 04:00:00,32.0,63,0.1,240,22.3,8,1008.0,3
2024-07-29 05:00:00,32.0,63,0.3,240,16.6,8,1008.0,3
2024-07-29 06:00:00,32.0,63,0.0,230,22.3,8,1007.0,3
2024-07-29 07:00:00,31.0,66,3.2,240,16.6,8,1006.0,3
2024-07-29 08:00:00,33.0,59,6.5,260,22.3,8,1005.0,3
2024-07-29 09:00:00,32.0,59,0.3,240,16.6,8,1005.0,7
2024-07-29 10:00:00,32.0,63,0.1,260,13.0,8,1005.0,8
2024-07-29 11:00:00,31.0,62,0.0,260,7.6,8,1005.0,7
2024-07-29 12:00:00,30.0,70,0.0,290,7.6,8,1006.0,7
2024-07-29 13:00:00,31.0,70,0.0,210,7.6,7,1007.0,7
2024-07-29 14:00:00,30.0,79,0.0,190,9.4,7,1008.0,7
2024-07-29 15:00:00,27.0,89,0.0,200,14.8,7,1009.0,7
2024-07-29 16:00:00,28.0,84,0.0,260,18.4,7,1009.0,3
2024-07-29 17:00:00,27.0,84,0.0,260,11.2,7,1009.0,3
2024-07-29 18:00:00,27.0,89,0.0,250,13.0,7,1009.0,3
2024-07-29 19:00:00,27.0,89,0.0,230,7.6,7,1008.0,3
2024-07-29 20:00:00,27.0,89,0.0,240,13.0,7,1008.0,3
2024-07-29 21:00:00,27.0,89,0.0,230,13.0,7,1008.0,3
2024-07-29 22:00:00,27.0,89,0.0,240,11.2,7,1008.0,2
2024-07-29 23:00:00,27.0,89,0.0,220,9.4,7,1009.0,3
2024-07-30 00:00:00,27.0,89,0.0,240,11.0,7,1009.0,3
2024-07-30 01:00:00,29.0,79,0.0,250,18.4,7,1010.0,3
2024-07-30 02:00:00,30.0,75,0.0,250,20.5,7,1010.0,3
2024-07-30 03:00:00,31.0,70,0.0,250,16.6,7,1010.0,3
2024-07-30 04:00:00,32.0,67,0.0,260,13.0,7,1009.0,3
2024-07-30 05:00:00,33.0,63,0.0,260,11.2,7,1009.0,3
2024-07-30 06:00:00,33.0,63,0.2,250,14.8,7,1008.0,3
2024-07-30 07:00:00,34.0,53,2.7,240,25.9,7,1007.0,3
2024-07-30 08:00:00,33.0,59,1.5,260,20.5,7,1007.0,3
2024-07-30 09:00:00,33.0,59,0.0,230,18.4,7,1006.0,3
2024-07-30 10:00:00,33.0,59,0.0,250,24.1,7,1007.0,3
2024-07-30 11:00:00,32.0,63,0.0,240,22.3,7,1008.0,3
2024-07-30 12:00:00,29.0,74,0.0,190,14.8,7,1009.0,3
2024-07-30 13:00:00,29.0,74,0.0,210,13.0,7,1009.0,3
2024-07-30 14:00:00,29.0,74,0.0,210,9.4,7,1010.0,3
2024-07-30 15:00:00,28.0,79,0.0,190,13.0,7,1010.0,3
2024-07-30 16:00:00,28.0,79,0.0,180,11.2,7,1010.0,3
2024-07-30 17:00:00,28.0,79,0.0,220,9.4,7,1010.0,2
2024-07-30 18:00:00,27.0,89,0.0,230,11.2,7,1010.0,2
2024-07-30 19:00:00,27.0,89,0.0,230,11.2,7,1009.0,2
2024-07-30 20:00:00,27.0,89,0.0,220,11.2,7,1009.5,2
2024-07-30 21:00:00,27.0,89,0.0,210,13.0,7,1009.0,2
2024-07-30 22:00:00,27.0,89,0.0,210,9.4,7,1009.0,2
2024-07-30 23:00:00,27.0,89,0.0,200,11.2,7,1010.0,2
2024-07-31 00:00:00,27.0,89,0.0,240,11.2,7,1011.0,5
2024-07-31 01:00:00,29.0,79,0.0,240,11.2,7,1011.1,2
2024-07-31 02:00:00,30.0,70,0.0,250,20.5,7,1012.0,3
2024-07-31 03:00:00,32.0,63,0.0,250,16.6,7,1011.0,3
2024-07-31 04:00:00,33.0,59,0.0,240,22.3,7,1011.0,3
2024-07-31 05:00:00,33.0,56,0.1,250,18.4,7,1011.0,3
2024-07-31 06:00:00,34.0,56,0.1,260,18.4,7,1010.0,3
2024-07-31 07:00:00,34.0,53,0.2,240,20.5,7,1009.0,3
2024-07-31 08:00:00,34.0,53,0.0,290,16.6,7,1008.0,25
2024-07-31 09:00:00,33.0,56,3.9,240,20.5,7,1008.0,7
2024-07-31 10:00:00,33.0,59,5.9,250,16.6,7,1008.0,25
2024-07-31 11:00:00,31.0,66,0.3,260,13.0,7,1008.0,25
2024-07-31 12:00:00,28.0,89,0.8,240,13.0,7,1010.0,18
2024-07-31 13:00:00,27.0,89,1.3,290,13.0,7,1011.0,7
2024-07-31 14:00:00,27.0,89,0.0,0,0.0,7,1012.0,3
2024-07-31 15:00:00,28.0,89,0.0,176,3.6,7,1012.0,3
2024-07-31 16:00:00,28.0,84,0.0,170,5.4,7,1012.0,2
2024-07-31 17:00:00,28.0,84,0.0,210,9.4,7,1011.0,2
2024-07-31 18:00:00,28.0,84,0.0,220,7.6,7,1011.0,2
2024-07-31 19:00:00,27.0,89,0.0,230,5.4,0,1010.0,2
2024-07-31 20:00:00,27.0,94,0.0,199,3.6,7,1010.0,2
2024-07-31 21:00:00,27.0,89,0.0,210,6.0,7,1010.0,2
2024-07-31 22:00:00,28.0,84,0.0,210,5.4,7,1010.0,2
2024-07-31 23:00:00,27.0,89,0.0,185,3.6,7,1011.0,2
2024-08-01 00:00:00,28.0,89,0.0,171,3.6,7,1011.0,2
2024-08-01 01:00:00,29.0,79,0.0,220,11.2,7,1011.0,2
2024-08-01 02:00:00,30.0,79,0.1,240,13.0,7,1011.0,2
2024-08-01 03:00:00,32.0,67,0.0,220,13.0,6,1011.0,2
2024-08-01 04:00:00,33.0,67,0.0,250,13.0,6,1011.0,2
2024-08-01 05:00:00,33.0,59,0.1,280,13.0,6,1010.0,2
2024-08-01 06:00:00,34.0,60,0.2,260,16.6,7,1009.0,2
2024-08-01 07:00:00,34.0,56,0.4,270,14.8,7,1008.0,2
2024-08-01 08:00:00,35.0,56,0.7,310,14.8,7,1008.0,2
2024-08-01 09:00:00,34.0,60,0.2,290,16.6,7,1007.0,2
2024-08-01 10:00:00,32.0,71,0.0,290,18.4,7,1008.0,3
2024-08-01 11:00:00,30.0,75,1.8,280,14.8,7,1009.0,2
2024-08-01 12:00:00,29.0,84,0.0,210,16.6,7,1010.0,2
2024-08-01 13:00:00,28.0,89,0.0,210,14.8,7,1010.0,2
2024-08-01 14:00:00,27.0,89,0.0,190,7.6,7,1011.0,2
2024-08-01 15:00:00,27.0,89,0.0,240,9.4,6,1012.0,2
2024-08-01 16:00:00,27.0,89,0.0,200,7.6,6,1011.0,2
2024-08-01 17:00:00,27.0,89,0.0,160,7.6,6,1011.0,2
2024-08-01 18:00:00,27.0,89,0.0,160,5.4,6,1011.0,2
2024-08-01 19:00:00,27.0,89,0.0,210,5.4,6,1010.0,2
2024-08-01 20:00:00,27.0,89,0.0,230,3.6,6,1010.0,2
2024-08-01 21:00:00,27.0,89,0.0,204,1.8,6,1010.0,2
2024-08-01 22:00:00,27.0,89,0.0,207,1.8,6,1010.0,2
2024-08-01 23:00:00,27.0,89,0.0,211,1.8,7,1010.0,2
2024-08-02 00:00:00,28.0,89,0.0,0,0.0,6,1010.0,2
2024-08-02 01:00:00,29.0,84,0.0,240,9.4,7,1010.0,2
2024-08-02 02:00:00,30.0,79,0.0,270,11.2,6,1010.0,2
2024-08-02 03:00:00,32.0,67,0.0,280,14.8,6,1011.0,2
2024-08-02 04:00:00,32.0,67,0.0,280,14.8,6,1010.0,2
2024-08-02 05:00:00,33.0,59,0.0,280,13.0,6,1009.0,2
2024-08-02 06:00:00,33.0,59,0.0,310,14.8,7,1008.0,2
2024-08-02 07:00:00,34.0,60,0.0,290,16.6,7,1007.0,2
2024-08-02 08:00:00,35.0,50,0.0,300,16.6,7,1007.0,2
2024-08-02 09:00:00,34.0,56,5.8,280,11.2,7,1006.0,2
2024-08-02 10:00:00,34.0,56,0.0,290,14.8,7,1006.0,3
2024-08-02 11:00:00,31.0,75,5.8,290,7.6,7,1007.0,2
2024-08-02 12:00:00,29.0,89,4.9,160,18.4,7,1009.0,2
2024-08-02 13:00:00,29.0,84,0.2,180,14.8,7,1010.0,2
2024-08-02 14:00:00,29.0,79,0.3,210,14.8,7,1010.0,2
2024-08-02 15:00:00,25.0,89,0.1,340,11.2,6,1011.0,2
2024-08-02 16:00:00,27.0,89,0.0,210,5.4,6,1010.0,2
2024-08-02 17:00:00,28.0,84,0.0,150,5.4,6,1010.0,2
2024-08-02 18:00:00,27.0,89,0.0,169,1.8,6,1010.0,2
2024-08-02 19:00:00,27.0,89,0.0,210,9.4,6,1009.0,2
2024-08-02 20:00:00,27.0,89,0.0,190,13.0,6,1009.0,2
2024-08-02 21:00:00,27.0,89,0.0,192,4.0,6,1009.0,2
2024-08-02 22:00:00,27.0,89,0.0,230,7.6,7,1009.0,2
2024-08-02 23:00:00,27.0,89,0.0,172,3.6,7,1009.0,2
2024-08-03 00:00:00,28.0,84,0.0,220,9.4,6,1010.0,2
2024-08-03 01:00:00,29.0,79,0.0,240,13.0,7,1010.0,2
2024-08-03 02:00:00,29.0,84,0.2,240,11.2,6,1011.0,2
2024-08-03 03:00:00,30.0,79,0.2,260,14.8,6,1011.0,2
2024-08-03 04:00:00,32.0,67,0.1,250,18.4,6,1010.0,2
2024-08-03 05:00:00,30.0,79,0.3,310,14.8,6,1010.0,2
2024-08-03 06:00:00,29.0,84,0.0,90,9.4,7,1009.0,2
2024-08-03 07:00:00,32.0,75,0.0,180,11.2,7,1007.0,2
2024-08-03 08:00:00,31.0,70,8.3,190,11.2,7,1007.0,2
2024-08-03 09:00:00,29.0,84,0.2,280,22.3,7,1007.0,2
2024-08-03 10:00:00,26.0,89,0.0,210,18.4,7,1008.0,3
2024-08-03 11:00:00,27.0,94,0.0,220,9.4,0,1009.0,3
2024-08-03 12:00:00,28.0,89,0.0,70,7.6,7,1009.0,3
2024-08-03 13:00:00,28.0,84,0.0,220,9.4,7,1010.0,2
2024-08-03 14:00:00,28.0,84,0.0,200,5.4,7,1011.0,2
2024-08-03 15:00:00,27.0,89,0.5,190,9.4,6,1011.0,2
2024-08-03 16:00:00,27.0,89,0.0,230,5.4,6,1011.0,2
2024-08-03 17:00:00,27.0,89,0.0,230,7.6,6,1010.0,2
2024-08-03 18:00:00,27.0,89,0.0,230,11.2,6,1010.0,2
2024-08-03 19:00:00,27.0,89,0.0,230,7.6,6,1010.0,2
2024-08-03 20:00:00,27.0,89,0.0,230,7.6,6,1009.0,2
2024-08-03 21:00:00,27.0,89,0.0,210,7.0,6,1009.0,2
2024-08-03 22:00:00,26.0,94,0.0,220,7.6,7,1009.0,2
2024-08-03 23:00:00,27.0,89,0.0,240,7.6,7,1010.2,2
2024-08-04 00:00:00,27.0,89,0.0,230,11.2,7,1010.0,3
2024-08-04 01:00:00,28.0,89,0.0,250,13.0,7,1010.9,3
2024-08-04 02:00:00,29.0,84,0.1,240,13.0,7,1010.0,2
2024-08-04 03:00:00,29.0,84,0.0,280,11.2,7,1011.0,2
2024-08-04 04:00:00,30.0,75,0.1,290,14.8,7,1010.0,2
2024-08-04 05:00:00,26.0,89,0.0,20,14.8,7,1009.0,2
2024-08-04 06:00:00,27.0,94,0.2,160,14.8,7,1009.0,3
2024-08-04 07:00:00,27.0,89,1.5,220,7.6,7,1008.0,25
2024-08-04 08:00:00,29.0,84,0.9,240,13.0,7,1007.0,25
2024-08-04 09:00:00,28.0,84,1.0,250,31.7,7,1008.0,17
2024-08-04 10:00:00,27.0,84,0.9,240,22.3,8,1008.0,25
2024-08-04 11:00:00,27.0,84,0.0,260,14.8,8,1009.0,25
2024-08-04 12:00:00,26.0,94,0.0,260,9.4,8,1009.0,25
2024-08-04 13:00:00,26.0,89,0.0,260,11.2,7,1010.0,7
2024-08-04 14:00:00,26.0,89,0.0,177,3.6,7,1011.0,7
2024-08-04 15:00:00,26.0,89,0.2,40,5.4,7,1011.0,3
2024-08-04 16:00:00,26.0,89,0.0,177,1.8,7,1010.0,2
2024-08-04 17:00:00,25.0,94,0.0,260,7.6,7,1010.0,2
2024-08-04 18:00:00,25.0,94,0.0,240,7.6,7,1009.0,2
2024-08-04 19:00:00,26.0,89,0.0,280,9.4,7,1009.0,2
2024-08-04 20:00:00,25.0,94,0.0,260,5.4,7,1009.0,2
2024-08-04 21:00:00,25.0,94,0.0,280,5.4,7,1009.0,2
2024-08-04 22:00:00,25.0,94,0.0,230,5.4,7,1009.0,2
2024-08-04 23:00:00,25.0,94,0.0,260,3.6,7,1009.0,2
2024-08-05 00:00:00,27.0,89,0.0,171,1.8,6,1009.9,2
2024-08-05 01:00:00,28.0,84,0.0,211,1.8,6,1010.1,2
2024-08-05 02:00:00,30.0,75,0.1,260,7.6,6,1010.4,2
2024-08-05 03:00:00,31.0,70,0.1,250,11.2,6,1010.0,2
2024-08-05 04:00:00,32.0,67,0.2,300,13.0,6,1010.0,2
2024-08-05 05:00:00,33.0,59,0.1,300,13.0,6,1009.0,2
2024-08-05 06:00:00,33.0,63,0.2,280,13.0,7,1008.0,2
2024-08-05 07:00:00,34.0,56,10.1,290,14.8,7,1007.0,7
2024-08-05 08:00:00,34.0,56,3.5,290,16.6,7,1006.0,7
2024-08-05 09:00:00,34.0,56,1.5,290,13.0,7,1005.0,7
2024-08-05 10:00:00,33.0,63,1.1,290,13.0,7,1006.0,25
2024-08-05 11:00:00,30.0,75,1.1,250,27.7,7,1007.0,7
2024-08-05 12:00:00,28.0,84,0.6,250,18.4,7,1007.0,7
2024-08-05 13:00:00,28.0,84,0.3,250,14.8,7,1008.0,7
2024-08-05 14:00:00,28.0,84,0.1,250,13.0,7,1009.0,7
2024-08-05 15:00:00,28.0,84,0.0,250,11.2,7,1009.0,3
2024-08-05 16:00:00,27.0,89,0.0,240,9.4,7,1010.0,3
2024-08-05 17:00:00,27.0,89,0.0,240,9.4,7,1009.0,3
2024-08-05 18:00:00,27.0,89,0.0,260,13.0,7,1008.0,3
2024-08-05 19:00:00,26.0,94,0.0,260,11.2,7,1008.0,3
2024-08-05 20:00:00,26.0,94,0.0,280,7.6,7,1007.0,3
2024-08-05 21:00:00,26.0,94,0.0,280,7.6,7,1007.0,3
2024-08-05 22:00:00,26.0,94,0.0,240,7.6,7,1007.0,3
2024-08-05 23:00:00,26.0,94,0.0,240,7.6,7,1008.0,2
2024-08-06 00:00:00,27.0,89,0.0,240,9.4,6,1008.0,2
2024-08-06 01:00:00,28.0,89,0.0,260,13.0,7,1009.0,2
2024-08-06 02:00:00,29.0,84,0.0,230,11.2,6,1009.0,2
2024-08-06 03:00:00,30.0,75,0.1,300,11.2,6,1009.0,2
2024-08-06 04:00:00,29.0,84,0.1,280,11.2,6,1009.0,2
2024-08-06 05:00:00,33.0,67,0.2,280,7.6,7,1008.0,2
2024-08-06 06:00:00,33.0,67,8.0,250,14.8,7,1007.0,2
2024-08-06 07:00:00,34.0,56,0.2,250,11.2,7,1006.0,3
2024-08-06 08:00:00,34.0,60,0.9,290,13.0,7,1005.0,3
2024-08-06 09:00:00,33.0,63,0.0,270,13.0,7,1005.0,3
2024-08-06 10:00:00,30.0,75,0.0,220,29.5,7,1006.0,25
2024-08-06 11:00:00,28.0,84,0.0,220,20.5,7,1007.0,25
2024-08-06 12:00:00,28.0,84,0.0,220,14.8,7,1008.0,7
2024-08-06 13:00:00,28.0,84,0.0,260,14.8,7,1008.0,3
2024-08-06 14:00:00,28.0,84,0.0,270,11.2,7,1009.0,3
2024-08-06 15:00:00,27.0,89,0.0,250,11.2,7,1009.0,2
2024-08-06 16:00:00,27.0,89,0.0,250,13.0,7,1009.0,2
2024-08-06 17:00:00,27.0,89,0.0,230,11.2,7,1009.0,2
2024-08-06 18:00:00,27.0,89,0.0,240,9.4,7,1008.0,2
2024-08-06 19:00:00,27.0,89,0.0,240,9.4,7,1008.0,2
2024-08-06 20:00:00,27.0,89,0.0,240,13.0,7,1008.0,2
2024-08-06 21:00:00,27.0,89,0.0,230,9.4,7,1008.0,2
2024-08-06 22:00:00,27.0,89,0.0,240,11.2,7,1009.0,3
2024-08-06 23:00:00,27.0,89,0.0,230,7.6,7,1009.0,3
2024-08-07 00:00:00,27.0,89,0.0,250,7.6,7,1010.0,2
2024-08-07 01:00:00,29.0,79,0.0,260,14.8,7,1010.0,2
2024-08-07 02:00:00,29.0,79,0.0,270,11.2,7,1010.0,2
2024-08-07 03:00:00,31.0,70,0.2,280,11.2,6,1010.0,2
2024-08-07 04:00:00,32.0,67,0.1,280,13.0,6,1009.0,2
2024-08-07 05:00:00,32.0,67,0.5,280,11.2,7,1009.0,2
2024-08-07 06:00:00,34.0,60,8.6,300,13.0,7,1008.0,2
2024-08-07 07:00:00,34.0,60,0.0,290,11.2,7,1007.0,3
2024-08-07 08:00:00,34.0,60,0.2,270,13.0,7,1006.0,3
2024-08-07 09:00:00,34.0,56,0.2,230,11.2,7,1006.0,3
2024-08-07 10:00:00,32.0,67,0.2,210,24.1,7,1006.0,25
2024-08-07 11:00:00,31.0,70,0.3,220,22.3,7,1007.0,18
2024-08-07 12:00:00,30.0,75,0.0,270,16.6,7,1008.0,3
2024-08-07 13:00:00,29.0,79,0.0,250,13.0,7,1009.0,3
2024-08-07 14:00:00,29.0,79,0.0,240,14.8,7,1009.0,3
2024-08-07 15:00:00,28.0,84,0.0,230,14.8,7,1010.0,2
2024-08-07 16:00:00,28.0,84,0.0,230,16.6,7,1010.0,2
2024-08-07 17:00:00,28.0,84,0.0,240,14.8,7,1010.0,2
2024-08-07 18:00:00,27.0,89,0.0,240,14.8,7,1010.0,2
2024-08-07 19:00:00,27.0,89,0.0,250,13.0,7,1009.0,2
2024-08-07 20:00:00,27.0,89,0.0,240,13.0,7,1009.0,2
2024-08-07 21:00:00,27.0,89,0.0,210,13.0,6,1009.0,2
2024-08-07 22:00:00,27.0,89,0.0,220,13.0,7,1010.0,2
2024-08-07 23:00:00,27.0,89,0.0,230,13.0,7,1010.0,2
2024-08-08 00:00:00,27.0,89,0.0,240,9.4,7,1010.0,2
2024-08-08 01:00:00,29.0,84,0.0,260,11.2,7,1011.0,2
2024-08-08 02:00:00,30.0,75,0.0,270,9.4,7,1011.0,2
2024-08-08 03:00:00,32.0,67,0.0,240,11.2,6,1011.0,2
2024-08-08 04:00:00,33.0,63,0.0,250,9.4,6,1010.0,2
2024-08-08 05:00:00,33.0,63,0.0,260,11.2,7,1009.0,2
2024-08-08 06:00:00,35.0,53,0.0,240,11.2,7,1008.0,2
2024-08-08 07:00:00,34.0,60,0.0,260,14.8,7,1007.0,3
2024-08-08 08:00:00,33.0,59,0.0,240,16.6,7,1007.0,2
2024-08-08 09:00:00,33.0,63,0.0,220,16.6,7,1006.0,2
2024-08-08 10:00:00,33.0,63,0.0,260,18.4,7,1006.0,3
2024-08-08 11:00:00,32.0,67,0.0,240,14.8,7,1007.0,2
2024-08-08 12:00:00,31.0,70,0.0,260,13.0,7,1007.0,2
2024-08-08 13:00:00,31.0,70,0.0,260,13.0,6,1008.0,2
2024-08-08 14:00:00,30.0,79,0.0,260,14.8,6,1009.0,2
2024-08-08 15:00:00,29.0,79,0.0,260,20.5,6,1010.0,2
2024-08-08 16:00:00,29.0,79,0.0,250,16.6,6,1010.0,2
2024-08-08 17:00:00,28.0,84,0.0,250,13.0,6,1010.0,2
2024-08-08 18:00:00,29.0,79,0.0,190,14.8,6,1008.0,2
2024-08-08 19:00:00,28.0,84,0.0,200,11.2,6,1008.0,2
2024-08-08 20:00:00,28.0,84,0.0,240,11.2,6,1009.0,2
2024-08-08 21:00:00,27.0,89,0.0,260,14.8,6,1009.0,2
2024-08-08 22:00:00,28.0,89,0.0,230,13.0,6,1009.0,2
2024-08-08 23:00:00,28.0,89,0.0,230,14.8,6,1010.0,2
2024-08-09 00:00:00,28.0,89,0.0,240,14.8,6,1010.0,2
2024-08-09 01:00:00,30.0,79,0.0,220,18.4,6,1010.0,2
2024-08-09 02:00:00,31.0,75,0.0,240,13.0,6,1010.0,2
2024-08-09 03:00:00,32.0,71,0.0,260,13.0,6,1009.0,2
2024-08-09 04:00:00,33.0,67,0.0,240,11.2,6,1009.0,2
2024-08-09 05:00:00,34.0,60,0.0,240,16.6,6,1008.0,2
2024-08-09 06:00:00,34.0,63,0.1,240,18.4,6,1007.0,2
2024-08-09 07:00:00,34.0,56,0.1,220,16.6,6,1007.0,2
2024-08-09 08:00:00,33.0,59,0.6,260,20.5,6,1006.0,2
2024-08-09 09:00:00,30.0,79,0.3,60,11.2,7,1006.0,2
2024-08-09 10:00:00,29.0,89,0.9,110,13.0,7,1006.0,2
2024-08-09 11:00:00,29.0,84,0.5,170,7.6,7,1007.0,2
2024-08-09 12:00:00,29.0,84,0.0,150,9.4,7,1007.0,2
2024-08-09 13:00:00,29.0,84,0.0,207,5.4,6,1008.0,2
2024-08-09 14:00:00,29.0,89,0.0,200,9.4,6,1008.0,2
2024-08-09 15:00:00,28.0,89,0.0,210,11.2,6,1010.2,2
2024-08-09 16:00:00,28.0,89,0.0,240,13.0,6,1009.0,2
2024-08-09 17:00:00,28.0,89,0.0,220,13.0,6,1008.0,2
2024-08-09 18:00:00,28.0,89,0.0,210,14.8,6,1008.0,2
2024-08-09 19:00:00,27.0,94,0.0,270,11.2,6,1008.0,2
2024-08-09 20:00:00,27.0,89,0.0,250,9.4,6,1008.0,2
2024-08-09 21:00:00,27.0,89,0.0,240,14.8,6,1008.0,2
2024-08-09 22:00:00,27.0,89,0.0,240,11.2,6,1008.0,2
2024-08-09 23:00:00,27.0,89,0.0,240,13.0,6,1008.0,2
2024-08-10 00:00:00,28.0,89,0.0,230,13.0,6,1009.0,2
2024-08-10 01:00:00,30.0,79,0.0,240,14.8,6,1009.0,2
2024-08-10 02:00:00,31.0,75,0.0,220,16.6,6,1009.0,2
2024-08-10 03:00:00,32.0,71,0.0,240,16.6,6,1009.0,2
2024-08-10 04:00:00,33.0,67,0.0,270,11.2,6,1008.0,2
2024-08-10 05:00:00,34.0,60,0.0,270,14.8,6,1008.0,2
2024-08-10 06:00:00,34.0,60,0.0,260,18.4,6,1007.0,2
2024-08-10 07:00:00,35.0,56,0.0,280,14.8,6,1006.0,2
2024-08-10 08:00:00,34.0,60,1.0,260,18.4,6,1005.0,2
2024-08-10 09:00:00,34.0,60,1.8,260,18.4,6,1005.0,2
2024-08-10 10:00:00,34.0,60,0.0,250,18.4,7,1005.0,2
2024-08-10 11:00:00,32.0,67,0.0,250,18.4,7,1005.0,2
2024-08-10 12:00:00,32.0,71,0.0,250,14.8,6,1006.0,2
2024-08-10 13:00:00,31.0,79,0.0,250,16.6,6,1006.0,2
2024-08-10 14:00:00,30.0,79,0.0,260,16.6,6,1007.0,2
2024-08-10 15:00:00,30.0,79,0.0,240,18.4,6,1008.4,2
2024-08-10 16:00:00,29.0,84,0.0,240,11.2,6,1007.0,2
2024-08-10 17:00:00,29.0,84,0.0,240,13.0,6,1007.0,2
2024-08-10 18:00:00,28.0,89,0.0,240,11.2,6,1006.0,2
2024-08-10 19:00:00,28.0,89,0.0,230,16.6,6,1006.0,2
2024-08-10 20:00:00,28.0,89,0.0,240,14.8,6,1006.0,2
2024-08-10 21:00:00,28.0,89,0.0,240,13.0,6,1006.0,2
2024-08-10 22:00:00,28.0,89,0.0,240,13.0,6,1006.0,2
2024-08-10 23:00:00,28.0,89,0.0,230,13.0,6,1006.0,2
2024-08-11 00:00:00,28.0,89,0.0,230,16.6,6,1007.0,5
2024-08-11 01:00:00,29.0,84,0.0,230,16.6,6,1008.0,2
2024-08-11 02:00:00,30.0,79,0.0,220,14.8,6,1007.7,2
2024-08-11 03:00:00,33.0,63,0.0,260,22.3,6,1007.0,2
2024-08-11 04:00:00,33.0,59,0.1,270,18.4,6,1007.0,2
2024-08-11 05:00:00,35.0,56,0.0,270,22.3,7,1006.0,2
2024-08-11 06:00:00,34.0,60,0.0,250,22.3,7,1005.0,2
2024-08-11 07:00:00,35.0,56,0.2,260,20.5,7,1004.0,2
2024-08-11 08:00:00,35.0,56,1.3,250,22.3,7,1004.0,2
2024-08-11 09:00:00,34.0,60,0.0,250,18.4,7,1003.0,3
2024-08-11 10:00:00,34.0,60,0.0,260,22.3,7,1003.0,25
2024-08-11 11:00:00,32.0,67,0.2,250,22.3,7,1004.0,18
2024-08-11 12:00:00,30.0,66,0.0,250,20.5,7,1005.0,3
2024-08-11 13:00:00,29.0,70,0.0,250,22.3,7,1006.0,2
2024-08-11 14:00:00,29.0,74,0.0,240,18.4,6,1006.0,2
2024-08-11 15:00:00,29.0,79,0.0,220,16.6,6,1007.0,2
2024-08-11 16:00:00,29.0,79,0.0,230,18.4,6,1007.0,2
2024-08-11 17:00:00,28.0,84,0.0,230,20.5,6,1006.0,2
2024-08-11 18:00:00,28.0,84,0.0,230,16.6,6,1006.0,2
2024-08-11 19:00:00,28.0,84,0.0,220,18.4,6,1006.0,2
2024-08-11 20:00:00,28.0,84,0.0,220,16.6,6,1006.0,2
2024-08-11 21:00:00,28.0,84,0.0,240,15.0,6,1006.0,2
2024-08-11 22:00:00,28.0,84,0.0,210,17.0,7,1006.0,2
2024-08-11 23:00:00,28.0,89,0.0,220,13.0,7,1006.0,2
2024-08-12 00:00:00,29.0,84,0.0,220,15.0,7,1007.0,2
2024-08-12 01:00:00,30.0,79,0.0,220,20.0,7,1007.0,2
2024-08-12 02:00:00,31.0,75,0.0,220,20.0,7,1007.0,2
2024-08-12 03:00:00,32.0,67,0.0,230,20.0,6,1007.0,2
2024-08-12 04:00:00,33.0,63,0.1,250,24.0,7,1007.0,2
2024-08-12 05:00:00,35.0,56,2.1,250,22.0,7,1006.0,3
2024-08-12 06:00:00,34.0,56,2.8,230,32.0,7,1005.0,3
2024-08-12 07:00:00,33.0,53,0.0,260,26.0,7,1005.0,3
2024-08-12 08:00:00,31.0,66,1.4,260,28.0,7,1005.0,3
2024-08-12 09:00:00,27.0,84,0.1,300,22.0,7,1005.0,3
2024-08-12 10:00:00,27.0,89,0.0,220,17.0,7,1006.0,3
2024-08-12 11:00:00,27.0,89,0.6,220,20.0,7,1007.0,3
2024-08-12 12:00:00,27.0,89,0.3,240,22.0,7,1007.0,3
2024-08-12 13:00:00,27.0,84,0.0,240,19.0,7,1008.0,3
2024-08-12 14:00:00,26.0,89,0.0,240,13.0,7,1008.0,2
2024-08-12 15:00:00,26.0,89,0.0,240,11.0,6,1009.0,2
2024-08-12 16:00:00,26.0,89,0.0,180,4.0,7,1009.0,2
2024-08-12 17:00:00,26.0,84,0.0,250,7.0,7,1008.0,2
2024-08-12 18:00:00,26.0,89,0.0,250,7.0,7,1008.0,2
2024-08-12 19:00:00,27.0,84,0.0,230,9.0,7,1008.0,2
2024-08-12 20:00:00,26.0,89,0.0,220,7.0,6,1007.0,2
2024-08-12 21:00:00,27.0,84,0.0,200,7.0,6,1008.0,2
2024-08-12 22:00:00,27.0,84,0.0,180,5.4,7,1008.0,2
2024-08-12 23:00:00,27.0,84,0.0,200,7.6,6,1008.0,2
2024-08-13 00:00:00,27.0,84,0.0,200,9.4,6,1009.0,2
2024-08-13 01:00:00,29.0,79,0.0,210,11.2,7,1009.0,2
2024-08-13 02:00:00,30.0,75,0.0,240,13.0,6,1009.0,2
2024-08-13 03:00:00,32.0,67,0.0,250,13.0,6,1009.0,2
2024-08-13 04:00:00,32.0,67,0.1,240,16.6,6,1009.0,2
2024-08-13 05:00:00,33.0,59,0.1,270,13.0,6,1008.0,2
2024-08-13 06:00:00,32.0,67,0.0,250,14.8,6,1007.0,2
2024-08-13 07:00:00,35.0,60,0.0,240,9.4,6,1006.0,2
2024-08-13 08:00:00,34.0,56,0.5,240,9.4,6,1005.0,2
2024-08-13 09:00:00,35.0,56,0.0,270,13.0,6,1005.0,2
2024-08-13 10:00:00,34.0,60,0.0,240,18.4,6,1005.0,2
2024-08-13 11:00:00,33.0,63,0.0,250,16.6,6,1006.0,2
2024-08-13 12:00:00,30.0,79,0.0,250,9.4,6,1007.0,2
2024-08-13 13:00:00,30.0,75,0.0,260,11.2,6,1007.0,2
2024-08-13 14:00:00,29.0,84,0.0,200,7.6,6,1009.0,2
2024-08-13 15:00:00,29.0,84,0.0,240,13.0,6,1008.0,2
2024-08-13 16:00:00,29.0,79,0.0,230,14.8,6,1009.0,2
2024-08-13 17:00:00,28.0,84,0.0,240,14.8,6,1008.0,2
2024-08-13 18:00:00,28.0,84,0.0,250,11.2,6,1008.0,2
2024-08-13 19:00:00,27.0,89,0.0,240,11.2,6,1008.0,2
2024-08-13 20:00:00,27.0,89,0.0,260,11.2,6,1007.0,2
2024-08-13 21:00:00,27.0,89,0.0,240,9.4,6,1008.0,2
2024-08-13 22:00:00,27.0,89,0.0,230,5.4,6,1008.0,2
2024-08-13 23:00:00,27.0,89,0.0,220,7.6,6,1008.0,2
2024-08-14 00:00:00,28.0,89,0.0,230,7.6,6,1009.0,2
2024-08-14 01:00:00,29.0,84,0.0,230,13.0,6,1009.0,2
2024-08-14 02:00:00,31.0,75,0.1,250,14.8,6,1009.0,2
2024-08-14 03:00:00,32.0,67,0.0,230,13.0,6,1009.0,2
2024-08-14 04:00:00,32.0,63,0.2,240,14.8,6,1008.0,2
2024-08-14 05:00:00,34.0,56,0.0,260,13.0,6,1007.0,2
2024-08-14 06:00:00,35.0,53,0.0,250,13.0,6,1006.0,2
2024-08-14 07:00:00,34.0,56,0.0,270,14.8,6,1006.0,2
2024-08-14 08:00:00,35.0,53,2.5,260,13.0,6,1005.0,2
2024-08-14 09:00:00,35.0,53,0.2,220,14.8,6,1004.0,2
2024-08-14 10:00:00,33.0,67,0.0,180,20.5,6,1004.0,2
2024-08-14 11:00:00,32.0,67,0.0,170,14.8,6,1005.0,2
2024-08-14 12:00:00,26.0,84,0.0,320,27.7,6,1007.0,2
2024-08-14 13:00:00,27.0,89,0.0,260,5.4,6,1007.0,2
2024-08-14 14:00:00,30.0,75,0.0,200,5.4,6,1008.0,2
2024-08-14 15:00:00,30.0,79,0.0,220,14.8,6,1009.0,2
2024-08-14 16:00:00,29.0,84,0.0,240,14.8,6,1009.0,2
2024-08-14 17:00:00,29.0,84,0.0,250,13.0,6,1008.0,2
2024-08-14 18:00:00,28.0,89,0.0,250,13.0,6,1008.0,2
2024-08-14 19:00:00,28.0,89,0.0,240,11.2,6,1008.0,2
2024-08-14 20:00:00,28.0,89,0.0,230,13.0,6,1007.0,2
2024-08-14 21:00:00,28.0,89,0.0,240,11.2,6,1007.0,2
2024-08-14 22:00:00,27.0,94,0.0,240,9.4,6,1007.0,2
2024-08-14 23:00:00,28.0,89,0.0,240,9.4,6,1007.0,2
2024-08-15 00:00:00,28.0,89,0.0,230,13.0,6,1008.0,2
2024-08-15 01:00:00,29.0,84,0.0,260,11.2,6,1008.0,2
2024-08-15 02:00:00,31.0,75,0.1,250,14.8,6,1009.0,2
2024-08-15 03:00:00,31.0,70,0.0,240,9.4,6,1008.0,2
2024-08-15 04:00:00,33.0,63,0.0,280,13.0,6,1007.0,2
2024-08-15 05:00:00,33.0,63,0.0,270,13.0,6,1007.0,2
2024-08-15 06:00:00,34.0,56,1.9,270,13.0,6,1007.1,2
2024-08-15 07:00:00,34.0,60,1.0,290,16.6,6,1004.0,2
2024-08-15 08:00:00,35.0,56,3.3,270,13.0,6,1004.0,2
2024-08-15 09:00:00,31.0,75,0.1,280,14.8,6,1003.0,2
2024-08-15 10:00:00,31.0,75,0.0,50,7.6,6,1003.0,2
2024-08-15 11:00:00,32.0,71,0.0,130,13.0,6,1004.0,2
2024-08-15 12:00:00,30.0,75,0.0,200,24.1,6,1005.0,2
2024-08-15 13:00:00,28.0,79,0.4,230,14.8,6,1006.0,2
2024-08-15 14:00:00,28.0,74,0.4,240,9.4,6,1007.0,2
2024-08-15 15:00:00,29.0,79,0.0,210,14.8,6,1008.0,2
2024-08-15 16:00:00,29.0,79,0.0,210,16.6,6,1008.0,2
2024-08-15 17:00:00,29.0,79,0.0,220,13.0,6,1008.0,2
2024-08-15 18:00:00,29.0,79,0.0,210,13.0,6,1007.0,2
2024-08-15 19:00:00,28.0,84,0.0,190,13.0,6,1006.0,2
2024-08-15 20:00:00,28.0,84,0.0,210,16.6,6,1006.0,2
2024-08-15 21:00:00,28.0,84,0.0,210,13.0,6,1006.0,2
2024-08-15 22:00:00,27.0,89,0.0,260,11.2,6,1006.0,2
2024-08-15 23:00:00,27.0,89,0.0,175,1.8,6,1007.0,2
2024-08-16 00:00:00,28.0,89,0.0,0,0.0,6,1007.0,2
2024-08-16 01:00:00,29.0,84,0.0,250,11.2,7,1008.0,2
2024-08-16 02:00:00,30.0,79,0.0,240,14.8,6,1008.0,2
2024-08-16 03:00:00,32.0,71,0.0,240,14.8,6,1008.0,2
2024-08-16 04:00:00,33.0,67,0.0,240,14.8,6,1007.0,2
2024-08-16 05:00:00,33.0,63,0.1,230,13.0,6,1007.0,2
2024-08-16 06:00:00,34.0,60,0.1,220,16.6,7,1006.0,2
2024-08-16 07:00:00,34.0,56,2.8,200,11.2,7,1005.0,2
2024-08-16 08:00:00,34.0,56,0.0,220,16.6,7,1004.0,2
2024-08-16 09:00:00,34.0,56,3.8,210,14.8,7,1003.0,2
2024-08-16 10:00:00,32.0,75,0.1,170,29.5,7,1005.0,25
2024-08-16 11:00:00,29.0,74,0.0,230,16.6,7,1006.0,25
2024-08-16 12:00:00,30.0,70,0.0,190,13.0,7,1007.0,2
2024-08-16 13:00:00,28.0,84,0.0,260,5.4,7,1008.0,2
2024-08-16 14:00:00,29.0,74,0.0,220,9.4,7,1009.0,2
2024-08-16 15:00:00,28.0,84,0.0,230,7.6,6,1010.0,2
2024-08-16 16:00:00,28.0,79,0.0,210,9.4,6,1009.0,2
2024-08-16 17:00:00,29.0,74,0.0,220,7.6,6,1009.0,2
2024-08-16 18:00:00,27.0,89,0.0,230,5.4,6,1008.0,2
2024-08-16 19:00:00,27.0,89,0.0,173,5.4,0,1007.0,2
2024-08-16 20:00:00,27.0,89,0.0,220,7.6,6,1007.0,2
2024-08-16 21:00:00,28.0,79,0.0,189,3.6,6,1007.0,2
2024-08-16 22:00:00,28.0,84,0.0,190,13.0,7,1007.0,2
2024-08-16 23:00:00,28.0,84,0.0,210,7.6,7,1008.0,2
2024-08-17 00:00:00,28.0,84,0.0,240,11.2,7,1009.0,2
2024-08-17 01:00:00,30.0,75,0.0,200,11.2,7,1010.0,2
2024-08-17 02:00:00,31.0,70,0.0,230,14.8,7,1010.0,2
2024-08-17 03:00:00,32.0,67,0.2,250,13.0,7,1010.0,2
2024-08-17 04:00:00,33.0,63,0.0,232,11.2,7,1010.0,2
2024-08-17 05:00:00,34.0,56,0.0,290,9.4,7,1009.0,2
2024-08-17 06:00:00,34.0,56,6.9,280,9.4,7,1008.0,2
2024-08-17 07:00:00,34.0,53,0.1,244,5.4,7,1007.0,2
2024-08-17 08:00:00,32.0,71,0.0,170,20.5,7,1007.0,2
2024-08-17 09:00:00,31.0,66,0.3,30,11.2,7,1006.0,2
2024-08-17 10:00:00,32.0,63,0.0,360,5.4,7,1006.0,2
2024-08-17 11:00:00,27.0,89,0.0,20,11.2,7,1007.0,2
2024-08-17 12:00:00,26.0,89,0.0,30,5.4,7,1008.0,2
2024-08-17 13:00:00,26.0,94,0.0,310,7.6,6,1008.0,2
2024-08-17 14:00:00,27.0,89,0.0,30,5.4,0,1009.0,2
2024-08-17 15:00:00,28.0,84,0.0,240,7.6,6,1009.0,2
2024-08-17 16:00:00,27.0,89,0.0,320,5.4,6,1010.0,2
2024-08-17 17:00:00,27.0,89,0.0,186,3.6,6,1009.0,2
2024-08-17 18:00:00,29.0,74,0.0,180,9.4,6,1009.0,2
2024-08-17 19:00:00,28.0,79,0.0,170,9.4,6,1009.0,2
2024-08-17 20:00:00,28.0,79,0.0,170,5.4,6,1008.0,2
2024-08-17 21:00:00,28.0,79,0.0,210,9.4,6,1009.0,2
2024-08-17 22:00:00,27.0,89,0.0,250,7.6,6,1009.0,2
2024-08-17 23:00:00,26.0,94,0.0,0,0.0,0,1009.0,5
2024-08-18 00:00:00,28.0,84,0.0,170,3.6,0,1010.0,5
2024-08-18 01:00:00,30.0,70,0.0,270,9.4,6,1010.0,2
2024-08-18 02:00:00,31.0,70,0.0,223,5.4,6,1011.0,2
2024-08-18 03:00:00,32.0,63,0.1,310,5.4,6,1010.0,2
2024-08-18 04:00:00,33.0,63,0.0,260,9.4,6,1009.0,2
2024-08-18 05:00:00,33.0,59,0.0,237,5.4,6,1009.0,2
2024-08-18 06:00:00,34.0,56,0.0,243,3.6,6,1008.0,2
2024-08-18 07:00:00,35.0,50,0.0,210,9.4,6,1007.0,2
2024-08-18 08:00:00,35.0,53,0.0,200,9.4,6,1006.0,2
2024-08-18 09:00:00,34.0,53,0.0,240,7.6,6,1006.0,2
2024-08-18 10:00:00,34.0,53,0.0,170,11.0,6,1006.0,2
2024-08-18 11:00:00,34.0,56,0.0,185,13.0,6,1006.0,2
2024-08-18 12:00:00,32.0,71,0.0,160,13.0,6,1007.0,2
2024-08-18 13:00:00,31.0,70,0.0,190,16.6,6,1008.0,2
2024-08-18 14:00:00,31.0,70,0.0,180,18.4,6,1008.0,2
2024-08-18 15:00:00,30.0,75,0.0,190,16.6,6,1009.0,2
2024-08-18 16:00:00,30.0,75,0.0,190,13.0,6,1009.0,2
2024-08-18 17:00:00,29.0,84,0.0,210,16.6,6,1010.0,2
2024-08-18 18:00:00,29.0,79,0.0,210,16.6,6,1009.0,2
2024-08-18 19:00:00,29.0,79,0.0,220,11.2,6,1009.0,2
2024-08-18 20:00:00,28.0,84,0.0,220,11.2,6,1008.0,2
2024-08-18 21:00:00,28.0,84,0.0,220,9.4,6,1008.0,2
2024-08-18 22:00:00,28.0,84,0.0,240,9.4,6,1008.0,2
2024-08-18 23:00:00,28.0,84,0.0,240,7.6,6,1008.0,2
2024-08-19 00:00:00,29.0,79,0.0,210,11.2,6,1009.4,2
2024-08-19 01:00:00,30.0,75,0.0,230,9.4,6,1009.0,2
2024-08-19 02:00:00,31.0,70,0.0,250,14.8,6,1010.0,2
2024-08-19 03:00:00,32.0,67,0.0,236,5.4,6,1009.0,2
2024-08-19 04:00:00,33.0,59,0.0,239,7.6,6,1009.0,2
2024-08-19 05:00:00,33.0,63,0.0,245,7.6,6,1008.0,2
2024-08-19 06:00:00,33.0,63,0.0,290,9.4,7,1007.0,2
2024-08-19 07:00:00,34.0,60,0.0,330,7.6,7,1007.0,2
2024-08-19 08:00:00,29.0,74,0.0,210,24.1,7,1006.0,2
2024-08-19 09:00:00,31.0,70,0.0,290,9.4,7,1006.0,2
2024-08-19 10:00:00,31.0,70,0.0,240,11.2,7,1006.0,2
2024-08-19 11:00:00,31.0,66,0.0,200,11.2,7,1006.0,2
2024-08-19 12:00:00,31.0,70,0.0,210,11.2,7,1007.0,2
2024-08-19 13:00:00,31.0,75,0.0,180,13.0,7,1008.0,2
2024-08-19 14:00:00,30.0,79,0.0,170,11.2,6,1009.0,2
2024-08-19 15:00:00,30.0,79,0.0,180,13.0,6,1009.0,2
2024-08-19 16:00:00,29.0,74,0.0,230,7.6,6,1009.0,2
2024-08-19 17:00:00,28.0,79,0.0,230,5.4,6,1009.0,2
2024-08-19 18:00:00,27.0,84,0.0,250,7.6,6,1009.0,2
2024-08-19 19:00:00,27.0,84,0.0,240,7.6,6,1008.0,2
2024-08-19 20:00:00,27.0,84,0.0,260,3.6,0,1008.0,2
2024-08-19 21:00:00,27.0,84,0.0,210,5.4,0,1008.0,2
2024-08-19 22:00:00,27.0,84,0.0,220,5.4,6,1008.0,2
2024-08-19 23:00:00,28.0,79,0.0,210,7.6,7,1008.0,2
2024-08-20 00:00:00,29.0,79,0.0,210,9.0,7,1009.0,5
2024-08-20 01:00:00,30.0,79,0.0,230,7.0,7,1010.0,2
2024-08-20 02:00:00,31.0,71,0.0,220,13.0,7,1010.0,2
2024-08-20 03:00:00,32.0,67,0.0,230,13.0,7,1010.0,2
2024-08-20 04:00:00,33.0,63,0.0,240,11.0,7,1010.0,2
2024-08-20 05:00:00,35.0,53,0.0,210,9.0,7,1010.0,2
2024-08-20 06:00:00,34.0,53,0.0,247,7.6,7,1008.0,2
2024-08-20 07:00:00,34.0,53,0.0,140,13.0,7,1007.0,2
2024-08-20 08:00:00,35.0,53,0.0,170,9.4,7,1006.0,2
2024-08-20 09:00:00,33.0,59,0.5,260,16.6,7,1007.1,2
2024-08-20 10:00:00,28.0,84,0.3,250,35.3,7,1007.0,3
2024-08-20 11:00:00,26.0,89,0.0,250,9.4,7,1008.0,3
2024-08-20 12:00:00,27.0,89,0.0,149,3.6,7,1008.0,2
2024-08-20 13:00:00,28.0,84,0.0,220,9.4,7,1009.0,2
2024-08-20 14:00:00,28.0,79,0.0,220,7.6,7,1010.0,2
2024-08-20 15:00:00,28.0,79,0.0,240,11.2,7,1011.0,2
2024-08-20 16:00:00,28.0,79,0.0,181,3.6,7,1011.0,2
2024-08-20 17:00:00,27.0,84,0.0,179,3.6,7,1011.0,2
2024-08-20 18:00:00,28.0,79,0.0,220,5.4,7,1011.0,2
2024-08-20 19:00:00,28.0,79,0.0,190,7.6,7,1010.0,2
2024-08-20 20:00:00,26.0,89,0.0,0,0.0,7,1010.0,2
2024-08-20 21:00:00,26.0,89,0.0,210,3.6,7,1010.0,2
2024-08-20 22:00:00,26.0,94,0.0,70,1.8,7,1010.0,2
2024-08-20 23:00:00,26.0,94,0.0,40,3.6,7,1010.0,2
2024-08-21 00:00:00,29.0,84,0.0,210,5.4,7,1010.0,2
2024-08-21 01:00:00,29.0,84,0.0,240,7.6,7,1011.0,2
2024-08-21 02:00:00,31.0,75,0.0,250,9.4,7,1011.0,2
2024-08-21 03:00:00,32.0,67,0.0,220,9.4,7,1011.0,2
2024-08-21 04:00:00,32.0,71,0.0,250,13.0,7,1010.0,2
2024-08-21 05:00:00,34.0,56,0.0,260,11.2,7,1010.0,2
2024-08-21 06:00:00,34.0,56,0.0,238,5.4,7,1009.0,2
2024-08-21 07:00:00,34.0,60,0.0,280,7.6,7,1008.0,2
2024-08-21 08:00:00,31.0,70,0.1,20,13.0,7,1007.0,2
2024-08-21 09:00:00,33.0,63,0.3,40,9.4,7,1007.0,2
2024-08-21 10:00:00,32.0,71,0.6,180,14.8,7,1007.0,25
2024-08-21 11:00:00,32.0,67,0.6,200,14.8,7,1008.0,3
2024-08-21 12:00:00,31.0,62,0.0,190,14.8,7,1009.0,2
2024-08-21 13:00:00,28.0,79,0.0,240,11.2,7,1009.0,2
2024-08-21 14:00:00,28.0,79,0.0,177,3.6,7,1010.0,2
2024-08-21 15:00:00,28.0,79,0.0,360,5.4,7,1011.0,2
2024-08-21 16:00:00,28.0,79,0.0,350,9.4,7,1012.0,2
2024-08-21 17:00:00,28.0,79,0.0,50,5.4,7,1011.0,2
2024-08-21 18:00:00,26.0,89,0.0,40,5.4,7,1011.0,2
2024-08-21 19:00:00,27.0,84,0.0,187,1.8,7,1010.0,2
2024-08-21 20:00:00,27.0,84,0.0,40,3.6,7,1009.0,2
2024-08-21 21:00:00,26.0,89,0.0,10,3.6,6,1009.0,2
2024-08-21 22:00:00,26.0,89,0.0,60,7.6,7,1009.0,2
2024-08-21 23:00:00,26.0,89,0.0,50,9.4,7,1009.0,2
2024-08-22 00:00:00,27.0,84,0.0,60,9.4,7,1009.0,2
2024-08-22 01:00:00,29.0,74,0.0,50,7.6,7,1010.0,2
2024-08-22 02:00:00,31.0,70,0.0,198,5.4,7,1010.0,2
2024-08-22 03:00:00,32.0,63,0.0,196,5.4,6,1011.0,2
2024-08-22 04:00:00,33.0,63,0.0,260,5.4,6,1010.0,2
2024-08-22 05:00:00,34.0,56,0.0,195,7.6,7,1009.0,2
2024-08-22 06:00:00,34.0,56,0.0,198,5.4,7,1008.0,2
2024-08-22 07:00:00,34.0,53,0.0,260,7.6,7,1007.0,2
2024-08-22 08:00:00,35.0,50,0.1,190,11.2,7,1007.0,2
2024-08-22 09:00:00,35.0,53,1.4,160,13.0,7,1007.0,2
2024-08-22 10:00:00,33.0,56,0.3,170,14.8,7,1008.0,2
2024-08-22 11:00:00,32.0,59,0.0,160,13.0,7,1008.0,2
2024-08-22 12:00:00,31.0,70,0.0,180,18.4,7,1009.0,2
2024-08-22 13:00:00,30.0,75,0.0,230,16.6,7,1010.0,2
2024-08-22 14:00:00,28.0,84,0.2,250,5.4,7,1011.0,2
2024-08-22 15:00:00,29.0,79,0.0,178,3.6,6,1011.0,2
2024-08-22 16:00:00,28.0,84,0.0,320,5.4,6,1012.0,2
2024-08-22 17:00:00,27.0,89,0.0,20,3.6,6,1011.0,2
2024-08-22 18:00:00,27.0,89,0.0,193,1.8,6,1011.0,2
2024-08-22 19:00:00,27.0,89,0.0,195,3.6,6,1010.0,2
2024-08-22 20:00:00,27.0,89,0.0,280,5.4,6,1009.0,2
2024-08-22 21:00:00,27.0,89,0.0,280,7.6,6,1010.0,5
2024-08-22 22:00:00,27.0,89,0.0,199,3.6,7,1010.0,5
2024-08-22 23:00:00,27.0,89,0.0,185,3.6,7,1010.0,5
2024-08-23 00:00:00,27.0,89,0.0,260,9.4,7,1011.0,5
2024-08-23 01:00:00,27.0,89,0.0,320,5.4,7,1012.0,2
2024-08-23 02:00:00,29.0,84,0.0,187,3.6,7,1012.0,2
2024-08-23 03:00:00,31.0,75,0.0,300,9.4,7,1011.0,2
2024-08-23 04:00:00,31.0,70,0.0,290,7.6,7,1011.0,2
2024-08-23 05:00:00,32.0,63,0.0,280,9.4,7,1010.0,2
2024-08-23 06:00:00,28.0,79,0.0,50,18.4,7,1010.0,18
2024-08-23 07:00:00,27.0,89,0.0,300,14.8,7,1010.0,25
2024-08-23 08:00:00,30.0,70,1.1,0,0.0,7,1008.0,25
2024-08-23 09:00:00,32.0,63,0.5,150,5.4,7,1008.0,25
2024-08-23 10:00:00,33.0,59,0.8,190,13.0,7,1008.0,25
2024-08-23 11:00:00,29.0,70,0.7,190,14.8,7,1009.0,25
2024-08-23 12:00:00,30.0,70,0.0,200,14.8,7,1009.0,25
2024-08-23 13:00:00,29.0,74,0.0,220,11.2,7,1010.0,18
2024-08-23 14:00:00,28.0,79,0.0,220,14.8,7,1011.0,18
2024-08-23 15:00:00,29.0,74,0.0,210,11.2,7,1012.2,2
2024-08-23 16:00:00,28.0,79,0.0,220,9.4,7,1012.1,2
2024-08-23 17:00:00,28.0,79,0.0,220,7.6,7,1011.9,2
2024-08-23 18:00:00,27.0,84,0.0,270,5.4,7,1011.7,2
2024-08-23 19:00:00,27.0,84,0.0,310,5.4,6,1011.2,2
2024-08-23 20:00:00,26.0,94,0.0,340,5.4,0,1010.8,2
2024-08-23 21:00:00,26.0,94,0.0,40,5.4,6,1010.3,2
2024-08-23 22:00:00,26.0,94,0.0,20,3.6,7,1010.0,2
2024-08-23 23:00:00,26.0,94,0.0,20,5.4,7,1010.0,2
2024-08-24 00:00:00,27.0,89,0.0,50,5.4,7,1010.0,2
2024-08-24 01:00:00,28.0,84,0.0,203,3.6,7,1010.0,2
2024-08-24 02:00:00,30.0,79,0.0,210,3.6,7,1010.0,2
2024-08-24 03:00:00,31.0,70,0.0,260,9.4,6,1010.0,2
2024-08-24 04:00:00,32.0,67,0.0,250,7.6,6,1010.0,2
2024-08-24 05:00:00,33.0,63,0.0,290,9.4,7,1010.0,2
2024-08-24 06:00:00,33.0,59,0.0,220,7.6,7,1009.0,2
2024-08-24 07:00:00,32.0,63,0.0,300,13.0,7,1008.0,2
2024-08-24 08:00:00,34.0,60,0.6,270,7.6,7,1007.0,2
2024-08-24 09:00:00,33.0,63,0.3,290,7.6,7,1007.0,2
2024-08-24 10:00:00,31.0,70,0.5,70,7.6,7,1007.0,25
2024-08-24 11:00:00,31.0,70,0.0,330,3.6,7,1007.0,25
2024-08-24 12:00:00,24.0,94,0.0,140,27.7,7,1009.0,3
2024-08-24 13:00:00,25.0,94,0.0,350,5.4,7,1009.0,3
2024-08-24 14:00:00,26.0,94,0.0,174,1.8,7,1010.0,2
2024-08-24 15:00:00,28.0,84,0.0,178,1.8,7,1011.0,2
2024-08-24 16:00:00,28.0,84,0.0,178,3.6,7,1010.0,3
2024-08-24 17:00:00,27.0,89,0.0,340,3.6,0,1010.0,2
2024-08-24 18:00:00,26.0,94,0.0,210,3.6,7,1009.0,2
2024-08-24 19:00:00,26.0,94,0.0,177,3.7,7,1009.0,2
2024-08-24 20:00:00,27.0,89,0.0,270,5.4,7,1009.0,2
2024-08-24 21:00:00,26.0,89,0.0,290,5.4,0,1009.0,2
2024-08-24 22:00:00,26.0,94,0.0,340,5.4,7,1009.0,5
2024-08-24 23:00:00,26.0,94,0.0,20,5.4,7,1009.0,5
2024-08-25 00:00:00,27.0,89,0.0,148,3.6,7,1009.0,5
2024-08-25 01:00:00,28.0,89,0.0,220,3.6,7,1010.0,2
2024-08-25 02:00:00,30.0,79,0.0,260,7.6,7,1010.0,2
2024-08-25 03:00:00,30.0,79,0.0,280,13.0,6,1009.0,2
2024-08-25 04:00:00,32.0,71,0.0,240,14.8,7,1009.0,2
2024-08-25 05:00:00,33.0,67,0.0,260,14.8,7,1008.0,2
2024-08-25 06:00:00,32.0,67,0.0,240,18.4,7,1008.5,7
2024-08-25 07:00:00,29.0,84,0.0,100,11.2,7,1007.8,18
2024-08-25 08:00:00,25.0,94,0.0,300,13.0,7,1007.2,25
2024-08-25 09:00:00,26.0,89,0.5,310,9.4,7,1006.5,25
2024-08-25 10:00:00,27.0,84,2.0,300,11.2,7,1007.0,25
2024-08-25 11:00:00,27.0,84,0.7,200,9.4,7,1007.6,25
2024-08-25 12:00:00,27.0,89,0.2,210,18.4,7,1008.1,25
2024-08-25 13:00:00,26.0,89,0.0,220,11.2,7,1008.7,7
2024-08-25 14:00:00,26.0,89,0.0,130,16.6,7,1009.4,7
2024-08-25 15:00:00,26.0,84,0.0,170,14.8,7,1010.0,7
2024-08-25 16:00:00,26.0,84,0.0,200,5.4,7,1009.7,7
2024-08-25 17:00:00,25.0,94,0.0,0,0.0,7,1009.4,7
2024-08-25 18:00:00,26.0,89,0.0,210,7.6,7,1009.1,7
2024-08-25 19:00:00,26.0,89,0.0,180,9.4,7,1008.6,7
2024-08-25 20:00:00,25.0,94,0.0,80,7.6,7,1008.1,7
2024-08-25 21:00:00,25.0,94,0.0,40,5.4,7,1007.6,7
2024-08-25 22:00:00,25.0,94,0.0,182,3.6,7,1007.9,2
2024-08-25 23:00:00,25.0,94,0.0,260,3.6,7,1008.3,2
2024-08-26 00:00:00,26.0,89,0.0,0,0.0,7,1008.5,5
2024-08-26 01:00:00,28.0,84,0.0,250,9.4,7,1008.9,2
2024-08-26 02:00:00,30.0,75,0.1,240,13.0,7,1009.2,2
2024-08-26 03:00:00,31.0,66,0.3,240,14.8,7,1009.5,2
2024-08-26 04:00:00,32.0,63,0.0,230,13.0,7,1008.9,3
2024-08-26 05:00:00,31.0,70,0.2,230,13.0,7,1008.3,7
2024-08-26 06:00:00,32.0,67,0.1,230,13.0,7,1007.8,7
2024-08-26 07:00:00,33.0,63,1.5,230,13.0,7,1007.2,7
2024-08-26 08:00:00,32.0,63,3.5,240,18.4,7,1006.7,8
2024-08-26 09:00:00,30.0,70,0.4,220,29.5,7,1006.2,8
2024-08-26 10:00:00,27.0,89,0.6,250,11.2,7,1006.8,8
2024-08-26 11:00:00,28.0,79,0.0,250,13.0,7,1007.4,8
2024-08-26 12:00:00,28.0,84,0.0,240,14.8,7,1008.0,7
2024-08-26 13:00:00,28.0,84,0.0,220,5.4,7,1008.7,7
2024-08-26 14:00:00,27.0,94,0.0,70,5.4,7,1009.4,7
2024-08-26 15:00:00,27.0,89,0.0,0,0.0,7,1010.2,3
2024-08-26 16:00:00,27.0,94,0.0,60,5.4,7,1009.9,3
2024-08-26 17:00:00,27.0,89,0.0,160,5.4,7,1009.6,3
2024-08-26 18:00:00,27.0,89,0.0,210,5.4,7,1009.3,3
2024-08-26 19:00:00,26.0,94,0.0,230,5.4,7,1009.0,3
2024-08-26 20:00:00,26.0,94,0.0,203,3.6,7,1008.6,3
2024-08-26 21:00:00,26.0,94,0.0,350,3.6,7,1008.2,3
2024-08-26 22:00:00,26.0,94,0.0,201,3.6,7,1008.5,3
2024-08-26 23:00:00,26.0,94,0.0,230,3.6,7,1008.8,3
2024-08-27 00:00:00,27.0,89,0.0,240,7.6,7,1009.1,5
2024-08-27 01:00:00,28.0,84,0.0,220,11.2,7,1009.5,3
2024-08-27 02:00:00,30.0,75,0.0,230,18.4,7,1009.9,3
2024-08-27 03:00:00,31.0,70,0.2,260,16.6,7,1010.3,3
2024-08-27 04:00:00,31.0,66,0.2,260,16.6,7,1009.6,7
2024-08-27 05:00:00,30.0,70,0.8,240,27.7,7,1008.9,7
2024-08-27 06:00:00,31.3,65,0.3,241,14.8,7,1008.2,7
2024-08-27 07:00:00,30.9,67,4.2,242,14.8,7,1007.7,7
2024-08-27 08:00:00,29.0,70,0.2,250,20.5,7,1007.1,8
2024-08-27 09:00:00,28.0,84,0.4,230,13.0,8,1006.6,8
2024-08-27 10:00:00,28.0,89,0.2,280,9.4,8,1007.1,8
2024-08-27 11:00:00,26.0,94,0.1,40,7.6,8,1007.7,8
2024-08-27 12:00:00,26.0,94,0.0,30,5.4,8,1008.3,7
2024-08-27 13:00:00,26.0,100,0.0,350,3.6,7,1008.9,7
2024-08-27 14:00:00,26.0,100,0.0,213,1.8,7,1009.6,7
2024-08-27 15:00:00,27.0,94,0.0,202,3.6,7,1010.3,7
2024-08-27 16:00:00,27.0,94,0.0,198,1.8,7,1010.0,7
2024-08-27 17:00:00,27.0,94,0.0,190,7.6,7,1009.6,7
2024-08-27 18:00:00,27.0,89,0.0,210,7.6,7,1009.3,7
2024-08-27 19:00:00,27.0,89,,250,7.6,7,1008.9,7
2024-08-27 20:00:00,27.0,89,,230,7.6,7,1008.6,7
2024-08-27 21:00:00,26.0,94,,240,7.6,7,1008.2,3
2024-08-27 22:00:00,26.0,94,,230,9.4,7,1008.5,3
2024-08-27 23:00:00,26.0,94,,260,5.4,0,1008.8,3
2024-08-28 00:00:00,27.0,89,,240,11.2,7,1008.9,3
2024-08-28 01:00:00,28.0,84,,270,13.0,7,1009.4,3
2024-08-28 02:00:00,30.0,79,,250,18.4,7,1009.7,3
2024-08-28 03:00:00,31.0,75,,260,20.5,7,1010.1,3
2024-08-28 04:00:00,32.0,71,,240,25.9,7,1009.4,7
2024-08-28 05:00:00,31.0,70,,250,25.9,7,1008.7,7
2024-08-28 06:00:00,31.0,70,,250,22.3,7,1008.0,7
2024-08-28 07:00:00,30.0,75,,240,31.7,7,1007.5,8
2024-08-28 08:00:00,26.0,89,,220,25.9,7,1006.9,8
2024-08-28 09:00:00,27.0,84,,240,16.6,7,1006.4,8
2024-08-28 10:00:00,27.0,84,,240,16.6,7,1006.8,8
2024-08-28 11:00:00,27.0,84,,230,7.6,7,1007.3,8
2024-08-28 12:00:00,26.0,94,,240,5.4,8,1007.8,8
2024-08-28 13:00:00,26.0,94,,231,1.8,7,1008.5,7
2024-08-28 14:00:00,26.0,94,,220,3.6,7,1009.2,7
2024-08-28 15:00:00,26.0,94,,202,3.6,7,1009.9,7
2024-08-28 16:00:00,27.0,89,,230,7.6,7,1009.6,7
2024-08-28 17:00:00,27.0,89,,190,7.6,7,1009.3,7
2024-08-28 18:00:00,27.0,89,,210,13.0,7,1009.0,7
2024-08-28 19:00:00,27.0,84,,230,13.0,7,1008.7,7
2024-08-28 20:00:00,26.0,89,,240,13.0,7,1008.4,7
2024-08-28 21:00:00,26.0,94,,250,9.4,7,1008.2,7
2024-08-28 22:00:00,25.0,94,,250,14.8,7,1008.6,2
2024-08-28 23:00:00,26.0,89,,270,13.0,7,1009.0,2
2024-08-29 00:00:00,26.0,89,,240,14.8,7,1009.4,2
2024-08-29 01:00:00,27.0,89,,270,13.0,7,1009.7,2
2024-08-29 02:00:00,28.0,79,,250,18.4,7,1010.0,3
2024-08-29 03:00:00,30.0,75,,260,22.3,7,1010.3,3
2024-08-29 04:00:00,30.0,70,,240,20.5,7,1009.6,7
2024-08-29 05:00:00,30.0,75,,250,20.5,7,1008.9,7
2024-08-29 06:00:00,30.0,75,,250,20.5,7,1008.2,7
2024-08-29 07:00:00,31.0,70,,270,24.1,7,1007.7,8
2024-08-29 08:00:00,31.0,66,,260,24.1,7,1007.2,8
2024-08-29 09:00:00,31.0,66,,270,24.1,7,1006.7,8
2024-08-29 10:00:00,30.0,70,,270,27.7,7,1007.3,8
2024-08-29 11:00:00,29.0,74,,260,18.4,7,1007.8,8
2024-08-29 12:00:00,28.0,79,,250,16.6,7,1008.3,8
2024-08-29 13:00:00,28.0,74,,250,16.6,7,1009.1,7
2024-08-29 14:00:00,28.0,79,,240,14.8,7,1009.8,7
2024-08-29 15:00:00,28.0,79,,250,16.6,7,1010.5,7
2024-08-29 16:00:00,28.0,79,,240,16.6,7,1010.3,7
2024-08-29 17:00:00,27.0,84,,240,11.2,7,1010.2,7
2024-08-29 18:00:00,27.0,84,,240,13.0,7,1010.0,7
2024-08-29 19:00:00,26.0,94,,260,7.6,7,1009.5,7
2024-08-29 20:00:00,26.0,89,,260,7.6,7,1009.1,7
2024-08-29 21:00:00,26.0,89,,260,9.4,7,1008.6,2
2024-08-29 22:00:00,26.0,89,,250,11.2,7,1008.9,2
2024-08-29 23:00:00,26.0,89,,280,7.6,7,1009.2,3
2024-08-30 00:00:00,27.0,89,,280,5.4,0,1009.4,3
2024-08-30 01:00:00,28.0,79,,260,16.6,7,1009.9,3
2024-08-30 02:00:00,29.0,74,,260,18.4,7,1010.2,3
2024-08-30 03:00:00,31.0,70,,270,22.3,7,1010.6,3
2024-08-30 04:00:00,32.0,63,,280,18.4,7,1009.8,3
2024-08-30 05:00:00,33.0,63,,290,20.5,7,1009.1,7
2024-08-30 06:00:00,33.0,59,,300,18.4,7,1008.4,7
2024-08-30 07:00:00,33.0,59,,290,20.5,7,1007.9,7
2024-08-30 08:00:00,33.0,59,,290,22.3,7,1007.4,8
2024-08-30 09:00:00,32.0,63,,280,20.5,7,1006.8,8
2024-08-30 10:00:00,32.0,63,,290,16.6,7,1007.4,8
2024-08-30 11:00:00,31.0,66,,310,11.2,7,1007.9,7
2024-08-30 12:00:00,28.0,84,,320,20.5,7,1008.4,7
2024-08-30 13:00:00,24.0,100,,280,35.3,7,1009.2,7
2024-08-30 14:00:00,24.0,100,,260,20.5,7,1009.9,7
2024-08-30 15:00:00,25.0,94,,280,9.4,7,1010.6,7
2024-08-30 16:00:00,26.0,89,,40,5.4,7,1010.3,7
2024-08-30 17:00:00,25.0,94,,330,7.6,7,1010.0,7
2024-08-30 18:00:00,25.0,94,,300,11.2,7,1009.6,18
2024-08-30 19:00:00,25.0,94,,240,5.4,7,1009.3,7
2024-08-30 20:00:00,25.0,94,,250,9.4,7,1009.0,7
2024-08-30 21:00:00,25.0,94,,191,3.6,0,1008.6,3
2024-08-30 22:00:00,25.0,94,,191,3.6,7,1008.9,3
2024-08-30 23:00:00,25.0,94,,50,3.6,0,1009.2,3
2024-08-31 00:00:00,26.0,94,,10,5.4,0,1009.6,3
2024-08-31 01:00:00,27.0,89,,10,5.4,0,1009.8,3
2024-08-31 02:00:00,29.0,79,,20,11.2,7,1010.1,2
2024-08-31 03:00:00,30.0,75,,300,13.0,6,1010.4,2
2024-08-31 04:00:00,31.0,70,,300,13.0,7,1009.6,2
2024-08-31 05:00:00,31.0,70,,280,11.2,7,1008.8,7
2024-08-31 06:00:00,32.0,67,,300,14.8,7,1008.0,7
2024-08-31 07:00:00,28.0,84,,300,9.4,7,1007.4,7
2024-08-31 08:00:00,31.0,66,,270,18.4,7,1006.8,7
2024-08-31 09:00:00,30.0,70,,290,16.6,7,1006.3,7
2024-08-31 10:00:00,26.0,94,,30,13.0,7,1006.8,7
2024-08-31 11:00:00,24.0,100,,30,11.2,7,1007.3,7
2024-08-31 12:00:00,25.0,94,,320,5.4,7,1007.8,7
2024-08-31 13:00:00,25.0,94,,180,5.4,7,1008.4,7
2024-08-31 14:00:00,25.0,94,,70,11.2,7,1009.1,7
2024-08-31 15:00:00,26.0,89,,80,11.2,7,1009.7,7
2024-08-31 16:00:00,26.0,89,,203,1.8,7,1009.5,7
2024-08-31 17:00:00,26.0,94,,192,3.6,7,1009.2,7
2024-08-31 18:00:00,26.0,94,,171,1.8,7,1009.0,7
2024-08-31 19:00:00,25.0,100,,30,3.6,7,1008.6,7
2024-08-31 20:00:00,25.0,100,,50,5.4,7,1008.2,7
2024-08-31 21:00:00,25.0,100,,80,3.6,7,1007.9,3
2024-08-31 22:00:00,25.0,100,,0,0.0,7,1008.1,3
2024-08-31 23:00:00,25.0,94,,206,3.6,7,1008.4,3
2024-09-01 00:00:00,26.0,94,,62,3.6,7,1008.6,3
2024-09-01 01:00:00,27.0,94,,217,3.6,7,1008.9,3
2024-09-01 02:00:00,28.0,84,,290,9.4,7,1009.1,3
2024-09-01 03:00:00,30.0,75,,300,11.2,7,1009.4,3
2024-09-01 04:00:00,30.0,75,,330,13.0,7,1008.7,3
2024-09-01 05:00:00,31.0,70,,350,14.8,7,1008.0,3
2024-09-01 06:00:00,31.0,70,,360,13.0,7,1007.3,3
2024-09-01 07:00:00,29.0,84,,30,14.8,7,1006.8,7
2024-09-01 08:00:00,31.0,75,,70,7.6,7,1006.3,7
2024-09-01 09:00:00,28.0,79,,210,33.5,7,1005.8,7
2024-09-01 10:00:00,24.0,100,,270,9.4,7,1006.3,7
2024-09-01 11:00:00,24.0,100,,260,27.7,7,1006.8,7
2024-09-01 12:00:00,25.0,94,,220,18.4,7,1007.3,7
2024-09-01 13:00:00,25.0,89,,250,11.2,7,1008.0,7
2024-09-01 14:00:00,24.0,100,,320,9.4,7,1008.7,7
2024-09-01 15:00:00,24.0,100,,300,5.4,7,1009.4,7
2024-09-01 16:00:00,24.0,100,,310,5.4,7,1009.2,7
2024-09-01 17:00:00,25.0,94,,30,5.4,7,1008.9,7
2024-09-01 18:00:00,24.0,100,,80,5.4,7,1008.7,7
2024-09-01 19:00:00,25.0,94,,183,1.8,7,1008.3,7
2024-09-01 20:00:00,25.0,94,,179,3.6,7,1008.0,7
2024-09-01 21:00:00,25.0,94,,210,9.4,7,1007.7,7
2024-09-01 22:00:00,25.0,94,,210,5.4,7,1008.0,3
2024-09-01 23:00:00,25.0,94,,184,1.8,7,1008.3,3
2024-09-02 00:00:00,26.0,89,,220,5.4,7,1009.0,3
2024-09-02 01:00:00,27.0,84,,240,9.4,7,1009.0,3
2024-09-02 02:00:00,28.0,84,,230,13.0,7,1009.4,3
2024-09-02 03:00:00,29.0,79,,270,5.4,7,1009.8,3
2024-09-02 04:00:00,30.0,79,,250,14.8,7,1009.1,7
2024-09-02 05:00:00,25.0,94,,260,14.8,7,1008.5,7
2024-09-02 06:00:00,26.0,94,,240,13.0,7,1007.8,7
2024-09-02 07:00:00,27.0,89,,230,9.4,7,1007.3,8
2024-09-02 08:00:00,27.0,89,,240,13.0,7,1006.7,8
2024-09-02 09:00:00,27.0,89,,220,14.8,7,1006.2,8
2024-09-02 10:00:00,28.0,84,,240,14.8,7,1006.7,8
2024-09-02 11:00:00,27.0,89,,210,16.6,7,1007.1,8
2024-09-02 12:00:00,27.0,84,,200,7.6,7,1007.6,7
2024-09-02 13:00:00,28.0,79,,200,5.4,7,1008.3,7
2024-09-02 14:00:00,28.0,79,,190,3.6,7,1009.0,7
2024-09-02 15:00:00,28.0,79,,170,9.4,7,1009.8,3
2024-09-02 16:00:00,27.0,89,,200,13.0,7,1009.5,3
2024-09-02 17:00:00,26.0,89,,210,14.8,7,1009.2,3
2024-09-02 18:00:00,26.0,89,,210,11.2,7,1008.9,3
2024-09-02 19:00:00,26.0,89,,240,14.8,7,1008.5,3
2024-09-02 20:00:00,25.0,94,,240,11.2,7,1008.2,3
2024-09-02 21:00:00,25.0,94,,250,7.6,7,1007.9,3
2024-09-02 22:00:00,25.0,94,,260,5.4,7,1008.3,3
2024-09-02 23:00:00,25.0,94,,240,7.6,7,1008.6,3
2024-09-03 00:00:00,27.0,89,,240,11.2,8,1009.2,3
2024-09-03 01:00:00,28.0,89,,240,13.0,7,1009.4,3
2024-09-03 02:00:00,29.0,79,,230,18.4,7,1009.8,3
2024-09-03 03:00:00,30.0,75,,220,20.5,7,1010.2,3
2024-09-03 04:00:00,31.0,70,,250,24.1,7,1009.5,3
2024-09-03 05:00:00,31.0,70,,250,20.5,7,1008.8,3
2024-09-03 06:00:00,32.0,71,,260,22.3,7,1008.2,7
2024-09-03 07:00:00,31.0,66,,250,22.3,7,1007.6,7
2024-09-03 08:00:00,30.0,70,,240,22.3,7,1007.0,7
2024-09-03 09:00:00,29.0,79,,230,22.3,7,1006.5,7
2024-09-03 10:00:00,29.0,74,,220,22.3,7,1007.0,7
2024-09-03 11:00:00,29.0,74,,220,18.4,7,1007.6,7
2024-09-03 12:00:00,28.0,79,,240,13.0,7,1008.2,7
2024-09-03 13:00:00,28.0,79,,230,13.0,7,1009.0,3
2024-09-03 14:00:00,28.0,79,,210,13.0,6,1009.8,3
2024-09-03 15:00:00,27.0,89,,240,13.0,6,1010.5,3
2024-09-03 16:00:00,27.0,84,,230,14.8,7,1010.0,3
2024-09-03 17:00:00,26.0,94,,230,9.4,6,1009.8,3
2024-09-03 18:00:00,26.0,94,,230,11.2,6,1009.6,3
2024-09-03 19:00:00,26.0,94,,240,9.4,6,1009.2,3
2024-09-03 20:00:00,26.0,94,,230,11.2,0,1008.8,3
2024-09-03 21:00:00,26.0,94,,230,5.4,0,1008.0,3
2024-09-03 22:00:00,26.0,94,,220,7.6,0,1008.0,7
2024-09-03 23:00:00,26.0,94,,220,9.4,7,1008.0,7
2024-09-04 00:00:00,27.0,89,,220,9.4,7,1008.0,7
2024-09-04 01:00:00,28.0,89,0.0,240,13.0,7,1009.0,7
2024-09-04 02:00:00,30.0,79,0.0,240,18.4,7,1009.0,7
2024-09-04 03:00:00,26.0,89,0.0,280,25.9,7,1008.0,7
2024-09-04 04:00:00,26.0,89,0.2,250,13.0,7,1008.0,7
2024-09-04 05:00:00,28.0,84,0.4,220,14.8,7,1008.0,7
2024-09-04 06:00:00,29.0,79,2.6,220,16.6,7,1006.0,7
2024-09-04 07:00:00,30.0,75,5.3,220,22.3,7,1005.0,7
2024-09-04 08:00:00,30.0,75,0.4,250,25.9,7,1005.0,7
2024-09-04 09:00:00,25.0,94,0.0,240,18.4,7,1006.0,7
2024-09-04 10:00:00,25.0,94,0.0,230,13.0,8,1006.0,8
2024-09-04 11:00:00,25.0,94,0.0,230,14.8,8,1006.0,7
2024-09-04 12:00:00,25.0,94,0.0,230,9.4,8,1006.0,7
2024-09-04 13:00:00,25.0,94,0.0,250,7.6,8,1007.0,7
2024-09-04 14:00:00,25.0,94,0.0,250,7.6,8,1007.0,7
2024-09-04 15:00:00,25.0,94,0.0,250,7.6,0,1007.0,5
2024-09-04 16:00:00,25.0,94,0.2,270,7.6,8,1007.0,7
2024-09-04 17:00:00,25.0,94,0.9,240,5.4,8,1007.0,5
2024-09-04 18:00:00,26.0,94,0.0,230,7.6,7,1006.0,7
2024-09-04 19:00:00,26.0,94,0.0,230,7.6,8,1005.0,7
2024-09-04 20:00:00,26.0,94,0.0,230,9.4,8,1005.0,7
2024-09-04 21:00:00,26.0,94,0.0,230,11.2,8,1004.0,7
2024-09-04 22:00:00,26.0,94,0.0,240,14.8,7,1004.0,7
2024-09-04 23:00:00,26.0,94,0.0,260,9.4,7,1005.0,7
2024-09-05 00:00:00,27.0,89,0.0,250,11.2,7,1006.0,7
2024-09-05 01:00:00,28.0,84,0.0,250,16.6,8,1006.0,7
2024-09-05 02:00:00,30.0,75,0.0,250,20.5,8,1006.0,7
2024-09-05 03:00:00,31.0,75,0.0,270,20.5,8,1005.0,7
2024-09-05 04:00:00,32.0,67,0.1,280,22.3,8,1005.0,7
2024-09-05 05:00:00,32.0,67,0.2,290,25.9,8,1004.0,7
2024-09-05 06:00:00,32.0,67,0.0,260,25.9,8,1004.0,7
2024-09-05 07:00:00,32.0,67,8.9,260,25.9,8,1003.0,8
2024-09-05 08:00:00,33.0,59,0.9,270,24.1,8,1002.0,8
2024-09-05 09:00:00,31.0,70,0.6,240,20.5,8,1002.0,8
2024-09-05 10:00:00,29.0,79,1.4,250,18.4,8,1003.0,9
2024-09-05 11:00:00,29.0,84,0.4,230,14.8,8,1003.0,9
2024-09-05 12:00:00,29.0,84,0.3,220,18.4,8,1004.0,9
2024-09-05 13:00:00,27.0,89,0.0,230,24.1,8,1005.0,8
2024-09-05 14:00:00,26.0,89,0.0,260,5.4,8,1005.0,8
2024-09-05 15:00:00,27.0,89,0.0,194,3.6,8,1006.0,8
2024-09-05 16:00:00,27.0,89,0.0,220,14.8,8,1006.0,8
2024-09-05 17:00:00,26.0,94,0.0,240,18.4,8,1005.0,8
2024-09-05 18:00:00,26.0,94,0.0,250,14.8,8,1004.0,8
2024-09-05 19:00:00,26.0,94,0.0,250,14.8,8,1003.0,8
2024-09-05 20:00:00,26.0,94,0.0,240,11.2,8,1003.0,8
2024-09-05 21:00:00,26.0,94,0.0,250,11.2,8,1003.0,8
2024-09-05 22:00:00,26.0,94,0.0,250,13.0,7,1004.0,8
2024-09-05 23:00:00,26.0,94,0.0,250,11.2,8,1005.0,8
2024-09-06 00:00:00,27.0,94,0.0,250,16.6,8,1005.0,8
2024-09-06 01:00:00,28.0,89,0.0,240,20.5,8,1006.0,8
2024-09-06 02:00:00,29.0,84,0.0,240,29.5,8,1006.0,8
2024-09-06 03:00:00,30.0,79,0.0,240,24.1,8,1006.0,8
2024-09-06 04:00:00,31.0,75,0.2,250,24.1,8,1005.0,8
2024-09-06 05:00:00,32.0,67,6.9,250,37.1,8,1005.0,8
2024-09-06 06:00:00,31.0,75,1.3,250,29.5,8,1004.0,8
2024-09-06 07:00:00,30.0,75,1.1,260,18.4,8,1004.0,8
2024-09-06 08:00:00,30.0,75,0.8,240,31.7,8,1003.0,8
2024-09-06 09:00:00,31.0,75,0.3,250,27.7,8,1003.0,8
2024-09-06 10:00:00,29.0,79,0.3,240,24.1,8,1003.0,9
2024-09-06 11:00:00,29.0,74,0.0,250,20.5,8,1004.0,8
2024-09-06 12:00:00,28.0,84,0.0,250,16.6,8,1005.0,8
2024-09-06 13:00:00,28.0,84,0.0,240,18.4,8,1006.0,8
2024-09-06 14:00:00,27.0,84,0.0,250,16.6,8,1007.0,8
2024-09-06 15:00:00,27.0,84,0.0,240,14.8,8,1007.0,7
2024-09-06 16:00:00,27.0,84,0.0,220,16.6,8,1007.0,7
2024-09-06 17:00:00,27.0,84,0.0,230,14.8,8,1007.0,7
2024-09-06 18:00:00,27.0,89,0.0,220,20.5,8,1006.0,7
2024-09-06 19:00:00,27.0,89,0.0,220,16.6,8,1006.0,7
2024-09-06 20:00:00,27.0,94,0.0,220,16.6,8,1006.0,7
2024-09-06 21:00:00,27.0,94,0.0,240,18.4,8,1006.0,7
2024-09-06 22:00:00,27.0,94,0.0,230,16.6,7,1006.0,7
2024-09-06 23:00:00,27.0,94,0.0,220,22.3,7,1007.0,7
2024-09-07 00:00:00,28.0,89,0.0,210,24.1,7,1007.0,7
2024-09-07 01:00:00,28.0,89,0.0,210,18.4,8,1008.0,7
2024-09-07 02:00:00,30.0,79,0.0,240,29.5,8,1008.0,7
2024-09-07 03:00:00,31.0,75,0.0,250,27.7,8,1008.0,7
2024-09-07 04:00:00,32.0,71,0.1,270,27.7,8,1008.0,7
2024-09-07 05:00:00,31.0,70,0.2,250,29.5,8,1007.0,7
2024-09-07 06:00:00,32.0,71,2.0,250,25.9,8,1006.0,7
2024-09-07 07:00:00,32.0,71,6.1,240,29.5,8,1005.0,3
2024-09-07 08:00:00,32.0,71,0.0,250,27.7,7,1005.0,3
2024-09-07 09:00:00,32.0,67,0.0,240,22.3,7,1005.0,7
2024-09-07 10:00:00,31.0,70,1.3,240,25.9,7,1007.0,3
2024-09-07 11:00:00,25.0,94,2.7,270,7.6,7,1006.0,3
2024-09-07 12:00:00,28.0,84,0.0,220,9.4,7,1007.0,3
2024-09-07 13:00:00,29.0,84,0.0,230,16.6,7,1008.0,3
2024-09-07 14:00:00,28.0,84,0.0,230,16.6,7,1009.0,3
2024-09-07 15:00:00,28.0,89,0.0,230,18.4,7,1010.0,3
2024-09-07 16:00:00,28.0,89,0.0,230,16.6,7,1010.0,2
2024-09-07 17:00:00,28.0,89,0.0,220,16.6,7,1010.0,2
2024-09-07 18:00:00,28.0,89,0.0,230,14.8,7,1009.0,2
2024-09-07 19:00:00,28.0,89,0.0,220,13.0,0,1009.0,2
2024-09-07 20:00:00,27.0,94,0.0,230,17.0,7,1008.0,2
2024-09-07 21:00:00,27.0,89,0.0,240,13.0,7,1008.0,2
2024-09-07 22:00:00,27.0,89,0.0,240,14.8,7,1009.0,2
2024-09-07 23:00:00,26.0,94,0.0,240,9.4,0,1009.0,3
2024-09-08 00:00:00,27.0,89,0.0,240,16.6,7,1009.0,3
2024-09-08 01:00:00,29.0,84,0.0,240,18.4,7,1010.0,3
2024-09-08 02:00:00,30.0,79,0.1,260,20.5,7,1010.0,3
2024-09-08 03:00:00,31.0,70,0.2,240,25.9,7,1010.0,3
2024-09-08 04:00:00,31.0,70,0.2,260,20.5,7,1010.0,3
2024-09-08 05:00:00,32.0,67,2.9,250,22.3,7,1009.0,3
2024-09-08 06:00:00,32.0,71,2.3,250,20.5,7,1008.0,3
2024-09-08 07:00:00,32.0,67,17.4,250,22.3,7,1007.0,3
2024-09-08 08:00:00,30.0,75,3.1,250,24.1,7,1007.0,3
2024-09-08 09:00:00,30.0,75,0.2,240,18.4,7,1007.0,3
2024-09-08 10:00:00,30.0,75,0.0,220,14.8,7,1007.0,3
2024-09-08 11:00:00,29.0,84,0.0,230,14.8,7,1007.0,3
2024-09-08 12:00:00,28.0,89,0.0,250,13.0,7,1008.0,3
2024-09-08 13:00:00,28.0,89,0.0,240,9.4,7,1008.0,3
2024-09-08 14:00:00,28.0,89,0.0,250,11.2,7,1009.0,3
2024-09-08 15:00:00,27.0,94,0.0,250,11.2,7,1009.0,2
2024-09-08 16:00:00,27.0,94,0.0,250,11.2,6,1010.0,2
2024-09-08 17:00:00,27.0,89,0.0,250,14.8,6,1009.0,2
2024-09-08 18:00:00,27.0,89,0.0,250,11.2,6,1008.0,2
2024-09-08 19:00:00,27.0,89,0.0,230,9.4,6,1008.0,2
2024-09-08 20:00:00,27.0,94,0.0,240,13.0,6,1008.0,2
2024-09-08 21:00:00,27.0,94,0.0,240,11.2,6,1007.0,2
2024-09-08 22:00:00,27.0,94,0.0,240,11.2,6,1007.0,2
2024-09-08 23:00:00,27.0,94,0.0,240,11.2,7,1008.0,2
2024-09-09 00:00:00,27.0,94,0.0,250,14.8,7,1008.0,2
2024-09-09 01:00:00,29.0,79,0.0,270,18.4,7,1008.0,2
2024-09-09 02:00:00,30.0,75,0.0,290,16.6,7,1008.0,2
2024-09-09 03:00:00,31.0,70,0.1,290,16.6,7,1008.0,2
2024-09-09 04:00:00,32.0,67,0.2,330,20.5,7,1007.0,2
2024-09-09 05:00:00,34.0,60,0.0,300,14.8,7,1007.0,3
2024-09-09 06:00:00,33.0,67,0.1,290,16.6,7,1006.0,3
2024-09-09 07:00:00,34.0,60,0.1,260,22.3,7,1005.0,3
2024-09-09 08:00:00,34.0,60,4.1,270,20.5,7,1004.0,3
2024-09-09 09:00:00,33.0,63,0.8,270,22.3,7,1004.0,3
2024-09-09 10:00:00,32.0,63,0.0,280,16.6,7,1004.0,3
2024-09-09 11:00:00,30.0,75,0.1,260,14.8,7,1005.0,3
2024-09-09 12:00:00,30.0,75,0.3,270,9.4,7,1006.0,3
2024-09-09 13:00:00,30.0,79,0.0,310,7.6,7,1007.0,3
2024-09-09 14:00:00,29.0,84,0.0,250,16.6,7,1008.1,3
2024-09-09 15:00:00,29.0,84,0.0,250,14.8,7,1008.0,2
2024-09-09 16:00:00,29.0,84,0.0,270,14.8,7,1008.0,2
2024-09-09 17:00:00,28.0,84,0.0,280,11.2,7,1007.0,2
2024-09-09 18:00:00,27.0,84,0.0,270,11.2,7,1007.0,2
2024-09-09 19:00:00,27.0,89,0.0,280,11.2,7,1006.0,2
2024-09-09 20:00:00,27.0,89,0.0,290,7.6,7,1006.0,2
2024-09-09 21:00:00,27.0,89,0.0,290,7.6,6,1006.0,2
2024-09-09 22:00:00,27.0,89,0.0,188,3.6,7,1006.0,2
2024-09-09 23:00:00,27.0,94,0.0,280,5.4,7,1007.0,2
2024-09-10 00:00:00,28.0,89,0.0,290,5.4,7,1007.0,5
2024-09-10 01:00:00,29.0,84,0.0,250,7.6,7,1007.0,3
2024-09-10 02:00:00,31.0,75,0.0,270,13.0,7,1007.0,3
2024-09-10 03:00:00,32.0,67,0.1,280,16.6,7,1007.0,3
2024-09-10 04:00:00,33.0,67,0.2,280,13.0,7,1007.0,2
2024-09-10 05:00:00,32.0,71,0.0,300,14.8,7,1006.0,2
2024-09-10 06:00:00,34.0,63,0.2,290,14.8,7,1005.0,7
2024-09-10 07:00:00,34.0,63,0.1,300,16.6,7,1003.0,7
2024-09-10 08:00:00,33.0,67,5.4,310,14.8,7,1003.0,7
2024-09-10 09:00:00,31.0,70,12.5,320,18.4,7,1003.0,7
2024-09-10 10:00:00,28.0,89,1.6,90,13.0,7,1004.0,25
2024-09-10 11:00:00,27.0,89,0.3,180,16.6,7,1006.0,7
2024-09-10 12:00:00,27.0,94,0.2,130,9.4,7,1006.0,7
2024-09-10 13:00:00,28.0,89,0.0,220,9.4,7,1006.0,7
2024-09-10 14:00:00,28.0,94,0.0,240,11.2,7,1008.0,7
2024-09-10 15:00:00,28.0,89,0.0,240,11.2,7,1008.0,3
2024-09-10 16:00:00,28.0,89,0.0,290,13.0,7,1009.0,3
2024-09-10 17:00:00,25.0,89,0.0,120,5.4,7,1008.0,3
2024-09-10 18:00:00,25.0,89,0.0,290,7.6,7,1007.0,3
2024-09-10 19:00:00,25.0,89,0.0,172,1.8,7,1007.0,2
2024-09-10 20:00:00,26.0,84,0.0,230,3.6,7,1007.0,3
2024-09-10 21:00:00,26.0,84,0.0,30,5.4,7,1007.0,3
2024-09-10 22:00:00,26.0,84,0.1,196,3.6,7,1008.0,3
2024-09-10 23:00:00,26.0,89,0.0,50,3.6,7,1008.0,3
2024-09-11 00:00:00,27.0,89,0.3,183,1.8,7,1009.0,3
2024-09-11 01:00:00,28.0,94,0.0,260,7.6,7,1010.0,3
2024-09-11 02:00:00,29.0,84,0.2,270,7.6,7,1009.0,3
2024-09-11 03:00:00,31.0,75,0.0,320,7.6,7,1009.0,2
2024-09-11 04:00:00,32.0,71,0.2,320,13.0,7,1008.0,3
2024-09-11 05:00:00,32.0,71,0.2,350,13.0,7,1008.0,3
2024-09-11 06:00:00,33.0,67,0.2,340,14.8,7,1006.0,7
2024-09-11 07:00:00,33.0,67,0.2,340,11.2,7,1005.0,7
2024-09-11 08:00:00,34.0,60,3.4,246,3.6,7,1005.0,7
2024-09-11 09:00:00,27.0,89,0.1,220,29.5,7,1007.0,7
2024-09-11 10:00:00,25.0,94,0.1,240,22.3,7,1007.0,25
2024-09-11 11:00:00,26.0,89,0.3,290,14.8,7,1007.0,25
2024-09-11 12:00:00,26.0,94,0.0,310,9.4,7,1007.0,7
2024-09-11 13:00:00,26.0,94,1.0,330,9.4,7,1008.0,7
2024-09-11 14:00:00,26.0,94,0.0,10,5.4,7,1009.0,7
2024-09-11 15:00:00,26.0,94,0.0,40,7.6,7,1010.0,3
2024-09-11 16:00:00,26.0,94,0.0,189,1.8,7,1009.0,3
2024-09-11 17:00:00,26.0,94,0.0,30,5.4,7,1009.0,3
2024-09-11 18:00:00,26.0,89,0.0,173,3.6,7,1009.0,3
2024-09-11 19:00:00,26.0,89,0.0,0,0.0,7,1008.0,3
2024-09-11 20:00:00,26.0,89,0.0,30,1.8,7,1008.0,3
2024-09-11 21:00:00,26.0,89,0.0,40,3.6,7,1008.0,3
2024-09-11 22:00:00,26.0,89,0.0,213,1.8,7,1008.0,3
2024-09-11 23:00:00,26.0,89,0.0,50,3.6,7,1008.0,3
2024-09-12 00:00:00,27.0,84,0.0,191,3.6,7,1009.0,3
2024-09-12 01:00:00,29.0,79,0.0,218,1.8,7,1010.0,3
2024-09-12 02:00:00,30.0,75,0.3,230,3.6,7,1010.0,3
2024-09-12 03:00:00,31.0,75,0.2,250,13.0,7,1010.0,3
2024-09-12 04:00:00,32.0,71,0.0,300,13.0,7,1009.0,3
2024-09-12 05:00:00,32.0,67,0.2,300,13.0,7,1008.0,3
2024-09-12 06:00:00,33.0,63,0.1,300,11.2,7,1007.0,7
2024-09-12 07:00:00,33.0,59,0.1,310,11.2,7,1006.0,7
2024-09-12 08:00:00,33.0,63,7.4,300,13.0,7,1005.0,7
2024-09-12 09:00:00,33.0,63,0.7,310,14.8,7,1005.0,7
2024-09-12 10:00:00,28.0,84,4.6,190,18.4,7,1007.0,7
2024-09-12 11:00:00,27.0,89,0.9,200,11.2,7,1008.0,7
2024-09-12 12:00:00,26.0,94,0.2,250,18.4,7,1008.0,7
2024-09-12 13:00:00,26.0,94,0.0,260,14.8,7,1008.0,7
2024-09-12 14:00:00,26.0,94,0.0,240,11.2,7,1009.0,7
2024-09-12 15:00:00,26.0,94,0.0,280,9.4,7,1009.0,7
2024-09-12 16:00:00,26.0,94,0.0,290,7.6,7,1009.0,7
2024-09-12 17:00:00,26.0,89,0.0,250,7.6,7,1008.0,7
2024-09-12 18:00:00,26.0,94,0.0,250,3.6,7,1008.0,7
2024-09-12 19:00:00,26.0,89,0.0,240,9.4,0,1007.0,7
2024-09-12 20:00:00,26.0,94,0.0,240,11.2,7,1007.0,7
2024-09-12 21:00:00,26.0,94,0.0,240,9.4,7,1007.0,7
2024-09-12 22:00:00,26.0,94,0.0,250,9.4,7,1007.0,7
2024-09-12 23:00:00,26.0,94,0.0,240,9.4,7,1007.0,7
2024-09-13 00:00:00,27.0,89,0.0,220,13.0,7,1008.0,7
2024-09-13 01:00:00,28.0,89,0.1,250,18.4,8,1008.0,7
2024-09-13 02:00:00,30.0,84,0.2,270,14.8,8,1008.0,7
2024-09-13 03:00:00,31.0,75,0.3,280,14.8,8,1008.0,7
2024-09-13 04:00:00,32.0,67,3.1,280,18.4,7,1007.0,7
2024-09-13 05:00:00,33.0,67,5.3,300,16.6,7,1006.0,8
2024-09-13 06:00:00,33.0,67,0.6,280,18.4,7,1005.0,8
2024-09-13 07:00:00,33.0,63,0.3,260,27.7,8,1004.0,8
2024-09-13 08:00:00,29.0,79,1.4,280,14.8,8,1003.0,8
2024-09-13 09:00:00,30.0,79,1.7,260,13.0,8,1003.0,9
2024-09-13 10:00:00,28.0,79,1.0,230,25.9,8,1005.0,9
2024-09-13 11:00:00,26.0,94,1.7,170,11.2,8,1005.0,9
2024-09-13 12:00:00,26.5,88,1.5,214,5.5,8,1006.6,9
2024-09-13 13:00:00,24.0,94,2.4,60,9.0,8,1008.0,8
2024-09-13 14:00:00,25.0,94,1.0,204,5.5,8,1008.0,8
2024-09-13 15:00:00,25.0,94,0.4,30,6.0,8,1008.0,8
2024-09-13 16:00:00,25.0,100,0.3,190,3.7,8,1008.0,8
2024-09-13 17:00:00,25.6,94,0.6,184,3.7,8,1007.1,8
2024-09-13 18:00:00,26.0,94,0.4,240,9.0,8,1006.0,5
2024-09-13 19:00:00,26.0,94,0.1,260,9.0,8,1005.0,5
2024-09-13 20:00:00,26.0,94,2.6,240,9.4,0,1004.0,8
2024-09-13 21:00:00,25.0,100,2.1,260,5.4,8,1005.0,7
2024-09-13 22:00:00,26.0,89,1.7,230,11.2,8,1005.0,7
2024-09-13 23:00:00,26.0,89,0.6,230,9.4,8,1005.0,7
2024-09-14 00:00:00,26.0,94,0.2,230,11.2,8,1006.0,7
2024-09-14 01:00:00,27.0,89,0.3,240,18.4,8,1007.0,7
2024-09-14 02:00:00,28.0,84,0.0,270,18.4,8,1007.0,7
2024-09-14 03:00:00,30.0,75,0.3,290,16.6,8,1007.0,7
2024-09-14 04:00:00,30.0,75,0.5,260,22.3,8,1006.0,7
2024-09-14 05:00:00,31.0,70,0.4,250,22.3,8,1006.0,8
2024-09-14 06:00:00,30.0,75,2.5,260,22.3,8,1004.0,8
2024-09-14 07:00:00,31.0,70,1.8,260,18.4,8,1004.0,8
2024-09-14 08:00:00,31.0,70,2.2,250,18.4,8,1003.0,8
2024-09-14 09:00:00,28.0,79,2.2,210,18.4,8,1003.0,8
2024-09-14 10:00:00,30.0,75,0.4,240,18.4,8,1003.0,9
2024-09-14 11:00:00,29.0,79,0.3,240,18.4,8,1004.0,9
2024-09-14 12:00:00,29.0,79,0.2,230,16.6,8,1004.0,8
2024-09-14 13:00:00,28.0,84,0.4,230,14.8,8,1005.0,8
2024-09-14 14:00:00,28.0,84,0.3,230,20.5,8,1006.0,8
2024-09-14 15:00:00,28.0,84,0.3,230,25.9,8,1006.0,8
2024-09-14 16:00:00,27.0,89,0.2,280,13.0,8,1007.0,8
2024-09-14 17:00:00,27.0,89,0.0,250,13.0,8,1006.0,8
2024-09-14 18:00:00,27.0,89,0.0,240,13.0,8,1005.0,8
2024-09-14 19:00:00,27.0,89,0.0,230,14.8,8,1005.0,8
2024-09-14 20:00:00,26.0,94,0.0,250,11.2,8,1005.0,8
2024-09-14 21:00:00,26.0,94,0.0,260,11.2,8,1004.0,7
2024-09-14 22:00:00,26.0,94,0.0,270,5.4,8,1004.0,7
2024-09-14 23:00:00,26.0,94,0.0,360,5.4,8,1004.0,7
2024-09-15 00:00:00,27.0,89,0.0,250,9.4,8,1006.0,7
2024-09-15 01:00:00,27.0,89,0.0,220,13.0,8,1006.0,7
2024-09-15 02:00:00,26.0,94,0.0,360,11.2,8,1007.0,7
2024-09-15 03:00:00,26.0,100,0.0,239,3.6,8,1006.0,7
2024-09-15 04:00:00,29.0,79,0.0,260,16.6,8,1006.0,8
2024-09-15 05:00:00,30.0,75,0.0,260,16.6,8,1005.0,8
2024-09-15 06:00:00,30.0,79,0.7,260,20.5,8,1003.0,8
2024-09-15 07:00:00,30.0,75,4.8,240,14.8,8,1002.0,8
2024-09-15 08:00:00,30.0,79,1.0,250,16.6,8,1002.0,8
2024-09-15 09:00:00,29.0,79,1.1,240,24.1,8,1003.0,9
2024-09-15 10:00:00,28.0,74,0.5,240,25.9,8,1003.0,9
2024-09-15 11:00:00,28.0,79,0.6,240,18.4,8,1003.0,8
2024-09-15 12:00:00,27.0,84,0.3,250,14.8,8,1004.0,8
2024-09-15 13:00:00,27.0,84,0.2,240,13.0,8,1005.0,8
2024-09-15 14:00:00,27.0,89,0.0,230,7.6,8,1006.0,8
2024-09-15 15:00:00,27.0,89,0.1,240,13.0,8,1006.0,8
2024-09-15 16:00:00,26.0,94,0.0,250,11.2,8,1006.0,7
2024-09-15 17:00:00,27.0,89,0.0,250,9.4,8,1005.0,7
2024-09-15 18:00:00,26.0,94,0.0,240,11.2,8,1004.0,7
2024-09-15 19:00:00,26.0,94,0.0,240,14.8,8,1004.0,7
2024-09-15 20:00:00,26.0,94,0.0,250,13.0,8,1003.0,7
2024-09-15 21:00:00,26.0,94,0.0,250,13.0,8,1003.0,7
2024-09-15 22:00:00,26.0,94,0.0,250,11.2,7,1003.0,7
2024-09-15 23:00:00,26.0,94,0.0,260,11.2,7,1004.0,7
2024-09-16 00:00:00,27.0,89,0.0,260,11.2,7,1004.0,7
2024-09-16 01:00:00,28.0,84,0.0,280,14.8,7,1005.0,7
2024-09-16 02:00:00,28.0,89,0.0,280,14.8,7,1005.0,7
2024-09-16 03:00:00,30.0,75,0.0,290,14.8,7,1005.0,7
2024-09-16 04:00:00,30.0,75,0.0,320,18.4,7,1005.0,7
2024-09-16 05:00:00,31.0,66,0.1,300,20.5,7,1004.0,7
2024-09-16 06:00:00,31.0,66,0.9,310,20.5,7,1003.0,7
2024-09-16 07:00:00,31.0,66,0.1,290,24.1,8,1002.0,8
2024-09-16 08:00:00,31.0,66,0.3,270,25.9,8,1002.0,8
2024-09-16 09:00:00,27.0,84,3.7,360,7.6,8,1002.0,8
2024-09-16 10:00:00,29.0,74,8.3,250,7.6,8,1002.0,8
2024-09-16 11:00:00,29.0,74,2.6,240,18.4,8,1003.0,8
2024-09-16 12:00:00,27.0,84,4.3,250,16.6,8,1004.0,8
2024-09-16 13:00:00,26.0,89,1.4,250,20.5,8,1004.0,8
2024-09-16 14:00:00,26.0,89,0.6,260,13.0,8,1005.0,8
2024-09-16 15:00:00,26.0,89,0.9,250,9.4,8,1005.0,8
2024-09-16 16:00:00,26.0,94,0.4,280,5.4,8,1005.0,8
2024-09-16 17:00:00,27.0,89,0.0,230,11.2,8,1004.0,8
2024-09-16 18:00:00,26.0,94,0.0,230,13.0,8,1003.0,8
2024-09-16 19:00:00,26.0,94,0.7,240,13.0,8,1004.3,8
2024-09-16 20:00:00,26.0,89,1.1,240,11.2,8,1002.0,8
2024-09-16 21:00:00,26.0,89,1.1,240,13.0,8,1002.0,8
2024-09-16 22:00:00,25.0,94,0.5,250,9.4,8,1004.2,8
2024-09-16 23:00:00,26.0,94,0.3,260,11.2,8,1003.0,8
2024-09-17 00:00:00,26.0,94,0.0,250,11.2,8,1003.0,8
2024-09-17 01:00:00,27.0,89,2.3,250,14.8,8,1004.0,8
2024-09-17 02:00:00,28.0,84,1.3,270,11.2,8,1004.0,8
2024-09-17 03:00:00,28.0,84,0.3,300,11.2,8,1004.0,8
2024-09-17 04:00:00,29.0,79,0.3,280,18.4,8,1003.0,8
2024-09-17 05:00:00,28.0,84,0.5,320,13.0,8,1003.0,9
2024-09-17 06:00:00,29.0,79,0.1,280,16.6,8,1002.0,9
2024-09-17 07:00:00,29.0,84,5.9,260,16.6,8,1000.0,9
2024-09-17 08:00:00,27.0,89,1.4,270,24.1,8,1002.5,9
2024-09-17 09:00:00,26.0,94,0.2,260,13.0,8,1000.0,9
2024-09-17 10:00:00,26.0,94,0.5,240,13.0,8,1001.0,9
2024-09-17 11:00:00,26.0,94,1.1,230,13.0,8,1001.0,9
2024-09-17 12:00:00,26.0,94,0.3,240,11.2,8,1002.0,9
2024-09-17 13:00:00,26.0,94,0.3,240,13.0,8,1003.0,9
2024-09-17 14:00:00,26.0,94,0.5,250,13.0,8,1004.5,9
2024-09-17 15:00:00,26.0,94,1.0,260,9.0,8,1003.0,9
2024-09-17 16:00:00,26.0,94,1.1,250,9.4,8,1003.0,9
2024-09-17 17:00:00,26.0,94,0.5,250,11.2,8,1002.0,9
2024-09-17 18:00:00,26.0,94,1.4,250,9.4,8,1002.0,9
2024-09-17 19:00:00,26.0,94,1.6,290,5.4,8,1001.0,9
2024-09-17 20:00:00,26.0,89,1.8,280,7.6,8,1001.0,9
2024-09-17 21:00:00,25.0,100,0.7,260,5.4,8,1001.0,9
2024-09-17 22:00:00,26.0,94,1.3,240,9.4,8,1001.0,8
2024-09-17 23:00:00,26.0,94,2.1,280,7.6,8,1001.0,8
2024-09-18 00:00:00,26.0,94,2.3,240,9.4,8,1001.0,8
2024-09-18 01:00:00,25.0,94,3.3,360,14.8,8,1002.0,8
2024-09-18 02:00:00,24.0,94,1.8,340,9.4,8,1003.0,8
2024-09-18 03:00:00,23.0,100,1.4,360,9.4,8,1003.0,8
2024-09-18 04:00:00,24.0,100,1.1,250,3.6,8,1003.0,8
2024-09-18 05:00:00,25.0,94,0.6,249,3.6,8,1002.0,8
2024-09-18 06:00:00,26.0,89,0.4,220,5.4,8,1001.0,9
2024-09-18 07:00:00,26.0,94,0.2,200,7.6,8,1000.0,9
2024-09-18 08:00:00,27.0,89,0.3,230,5.4,8,999.0,9
2024-09-18 09:00:00,28.0,89,2.1,240,13.0,8,999.0,9
2024-09-18 10:00:00,27.0,89,0.9,300,18.4,8,1000.0,9
2024-09-18 11:00:00,25.0,89,0.6,290,9.4,8,1001.0,9
2024-09-18 12:00:00,25.0,94,0.3,270,5.4,8,1001.0,9
2024-09-18 13:00:00,25.0,94,0.2,270,7.6,8,1002.0,9
2024-09-18 14:00:00,25.0,94,0.2,240,7.6,8,1003.0,9
2024-09-18 15:00:00,25.0,100,0.3,240,9.4,8,1003.0,5
2024-09-18 16:00:00,26.0,94,0.0,250,9.4,8,1003.0,5
2024-09-18 17:00:00,26.0,94,0.0,240,9.4,8,1002.0,5
2024-09-18 18:00:00,26.0,94,0.0,230,13.0,8,1002.0,8
2024-09-18 19:00:00,26.0,94,0.0,240,11.2,8,1003.1,8
2024-09-18 20:00:00,26.0,94,0.0,260,13.0,8,1001.0,8
2024-09-18 21:00:00,25.0,100,0.2,260,7.6,8,1001.0,8
2024-09-18 22:00:00,25.0,100,0.0,260,9.4,7,1001.0,8
2024-09-18 23:00:00,26.0,94,0.0,240,9.4,8,1001.0,8
2024-09-19 00:00:00,26.0,94,0.0,230,16.6,8,1002.0,8
2024-09-19 01:00:00,28.0,89,0.0,240,16.6,8,1003.0,8
2024-09-19 02:00:00,29.0,84,0.0,230,13.0,8,1004.0,8
2024-09-19 03:00:00,29.0,79,0.1,230,18.4,8,1003.0,8
2024-09-19 04:00:00,31.0,75,0.4,240,22.3,8,1002.0,7
2024-09-19 05:00:00,32.0,67,0.0,260,24.1,8,1002.0,7
2024-09-19 06:00:00,31.0,66,0.0,260,25.9,8,1001.0,7
2024-09-19 07:00:00,32.0,63,1.7,250,27.7,8,1000.0,7
2024-09-19 08:00:00,32.0,67,0.2,250,29.5,8,1000.0,7
2024-09-19 09:00:00,30.0,70,0.8,240,25.9,8,1000.0,7
2024-09-19 10:00:00,30.0,70,0.0,240,25.9,8,1000.0,8
2024-09-19 11:00:00,28.0,84,0.0,230,22.3,8,1001.0,8
2024-09-19 12:00:00,28.0,84,0.0,230,22.3,8,1002.0,8
2024-09-19 13:00:00,28.0,84,0.0,230,18.4,8,1003.0,7
2024-09-19 14:00:00,27.0,89,0.0,240,16.6,7,1004.0,7
2024-09-19 15:00:00,27.0,89,0.0,230,18.4,7,1004.0,7
2024-09-19 16:00:00,27.0,89,0.0,220,16.6,8,1004.5,7
2024-09-19 17:00:00,27.0,89,0.0,220,16.6,8,1003.0,7
2024-09-19 18:00:00,27.0,89,0.0,230,18.4,8,1003.0,7
2024-09-19 19:00:00,27.0,89,0.0,230,14.8,8,1002.0,7
2024-09-19 20:00:00,27.0,89,0.0,220,16.6,7,1002.0,7
2024-09-19 21:00:00,26.0,94,0.0,220,13.0,7,1002.0,7
2024-09-19 22:00:00,27.0,89,0.0,230,14.8,7,1002.0,8
2024-09-19 23:00:00,27.0,89,0.0,230,14.8,7,1003.0,8
2024-09-20 00:00:00,27.0,89,0.0,230,16.6,8,1004.0,8
2024-09-20 01:00:00,29.0,79,0.0,240,20.5,8,1005.3,8
2024-09-20 02:00:00,30.0,75,0.0,240,22.3,8,1005.0,8
2024-09-20 03:00:00,31.0,70,0.0,240,22.3,8,1005.0,8
2024-09-20 04:00:00,28.0,89,0.5,230,16.6,8,1004.0,8
2024-09-20 05:00:00,27.0,94,4.5,290,22.3,8,1003.0,8
2024-09-20 06:00:00,27.0,94,0.2,290,22.3,8,1003.0,7
2024-09-20 07:00:00,26.0,94,0.3,280,14.8,7,1003.0,7
2024-09-20 08:00:00,25.0,100,2.7,270,20.5,7,1003.0,7
2024-09-20 09:00:00,26.0,89,0.6,270,22.3,7,1004.0,7
2024-09-20 10:00:00,25.0,94,0.0,290,11.2,7,1004.0,8
2024-09-20 11:00:00,26.0,89,0.0,240,7.6,7,1004.0,8
2024-09-20 12:00:00,26.0,94,0.0,250,5.4,7,1005.0,8
2024-09-20 13:00:00,26.0,94,0.0,210,9.4,7,1006.0,8
2024-09-20 14:00:00,27.0,89,0.0,200,7.6,7,1007.0,8
2024-09-20 15:00:00,27.0,89,0.0,200,7.6,7,1007.0,8
2024-09-20 16:00:00,27.0,89,0.0,220,9.4,0,1007.0,7
2024-09-20 17:00:00,27.0,89,0.0,210,13.0,0,1006.0,7
2024-09-20 18:00:00,26.0,94,0.0,230,13.0,0,1006.0,7
2024-09-20 19:00:00,26.0,89,0.0,210,22.3,7,1005.0,7
2024-09-20 20:00:00,26.0,89,0.0,220,13.0,7,1005.0,7
2024-09-20 21:00:00,26.0,94,0.0,230,16.6,7,1005.0,7
2024-09-20 22:00:00,26.0,89,0.0,220,11.2,7,1005.0,8
2024-09-20 23:00:00,26.0,89,0.0,200,11.2,8,1006.0,8
2024-09-21 00:00:00,26.0,94,0.0,260,7.6,8,1006.0,8
2024-09-21 01:00:00,27.0,89,0.0,200,11.2,8,1007.4,8
2024-09-21 02:00:00,27.0,94,0.0,210,13.0,8,1007.0,8
2024-09-21 03:00:00,30.0,79,2.4,220,18.4,8,1007.0,8
2024-09-21 04:00:00,25.0,100,0.4,230,25.9,8,1008.0,8
2024-09-21 05:00:00,25.0,89,2.9,210,20.5,8,1006.0,8
2024-09-21 06:00:00,26.0,89,1.3,240,16.6,8,1005.0,7
2024-09-21 07:00:00,26.0,94,1.8,250,11.2,8,1005.0,7
2024-09-21 08:00:00,26.0,94,1.4,280,9.4,8,1005.0,7
2024-09-21 09:00:00,26.0,94,0.5,240,16.6,8,1005.0,7
2024-09-21 10:00:00,26.0,94,0.7,230,16.6,8,1005.0,8
2024-09-21 11:00:00,25.0,94,0.7,240,22.3,8,1006.0,8
2024-09-21 12:00:00,26.0,89,0.8,210,16.6,8,1006.0,8
2024-09-21 13:00:00,25.0,94,1.0,210,16.6,8,1008.0,8
2024-09-21 14:00:00,25.0,94,1.7,210,13.0,8,1009.0,8
2024-09-21 15:00:00,26.0,89,1.4,200,14.8,8,1008.0,8
2024-09-21 16:00:00,26.0,89,0.3,210,14.8,8,1009.0,8
2024-09-21 17:00:00,25.0,94,0.1,220,9.4,8,1008.0,8
2024-09-21 18:00:00,25.0,94,0.0,240,5.4,8,1007.0,8
2024-09-21 19:00:00,25.0,94,0.0,250,3.6,8,1007.0,8
2024-09-21 20:00:00,25.0,94,0.0,0,0.0,8,1007.0,8
2024-09-21 21:00:00,25.0,94,0.0,0,0.0,8,1007.0,7
2024-09-21 22:00:00,25.0,94,0.0,240,7.6,8,1007.0,7
2024-09-21 23:00:00,25.0,94,0.0,210,9.4,8,1008.0,7
2024-09-22 00:00:00,26.0,89,0.1,200,9.4,8,1008.0,7
2024-09-22 01:00:00,26.0,89,0.2,200,9.4,8,1009.0,7
2024-09-22 02:00:00,26.0,94,0.2,190,9.4,8,1009.0,7
2024-09-22 03:00:00,27.0,89,0.5,200,11.2,8,1009.0,7
2024-09-22 04:00:00,28.0,84,0.6,200,11.2,8,1009.0,7
2024-09-22 05:00:00,28.0,84,0.2,220,11.2,8,1008.0,7
2024-09-22 06:00:00,28.0,89,5.7,230,9.4,8,1007.0,7
2024-09-22 07:00:00,28.0,89,1.0,220,14.8,8,1006.0,7
2024-09-22 08:00:00,28.0,84,0.6,260,11.2,8,1006.0,7
2024-09-22 09:00:00,27.0,89,0.3,210,14.8,8,1006.0,8
2024-09-22 10:00:00,27.0,89,0.6,230,5.4,8,1006.0,8
2024-09-22 11:00:00,27.0,89,0.5,200,5.4,8,1007.0,8
2024-09-22 12:00:00,27.0,89,0.1,150,5.4,8,1007.0,8
2024-09-22 13:00:00,27.0,89,0.0,190,11.2,8,1008.0,7
2024-09-22 14:00:00,26.0,94,0.0,180,7.6,8,1009.0,7
2024-09-22 15:00:00,27.0,84,0.0,180,5.4,8,1009.0,7
2024-09-22 16:00:00,26.0,89,0.0,200,9.4,8,1010.0,7
2024-09-22 17:00:00,26.0,89,0.0,207,7.6,8,1009.0,7
2024-09-22 18:00:00,26.0,89,0.0,190,5.4,8,1009.0,7
2024-09-22 19:00:00,26.0,89,0.0,218,5.4,8,1009.0,7
2024-09-22 20:00:00,25.0,94,0.0,224,3.6,8,1009.0,7
2024-09-22 21:00:00,25.0,94,0.0,120,5.4,8,1009.0,3
2024-09-22 22:00:00,25.0,94,0.0,214,3.6,8,1009.0,3
2024-09-22 23:00:00,26.0,94,0.0,110,3.6,8,1009.0,3
2024-09-23 00:00:00,27.0,89,0.0,187,3.6,8,1010.0,3
2024-09-23 01:00:00,28.0,84,0.0,190,9.4,8,1010.0,3
2024-09-23 02:00:00,30.0,79,0.0,220,13.0,8,1011.0,3
2024-09-23 03:00:00,31.0,70,0.0,190,9.4,8,1011.0,3
2024-09-23 04:00:00,32.0,71,0.0,201,7.6,8,1011.0,3
2024-09-23 05:00:00,32.0,67,0.0,250,9.4,8,1009.0,3
2024-09-23 06:00:00,32.0,71,5.1,260,11.2,7,1008.0,3
2024-09-23 07:00:00,28.0,84,0.7,130,14.8,7,1008.0,3
2024-09-23 08:00:00,30.0,79,0.9,100,5.4,8,1007.0,7
2024-09-23 09:00:00,29.0,79,5.5,180,20.5,8,1007.0,7
2024-09-23 10:00:00,28.0,74,9.4,190,16.6,8,1008.0,8
2024-09-23 11:00:00,28.0,79,0.5,180,14.8,7,1009.0,7
2024-09-23 12:00:00,28.0,79,3.3,230,9.4,7,1010.0,7
2024-09-23 13:00:00,27.0,84,1.8,250,11.2,7,1010.0,7
2024-09-23 14:00:00,26.0,89,0.1,240,5.4,7,1011.0,3
2024-09-23 15:00:00,26.0,94,0.0,290,5.4,7,1012.0,3
2024-09-23 16:00:00,27.0,84,0.0,202,1.8,7,1012.0,3
2024-09-23 17:00:00,26.0,94,0.0,30,5.4,0,1011.0,3
2024-09-23 18:00:00,26.0,94,0.0,60,5.4,0,1010.0,3
2024-09-23 19:00:00,26.0,94,0.0,201,3.6,7,1010.0,3
2024-09-23 20:00:00,26.0,94,0.0,60,1.8,7,1010.0,3
2024-09-23 21:00:00,26.0,94,0.0,40,3.6,0,1010.0,3
2024-09-23 22:00:00,26.0,94,0.0,340,3.6,0,1010.0,3
2024-09-23 23:00:00,26.0,94,0.0,40,5.4,0,1010.0,5
2024-09-24 00:00:00,26.0,94,0.0,70,5.4,8,1011.0,5
2024-09-24 01:00:00,28.0,89,0.0,100,7.6,7,1011.0,3
2024-09-24 02:00:00,29.0,79,0.0,186,3.6,7,1011.0,3
2024-09-24 03:00:00,30.0,70,0.0,30,5.4,7,1011.0,3
2024-09-24 04:00:00,31.0,70,0.1,194,1.8,7,1010.0,3
2024-09-24 05:00:00,32.0,67,0.2,201,3.6,7,1009.0,3
2024-09-24 06:00:00,31.0,70,0.2,300,7.6,7,1009.0,3
2024-09-24 07:00:00,29.0,84,0.1,280,5.4,7,1008.0,3
2024-09-24 08:00:00,29.0,89,1.3,160,9.0,7,1007.0,25
2024-09-24 09:00:00,30.0,75,0.7,210,9.4,7,1007.0,25
2024-09-24 10:00:00,30.0,75,0.9,290,7.6,7,1007.0,25
2024-09-24 11:00:00,29.0,79,0.0,105,1.8,7,1008.0,3
2024-09-24 12:00:00,29.0,84,0.3,50,5.4,7,1008.0,3
2024-09-24 13:00:00,29.0,79,0.2,141,3.6,7,1009.0,3
2024-09-24 14:00:00,28.0,89,0.6,176,3.6,0,1010.0,3
2024-09-24 15:00:00,28.0,89,0.2,0,0.0,7,1010.0,3
2024-09-24 16:00:00,28.0,79,0.1,0,0.0,7,1010.0,3
2024-09-24 17:00:00,28.0,84,0.0,180,5.4,0,1010.0,3
2024-09-24 18:00:00,28.0,89,0.0,210,5.4,0,1009.0,3
2024-09-24 19:00:00,28.0,89,0.0,230,7.6,7,1009.0,3
2024-09-24 20:00:00,27.0,94,0.0,260,5.4,7,1010.0,3
2024-09-24 21:00:00,27.0,94,0.2,220,3.6,7,1009.0,3
2024-09-24 22:00:00,27.0,94,0.9,30,1.8,7,1010.0,3
2024-09-24 23:00:00,27.0,89,0.7,195,3.6,7,1010.0,3
2024-09-25 00:00:00,28.0,94,0.0,0,0.0,7,1011.0,5
2024-09-25 01:00:00,28.0,94,0.0,60,9.4,7,1011.0,5
2024-09-25 02:00:00,29.0,84,0.0,80,11.2,7,1012.0,5
2024-09-25 03:00:00,31.0,75,0.1,50,9.4,7,1011.0,2
2024-09-25 04:00:00,32.0,67,0.0,50,7.6,7,1011.0,2
2024-09-25 05:00:00,34.0,60,0.0,70,5.4,7,1010.0,2
2024-09-25 06:00:00,32.0,71,0.0,310,11.2,7,1008.0,3
2024-09-25 07:00:00,28.0,70,0.1,200,29.5,7,1009.0,3
2024-09-25 08:00:00,27.0,84,1.2,210,7.6,7,1008.0,3
2024-09-25 09:00:00,29.0,74,0.2,55,1.8,7,1008.0,25
2024-09-25 10:00:00,29.0,74,0.0,60,3.6,7,1008.0,2
2024-09-25 11:00:00,28.0,84,0.0,290,5.4,7,1009.0,2
2024-09-25 12:00:00,27.0,84,0.0,78,3.6,6,1010.0,3
2024-09-25 13:00:00,26.0,89,0.0,0,0.0,6,1011.0,2
2024-09-25 14:00:00,26.0,89,0.0,91,1.8,6,1011.0,2
2024-09-25 15:00:00,27.0,84,0.0,169,3.6,6,1011.0,2
2024-09-25 16:00:00,28.0,84,0.0,0,0.0,0,1011.0,2
2024-09-25 17:00:00,28.0,84,0.0,120,7.6,6,1011.0,2
2024-09-25 18:00:00,27.0,89,0.0,210,3.6,6,1010.0,2
2024-09-25 19:00:00,26.0,94,0.0,212,3.6,0,1009.0,5
2024-09-25 20:00:00,26.0,94,0.0,0,0.0,6,1009.0,5
2024-09-25 21:00:00,25.0,100,0.0,0,0.0,0,1009.0,5
2024-09-25 22:00:00,25.0,100,0.0,0,0.0,6,1010.0,5
2024-09-25 23:00:00,26.0,94,0.0,350,7.6,0,1010.0,5
2024-09-26 00:00:00,27.0,89,0.0,350,5.4,7,1011.0,5
2024-09-26 01:00:00,28.0,89,0.0,40,5.4,7,1011.0,5
2024-09-26 02:00:00,29.0,79,0.0,80,5.4,7,1011.0,2
2024-09-26 03:00:00,31.0,70,0.0,100,13.0,7,1012.0,2
2024-09-26 04:00:00,32.0,67,0.0,80,14.8,7,1011.0,2
2024-09-26 05:00:00,32.0,63,1.1,80,16.6,7,1010.0,18
2024-09-26 06:00:00,33.0,59,0.8,70,11.2,7,1009.0,18
2024-09-26 07:00:00,32.0,67,2.0,170,16.6,7,1008.0,25
2024-09-26 08:00:00,30.0,79,2.3,160,24.1,7,1007.0,8
2024-09-26 09:00:00,29.0,84,0.4,160,16.6,7,1008.0,8
2024-09-26 10:00:00,29.0,84,0.3,190,11.2,7,1008.0,8
2024-09-26 11:00:00,28.0,79,0.1,150,13.0,7,1009.0,7
2024-09-26 12:00:00,28.0,84,0.7,160,14.8,7,1010.0,7
2024-09-26 13:00:00,28.0,84,0.0,150,11.2,7,1010.0,7
2024-09-26 14:00:00,28.0,84,0.6,190,9.4,7,1011.0,7
2024-09-26 15:00:00,28.0,84,0.0,160,3.6,7,1011.0,3
2024-09-26 16:00:00,28.0,84,0.0,180,5.4,7,1011.0,3
2024-09-26 17:00:00,27.0,89,0.0,190,5.4,7,1010.0,3
2024-09-26 18:00:00,27.0,89,0.0,238,5.4,7,1010.0,5
2024-09-26 19:00:00,27.0,89,0.0,240,1.8,7,1009.0,5
2024-09-26 20:00:00,27.0,89,0.0,10,3.6,7,1009.0,3
2024-09-26 21:00:00,27.0,84,0.0,150,9.4,7,1009.8,3
2024-09-26 22:00:00,26.0,89,0.0,140,7.6,7,1009.0,3
2024-09-26 23:00:00,27.0,84,0.0,150,9.4,7,1010.0,3
2024-09-27 00:00:00,27.0,84,0.0,120,7.6,7,1011.0,5
2024-09-27 01:00:00,28.0,79,0.0,100,5.4,7,1011.0,3
2024-09-27 02:00:00,30.0,75,0.0,60,11.2,7,1012.0,3
2024-09-27 03:00:00,30.0,70,0.0,60,14.8,7,1011.0,2
2024-09-27 04:00:00,31.0,70,0.0,50,14.8,7,1010.0,2
2024-09-27 05:00:00,32.0,63,0.2,30,18.4,7,1009.0,3
2024-09-27 06:00:00,33.0,59,0.0,30,11.2,7,1009.0,3
2024-09-27 07:00:00,33.0,59,4.8,50,11.2,7,1008.0,3
2024-09-27 08:00:00,32.0,63,0.4,40,7.6,7,1007.0,3
2024-09-27 09:00:00,27.0,89,0.0,66,11.2,7,1008.0,3
2024-09-27 10:00:00,27.0,94,0.0,20,9.4,7,1008.0,2
2024-09-27 11:00:00,28.0,84,0.0,67,3.6,7,1008.0,3
2024-09-27 12:00:00,29.0,79,0.0,160,16.6,7,1009.0,3
2024-09-27 13:00:00,29.0,79,0.0,150,14.8,6,1010.0,2
2024-09-27 14:00:00,29.0,79,0.0,140,11.2,6,1010.0,2
2024-09-27 15:00:00,28.0,84,0.0,120,13.0,6,1010.0,2
2024-09-27 16:00:00,28.0,84,0.0,130,11.2,6,1010.0,2
2024-09-27 17:00:00,28.0,84,0.0,140,9.4,6,1010.0,2
2024-09-27 18:00:00,28.0,84,0.0,160,7.6,6,1010.0,2
2024-09-27 19:00:00,27.0,89,0.0,160,7.6,6,1009.0,2
2024-09-27 20:00:00,27.0,89,0.0,160,5.4,6,1009.0,2
2024-09-27 21:00:00,27.0,89,0.0,150,7.6,6,1009.0,2
2024-09-27 22:00:00,27.0,89,0.0,110,7.6,6,1009.0,2
2024-09-27 23:00:00,27.0,89,0.0,110,7.6,6,1010.0,2
2024-09-28 00:00:00,28.0,89,0.0,100,9.4,7,1010.0,5
2024-09-28 01:00:00,29.0,79,0.0,120,14.8,6,1011.0,2
2024-09-28 02:00:00,30.0,75,0.0,130,9.4,6,1011.0,2
2024-09-28 03:00:00,31.0,70,0.0,140,9.4,6,1011.0,2
2024-09-28 04:00:00,32.0,63,0.1,140,9.4,6,1010.0,2
2024-09-28 05:00:00,32.0,63,0.1,115,5.4,6,1009.0,2
2024-09-28 06:00:00,33.0,59,0.1,230,11.2,6,1008.0,2
2024-09-28 07:00:00,34.0,56,0.2,106,5.4,6,1007.0,2
2024-09-28 08:00:00,33.0,59,0.0,96,3.6,6,1006.0,2
2024-09-28 09:00:00,33.0,63,0.1,250,7.6,6,1006.0,2
2024-09-28 10:00:00,33.0,63,0.0,300,11.2,6,1006.0,2
2024-09-28 11:00:00,28.0,89,0.0,110,11.2,6,1007.0,2
2024-09-28 12:00:00,30.0,79,0.0,170,9.4,6,1007.0,2
2024-09-28 13:00:00,30.0,79,0.0,180,13.0,6,1008.0,2
2024-09-28 14:00:00,29.0,79,0.0,190,11.2,6,1009.0,2
2024-09-28 15:00:00,29.0,79,0.0,180,13.0,6,1009.0,2
2024-09-28 16:00:00,29.0,79,0.0,180,11.2,6,1010.0,2
2024-09-28 17:00:00,29.0,79,0.0,190,9.4,6,1010.0,2
2024-09-28 18:00:00,29.0,84,0.0,190,14.8,6,1009.0,2
2024-09-28 19:00:00,28.0,84,0.0,190,9.0,6,1009.0,2
2024-09-28 20:00:00,28.0,84,0.0,210,13.0,6,1008.0,2
2024-09-28 21:00:00,28.0,89,0.0,220,9.4,6,1008.0,2
2024-09-28 22:00:00,27.0,94,0.2,240,9.4,6,1008.0,2
2024-09-28 23:00:00,27.0,94,0.0,250,5.4,6,1009.0,2
2024-09-29 00:00:00,28.0,89,0.0,270,7.0,6,1009.0,5
2024-09-29 01:00:00,29.0,84,0.0,270,11.2,6,1010.0,2
2024-09-29 02:00:00,31.0,70,0.0,250,11.2,6,1010.0,2
2024-09-29 03:00:00,32.0,71,0.0,220,7.6,6,1010.0,2
2024-09-29 04:00:00,33.0,59,0.0,260,11.2,6,1010.0,2
2024-09-29 05:00:00,33.0,59,0.1,218,7.6,6,1009.0,2
2024-09-29 06:00:00,34.0,60,0.2,300,11.2,6,1008.0,2
2024-09-29 07:00:00,34.0,56,0.2,300,14.8,6,1007.0,2
2024-09-29 08:00:00,35.0,50,2.4,280,16.6,6,1006.0,2
2024-09-29 09:00:00,33.0,59,0.0,280,16.6,6,1006.0,2
2024-09-29 10:00:00,33.0,59,0.0,280,11.2,6,1006.0,2
2024-09-29 11:00:00,31.0,70,0.0,290,9.4,6,1006.0,2
2024-09-29 12:00:00,30.0,75,0.0,280,7.6,6,1007.0,2
2024-09-29 13:00:00,30.0,79,0.0,250,9.4,6,1007.0,2
2024-09-29 14:00:00,30.0,79,0.0,220,11.2,6,1009.0,2
2024-09-29 15:00:00,30.0,75,0.0,240,13.0,6,1009.0,2
2024-09-29 16:00:00,29.0,79,0.0,230,14.8,6,1009.0,2
2024-09-29 17:00:00,28.0,84,0.0,260,11.2,6,1009.0,2
2024-09-29 18:00:00,28.0,84,0.0,260,11.2,6,1008.0,2
2024-09-29 19:00:00,28.0,89,0.0,230,9.4,6,1008.0,2
2024-09-29 20:00:00,28.0,89,0.0,230,11.2,6,1008.0,2
2024-09-29 21:00:00,28.0,89,0.0,230,9.4,6,1008.0,2
2024-09-29 22:00:00,27.0,94,0.0,230,7.6,6,1008.0,2
2024-09-29 23:00:00,27.0,94,0.0,240,7.6,6,1008.0,2
2024-09-30 00:00:00,28.0,89,0.0,210,11.2,6,1009.0,5
2024-09-30 01:00:00,29.0,84,0.0,220,11.2,6,1009.0,2
2024-09-30 02:00:00,30.0,79,0.0,240,13.0,6,1010.0,2
2024-09-30 03:00:00,31.0,70,0.0,260,9.4,6,1010.4,2
2024-09-30 04:00:00,33.0,63,0.0,223,9.4,6,1009.0,2
2024-09-30 05:00:00,33.0,63,0.0,228,9.4,6,1008.0,2
2024-09-30 06:00:00,34.0,60,0.0,230,14.8,6,1006.0,2
2024-09-30 07:00:00,34.0,56,0.0,240,16.6,6,1005.0,2
2024-09-30 08:00:00,34.0,60,0.0,250,20.5,6,1004.0,2
2024-09-30 09:00:00,32.0,67,14.1,260,17.0,6,1004.0,2
2024-09-30 10:00:00,32.0,67,0.3,230,18.4,6,1004.0,2
2024-09-30 11:00:00,31.0,70,0.4,250,13.0,6,1005.0,2
2024-09-30 12:00:00,31.0,70,0.1,220,16.6,6,1006.0,2
2024-09-30 13:00:00,31.0,75,2.7,230,14.8,6,1007.0,2
2024-09-30 14:00:00,31.0,75,0.3,230,11.2,6,1008.0,2
2024-09-30 15:00:00,30.0,79,0.0,240,14.8,6,1008.0,2
2024-09-30 16:00:00,29.0,84,0.0,260,11.2,6,1008.0,2
2024-09-30 17:00:00,28.0,89,0.0,260,11.2,6,1008.0,2
2024-09-30 18:00:00,28.0,89,0.0,260,9.4,6,1007.0,2
2024-09-30 19:00:00,27.0,94,0.0,240,13.0,6,1007.0,2
2024-09-30 20:00:00,27.0,94,0.0,260,9.4,6,1006.0,2
2024-09-30 21:00:00,27.0,94,0.0,260,7.6,6,1006.0,2
2024-09-30 22:00:00,27.0,94,0.0,220,7.6,6,1007.0,2
2024-09-30 23:00:00,28.0,89,0.0,220,11.2,6,1007.0,2
2024-10-01 00:00:00,29.0,84,0.0,220,9.4,7,1008.0,2
2024-10-01 01:00:00,30.0,79,0.0,230,9.4,7,1009.0,2
2024-10-01 02:00:00,31.0,75,0.1,240,14.8,7,1009.0,2
2024-10-01 03:00:00,32.0,71,0.1,280,11.2,7,1009.0,2
2024-10-01 04:00:00,31.0,70,0.1,280,13.0,6,1008.0,2
2024-10-01 05:00:00,34.0,60,0.0,270,16.6,6,1007.0,2
2024-10-01 06:00:00,35.0,53,0.0,240,13.0,6,1006.0,2
2024-10-01 07:00:00,35.0,53,5.1,260,9.4,6,1005.0,2
2024-10-01 08:00:00,33.0,63,0.2,210,14.8,6,1004.0,2
2024-10-01 09:00:00,31.0,66,0.1,320,13.0,6,1004.0,2
2024-10-01 10:00:00,32.0,63,0.0,180,13.0,6,1005.0,2
2024-10-01 11:00:00,24.0,100,0.3,320,18.4,6,1007.0,2
2024-10-01 12:00:00,26.0,94,0.1,137,3.6,6,1007.0,2
2024-10-01 13:00:00,27.0,84,0.0,250,11.2,6,1008.0,2
2024-10-01 14:00:00,27.0,89,0.0,188,1.8,6,1009.0,2
2024-10-01 15:00:00,28.0,84,0.0,0,0.0,6,1009.0,2
2024-10-01 16:00:00,27.0,94,0.0,236,1.8,6,1009.0,2
2024-10-01 17:00:00,28.0,84,0.0,240,9.4,6,1009.0,2
2024-10-01 18:00:00,28.0,84,0.0,210,11.2,6,1008.0,2
2024-10-01 19:00:00,27.0,94,0.0,230,9.4,6,1008.0,2
2024-10-01 20:00:00,27.0,89,0.0,240,9.4,6,1008.0,2
2024-10-01 21:00:00,28.0,89,0.0,190,5.4,6,1008.0,2
2024-10-01 22:00:00,27.0,94,0.0,210,5.4,6,1009.0,2
2024-10-01 23:00:00,27.0,94,0.0,220,3.6,6,1009.0,2
2024-10-02 00:00:00,28.0,94,0.0,0,0.0,7,1010.0,5
2024-10-02 01:00:00,30.0,84,0.0,220,5.4,7,1011.0,2
2024-10-02 02:00:00,31.0,79,0.1,260,9.4,6,1011.0,2
2024-10-02 03:00:00,32.0,71,0.2,220,11.2,6,1011.0,2
2024-10-02 04:00:00,33.0,67,0.1,222,5.4,6,1010.0,2
2024-10-02 05:00:00,33.0,63,0.2,240,11.2,7,1009.0,2
2024-10-02 06:00:00,34.0,63,0.3,280,11.2,7,1008.0,2
2024-10-02 07:00:00,34.0,60,2.9,270,11.2,7,1006.0,2
2024-10-02 08:00:00,31.0,70,1.2,140,18.4,7,1007.0,2
2024-10-02 09:00:00,28.0,89,0.0,60,7.6,7,1007.0,2
2024-10-02 10:00:00,30.0,79,0.0,130,7.6,7,1007.0,2
2024-10-02 11:00:00,30.0,70,0.2,150,9.4,7,1008.0,2
2024-10-02 12:00:00,29.0,79,0.0,150,11.2,7,1009.0,2
2024-10-02 13:00:00,30.0,75,0.0,120,7.6,7,1009.0,2
2024-10-02 14:00:00,30.0,75,0.0,180,7.6,7,1009.0,2
2024-10-02 15:00:00,30.0,79,0.0,110,7.6,6,1010.0,2
2024-10-02 16:00:00,29.0,84,0.0,160,5.4,6,1011.0,2
2024-10-02 17:00:00,29.0,84,0.0,180,9.4,6,1010.0,2
2024-10-02 18:00:00,28.0,89,0.0,110,7.6,6,1010.0,2
2024-10-02 19:00:00,28.0,89,0.0,50,13.0,7,1009.0,2
2024-10-02 20:00:00,27.0,94,0.3,340,14.8,7,1009.0,2
2024-10-02 21:00:00,27.0,94,0.1,240,11.2,7,1009.0,2
2024-10-02 22:00:00,27.0,94,2.3,260,5.4,7,1009.0,3
2024-10-02 23:00:00,26.0,94,0.0,270,5.4,7,1009.0,3
2024-10-03 00:00:00,27.0,84,0.3,290,5.4,7,1010.0,3
2024-10-03 01:00:00,28.0,84,5.4,275,3.6,7,1011.0,3
2024-10-03 02:00:00,30.0,75,0.8,290,7.6,7,1012.0,3
2024-10-03 03:00:00,30.0,79,2.5,290,14.8,7,1012.0,3
2024-10-03 04:00:00,29.0,79,0.0,290,11.2,7,1011.0,3
2024-10-03 05:00:00,28.0,84,0.3,170,11.2,7,1010.0,3
2024-10-03 06:00:00,29.0,79,0.2,27,3.6,7,1009.0,7
2024-10-03 07:00:00,28.0,79,1.1,140,9.4,7,1009.0,25
2024-10-03 08:00:00,28.0,79,0.4,50,5.4,7,1008.0,25
2024-10-03 09:00:00,26.0,94,6.1,70,16.6,7,1009.0,25
2024-10-03 10:00:00,26.0,89,0.4,90,5.4,7,1009.0,7
2024-10-03 11:00:00,26.0,89,0.4,350,5.4,7,1010.0,7
2024-10-03 12:00:00,26.0,94,0.7,30,7.6,7,1010.0,7
2024-10-03 13:00:00,26.0,94,1.2,70,9.4,7,1010.0,7
2024-10-03 14:00:00,26.0,94,0.0,60,11.2,0,1010.0,3
2024-10-03 15:00:00,26.0,94,0.0,50,7.6,7,1010.0,3
2024-10-03 16:00:00,26.0,94,0.0,0,0.0,7,1011.0,3
2024-10-03 17:00:00,26.0,94,0.0,289,3.6,0,1010.0,3
2024-10-03 18:00:00,26.0,94,0.0,273,3.6,0,1010.0,5
2024-10-03 19:00:00,26.0,94,0.0,40,7.6,0,1009.0,5
2024-10-03 20:00:00,25.0,100,0.0,317,3.6,0,1009.0,5
2024-10-03 21:00:00,25.0,94,0.0,336,3.6,0,1009.0,5
2024-10-03 22:00:00,25.0,94,0.0,260,3.6,0,1009.0,5
2024-10-03 23:00:00,25.0,100,0.0,0,0.0,7,1010.0,5
2024-10-04 00:00:00,26.0,94,0.0,10,5.4,7,1011.0,5
2024-10-04 01:00:00,27.0,89,0.0,10,11.2,7,1011.0,3
2024-10-04 02:00:00,29.0,74,0.0,10,7.6,7,1012.0,3
2024-10-04 03:00:00,31.0,66,0.0,360,9.4,7,1012.0,3
2024-10-04 04:00:00,32.0,63,0.0,60,9.4,7,1011.0,3
2024-10-04 05:00:00,32.0,63,0.2,290,9.4,7,1010.0,7
2024-10-04 06:00:00,34.0,60,0.2,280,13.0,7,1009.0,7
2024-10-04 07:00:00,34.0,56,0.1,300,9.4,7,1008.0,7
2024-10-04 08:00:00,31.0,70,0.0,200,16.6,7,1007.0,7
2024-10-04 09:00:00,30.0,66,2.4,230,13.0,7,1007.0,8
2024-10-04 10:00:00,27.0,84,1.3,50,24.1,7,1008.0,7
2024-10-04 11:00:00,26.0,94,0.3,360,9.4,7,1008.0,7
2024-10-04 12:00:00,26.0,89,0.0,20,9.4,7,1009.0,7
2024-10-04 13:00:00,26.0,94,0.0,300,11.2,7,1011.0,7
2024-10-04 14:00:00,26.0,89,0.0,280,7.6,7,1011.0,3
2024-10-04 15:00:00,26.0,89,0.0,280,9.4,7,1011.0,3
2024-10-04 16:00:00,26.0,89,0.0,270,7.6,0,1011.0,3
2024-10-04 17:00:00,25.0,94,0.0,310,5.4,7,1011.0,3
2024-10-04 18:00:00,25.0,94,0.0,282,3.6,0,1010.0,3
2024-10-04 19:00:00,25.0,94,0.0,310,5.4,7,1009.0,3
2024-10-04 20:00:00,25.0,94,0.0,350,5.4,7,1009.0,3
2024-10-04 21:00:00,25.0,94,0.0,340,7.6,7,1009.0,3
2024-10-04 22:00:00,25.0,94,0.0,360,7.6,7,1009.0,3
2024-10-04 23:00:00,25.0,94,0.0,83,3.6,7,1009.0,3
2024-10-05 00:00:00,26.0,89,0.0,350,9.4,7,1010.0,3
2024-10-05 01:00:00,27.0,89,0.0,30,7.6,7,1010.0,3
2024-10-05 02:00:00,30.0,75,0.0,34,3.6,7,1010.0,3
2024-10-05 03:00:00,31.0,62,0.0,50,9.4,7,1010.0,2
2024-10-05 04:00:00,33.0,63,0.0,90,7.6,6,1010.0,2
2024-10-05 05:00:00,33.0,59,0.0,40,7.6,6,1009.0,7
2024-10-05 06:00:00,32.0,67,0.0,250,13.0,7,1008.0,8
2024-10-05 07:00:00,31.0,70,0.0,240,13.0,7,1007.0,18
2024-10-05 08:00:00,29.0,74,0.5,60,16.6,7,1006.0,25
2024-10-05 09:00:00,30.0,70,0.2,250,7.6,7,1006.0,25
2024-10-05 10:00:00,29.0,79,0.0,270,7.6,7,1007.0,25
2024-10-05 11:00:00,28.0,84,0.0,0,0.0,0,1008.0,8
2024-10-05 12:00:00,28.0,84,0.0,340,7.6,7,1009.0,8
2024-10-05 13:00:00,27.0,84,0.0,96,3.6,7,1010.0,7
2024-10-05 14:00:00,27.0,89,0.0,280,7.6,7,1010.0,7
2024-10-05 15:00:00,27.0,89,0.0,280,7.6,7,1010.0,3
2024-10-05 16:00:00,27.0,89,0.0,280,5.4,7,1011.0,5
2024-10-05 17:00:00,27.0,89,0.0,290,5.4,7,1010.0,5
2024-10-05 18:00:00,27.0,89,0.0,290,5.4,7,1009.0,2
2024-10-05 19:00:00,26.0,94,0.0,10,5.4,7,1009.0,2
2024-10-05 20:00:00,26.0,94,0.2,319,5.4,7,1009.0,5
2024-10-05 21:00:00,26.0,94,0.0,350,7.6,7,1009.0,3
2024-10-05 22:00:00,26.0,94,0.0,330,5.4,7,1009.0,2
2024-10-05 23:00:00,26.0,94,0.0,340,5.4,7,1010.0,3
2024-10-06 00:00:00,27.0,89,0.0,30,7.6,7,1011.0,3
2024-10-06 01:00:00,29.0,79,0.0,350,9.4,7,1011.0,3
2024-10-06 02:00:00,29.0,79,0.1,320,9.4,7,1012.0,3
2024-10-06 03:00:00,30.0,75,0.0,280,11.2,7,1011.0,3
2024-10-06 04:00:00,31.0,70,0.0,280,13.0,7,1010.0,3
2024-10-06 05:00:00,32.0,67,0.0,270,16.6,7,1010.0,18
2024-10-06 06:00:00,31.0,75,0.0,330,14.8,7,1009.0,7
2024-10-06 07:00:00,32.0,67,0.1,310,18.4,7,1008.0,18
2024-10-06 08:00:00,30.0,75,1.4,17,5.4,7,1008.0,25
2024-10-06 09:00:00,28.0,84,6.3,260,14.8,7,1007.0,25
2024-10-06 10:00:00,28.0,79,0.2,260,13.0,7,1008.0,25
2024-10-06 11:00:00,25.0,94,3.6,310,20.5,7,1009.0,7
2024-10-06 12:00:00,26.0,89,0.3,81,3.6,7,1010.0,7
2024-10-06 13:00:00,26.0,94,0.0,0,0.0,7,1011.0,7
2024-10-06 14:00:00,27.0,89,0.0,360,5.4,7,1012.0,7
2024-10-06 15:00:00,26.0,94,0.2,350,5.4,0,1012.0,7
2024-10-06 16:00:00,26.0,89,0.1,237,1.8,7,1011.0,3
2024-10-06 17:00:00,26.0,94,0.0,237,1.8,7,1011.0,3
2024-10-06 18:00:00,26.0,89,0.0,220,7.6,7,1010.0,3
2024-10-06 19:00:00,26.0,94,0.0,230,7.6,7,1010.0,3
2024-10-06 20:00:00,26.0,94,0.0,241,3.6,7,1010.7,3
2024-10-06 21:00:00,26.0,94,0.0,246,3.6,7,1010.3,3
2024-10-06 22:00:00,26.0,94,0.0,263,3.6,7,1010.0,3
2024-10-06 23:00:00,26.0,94,0.0,290,5.4,7,1011.0,3
2024-10-07 00:00:00,27.0,89,0.0,165,3.6,7,1013.0,5
2024-10-07 01:00:00,28.0,84,0.0,256,1.8,7,1013.0,5
2024-10-07 02:00:00,30.0,79,0.0,0,0.0,7,1013.0,3
2024-10-07 03:00:00,32.0,71,0.0,322,5.4,7,1012.0,3
2024-10-07 04:00:00,32.0,67,0.2,300,9.4,7,1011.0,2
2024-10-07 05:00:00,31.0,70,0.1,300,11.2,7,1010.0,3
2024-10-07 06:00:00,33.0,63,0.0,15,3.6,7,1009.0,3
2024-10-07 07:00:00,33.0,63,0.0,260,11.2,7,1008.0,3
2024-10-07 08:00:00,33.0,63,3.9,260,11.2,7,1007.0,3
2024-10-07 09:00:00,33.0,63,2.7,290,11.2,7,1007.0,3
2024-10-07 10:00:00,33.0,63,0.0,260,9.4,7,1008.0,3
2024-10-07 11:00:00,31.0,70,2.9,240,14.8,7,1008.0,3
2024-10-07 12:00:00,28.0,79,0.9,130,13.0,7,1009.0,3
2024-10-07 13:00:00,25.0,94,0.2,60,25.9,7,1011.0,3
2024-10-07 14:00:00,25.0,94,0.6,30,11.2,7,1012.0,3
2024-10-07 15:00:00,25.0,94,0.5,0,0.0,7,1013.0,3
2024-10-07 16:00:00,25.0,94,0.0,282,1.8,7,1012.0,3
2024-10-07 17:00:00,25.0,94,0.0,262,3.6,7,1010.0,3
2024-10-07 18:00:00,25.0,94,0.0,238,3.6,7,1009.0,3
2024-10-07 19:00:00,25.0,94,0.0,270,5.4,7,1009.0,3
2024-10-07 20:00:00,25.0,94,0.0,280,9.4,7,1010.0,3
2024-10-07 21:00:00,25.0,94,0.0,287,3.6,7,1010.0,5
2024-10-07 22:00:00,26.0,89,0.0,120,7.6,7,1009.0,3
2024-10-07 23:00:00,25.0,100,0.0,224,1.8,0,1010.0,3
2024-10-08 00:00:00,26.0,94,0.0,165,3.6,7,1011.0,5
2024-10-08 01:00:00,27.0,89,0.0,0,0.0,7,1012.0,5
2024-10-08 02:00:00,29.0,79,0.1,139,1.8,7,1012.0,5
2024-10-08 03:00:00,30.0,75,0.0,123,3.6,7,1012.0,5
2024-10-08 04:00:00,31.0,70,0.0,104,3.6,7,1011.0,2
2024-10-08 05:00:00,32.0,63,0.0,250,9.4,7,1010.0,2
2024-10-08 06:00:00,31.0,70,0.0,260,14.8,7,1008.0,3
2024-10-08 07:00:00,31.0,75,3.4,210,20.5,7,1007.0,3
2024-10-08 08:00:00,24.0,100,1.5,60,16.6,7,1008.0,3
2024-10-08 09:00:00,26.0,94,0.2,180,14.8,7,1008.0,25
2024-10-08 10:00:00,27.0,89,2.6,190,13.0,7,1008.0,25
2024-10-08 11:00:00,27.0,89,0.0,200,11.2,7,1009.0,8
2024-10-08 12:00:00,27.0,89,3.2,78,3.6,7,1010.0,7
2024-10-08 13:00:00,27.0,89,0.2,76,3.6,7,1011.0,7
2024-10-08 14:00:00,27.0,89,0.0,30,5.4,7,1012.0,7
2024-10-08 15:00:00,26.0,89,0.0,50,11.2,7,1012.0,3
2024-10-08 16:00:00,25.0,94,0.0,30,5.4,7,1011.0,3
2024-10-08 17:00:00,25.0,94,0.0,70,11.2,7,1011.0,3
2024-10-08 18:00:00,25.0,94,0.0,20,5.4,7,1010.0,3
2024-10-08 19:00:00,25.0,94,0.0,297,3.6,7,1010.0,3
2024-10-08 20:00:00,25.0,94,0.0,0,0.0,0,1009.0,5
2024-10-08 21:00:00,25.0,94,0.0,40,7.6,0,1009.0,3
2024-10-08 22:00:00,24.0,100,0.0,50,5.4,0,1009.0,3
2024-10-08 23:00:00,25.0,94,0.0,174,3.6,0,1010.0,3
2024-10-09 00:00:00,26.0,89,0.0,50,9.4,7,1010.0,3
2024-10-09 01:00:00,28.0,84,0.0,70,7.6,0,1010.0,3
2024-10-09 02:00:00,29.0,79,0.2,36,5.4,7,1010.0,3
2024-10-09 03:00:00,31.0,66,0.0,27,7.6,7,1010.0,3
2024-10-09 04:00:00,32.0,63,0.0,150,5.4,7,1009.0,2
2024-10-09 05:00:00,33.0,56,0.0,23,5.4,7,1009.0,3
2024-10-09 06:00:00,32.0,63,0.2,20,11.2,7,1008.0,18
2024-10-09 07:00:00,29.0,79,0.1,280,13.0,7,1007.0,18
2024-10-09 08:00:00,25.0,100,5.6,120,14.8,7,1007.0,25
2024-10-09 09:00:00,26.0,89,4.5,230,5.4,7,1007.0,25
2024-10-09 10:00:00,27.0,89,2.2,62,1.8,7,1007.0,25
2024-10-09 11:00:00,28.0,84,0.4,61,3.6,7,1008.0,7
2024-10-09 12:00:00,28.0,89,0.0,170,7.6,7,1009.0,7
2024-10-09 13:00:00,29.0,84,0.0,150,5.4,7,1009.0,7
2024-10-09 14:00:00,29.0,79,0.0,310,9.4,7,1010.0,3
2024-10-09 15:00:00,27.0,89,0.0,287,3.6,7,1010.0,5
2024-10-09 16:00:00,26.0,94,0.0,340,3.6,7,1010.0,5
2024-10-09 17:00:00,26.0,94,0.0,350,7.6,7,1010.0,5
2024-10-09 18:00:00,26.0,94,0.0,350,9.4,7,1009.0,5
2024-10-09 19:00:00,25.0,94,0.0,350,5.4,7,1009.0,3
2024-10-09 20:00:00,25.0,94,0.0,269,3.6,7,1008.0,3
2024-10-09 21:00:00,25.0,94,0.0,30,5.4,7,1008.0,5
2024-10-09 22:00:00,25.0,100,0.0,30,5.4,7,1008.0,5
2024-10-09 23:00:00,25.0,94,0.0,70,7.6,7,1009.0,3
2024-10-10 00:00:00,27.0,89,0.0,80,9.4,0,1009.0,3
2024-10-10 01:00:00,29.0,79,0.0,30,5.4,7,1009.0,3
2024-10-10 02:00:00,31.0,75,0.0,50,5.4,7,1010.0,3
2024-10-10 03:00:00,31.0,70,0.0,18,3.6,7,1010.0,3
2024-10-10 04:00:00,32.0,63,0.0,29,3.6,7,1009.0,3
2024-10-10 05:00:00,32.0,67,0.0,250,9.4,7,1008.0,7
2024-10-10 06:00:00,32.0,63,0.0,310,5.4,7,1007.0,7
2024-10-10 07:00:00,31.0,70,0.0,280,11.2,7,1006.0,18
2024-10-10 08:00:00,28.0,79,0.2,270,25.9,7,1007.0,18
2024-10-10 09:00:00,25.0,94,4.0,190,14.8,7,1007.0,25
2024-10-10 10:00:00,26.0,89,0.1,150,5.4,7,1007.0,8
2024-10-10 11:00:00,25.0,100,0.0,270,9.4,7,1008.0,8
2024-10-10 12:00:00,26.0,89,0.0,62,1.8,7,1009.0,7
2024-10-10 13:00:00,26.0,94,0.0,58,3.6,7,1010.0,7
2024-10-10 14:00:00,26.0,94,0.0,30,9.4,7,1010.0,7
2024-10-10 15:00:00,26.0,94,0.0,40,7.6,7,1010.0,7
2024-10-10 16:00:00,26.0,94,0.0,20,3.6,7,1009.0,7
2024-10-10 17:00:00,26.0,94,0.0,30,3.6,0,1008.0,7
2024-10-10 18:00:00,26.0,94,0.0,30,5.4,0,1008.0,7
2024-10-10 19:00:00,26.0,94,0.0,272,3.6,0,1008.0,7
2024-10-10 20:00:00,26.0,94,0.0,0,0.0,7,1008.0,7
2024-10-10 21:00:00,26.0,89,0.0,272,1.8,0,1008.0,7
2024-10-10 22:00:00,26.0,94,0.0,340,1.8,0,1008.0,3
2024-10-10 23:00:00,26.0,94,0.0,70,5.4,7,1009.0,3
2024-10-11 00:00:00,27.0,89,0.0,153,3.6,8,1009.0,3
2024-10-11 01:00:00,29.0,84,0.0,17,3.6,7,1010.0,3
2024-10-11 02:00:00,30.0,75,0.0,28,3.6,7,1010.0,3
2024-10-11 03:00:00,31.0,75,0.0,350,11.2,7,1010.0,3
2024-10-11 04:00:00,31.0,70,0.0,360,9.4,7,1009.0,3
2024-10-11 05:00:00,33.0,63,0.0,47,7.6,7,1009.0,3
2024-10-11 06:00:00,34.0,60,0.0,60,5.4,7,1007.0,3
2024-10-11 07:00:00,31.0,70,6.7,200,18.4,7,1006.0,7
2024-10-11 08:00:00,29.0,79,0.1,200,13.0,7,1006.0,25
2024-10-11 09:00:00,29.0,79,0.0,170,7.6,7,1006.0,7
2024-10-11 10:00:00,29.0,79,0.1,190,9.4,7,1006.0,25
2024-10-11 11:00:00,29.0,79,0.0,69,3.6,0,1007.0,7
2024-10-11 12:00:00,30.0,79,0.0,150,9.4,7,1008.0,7
2024-10-11 13:00:00,29.0,84,0.2,140,11.2,7,1009.0,7
2024-10-11 14:00:00,29.0,79,0.1,140,7.6,7,1010.0,3
2024-10-11 15:00:00,29.0,84,0.0,120,11.2,7,1010.0,3
2024-10-11 16:00:00,28.0,89,0.0,110,7.6,7,1010.0,3
2024-10-11 17:00:00,28.0,89,1.2,140,7.6,7,1009.0,3
2024-10-11 18:00:00,28.0,89,1.1,110,9.4,7,1009.0,3
2024-10-11 19:00:00,28.0,84,0.5,120,5.4,7,1008.0,3
2024-10-11 20:00:00,28.0,89,0.3,120,5.4,7,1008.0,3
2024-10-11 21:00:00,27.0,94,0.0,70,5.4,7,1008.0,3
2024-10-11 22:00:00,27.0,94,0.3,80,7.6,7,1008.0,3
2024-10-11 23:00:00,27.0,94,0.0,50,9.4,7,1010.1,3
2024-10-12 00:00:00,27.0,94,0.0,30,7.6,7,1010.0,5
2024-10-12 01:00:00,29.0,84,0.0,90,14.8,7,1010.0,5
2024-10-12 02:00:00,30.0,79,0.0,60,14.8,7,1011.0,3
2024-10-12 03:00:00,31.0,75,0.0,30,7.6,7,1011.0,3
2024-10-12 04:00:00,32.0,71,0.2,50,11.2,7,1010.0,3
2024-10-12 05:00:00,32.0,67,2.7,80,11.2,7,1009.0,3
2024-10-12 06:00:00,34.0,56,1.5,43,5.4,7,1008.0,7
2024-10-12 07:00:00,33.0,63,0.5,130,13.0,7,1007.0,18
2024-10-12 08:00:00,32.0,63,0.8,150,24.1,7,1006.0,25
2024-10-12 09:00:00,28.0,79,0.1,290,7.6,7,1007.0,25
2024-10-12 10:00:00,26.0,94,0.0,360,16.6,7,1008.0,25
2024-10-12 11:00:00,26.0,89,0.6,0,0.0,7,1009.0,7
2024-10-12 12:00:00,26.0,94,0.0,61,3.6,7,1010.0,7
2024-10-12 13:00:00,26.0,94,0.0,350,5.4,7,1010.0,7
2024-10-12 14:00:00,26.0,94,0.0,260,5.4,0,1010.0,3
2024-10-12 15:00:00,27.0,89,0.0,179,3.6,7,1010.0,3
2024-10-12 16:00:00,26.0,94,0.0,30,7.6,7,1011.0,3
2024-10-12 17:00:00,25.0,94,0.0,20,9.4,7,1010.0,3
2024-10-12 18:00:00,26.0,89,0.0,50,7.6,7,1009.0,3
2024-10-12 19:00:00,25.0,94,0.0,20,3.6,7,1009.0,3
2024-10-12 20:00:00,25.0,94,0.0,0,0.0,0,1009.0,5
2024-10-12 21:00:00,25.0,94,0.0,0,0.0,0,1008.0,3
2024-10-12 22:00:00,25.0,94,0.0,328,3.6,0,1009.0,2
2024-10-12 23:00:00,25.0,94,0.0,186,3.6,0,1009.0,5
2024-10-13 00:00:00,27.0,89,0.0,330,5.4,0,1010.0,5
2024-10-13 01:00:00,28.0,84,0.0,340,9.4,7,1011.0,3
2024-10-13 02:00:00,30.0,70,0.0,340,14.8,7,1011.0,3
2024-10-13 03:00:00,31.0,66,0.0,30,11.2,7,1011.0,3
2024-10-13 04:00:00,33.0,59,0.0,60,11.2,7,1010.0,2
2024-10-13 05:00:00,34.0,56,0.0,37,5.4,7,1009.0,2
2024-10-13 06:00:00,35.0,53,0.0,280,11.2,7,1008.0,2
2024-10-13 07:00:00,34.0,60,0.0,310,11.2,7,1006.0,2
2024-10-13 08:00:00,34.0,60,0.1,270,13.0,7,1005.0,3
2024-10-13 09:00:00,26.0,94,6.5,230,35.3,7,1006.0,3
2024-10-13 10:00:00,26.0,94,0.4,40,22.3,7,1008.0,2
2024-10-13 11:00:00,25.0,94,0.0,60,13.0,7,1008.0,3
2024-10-13 12:00:00,25.0,94,0.0,290,7.6,7,1008.0,3
2024-10-13 13:00:00,25.0,94,0.0,280,9.4,7,1010.0,2
2024-10-13 14:00:00,25.0,94,0.0,300,9.4,7,1010.0,2
2024-10-13 15:00:00,25.0,94,0.0,260,7.6,7,1010.0,2
2024-10-13 16:00:00,25.0,94,0.0,286,3.6,7,1010.0,2
2024-10-13 17:00:00,25.0,89,0.0,273,1.8,7,1009.0,2
2024-10-13 18:00:00,25.0,94,0.0,263,5.4,7,1008.0,2
2024-10-13 19:00:00,25.0,94,0.0,30,5.4,0,1008.0,2
2024-10-13 20:00:00,25.0,94,0.0,40,5.4,7,1008.0,2
2024-10-13 21:00:00,25.0,94,0.0,30,5.4,7,1008.0,3
2024-10-13 22:00:00,25.0,94,0.0,217,3.6,0,1008.0,5
2024-10-13 23:00:00,25.0,94,0.0,60,3.6,0,1008.0,5
2024-10-14 00:00:00,26.0,89,0.0,160,1.8,0,1009.0,5
2024-10-14 01:00:00,28.0,84,0.0,20,5.4,0,1010.0,3
2024-10-14 02:00:00,31.0,66,0.0,210,5.4,7,1010.0,2
2024-10-14 03:00:00,32.0,71,0.0,234,5.4,6,1010.0,2
2024-10-14 04:00:00,32.0,67,0.0,250,11.2,6,1009.0,2
2024-10-14 05:00:00,33.0,63,0.0,260,13.0,6,1008.0,2
2024-10-14 06:00:00,33.0,63,0.2,270,13.0,7,1007.0,2
2024-10-14 07:00:00,32.0,67,0.3,290,13.0,7,1006.0,2
2024-10-14 08:00:00,28.0,89,3.9,200,13.0,7,1006.0,2
2024-10-14 09:00:00,30.0,79,1.4,220,11.2,7,1006.0,25
2024-10-14 10:00:00,29.0,79,0.9,180,16.6,7,1007.0,2
2024-10-14 11:00:00,28.0,79,0.0,170,13.0,7,1008.0,2
2024-10-14 12:00:00,28.0,74,0.0,130,7.6,7,1008.0,2
2024-10-14 13:00:00,29.0,70,0.0,140,5.4,7,1009.0,2
2024-10-14 14:00:00,27.0,84,0.0,30,7.6,7,1010.0,2
2024-10-14 15:00:00,28.0,79,0.0,214,3.6,7,1010.0,2
2024-10-14 16:00:00,27.0,89,0.0,30,5.4,7,1010.0,2
2024-10-14 17:00:00,27.0,84,0.2,60,1.8,7,1010.0,2
2024-10-14 18:00:00,27.0,89,0.3,0,0.0,7,1009.0,2
2024-10-14 19:00:00,28.0,84,0.0,268,1.8,7,1008.0,2
2024-10-14 20:00:00,27.0,89,0.0,282,1.8,7,1008.0,2
2024-10-14 21:00:00,27.0,89,0.2,280,5.4,7,1008.0,3
2024-10-14 22:00:00,27.0,89,0.7,20,3.6,7,1008.0,3
2024-10-14 23:00:00,26.0,94,0.5,320,5.4,7,1009.0,5
2024-10-15 00:00:00,27.0,89,0.0,168,3.6,7,1010.0,3
2024-10-15 01:00:00,29.0,79,0.0,211,1.8,0,1010.0,3
2024-10-15 02:00:00,31.0,75,0.0,229,3.6,7,1011.0,3
2024-10-15 03:00:00,31.0,75,0.0,239,3.6,6,1011.6,2
2024-10-15 04:00:00,31.0,75,0.0,236,3.6,7,1010.0,2
2024-10-15 05:00:00,27.0,89,0.0,250,9.4,7,1009.0,2
2024-10-15 06:00:00,27.0,89,0.0,265,1.8,7,1008.0,18
2024-10-15 07:00:00,29.0,79,2.5,90,5.4,7,1007.0,18
2024-10-15 08:00:00,29.0,84,0.8,190,16.6,7,1006.0,25
2024-10-15 09:00:00,29.0,79,0.5,190,7.6,7,1006.0,25
2024-10-15 10:00:00,29.0,79,0.5,220,9.4,7,1007.0,25
2024-10-15 11:00:00,29.0,79,0.4,61,3.6,7,1008.0,25
2024-10-15 12:00:00,28.0,84,1.0,79,3.6,7,1009.0,7
2024-10-15 13:00:00,28.0,84,0.8,0,0.0,7,1010.0,7
2024-10-15 14:00:00,28.0,84,0.2,310,5.4,7,1011.0,7
2024-10-15 15:00:00,26.0,94,2.7,330,16.6,7,1012.0,7
2024-10-15 16:00:00,24.0,100,0.4,340,7.6,7,1011.0,7
2024-10-15 17:00:00,25.0,100,0.4,20,5.4,7,1011.0,7
2024-10-15 18:00:00,25.0,94,0.1,280,5.4,7,1010.0,7
2024-10-15 19:00:00,25.0,94,0.0,310,7.6,7,1009.0,7
2024-10-15 20:00:00,25.0,94,0.0,50,5.4,7,1009.0,7
2024-10-15 21:00:00,25.0,94,0.0,50,5.4,7,1008.0,5
2024-10-15 22:00:00,25.0,94,0.0,20,9.4,7,1009.0,5
2024-10-15 23:00:00,25.0,94,0.0,30,5.4,7,1010.0,5
2024-10-16 00:00:00,25.0,100,0.0,350,7.6,7,1010.0,5
2024-10-16 01:00:00,26.0,89,0.0,330,7.6,7,1011.0,5
2024-10-16 02:00:00,27.0,89,0.0,239,3.6,7,1012.0,5
2024-10-16 03:00:00,28.0,84,0.0,70,5.4,7,1012.0,5
2024-10-16 04:00:00,31.0,66,0.0,286,5.4,7,1011.0,3
2024-10-16 05:00:00,31.0,62,0.1,330,11.2,7,1010.0,3
2024-10-16 06:00:00,32.0,63,0.2,280,16.6,7,1009.6,7
2024-10-16 07:00:00,31.0,66,3.6,280,13.0,7,1007.0,25
2024-10-16 08:00:00,29.0,79,4.9,250,9.4,7,1007.0,25
2024-10-16 09:00:00,29.0,79,1.3,260,7.6,7,1007.0,17
2024-10-16 10:00:00,28.0,84,2.0,130,13.0,7,1008.0,7
2024-10-16 11:00:00,28.0,84,1.5,120,11.2,7,1009.0,7
2024-10-16 12:00:00,28.0,84,1.5,140,11.2,7,1010.0,7
2024-10-16 13:00:00,25.0,89,0.7,60,22.3,7,1011.0,7
2024-10-16 14:00:00,26.0,84,0.1,70,11.2,0,1011.0,7
2024-10-16 15:00:00,25.0,89,0.0,228,3.6,7,1011.0,7
2024-10-16 16:00:00,26.0,84,0.0,240,3.6,8,1011.0,7
2024-10-16 17:00:00,26.0,84,0.0,150,7.6,8,1011.0,7
2024-10-16 18:00:00,26.0,89,0.0,237,3.6,7,1010.0,7
2024-10-16 19:00:00,26.0,94,0.0,247,3.6,7,1009.0,7
2024-10-16 20:00:00,26.0,89,0.0,360,5.4,7,1009.0,7
2024-10-16 21:00:00,25.0,94,0.0,360,5.4,7,1009.0,5
2024-10-16 22:00:00,25.0,94,0.0,350,5.4,0,1009.0,5
2024-10-16 23:00:00,25.0,94,0.0,235,3.6,0,1010.0,5
2024-10-17 00:00:00,26.0,89,0.0,360,5.4,0,1010.0,5
2024-10-17 01:00:00,27.0,89,0.0,20,7.6,0,1010.0,5
2024-10-17 02:00:00,29.0,79,0.2,229,5.4,7,1011.0,3
2024-10-17 03:00:00,31.0,66,0.2,70,7.6,7,1011.0,3
2024-10-17 04:00:00,32.0,67,0.2,40,3.6,7,1011.0,3
2024-10-17 05:00:00,31.0,70,0.3,180,16.6,7,1010.0,7
2024-10-17 06:00:00,26.0,89,0.0,332,5.4,7,1009.0,7
2024-10-17 07:00:00,30.0,66,1.9,1,1.8,7,1008.0,25
2024-10-17 08:00:00,29.0,79,4.2,140,24.1,7,1007.0,25
2024-10-17 09:00:00,26.0,89,2.9,150,14.8,7,1008.0,25
2024-10-17 10:00:00,25.0,94,1.6,360,5.4,7,1008.0,8
2024-10-17 11:00:00,26.0,89,1.7,81,3.6,7,1009.0,8
2024-10-17 12:00:00,26.0,94,0.0,0,0.0,7,1010.0,8
2024-10-17 13:00:00,26.0,94,0.0,0,0.0,7,1011.0,8
2024-10-17 14:00:00,26.0,94,0.0,350,9.4,0,1011.0,7
2024-10-17 15:00:00,26.0,94,0.0,310,5.4,8,1012.0,5
2024-10-17 16:00:00,26.0,94,0.0,270,5.4,8,1012.0,5
2024-10-17 17:00:00,26.0,89,0.0,270,5.4,8,1011.0,7
2024-10-17 18:00:00,25.0,94,0.0,300,1.8,8,1010.0,7
2024-10-17 19:00:00,26.0,89,0.0,300,5.4,8,1010.0,7
2024-10-17 20:00:00,25.0,94,0.0,0,0.0,8,1009.0,7
2024-10-17 21:00:00,25.0,94,0.1,40,1.8,8,1009.0,3
2024-10-17 22:00:00,25.0,94,0.3,50,7.6,7,1009.0,3
2024-10-17 23:00:00,25.0,94,0.0,219,3.6,0,1010.0,3
2024-10-18 00:00:00,26.0,94,0.0,40,3.6,8,1010.0,5
2024-10-18 01:00:00,28.0,84,0.0,40,7.6,7,1011.0,5
2024-10-18 02:00:00,28.0,84,0.0,40,5.4,7,1011.0,5
2024-10-18 03:00:00,29.0,74,0.0,180,7.6,7,1011.0,3
2024-10-18 04:00:00,30.0,70,0.1,190,13.0,7,1011.0,3
2024-10-18 05:00:00,30.0,70,0.2,170,11.2,7,1009.0,7
2024-10-18 06:00:00,30.0,75,0.1,190,14.8,7,1008.0,7
2024-10-18 07:00:00,30.0,70,7.8,170,13.0,7,1007.0,7
2024-10-18 08:00:00,25.0,89,1.7,100,18.4,7,1007.0,7
2024-10-18 09:00:00,25.0,100,0.3,100,13.0,7,1007.0,7
2024-10-18 10:00:00,26.0,94,0.2,260,5.4,7,1008.0,7
2024-10-18 11:00:00,26.0,94,0.2,280,5.4,7,1008.0,7
2024-10-18 12:00:00,26.0,94,0.0,137,3.6,7,1009.0,5
2024-10-18 13:00:00,26.0,94,0.0,152,3.6,7,1010.0,7
2024-10-18 14:00:00,26.0,94,0.0,30,5.4,7,1011.0,7
2024-10-18 15:00:00,26.0,94,0.0,50,3.6,0,1011.0,7
2024-10-18 16:00:00,27.0,89,0.0,80,5.4,0,1011.0,3
2024-10-18 17:00:00,27.0,89,0.0,250,11.2,7,1011.0,3
2024-10-18 18:00:00,26.0,94,0.0,246,1.8,7,1010.0,5
2024-10-18 19:00:00,26.0,94,0.0,350,3.6,7,1009.0,5
2024-10-18 20:00:00,26.0,94,0.0,340,3.6,7,1009.0,5
2024-10-18 21:00:00,26.0,94,0.0,0,0.0,7,1009.0,5
2024-10-18 22:00:00,25.0,94,0.0,0,0.0,0,1009.0,3
2024-10-18 23:00:00,25.0,100,0.0,50,3.6,0,1010.0,5
2024-10-19 00:00:00,27.0,89,0.0,70,7.6,7,1011.0,5
2024-10-19 01:00:00,28.0,89,0.0,120,9.4,7,1011.0,3
2024-10-19 02:00:00,30.0,75,0.1,90,9.4,7,1012.0,3
2024-10-19 03:00:00,30.0,70,0.2,100,9.4,7,1011.0,3
2024-10-19 04:00:00,31.0,66,0.2,100,5.4,7,1011.0,3
2024-10-19 05:00:00,31.0,62,0.2,120,13.0,7,1010.0,3
2024-10-19 06:00:00,31.0,70,0.0,150,14.8,7,1009.0,7
2024-10-19 07:00:00,31.0,70,6.4,150,16.6,7,1008.0,18
2024-10-19 08:00:00,31.0,66,5.4,180,16.6,7,1008.0,25
2024-10-19 09:00:00,31.0,66,4.9,160,14.8,7,1008.0,17
2024-10-19 10:00:00,27.0,89,0.0,50,11.2,7,1009.0,25
2024-10-19 11:00:00,29.0,79,0.0,240,5.4,7,1010.0,7
2024-10-19 12:00:00,28.0,79,0.1,230,11.2,7,1010.0,7
2024-10-19 13:00:00,28.0,79,0.0,200,11.2,7,1011.0,7
2024-10-19 14:00:00,27.0,79,0.0,240,11.2,7,1011.0,3
2024-10-19 15:00:00,26.0,89,0.0,240,9.4,7,1012.0,3
2024-10-19 16:00:00,25.0,94,0.0,240,7.6,7,1012.0,3
2024-10-19 17:00:00,25.0,94,0.0,230,7.6,7,1011.0,3
2024-10-19 18:00:00,25.0,94,0.0,220,1.8,7,1011.0,3
2024-10-19 19:00:00,26.0,89,0.0,224,1.8,7,1011.0,3
2024-10-19 20:00:00,25.0,94,0.3,20,3.6,7,1010.0,3
2024-10-19 21:00:00,25.0,94,0.7,40,5.4,7,1010.0,3
2024-10-19 22:00:00,25.0,94,0.1,30,3.6,7,1011.0,3
2024-10-19 23:00:00,26.0,89,0.0,70,5.4,0,1011.0,3
2024-10-20 00:00:00,28.0,79,0.0,172,3.6,7,1011.0,3
2024-10-20 01:00:00,30.0,70,0.0,201,1.8,7,1012.0,3
2024-10-20 02:00:00,31.0,66,0.0,290,7.6,7,1013.0,3
2024-10-20 03:00:00,30.0,70,0.0,280,7.6,7,1013.0,3
2024-10-20 04:00:00,31.0,66,0.1,280,9.4,7,1012.0,2
2024-10-20 05:00:00,31.0,66,0.3,227,5.4,7,1011.0,2
2024-10-20 06:00:00,31.0,70,0.2,210,13.0,7,1009.0,7
2024-10-20 07:00:00,31.0,70,4.0,260,9.4,7,1009.0,18
2024-10-20 08:00:00,32.0,63,9.8,290,7.6,7,1008.0,25
2024-10-20 09:00:00,33.0,59,9.2,232,3.6,7,1008.0,25
2024-10-20 10:00:00,32.0,63,0.5,210,7.6,7,1008.0,25
2024-10-20 11:00:00,29.0,79,1.0,170,24.1,7,1009.0,7
2024-10-20 12:00:00,23.0,100,4.3,330,22.3,7,1011.0,7
2024-10-20 13:00:00,24.0,94,0.8,230,13.0,7,1012.0,7
2024-10-20 14:00:00,25.0,100,0.4,220,13.0,7,1013.0,7
2024-10-20 15:00:00,25.0,100,0.4,220,5.4,7,1013.0,3
2024-10-20 16:00:00,25.0,100,0.0,280,5.4,7,1012.0,3
2024-10-20 17:00:00,25.0,100,0.0,260,9.4,7,1012.0,3
2024-10-20 18:00:00,25.0,94,0.0,290,1.8,7,1011.0,3
2024-10-20 19:00:00,25.0,94,0.0,231,3.6,7,1011.0,3
2024-10-20 20:00:00,25.0,94,0.0,320,7.6,7,1010.0,3
2024-10-20 21:00:00,24.0,100,0.0,20,6.0,7,1010.0,3
2024-10-20 22:00:00,24.0,100,0.0,20,7.6,7,1010.0,3
2024-10-20 23:00:00,24.0,94,0.0,20,7.6,7,1010.0,3
2024-10-21 00:00:00,25.0,94,0.0,360,9.4,8,1011.0,5
2024-10-21 01:00:00,26.0,89,0.0,10,13.0,7,1011.0,3
2024-10-21 02:00:00,27.0,84,0.1,360,11.2,7,1012.0,3
2024-10-21 03:00:00,28.0,79,0.0,10,13.0,7,1011.0,3
2024-10-21 04:00:00,29.0,79,0.1,360,13.0,7,1011.0,3
2024-10-21 05:00:00,30.0,70,0.3,340,13.0,7,1010.0,3
2024-10-21 06:00:00,31.0,66,0.1,320,16.6,7,1008.0,3
2024-10-21 07:00:00,32.0,67,0.0,310,14.8,7,1007.0,3
2024-10-21 08:00:00,31.0,66,0.1,280,14.8,7,1006.0,7
2024-10-21 09:00:00,31.0,70,10.2,280,18.4,7,1006.0,7
2024-10-21 10:00:00,30.0,75,6.2,280,13.0,7,1007.0,3
2024-10-21 11:00:00,29.0,79,5.2,290,13.0,7,1007.0,3
2024-10-21 12:00:00,29.0,79,0.6,290,14.8,7,1008.0,3
2024-10-21 13:00:00,26.0,94,1.1,310,3.6,7,1010.0,3
2024-10-21 14:00:00,26.0,94,0.4,40,5.4,7,1010.0,3
2024-10-21 15:00:00,26.0,94,0.0,0,0.0,7,1009.0,3
2024-10-21 16:00:00,26.0,94,0.0,0,0.0,7,1010.0,3
2024-10-21 17:00:00,26.0,94,0.0,260,3.6,7,1009.0,3
2024-10-21 18:00:00,26.0,94,0.0,280,7.6,7,1008.0,3
2024-10-21 19:00:00,26.0,94,0.0,220,3.6,7,1009.6,3
2024-10-21 20:00:00,26.0,94,0.0,0,0.0,7,1009.2,3
2024-10-21 21:00:00,26.0,94,0.0,320,7.6,7,1008.0,3
2024-10-21 22:00:00,26.0,94,0.0,360,7.6,7,1008.0,3
2024-10-21 23:00:00,26.0,100,0.0,310,3.6,7,1008.0,3
2024-10-22 00:00:00,27.0,94,0.0,320,3.6,8,1009.0,3
2024-10-22 01:00:00,27.0,94,0.0,250,5.4,7,1010.0,3
2024-10-22 02:00:00,25.0,94,0.0,250,22.3,7,1011.0,3
2024-10-22 03:00:00,27.0,84,0.1,240,16.6,8,1010.0,3
2024-10-22 04:00:00,27.0,84,0.0,250,13.0,7,1010.0,7
2024-10-22 05:00:00,30.0,79,0.0,270,9.4,7,1008.0,8
2024-10-22 06:00:00,30.0,75,0.0,330,13.0,8,1008.0,8
2024-10-22 07:00:00,31.0,70,0.0,290,13.0,7,1006.0,8
2024-10-22 08:00:00,30.0,79,0.0,40,5.4,7,1006.0,8
2024-10-22 09:00:00,31.0,66,3.3,30,13.0,7,1006.0,25
2024-10-22 10:00:00,30.0,70,3.4,30,9.4,7,1007.0,9
2024-10-22 11:00:00,29.0,79,0.0,20,5.4,7,1008.0,9
2024-10-22 12:00:00,29.0,79,0.2,350,9.4,7,1008.0,8
2024-10-22 13:00:00,28.0,84,0.7,350,7.6,7,1009.0,8
2024-10-22 14:00:00,27.0,89,1.7,310,5.4,7,1009.0,8
2024-10-22 15:00:00,27.0,89,2.1,280,9.4,7,1010.0,7
2024-10-22 16:00:00,26.0,94,1.4,290,7.6,0,1009.0,8
2024-10-22 17:00:00,26.0,94,0.5,310,7.6,8,1009.0,8
2024-10-22 18:00:00,27.0,89,0.7,310,7.6,8,1008.0,8
2024-10-22 19:00:00,27.0,89,0.5,320,7.6,8,1008.0,8
2024-10-22 20:00:00,26.0,94,0.1,300,5.4,8,1008.0,8
2024-10-22 21:00:00,26.0,94,0.0,350,7.6,8,1008.0,7
2024-10-22 22:00:00,26.0,94,0.0,20,9.4,8,1008.0,3
2024-10-22 23:00:00,26.0,94,0.0,30,3.6,8,1008.0,3
2024-10-23 00:00:00,26.0,94,0.1,360,7.6,8,1009.0,3
2024-10-23 01:00:00,27.0,89,0.2,30,7.6,8,1010.0,3
2024-10-23 02:00:00,28.0,79,0.0,30,13.0,8,1010.0,3
2024-10-23 03:00:00,29.0,70,0.0,20,14.8,8,1010.0,3
2024-10-23 04:00:00,29.0,70,0.1,350,9.4,8,1010.0,7
2024-10-23 05:00:00,29.0,74,0.0,350,11.2,8,1009.0,7
2024-10-23 06:00:00,30.0,66,0.0,10,16.6,8,1008.0,7
2024-10-23 07:00:00,31.0,66,0.1,340,13.0,8,1007.0,8
2024-10-23 08:00:00,31.0,62,0.0,10,14.8,8,1006.0,8
2024-10-23 09:00:00,30.0,66,0.1,30,9.4,8,1007.0,8
2024-10-23 10:00:00,30.0,70,0.3,311,3.6,8,1007.0,8
2024-10-23 11:00:00,29.0,79,0.7,280,3.6,8,1008.0,8
2024-10-23 12:00:00,29.0,79,3.7,240,13.0,8,1009.0,8
2024-10-23 13:00:00,28.0,84,2.4,250,11.2,8,1010.0,8
2024-10-23 14:00:00,28.0,89,2.0,240,11.2,0,1010.0,8
2024-10-23 15:00:00,28.0,89,0.9,240,11.2,0,1011.0,8
2024-10-23 16:00:00,27.0,94,0.4,250,13.0,0,1010.0,7
2024-10-23 17:00:00,27.0,94,0.2,260,9.4,0,1010.0,7
2024-10-23 18:00:00,27.0,94,0.0,260,11.2,7,1009.0,7
2024-10-23 19:00:00,27.0,94,0.0,290,5.4,7,1009.0,7
2024-10-23 20:00:00,26.0,89,0.0,280,11.2,8,1008.0,7
2024-10-23 21:00:00,26.0,94,0.0,310,9.4,0,1008.0,3
2024-10-23 22:00:00,26.0,94,0.0,320,7.6,7,1008.0,3
2024-10-23 23:00:00,26.0,94,0.0,10,5.4,0,1009.0,3
2024-10-24 00:00:00,27.0,89,0.0,10,7.6,0,1009.0,3
2024-10-24 01:00:00,29.0,79,0.0,360,9.4,7,1009.0,3
2024-10-24 02:00:00,30.0,70,0.0,30,11.2,7,1010.0,3
2024-10-24 03:00:00,31.0,62,0.0,303,11.2,7,1009.0,3
2024-10-24 04:00:00,33.0,56,0.0,340,9.4,7,1008.0,2
2024-10-24 05:00:00,33.0,56,0.0,360,11.2,7,1007.0,3
2024-10-24 06:00:00,34.0,56,0.0,330,13.0,7,1006.0,3
2024-10-24 07:00:00,34.0,53,0.0,319,13.0,7,1006.0,3
2024-10-24 08:00:00,33.0,52,0.0,330,9.4,7,1005.0,3
2024-10-24 09:00:00,33.0,52,0.0,250,11.2,7,1005.0,3
2024-10-24 10:00:00,32.0,63,0.0,290,11.2,7,1006.0,2
2024-10-24 11:00:00,30.0,70,0.0,280,13.0,6,1007.0,2
2024-10-24 12:00:00,29.0,74,0.0,270,9.4,6,1007.0,2
2024-10-24 13:00:00,29.0,74,0.2,250,9.4,6,1008.0,2
2024-10-24 14:00:00,29.0,79,0.0,280,5.4,6,1009.0,2
2024-10-24 15:00:00,29.0,79,0.0,282,3.6,6,1009.0,2
2024-10-24 16:00:00,29.0,84,0.0,270,7.6,6,1009.0,2
2024-10-24 17:00:00,28.0,89,0.0,260,11.2,6,1009.0,2
2024-10-24 18:00:00,27.0,94,0.0,270,7.6,6,1008.0,2
2024-10-24 19:00:00,28.0,89,0.0,290,7.6,6,1007.0,2
2024-10-24 20:00:00,28.0,84,0.0,320,7.6,6,1007.0,2
2024-10-24 21:00:00,27.0,89,0.0,340,11.2,6,1007.0,2
2024-10-24 22:00:00,27.0,89,0.0,320,5.4,6,1007.0,2
2024-10-24 23:00:00,26.0,94,0.0,187,3.6,6,1008.0,2
2024-10-25 00:00:00,27.0,94,0.0,350,5.4,7,1008.0,2
2024-10-25 01:00:00,28.0,89,0.0,310,11.2,7,1009.0,2
2024-10-25 02:00:00,29.0,74,0.0,320,13.0,7,1009.0,2
2024-10-25 03:00:00,31.0,66,0.1,330,14.8,6,1009.0,2
2024-10-25 04:00:00,31.0,62,0.0,330,14.8,6,1008.0,2
2024-10-25 05:00:00,33.0,52,0.0,350,13.0,6,1007.0,2
2024-10-25 06:00:00,32.0,59,0.0,300,16.6,6,1006.0,2
2024-10-25 07:00:00,33.0,52,0.0,290,14.8,6,1005.0,2
2024-10-25 08:00:00,32.0,59,0.0,280,16.6,6,1004.0,2
2024-10-25 09:00:00,32.0,59,0.0,280,16.6,6,1004.0,2
2024-10-25 10:00:00,30.0,66,0.0,260,16.6,6,1005.0,2
2024-10-25 11:00:00,29.0,70,0.0,240,14.8,6,1006.0,2
2024-10-25 12:00:00,28.0,79,0.0,260,9.4,6,1007.0,2
2024-10-25 13:00:00,29.0,74,0.0,280,9.4,6,1007.0,2
2024-10-25 14:00:00,28.0,79,0.0,290,9.4,6,1007.0,2
2024-10-25 15:00:00,27.0,84,0.0,280,9.4,6,1008.0,2
2024-10-25 16:00:00,28.0,79,0.0,280,7.6,6,1008.0,2
2024-10-25 17:00:00,28.0,79,0.0,280,7.6,6,1007.0,2
2024-10-25 18:00:00,28.0,79,0.0,280,9.4,6,1007.0,2
2024-10-25 19:00:00,26.0,89,0.0,250,11.2,6,1006.0,2
2024-10-25 20:00:00,27.0,89,0.0,250,14.8,6,1006.0,2
2024-10-25 21:00:00,27.0,89,0.0,280,9.4,6,1005.0,2
2024-10-25 22:00:00,27.0,89,0.0,290,9.4,6,1005.0,2
2024-10-25 23:00:00,27.0,84,0.0,290,7.6,6,1006.0,2
2024-10-26 00:00:00,27.0,84,0.0,300,9.4,6,1007.0,2
2024-10-26 01:00:00,29.0,79,0.0,300,13.0,6,1007.0,2
2024-10-26 02:00:00,31.0,70,0.0,290,16.6,6,1007.0,2
2024-10-26 03:00:00,31.0,59,0.0,310,18.4,6,1007.0,2
2024-10-26 04:00:00,32.0,63,0.0,310,20.5,6,1006.0,2
2024-10-26 05:00:00,31.0,62,0.0,290,22.3,6,1005.0,2
2024-10-26 06:00:00,32.0,63,0.0,300,20.5,6,1004.0,2
2024-10-26 07:00:00,32.0,59,0.0,300,14.8,6,1003.0,2
2024-10-26 08:00:00,33.0,56,0.0,280,18.4,6,1003.0,2
2024-10-26 09:00:00,31.0,62,0.0,290,16.6,6,1003.0,2
2024-10-26 10:00:00,31.0,66,0.0,280,14.8,6,1003.0,2
2024-10-26 11:00:00,30.0,70,0.0,260,14.8,6,1004.0,2
2024-10-26 12:00:00,29.0,74,0.0,270,9.4,6,1004.0,2
2024-10-26 13:00:00,29.0,79,0.0,250,13.0,6,1005.0,2
2024-10-26 14:00:00,29.0,79,0.0,230,16.6,6,1006.0,2
2024-10-26 15:00:00,29.0,79,0.0,240,16.6,6,1006.0,2
2024-10-26 16:00:00,28.0,79,0.0,240,14.8,6,1006.0,2
2024-10-26 17:00:00,28.0,84,0.0,230,20.5,6,1005.0,2
2024-10-26 18:00:00,28.0,84,0.0,230,16.6,6,1005.0,2
2024-10-26 19:00:00,27.0,89,0.0,250,11.2,6,1005.0,2
2024-10-26 20:00:00,27.0,94,0.0,230,13.0,6,1004.0,2
2024-10-26 21:00:00,27.0,94,0.5,270,6.0,7,1004.0,3
2024-10-26 22:00:00,27.0,94,0.0,240,9.4,7,1004.0,7
2024-10-26 23:00:00,28.0,89,0.0,230,14.8,7,1004.0,7
2024-10-27 00:00:00,28.0,89,0.4,310,24.1,8,1006.0,7
2024-10-27 01:00:00,22.0,100,1.8,10,9.4,8,1007.0,7
2024-10-27 02:00:00,23.0,94,1.4,360,13.0,8,1007.0,7
2024-10-27 03:00:00,23.0,94,1.0,360,7.6,8,1008.0,7
2024-10-27 04:00:00,24.0,89,1.1,30,5.4,8,1007.0,7
2024-10-27 05:00:00,26.0,84,0.7,110,7.6,8,1005.0,7
2024-10-27 06:00:00,28.0,74,1.1,256,3.6,8,1004.0,7
2024-10-27 07:00:00,25.0,94,1.6,290,7.6,8,1003.0,7
2024-10-27 08:00:00,27.0,89,0.0,290,3.6,8,1003.0,7
2024-10-27 09:00:00,27.0,84,0.1,270,7.6,8,1003.0,7
2024-10-27 10:00:00,27.0,84,0.0,290,7.6,8,1003.0,7
2024-10-27 11:00:00,26.0,89,0.1,350,5.4,8,1004.0,7
2024-10-27 12:00:00,26.0,94,0.1,0,0.0,8,1005.0,7
2024-10-27 13:00:00,26.0,94,0.0,221,3.6,8,1005.0,7
2024-10-27 14:00:00,26.0,94,0.0,220,9.4,8,1006.0,7
2024-10-27 15:00:00,26.0,94,0.0,190,5.4,7,1006.0,7
2024-10-27 16:00:00,26.0,94,0.0,220,9.4,8,1005.0,7
2024-10-27 17:00:00,27.0,89,1.2,190,5.4,8,1005.0,7
2024-10-27 18:00:00,25.0,100,0.0,320,20.5,8,1004.0,7
2024-10-27 19:00:00,26.0,94,1.0,240,14.8,8,1003.0,7
2024-10-27 20:00:00,24.0,94,3.4,290,14.8,8,1003.0,7
2024-10-27 21:00:00,24.0,94,2.7,340,7.6,8,1004.0,7
2024-10-27 22:00:00,24.0,94,3.1,360,7.6,8,1004.0,8
2024-10-27 23:00:00,24.0,94,3.0,30,7.6,8,1005.0,8
2024-10-28 00:00:00,24.0,89,5.0,192,3.6,8,1006.0,8
2024-10-28 01:00:00,25.0,84,0.9,244,1.8,8,1008.0,8
2024-10-28 02:00:00,25.0,89,0.2,350,7.6,8,1008.0,8
2024-10-28 03:00:00,24.0,94,0.0,300,5.4,8,1009.0,8
2024-10-28 04:00:00,24.0,100,6.0,259,3.6,8,1008.0,7
2024-10-28 05:00:00,25.0,94,1.2,280,9.4,8,1007.0,7
2024-10-28 06:00:00,26.0,89,3.0,260,7.6,8,1005.0,7
2024-10-28 07:00:00,26.0,89,3.2,280,13.0,8,1003.0,7
2024-10-28 08:00:00,27.0,84,3.4,300,13.0,8,1003.0,7
2024-10-28 09:00:00,26.0,89,0.8,270,9.4,8,1003.0,7
2024-10-28 10:00:00,26.0,89,1.9,250,9.4,8,1005.0,7
2024-10-28 11:00:00,26.0,89,2.0,230,9.4,8,1006.0,7
2024-10-28 12:00:00,26.0,89,1.2,230,9.4,8,1006.0,8
2024-10-28 13:00:00,26.0,89,1.1,230,9.4,8,1007.0,8
2024-10-28 14:00:00,26.0,89,0.0,240,11.2,8,1008.0,8
2024-10-28 15:00:00,25.0,94,0.0,270,9.4,8,1008.0,8
2024-10-28 16:00:00,25.0,94,0.0,250,9.4,8,1008.0,7
2024-10-28 17:00:00,25.0,94,0.0,220,9.4,8,1008.0,7
2024-10-28 18:00:00,25.0,94,0.0,220,11.2,8,1007.0,7
2024-10-28 19:00:00,25.0,94,0.0,260,9.4,8,1007.0,5
2024-10-28 20:00:00,24.0,100,0.0,220,5.4,8,1006.0,7
2024-10-28 21:00:00,25.0,94,0.2,230,7.6,8,1006.0,5
2024-10-28 22:00:00,25.0,94,0.1,230,9.4,8,1007.0,7
2024-10-28 23:00:00,25.0,94,0.5,224,3.6,0,1007.0,7
2024-10-29 00:00:00,25.0,94,0.0,210,7.6,8,1008.0,7
2024-10-29 01:00:00,26.0,94,0.0,200,11.2,8,1008.0,7
2024-10-29 02:00:00,28.0,79,0.1,240,13.0,8,1009.0,7
2024-10-29 03:00:00,29.0,70,0.3,290,9.4,8,1009.0,7
2024-10-29 04:00:00,30.0,70,0.2,240,11.2,8,1009.0,7
2024-10-29 05:00:00,29.0,70,0.3,290,13.0,8,1008.0,7
2024-10-29 06:00:00,30.0,66,2.6,250,18.4,8,1007.0,7
2024-10-29 07:00:00,30.0,70,1.2,250,16.6,8,1006.0,7
2024-10-29 08:00:00,30.0,70,0.0,240,18.4,7,1005.0,7
2024-10-29 09:00:00,30.0,70,0.0,260,14.8,7,1006.0,7
2024-10-29 10:00:00,29.0,74,0.4,290,11.2,7,1006.0,7
2024-10-29 11:00:00,28.0,79,0.2,280,9.4,7,1006.0,7
2024-10-29 12:00:00,27.0,84,0.0,290,5.4,7,1007.0,3
2024-10-29 13:00:00,27.0,89,0.0,0,0.0,7,1008.0,3
2024-10-29 14:00:00,27.0,89,0.0,220,9.4,7,1009.0,3
2024-10-29 15:00:00,27.0,84,0.0,230,13.0,7,1009.0,3
2024-10-29 16:00:00,27.0,89,0.0,230,14.8,7,1009.0,3
2024-10-29 17:00:00,27.0,89,0.0,230,11.2,7,1009.0,3
2024-10-29 18:00:00,26.0,94,0.0,260,11.2,7,1008.0,3
2024-10-29 19:00:00,26.0,94,0.0,290,7.6,7,1008.0,3
2024-10-29 20:00:00,26.0,94,0.0,270,5.4,7,1008.0,3
2024-10-29 21:00:00,25.0,100,0.0,240,7.6,7,1008.0,3
2024-10-29 22:00:00,26.0,94,0.0,250,7.6,7,1008.5,3
2024-10-29 23:00:00,26.0,94,0.0,260,9.4,7,1009.0,3
2024-10-30 00:00:00,27.0,94,0.0,280,9.4,7,1009.0,3
2024-10-30 01:00:00,28.0,89,0.0,280,11.2,7,1010.0,3
2024-10-30 02:00:00,30.0,79,0.0,320,14.8,7,1011.0,3
2024-10-30 03:00:00,31.0,70,0.0,310,13.0,7,1011.0,3
2024-10-30 04:00:00,32.0,67,0.0,310,16.6,7,1010.0,3
2024-10-30 05:00:00,31.0,66,0.0,280,20.5,7,1009.0,3
2024-10-30 06:00:00,33.0,63,0.0,290,18.4,7,1008.0,3
2024-10-30 07:00:00,33.0,63,0.0,270,20.5,7,1007.0,3
2024-10-30 08:00:00,32.0,67,0.5,290,16.6,7,1007.0,3
2024-10-30 09:00:00,32.0,67,2.1,280,16.6,7,1006.0,2
2024-10-30 10:00:00,31.0,70,0.7,270,16.6,7,1007.0,3
2024-10-30 11:00:00,30.0,75,0.0,280,11.2,7,1007.0,3
2024-10-30 12:00:00,29.0,79,0.0,260,11.2,7,1008.0,3
2024-10-30 13:00:00,29.0,79,0.0,280,7.6,7,1009.0,3
2024-10-30 14:00:00,29.0,79,0.0,290,5.4,7,1010.0,3
2024-10-30 15:00:00,29.0,79,0.0,310,9.4,7,1010.0,3
2024-10-30 16:00:00,29.0,79,0.0,330,9.4,7,1010.0,3
2024-10-30 17:00:00,28.0,84,0.0,310,11.2,7,1010.0,3
2024-10-30 18:00:00,27.0,89,0.0,290,5.4,7,1009.0,3
2024-10-30 19:00:00,27.0,89,0.0,290,9.4,7,1008.0,3
2024-10-30 20:00:00,27.0,89,0.0,310,9.4,7,1008.0,3
2024-10-30 21:00:00,26.0,94,0.0,310,5.4,7,1007.0,3
2024-10-30 22:00:00,26.0,89,0.0,290,5.4,7,1008.0,3
2024-10-30 23:00:00,26.0,89,0.0,310,9.4,7,1008.0,3
2024-10-31 00:00:00,27.0,84,0.0,320,9.4,7,1009.0,3
2024-10-31 01:00:00,28.0,79,0.0,320,11.2,7,1009.0,3
2024-10-31 02:00:00,29.0,79,0.0,276,11.2,7,1010.0,3
2024-10-31 03:00:00,30.0,79,0.0,320,11.2,7,1010.0,3
2024-10-31 04:00:00,31.0,70,0.0,320,13.0,7,1009.0,3
2024-10-31 05:00:00,27.0,89,0.0,290,5.4,7,1009.0,3
2024-10-31 06:00:00,30.0,75,0.0,340,11.2,7,1008.0,3
2024-10-31 07:00:00,32.0,67,0.0,280,14.8,7,1006.0,3
2024-10-31 08:00:00,29.0,70,0.0,350,13.0,7,1006.0,3
2024-10-31 09:00:00,30.0,70,0.2,260,14.8,7,1006.0,3
2024-10-31 10:00:00,30.0,75,0.4,270,13.0,7,1006.0,3
2024-10-31 11:00:00,29.0,74,0.4,250,13.0,7,1007.0,3
2024-10-31 12:00:00,29.0,79,0.0,240,9.4,7,1007.0,3
2024-10-31 13:00:00,28.0,84,0.0,260,9.4,7,1008.0,3
2024-10-31 14:00:00,28.0,84,0.0,270,7.6,7,1009.0,2
2024-10-31 15:00:00,28.0,84,0.0,260,7.6,7,1009.0,2
2024-10-31 16:00:00,28.0,89,0.0,280,5.4,7,1009.0,2
2024-10-31 17:00:00,27.0,94,0.0,270,7.6,7,1008.0,2
2024-10-31 18:00:00,27.0,89,0.0,270,9.4,7,1008.0,2
2024-10-31 19:00:00,27.0,89,0.0,270,9.4,7,1008.0,2
2024-10-31 20:00:00,27.0,94,0.0,260,5.4,0,1007.0,5
2024-10-31 21:00:00,26.0,100,0.0,270,5.4,0,1008.0,5
2024-10-31 22:00:00,26.0,100,0.0,260,5.4,0,1008.0,5
2024-10-31 23:00:00,26.0,100,0.0,246,3.6,7,1009.0,5
2024-11-01 00:00:00,27.0,94,0.0,10,5.4,0,1009.0,5
2024-11-01 01:00:00,28.0,84,0.0,350,5.4,7,1010.0,2
2024-11-01 02:00:00,30.0,75,0.0,290,7.6,7,1010.0,2
2024-11-01 03:00:00,31.0,66,0.0,289,11.2,6,1010.0,2
2024-11-01 04:00:00,31.0,70,0.0,270,13.0,6,1010.0,2
2024-11-01 05:00:00,32.0,63,0.0,290,11.2,7,1008.0,2
2024-11-01 06:00:00,34.0,56,0.0,280,13.0,7,1007.0,2
2024-11-01 07:00:00,33.0,59,0.0,290,14.8,7,1006.0,3
2024-11-01 08:00:00,33.0,63,0.7,300,14.8,7,1006.0,3
2024-11-01 09:00:00,32.0,63,0.8,280,9.4,7,1006.0,25
2024-11-01 10:00:00,31.0,66,7.2,280,11.2,7,1006.0,3
2024-11-01 11:00:00,31.0,66,0.2,290,7.6,7,1007.0,3
2024-11-01 12:00:00,30.0,75,0.1,260,13.0,7,1008.0,3
2024-11-01 13:00:00,29.0,70,0.0,326,7.6,7,1008.0,3
2024-11-01 14:00:00,29.0,79,0.0,130,11.2,7,1010.0,3
2024-11-01 15:00:00,28.0,84,0.0,80,9.4,7,1010.0,3
2024-11-01 16:00:00,27.0,84,0.0,80,14.8,7,1010.0,3
2024-11-01 17:00:00,27.0,84,0.0,130,14.8,7,1010.0,3
2024-11-01 18:00:00,27.0,84,0.0,120,14.8,7,1009.0,3
2024-11-01 19:00:00,26.0,89,0.0,110,11.2,7,1008.0,3
2024-11-01 20:00:00,27.0,84,0.0,110,7.6,7,1008.0,3
2024-11-01 21:00:00,27.0,84,0.0,130,7.6,7,1008.0,3
2024-11-01 22:00:00,26.0,89,0.0,130,11.2,7,1008.0,3
2024-11-01 23:00:00,27.0,84,0.0,150,9.4,7,1009.0,3
2024-11-02 00:00:00,28.0,79,0.0,130,14.8,7,1010.0,3
2024-11-02 01:00:00,29.0,79,0.0,90,14.8,7,1011.0,3
2024-11-02 02:00:00,30.0,70,0.0,120,14.8,7,1011.0,3
2024-11-02 03:00:00,31.0,66,0.0,140,18.4,7,1011.0,3
2024-11-02 04:00:00,31.0,66,0.0,150,16.6,7,1010.0,3
2024-11-02 05:00:00,32.0,59,0.0,140,14.8,7,1009.0,3
2024-11-02 06:00:00,33.0,59,0.3,120,22.3,7,1009.0,3
2024-11-02 07:00:00,32.0,59,6.8,140,18.4,7,1008.0,3
2024-11-02 08:00:00,32.0,59,2.8,140,18.4,7,1008.0,7
2024-11-02 09:00:00,31.0,62,0.0,180,22.3,7,1008.0,7
2024-11-02 10:00:00,31.0,62,2.4,170,18.4,7,1008.0,7
2024-11-02 11:00:00,30.0,66,0.8,140,14.8,7,1010.0,7
2024-11-02 12:00:00,30.0,66,0.2,110,13.0,7,1011.0,7
2024-11-02 13:00:00,26.0,94,0.0,40,7.6,7,1011.0,7
2024-11-02 14:00:00,26.0,89,0.0,30,9.4,7,1012.0,3
2024-11-02 15:00:00,26.0,89,0.0,40,9.4,7,1012.0,3
2024-11-02 16:00:00,25.0,94,0.0,20,7.6,7,1012.0,3
2024-11-02 17:00:00,25.0,94,0.0,20,7.6,7,1011.0,3
2024-11-02 18:00:00,25.0,94,0.0,320,7.6,7,1011.0,3
2024-11-02 19:00:00,25.0,94,0.0,360,5.4,0,1010.0,3
2024-11-02 20:00:00,25.0,94,0.0,20,9.4,0,1010.0,3
2024-11-02 21:00:00,25.0,94,0.0,10,5.4,0,1010.0,3
2024-11-02 22:00:00,25.0,94,0.0,280,1.8,0,1010.0,3
2024-11-02 23:00:00,25.0,94,0.0,286,3.6,0,1010.0,3
2024-11-03 00:00:00,26.0,89,0.0,360,5.4,0,1011.0,3
2024-11-03 01:00:00,27.0,84,0.0,10,7.6,0,1011.0,3
2024-11-03 02:00:00,29.0,74,0.0,7,3.6,0,1011.0,3
2024-11-03 03:00:00,31.0,66,0.0,10,5.4,7,1011.0,3
2024-11-03 04:00:00,32.0,63,0.0,27,3.6,7,1010.0,2
2024-11-03 05:00:00,33.0,59,0.0,32,7.6,7,1009.0,3
2024-11-03 06:00:00,32.0,59,0.0,35,1.8,7,1008.0,3
2024-11-03 07:00:00,33.0,59,0.0,250,14.8,7,1007.0,7
2024-11-03 08:00:00,30.0,70,0.0,41,9.4,7,1007.0,7
2024-11-03 09:00:00,24.0,100,0.0,260,13.0,7,1007.0,7
2024-11-03 10:00:00,27.0,84,0.0,220,9.4,7,1008.0,3
2024-11-03 11:00:00,25.0,94,0.0,310,7.6,7,1009.0,3
2024-11-03 12:00:00,25.0,94,0.0,270,7.6,7,1009.0,3
2024-11-03 13:00:00,26.0,89,0.0,24,3.6,7,1011.0,3
2024-11-03 14:00:00,26.0,94,0.0,310,5.4,7,1011.0,3
2024-11-03 15:00:00,25.0,94,0.0,10,7.6,7,1012.0,3
2024-11-03 16:00:00,25.0,94,0.0,360,7.6,7,1011.0,3
2024-11-03 17:00:00,25.0,94,0.0,310,5.4,7,1011.0,7
2024-11-03 18:00:00,25.0,94,0.0,0,0.0,7,1010.0,7
2024-11-03 19:00:00,25.0,94,0.0,282,1.8,7,1010.0,7
2024-11-03 20:00:00,25.0,94,0.0,360,5.4,0,1010.0,7
2024-11-03 21:00:00,25.0,94,0.0,60,3.6,7,1010.0,7
2024-11-03 22:00:00,25.0,94,0.0,274,3.6,7,1010.0,8
2024-11-03 23:00:00,25.0,94,0.0,308,3.6,0,1010.0,5
2024-11-04 00:00:00,27.0,84,0.0,70,5.4,0,1011.0,8
2024-11-04 01:00:00,29.0,70,0.0,37,3.6,7,1011.0,7
2024-11-04 02:00:00,31.0,66,0.0,45,7.6,7,1011.0,7
2024-11-04 03:00:00,31.0,66,0.2,30,9.4,7,1011.0,3
2024-11-04 04:00:00,32.0,63,0.0,46,3.6,7,1010.0,3
2024-11-04 05:00:00,33.0,59,1.4,80,11.2,7,1010.0,7
2024-11-04 06:00:00,32.0,67,5.7,90,16.6,7,1008.0,7
2024-11-04 07:00:00,30.0,75,0.8,90,14.8,7,1007.0,7
2024-11-04 08:00:00,28.0,79,0.2,80,11.2,7,1007.0,8
2024-11-04 09:00:00,30.0,75,0.1,60,3.6,7,1007.0,8
2024-11-04 10:00:00,27.0,89,0.4,120,9.4,7,1007.0,8
2024-11-04 11:00:00,28.0,84,0.2,150,5.4,7,1008.0,8
2024-11-04 12:00:00,29.0,74,0.4,130,11.2,7,1009.0,8
2024-11-04 13:00:00,29.0,74,1.7,120,9.4,7,1010.0,7
2024-11-04 14:00:00,28.0,84,0.0,120,13.0,7,1011.0,7
2024-11-04 15:00:00,28.0,84,0.3,110,13.0,7,1011.0,7
2024-11-04 16:00:00,28.0,84,0.4,110,11.2,7,1011.0,7
2024-11-04 17:00:00,27.0,89,0.0,110,9.4,7,1011.0,7
2024-11-04 18:00:00,27.0,89,0.0,40,4.0,7,1011.0,7
2024-11-04 19:00:00,27.0,89,0.0,30,4.0,7,1010.0,7
2024-11-04 20:00:00,25.0,94,0.0,360,5.4,7,1010.0,8
2024-11-04 21:00:00,25.0,94,0.0,360,9.4,7,1010.0,8
2024-11-04 22:00:00,25.0,94,0.0,30,7.6,7,1011.0,8
2024-11-04 23:00:00,25.0,89,0.0,30,5.4,7,1011.0,8
2024-11-05 00:00:00,26.0,89,0.0,40,7.6,0,1011.0,7
2024-11-05 01:00:00,27.0,84,0.0,20,11.2,7,1011.0,7
2024-11-05 02:00:00,30.0,75,0.0,60,7.6,7,1012.0,7
2024-11-05 03:00:00,30.0,75,0.0,60,11.2,7,1012.0,3
2024-11-05 04:00:00,31.0,70,0.0,50,5.4,7,1011.0,3
2024-11-05 05:00:00,32.0,63,0.1,80,9.4,7,1010.0,7
2024-11-05 06:00:00,33.0,56,0.0,60,11.2,7,1009.0,7
2024-11-05 07:00:00,33.0,59,0.0,330,9.4,7,1008.0,7
2024-11-05 08:00:00,29.0,74,2.5,190,14.8,7,1008.0,8
2024-11-05 09:00:00,27.0,89,5.0,260,16.6,7,1009.0,8
2024-11-05 10:00:00,26.0,94,0.1,240,7.6,7,1009.0,7
2024-11-05 11:00:00,26.0,94,0.0,260,9.4,0,1009.0,7
2024-11-05 12:00:00,26.0,89,0.0,320,5.4,0,1009.0,7
2024-11-05 13:00:00,26.0,89,0.0,310,5.4,0,1010.0,7
2024-11-05 14:00:00,26.0,89,0.0,320,5.4,0,1010.0,7
2024-11-05 15:00:00,26.0,89,0.0,0,0.0,7,1011.0,7
2024-11-05 16:00:00,26.0,89,0.0,316,3.6,7,1010.0,3
2024-11-05 17:00:00,25.0,94,0.0,299,1.8,7,1010.0,3
2024-11-05 18:00:00,25.0,94,0.0,320,3.6,7,1010.0,3
2024-11-05 19:00:00,25.0,94,0.0,275,3.6,0,1010.0,3
2024-11-05 20:00:00,25.0,94,0.0,310,5.4,0,1010.0,3
2024-11-05 21:00:00,25.0,94,0.0,330,5.4,7,1010.0,3
2024-11-05 22:00:00,25.0,94,0.0,0,0.0,7,1010.0,5
2024-11-05 23:00:00,25.0,94,0.0,0,0.0,7,1010.0,5
2024-11-06 00:00:00,27.0,89,0.0,0,0.0,0,1011.0,5
2024-11-06 01:00:00,28.0,84,0.0,310,5.4,7,1012.0,3
2024-11-06 02:00:00,30.0,75,0.0,30,1.8,7,1012.0,3
2024-11-06 03:00:00,31.0,70,0.0,270,11.2,7,1012.0,3
2024-11-06 04:00:00,31.0,70,0.0,260,11.2,7,1011.0,2
2024-11-06 05:00:00,32.0,67,0.0,310,13.0,7,1011.0,7
2024-11-06 06:00:00,31.0,70,0.0,280,11.2,7,1010.0,7
2024-11-06 07:00:00,29.0,79,0.1,210,14.8,7,1009.0,7
2024-11-06 08:00:00,31.0,70,0.0,270,13.0,7,1008.0,7
2024-11-06 09:00:00,31.0,70,1.2,260,14.8,7,1008.0,8
2024-11-06 10:00:00,30.0,75,3.3,230,13.0,7,1009.0,25
2024-11-06 11:00:00,30.0,75,0.9,180,11.2,7,1010.0,25
2024-11-06 12:00:00,25.0,94,0.1,290,9.4,7,1012.0,7
2024-11-06 13:00:00,25.0,84,0.0,110,7.6,7,1012.0,7
2024-11-06 14:00:00,25.0,89,0.0,110,11.2,7,1012.0,7
2024-11-06 15:00:00,25.0,94,0.0,30,5.4,7,1012.0,7
2024-11-06 16:00:00,25.0,94,0.0,30,7.6,7,1012.0,3
2024-11-06 17:00:00,25.0,89,0.0,70,11.2,7,1011.0,3
2024-11-06 18:00:00,25.0,89,0.0,30,5.4,7,1010.0,3
2024-11-06 19:00:00,24.0,94,0.0,20,3.6,7,1010.0,3
2024-11-06 20:00:00,24.0,94,0.0,290,3.6,0,1010.0,3
2024-11-06 21:00:00,24.0,94,0.0,303,3.6,7,1010.0,3
2024-11-06 22:00:00,24.0,94,0.0,288,3.6,7,1011.0,3
2024-11-06 23:00:00,24.0,94,0.0,10,1.8,7,1011.0,3
2024-11-07 00:00:00,26.0,89,0.0,50,3.6,7,1012.0,3
2024-11-07 01:00:00,27.0,84,0.0,17,3.6,7,1012.0,3
2024-11-07 02:00:00,29.0,70,0.0,21,5.4,7,1012.0,3
2024-11-07 03:00:00,30.0,70,0.0,22,3.6,7,1012.0,3
2024-11-07 04:00:00,31.0,66,0.0,0,0.0,7,1011.0,7
2024-11-07 05:00:00,31.0,62,0.0,40,7.6,7,1010.0,7
2024-11-07 06:00:00,32.0,63,0.0,300,7.6,7,1009.0,7
2024-11-07 07:00:00,33.0,59,0.0,180,5.4,7,1009.0,7
2024-11-07 08:00:00,32.0,63,1.5,320,7.6,7,1008.0,7
2024-11-07 09:00:00,31.0,66,0.1,280,9.4,7,1008.0,8
2024-11-07 10:00:00,31.0,59,0.0,50,3.6,7,1009.0,25
2024-11-07 11:00:00,30.0,62,0.0,45,3.6,7,1009.0,18
2024-11-07 12:00:00,29.0,70,0.0,60,7.6,7,1010.0,7
2024-11-07 13:00:00,29.0,66,0.0,29,3.6,7,1010.0,7
2024-11-07 14:00:00,30.0,66,0.0,19,7.6,7,1011.0,7
2024-11-07 15:00:00,28.0,79,0.0,50,9.4,7,1011.0,3
2024-11-07 16:00:00,28.0,79,0.0,60,5.4,7,1011.0,3
2024-11-07 17:00:00,27.0,84,0.0,20,5.4,7,1011.0,3
2024-11-07 18:00:00,26.0,89,0.0,20,7.6,7,1010.0,3
2024-11-07 19:00:00,26.0,84,0.0,20,11.2,7,1010.0,3
2024-11-07 20:00:00,25.0,89,0.0,30,7.6,7,1010.0,3
2024-11-07 21:00:00,25.0,84,0.0,30,5.4,7,1010.0,3
2024-11-07 22:00:00,25.0,84,0.0,30,7.6,7,1010.0,3
2024-11-07 23:00:00,25.0,84,0.0,40,7.6,7,1010.0,3
2024-11-08 00:00:00,26.0,79,0.0,50,9.4,7,1011.0,3
2024-11-08 01:00:00,27.0,74,0.0,30,5.4,7,1011.0,3
2024-11-08 02:00:00,29.0,70,0.0,60,5.4,7,1012.0,3
2024-11-08 03:00:00,30.0,66,0.0,33,5.4,7,1012.0,3
2024-11-08 04:00:00,31.0,62,0.0,38,3.6,7,1011.0,3
2024-11-08 05:00:00,31.0,62,0.0,44,3.6,7,1010.0,3
2024-11-08 06:00:00,32.0,59,2.1,60,7.6,7,1009.0,7
2024-11-08 07:00:00,32.0,63,0.0,280,9.4,7,1008.0,7
2024-11-08 08:00:00,31.0,62,0.0,280,9.4,7,1008.0,7
2024-11-08 09:00:00,29.0,74,0.0,52,3.6,7,1008.0,7
2024-11-08 10:00:00,25.0,94,0.5,310,9.4,7,1009.0,7
2024-11-08 11:00:00,26.0,94,0.2,270,9.4,8,1009.0,7
2024-11-08 12:00:00,26.0,94,0.0,230,7.6,8,1010.0,7
2024-11-08 13:00:00,26.0,94,0.0,28,3.6,8,1010.0,7
2024-11-08 14:00:00,25.0,94,0.0,310,5.4,8,1011.0,7
2024-11-08 15:00:00,26.0,89,0.0,323,1.8,0,1012.0,7
2024-11-08 16:00:00,26.0,89,0.1,270,5.4,8,1011.0,3
2024-11-08 17:00:00,26.0,89,0.3,310,3.6,8,1010.0,3
2024-11-08 18:00:00,26.0,74,0.2,50,7.6,8,1010.0,3
2024-11-08 19:00:00,25.0,78,0.7,50,5.4,8,1010.0,3
2024-11-08 20:00:00,25.0,84,0.0,10,5.4,8,1009.0,3
2024-11-08 21:00:00,25.0,84,0.0,10,7.6,8,1009.0,3
2024-11-08 22:00:00,25.0,89,0.0,340,1.8,8,1010.0,3
2024-11-08 23:00:00,25.0,84,0.0,360,3.6,8,1010.0,3
2024-11-09 00:00:00,26.0,74,0.0,40,7.6,8,1011.0,3
2024-11-09 01:00:00,28.0,62,0.0,30,9.4,7,1011.0,3
2024-11-09 02:00:00,29.0,62,0.0,30,5.4,7,1011.0,3
2024-11-09 03:00:00,30.0,66,0.0,40,7.6,7,1011.0,3
2024-11-09 04:00:00,32.0,59,0.0,49,3.6,7,1010.0,3
2024-11-09 05:00:00,33.0,52,0.1,55,5.4,7,1009.0,7
2024-11-09 06:00:00,33.0,56,0.0,60,7.6,7,1009.0,7
2024-11-09 07:00:00,33.0,59,2.2,100,11.2,7,1008.0,7
2024-11-09 08:00:00,33.0,56,4.5,130,11.2,7,1007.0,7
2024-11-09 09:00:00,27.0,79,0.3,90,22.3,7,1008.0,8
2024-11-09 10:00:00,26.0,89,0.0,320,5.4,7,1009.0,25
2024-11-09 11:00:00,25.0,94,0.0,280,9.4,7,1010.0,25
2024-11-09 12:00:00,25.0,94,0.0,270,9.4,8,1011.0,7
2024-11-09 13:00:00,26.0,89,0.0,310,5.4,0,1011.0,7
2024-11-09 14:00:00,26.0,89,0.0,15,3.6,0,1012.0,7
2024-11-09 15:00:00,26.0,89,0.0,340,5.4,7,1012.0,3
2024-11-09 16:00:00,26.0,89,0.0,338,3.6,7,1012.0,3
2024-11-09 17:00:00,25.0,94,0.0,250,7.6,0,1011.0,3
2024-11-09 18:00:00,26.0,89,0.0,261,3.6,0,1011.0,3
2024-11-09 19:00:00,26.0,89,0.0,259,3.6,0,1010.0,3
2024-11-09 20:00:00,25.0,94,0.0,257,3.6,0,1010.0,3
2024-11-09 21:00:00,25.0,94,0.0,20,7.6,0,1010.0,3
2024-11-09 22:00:00,25.0,94,0.0,360,3.6,0,1010.0,3
2024-11-09 23:00:00,25.0,94,0.0,30,5.4,0,1011.0,5
2024-11-10 00:00:00,26.0,89,0.0,43,1.8,0,1012.0,5
2024-11-10 01:00:00,27.0,89,0.0,350,5.4,0,1012.0,3
2024-11-10 02:00:00,28.0,84,0.0,340,9.4,7,1013.0,3
2024-11-10 03:00:00,30.0,75,0.0,10,11.2,7,1012.0,3
2024-11-10 04:00:00,31.0,70,0.0,360,9.4,7,1011.0,3
2024-11-10 05:00:00,31.0,66,0.0,310,7.6,7,1010.0,3
2024-11-10 06:00:00,32.0,67,0.0,300,7.6,7,1009.0,3
2024-11-10 07:00:00,32.0,63,0.0,50,7.6,7,1008.0,3
2024-11-10 08:00:00,32.0,63,0.0,20,7.6,7,1009.2,3
2024-11-10 09:00:00,31.0,66,0.0,20,7.6,7,1008.0,7
2024-11-10 10:00:00,31.0,66,0.0,320,7.6,7,1008.0,3
2024-11-10 11:00:00,28.0,89,0.3,130,13.0,7,1009.0,3
2024-11-10 12:00:00,26.0,94,0.1,190,9.4,7,1010.0,3
2024-11-10 13:00:00,28.0,84,0.6,190,9.4,7,1011.0,3
2024-11-10 14:00:00,28.0,84,0.0,170,7.6,7,1011.0,3
2024-11-10 15:00:00,28.0,84,0.0,160,11.2,7,1011.0,3
2024-11-10 16:00:00,28.0,79,0.0,90,7.6,7,1011.0,3
2024-11-10 17:00:00,27.0,84,0.0,120,9.4,7,1010.0,3
2024-11-10 18:00:00,27.0,84,0.0,120,7.6,7,1010.0,3
2024-11-10 19:00:00,26.0,94,0.0,0,0.0,7,1010.0,3
2024-11-10 20:00:00,26.0,94,0.0,210,7.6,7,1009.0,3
2024-11-10 21:00:00,25.0,100,0.0,290,1.8,0,1008.0,3
2024-11-10 22:00:00,25.0,100,0.0,350,3.6,0,1009.0,2
2024-11-10 23:00:00,25.0,100,0.0,350,5.4,6,1010.0,5
2024-11-11 00:00:00,26.0,94,0.0,54,3.6,0,1010.0,5
2024-11-11 01:00:00,28.0,84,0.0,50,7.6,6,1011.0,5
2024-11-11 02:00:00,30.0,70,0.0,28,5.4,6,1011.0,2
2024-11-11 03:00:00,31.0,70,0.0,290,7.6,6,1011.0,2
2024-11-11 04:00:00,32.0,63,0.0,39,7.6,6,1010.0,2
2024-11-11 05:00:00,32.0,59,0.0,10,7.6,6,1009.0,2
2024-11-11 06:00:00,32.0,59,0.0,340,5.4,6,1008.0,2
2024-11-11 07:00:00,33.0,56,0.0,42,7.6,6,1007.0,2
2024-11-11 08:00:00,33.0,52,0.0,20,5.4,6,1007.0,2
2024-11-11 09:00:00,33.0,56,0.0,20,9.4,6,1006.0,2
2024-11-11 10:00:00,31.0,66,0.0,300,11.2,6,1007.0,2
2024-11-11 11:00:00,30.0,75,0.0,170,11.2,6,1008.0,2
2024-11-11 12:00:00,29.0,79,0.0,180,13.0,7,1009.0,2
2024-11-11 13:00:00,29.0,79,0.0,200,7.6,6,1010.0,2
2024-11-11 14:00:00,29.0,79,0.0,160,9.4,6,1010.0,2
2024-11-11 15:00:00,28.0,84,0.0,170,7.6,6,1010.0,2
2024-11-11 16:00:00,28.0,84,0.0,180,5.4,6,1010.0,2
2024-11-11 17:00:00,28.0,84,0.0,160,11.2,6,1010.0,2
2024-11-11 18:00:00,28.0,84,0.0,230,7.6,6,1010.0,2
2024-11-11 19:00:00,28.0,84,0.0,227,3.6,6,1009.0,2
2024-11-11 20:00:00,28.0,84,0.0,214,1.8,6,1008.0,2
2024-11-11 21:00:00,26.0,94,0.0,196,3.6,6,1008.0,2
2024-11-11 22:00:00,26.0,94,0.0,280,3.6,0,1009.0,2
2024-11-11 23:00:00,26.0,94,0.0,270,5.4,0,1009.0,5
2024-11-12 00:00:00,27.0,94,0.0,280,5.4,0,1010.0,5
2024-11-12 01:00:00,28.0,89,0.0,219,1.8,0,1010.0,5
2024-11-12 02:00:00,29.0,79,0.0,261,3.6,6,1011.0,2
2024-11-12 03:00:00,31.0,70,0.1,310,7.6,6,1011.0,2
2024-11-12 04:00:00,31.0,70,0.1,290,11.2,6,1010.0,2
2024-11-12 05:00:00,32.0,63,0.0,270,13.0,6,1009.0,2
2024-11-12 06:00:00,32.0,67,0.0,290,11.2,6,1007.0,2
2024-11-12 07:00:00,33.0,59,0.0,270,13.0,6,1006.0,2
2024-11-12 08:00:00,33.0,59,0.1,290,13.0,6,1006.0,2
2024-11-12 09:00:00,32.0,63,0.4,290,14.8,6,1006.0,2
2024-11-12 10:00:00,31.0,66,0.0,290,13.0,7,1006.0,2
2024-11-12 11:00:00,30.0,70,0.0,280,7.6,7,1006.0,2
2024-11-12 12:00:00,30.0,75,0.0,240,7.6,7,1007.0,2
2024-11-12 13:00:00,29.0,84,0.0,230,5.4,7,1008.0,2
2024-11-12 14:00:00,30.0,75,0.0,210,9.4,7,1008.0,2
2024-11-12 15:00:00,29.0,79,0.0,285,7.6,6,1008.0,2
2024-11-12 16:00:00,29.0,79,0.0,190,7.6,6,1008.0,2
2024-11-12 17:00:00,29.0,79,0.0,180,7.6,6,1008.0,2
2024-11-12 18:00:00,28.0,84,0.0,220,13.0,6,1008.0,2
2024-11-12 19:00:00,28.0,84,0.0,210,11.2,6,1007.0,2
2024-11-12 20:00:00,28.0,84,0.0,220,13.0,0,1007.0,2
2024-11-12 21:00:00,27.0,89,0.0,240,7.6,0,1007.0,2
2024-11-12 22:00:00,28.0,84,0.0,230,11.2,6,1007.0,2
2024-11-12 23:00:00,27.0,94,0.0,220,7.6,6,1008.0,5
2024-11-13 00:00:00,28.0,89,0.0,250,7.6,7,1009.0,5
2024-11-13 01:00:00,29.0,84,0.0,260,7.6,6,1009.0,2
2024-11-13 02:00:00,30.0,79,0.0,290,7.6,6,1009.0,2
2024-11-13 03:00:00,28.0,84,0.0,87,7.6,6,1010.0,2
2024-11-13 04:00:00,26.0,89,0.0,140,11.2,6,1010.0,2
2024-11-13 05:00:00,27.0,84,0.2,230,9.4,6,1009.0,2
2024-11-13 06:00:00,30.0,75,0.4,58,3.6,6,1008.0,2
2024-11-13 07:00:00,31.0,66,0.2,57,3.6,6,1007.0,2
2024-11-13 08:00:00,31.0,70,0.8,56,3.6,6,1006.0,2
2024-11-13 09:00:00,30.0,75,0.0,140,13.0,6,1006.0,2
2024-11-13 10:00:00,29.0,79,0.0,130,13.0,6,1007.0,3
2024-11-13 11:00:00,29.0,84,0.0,140,13.0,6,1007.0,2
2024-11-13 12:00:00,29.0,84,0.0,120,14.8,6,1008.0,2
2024-11-13 13:00:00,29.0,79,0.0,130,16.6,6,1008.0,2
2024-11-13 14:00:00,28.0,84,0.0,120,14.8,6,1009.0,2
2024-11-13 15:00:00,28.0,84,0.0,120,13.0,6,1009.0,2
2024-11-13 16:00:00,28.0,84,0.0,120,11.2,6,1010.0,2
2024-11-13 17:00:00,27.0,89,0.0,120,7.6,6,1009.0,2
2024-11-13 18:00:00,27.0,89,0.0,130,9.4,6,1009.0,2
2024-11-13 19:00:00,27.0,89,0.0,110,11.2,6,1008.0,2
2024-11-13 20:00:00,27.0,89,0.0,120,7.6,6,1008.0,2
2024-11-13 21:00:00,26.0,94,0.0,110,5.4,6,1008.0,2
2024-11-13 22:00:00,26.0,89,0.0,110,13.0,6,1008.0,2
2024-11-13 23:00:00,26.0,89,0.0,120,13.0,6,1009.0,2
2024-11-14 00:00:00,28.0,84,0.0,110,11.2,6,1009.0,2
2024-11-14 01:00:00,29.0,79,0.0,130,14.8,6,1010.0,2
2024-11-14 02:00:00,30.0,75,0.0,120,13.0,6,1010.0,2
2024-11-14 03:00:00,31.0,70,0.0,110,14.8,6,1010.0,2
2024-11-14 04:00:00,32.0,63,0.0,140,16.6,6,1010.0,2
2024-11-14 05:00:00,32.0,63,0.0,110,14.8,6,1009.0,2
2024-11-14 06:00:00,33.0,56,0.0,130,14.8,6,1008.0,2
2024-11-14 07:00:00,32.0,63,0.0,130,11.2,6,1007.0,2
2024-11-14 08:00:00,33.0,63,0.0,180,14.8,6,1007.0,2
2024-11-14 09:00:00,32.0,63,0.0,160,14.8,6,1007.0,2
2024-11-14 10:00:00,31.0,66,0.0,150,16.6,6,1007.0,2
2024-11-14 11:00:00,30.0,70,0.0,160,13.0,6,1008.0,2
2024-11-14 12:00:00,29.0,74,0.0,160,14.8,6,1008.0,2
2024-11-14 13:00:00,29.0,74,0.0,140,16.6,6,1009.0,2
2024-11-14 14:00:00,29.0,74,0.0,140,9.4,6,1010.0,2
2024-11-14 15:00:00,28.0,79,0.0,110,9.4,6,1010.0,2
2024-11-14 16:00:00,28.0,79,0.0,130,7.6,6,1010.0,2
2024-11-14 17:00:00,28.0,79,0.0,150,9.4,6,1010.0,2
2024-11-14 18:00:00,28.0,79,0.0,120,7.6,6,1009.0,2
2024-11-14 19:00:00,28.0,79,0.0,244,1.8,6,1009.0,2
2024-11-14 20:00:00,27.0,84,0.0,160,5.4,6,1008.0,2
2024-11-14 21:00:00,27.0,84,0.0,140,3.6,6,1008.0,2
2024-11-14 22:00:00,27.0,84,0.0,150,5.4,6,1008.0,2
2024-11-14 23:00:00,26.0,89,0.0,20,3.6,6,1009.0,2
2024-11-15 00:00:00,28.0,84,0.0,120,11.2,6,1009.0,2
2024-11-15 01:00:00,28.0,84,0.0,120,13.0,6,1010.0,2
2024-11-15 02:00:00,30.0,75,0.0,100,11.2,6,1010.0,2
2024-11-15 03:00:00,30.0,75,0.0,130,9.4,6,1010.0,2
2024-11-15 04:00:00,31.0,70,0.0,110,7.6,6,1010.0,2
2024-11-15 05:00:00,31.0,66,0.2,57,3.6,6,1009.0,2
2024-11-15 06:00:00,31.0,70,0.0,250,9.4,6,1008.0,2
2024-11-15 07:00:00,30.0,70,0.0,200,14.8,6,1007.0,2
2024-11-15 08:00:00,30.0,70,0.0,200,11.2,6,1007.0,2
2024-11-15 09:00:00,31.0,70,0.0,210,14.8,6,1007.0,2
2024-11-15 10:00:00,30.0,70,0.0,200,11.2,6,1007.0,2
2024-11-15 11:00:00,29.0,79,0.0,190,14.8,6,1008.0,2
2024-11-15 12:00:00,29.0,74,0.0,160,11.2,6,1008.0,2
2024-11-15 13:00:00,29.0,79,0.0,75,14.8,6,1009.0,2
2024-11-15 14:00:00,28.0,84,0.0,170,11.2,6,1010.0,2
2024-11-15 15:00:00,28.0,79,0.0,150,11.2,6,1010.0,2
2024-11-15 16:00:00,28.0,79,0.0,130,9.4,6,1009.0,2
2024-11-15 17:00:00,28.0,79,0.0,130,11.2,6,1009.0,2
2024-11-15 18:00:00,27.0,84,0.0,120,7.6,6,1009.0,2
2024-11-15 19:00:00,27.0,84,0.0,110,9.4,6,1009.0,2
2024-11-15 20:00:00,27.0,84,0.0,110,7.6,6,1008.0,2
2024-11-15 21:00:00,27.0,79,0.0,110,7.6,0,1008.0,2
2024-11-15 22:00:00,27.0,84,0.0,274,1.8,6,1008.0,2
2024-11-15 23:00:00,26.0,84,0.0,110,7.6,6,1009.0,2
2024-11-16 00:00:00,27.0,84,0.0,120,11.2,6,1010.0,2
2024-11-16 01:00:00,29.0,70,0.0,80,13.0,6,1010.0,2
2024-11-16 02:00:00,30.0,66,0.0,100,11.2,6,1011.0,2
2024-11-16 03:00:00,32.0,59,0.0,58,7.6,6,1010.0,2
2024-11-16 04:00:00,32.0,56,0.0,60,5.4,6,1010.0,2
2024-11-16 05:00:00,33.0,56,0.0,110,7.6,6,1009.0,2
2024-11-16 06:00:00,34.0,56,0.0,53,5.4,6,1007.0,2
2024-11-16 07:00:00,34.0,53,0.0,110,5.4,6,1007.0,2
2024-11-16 08:00:00,33.0,56,0.0,30,9.4,6,1006.0,2
2024-11-16 09:00:00,32.0,63,0.0,160,13.0,6,1006.0,2
2024-11-16 10:00:00,31.0,66,0.0,170,16.6,6,1006.0,2
2024-11-16 11:00:00,30.0,66,0.0,150,16.6,6,1007.0,2
2024-11-16 12:00:00,29.0,74,0.0,150,14.8,6,1007.0,2
2024-11-16 13:00:00,28.0,74,0.0,130,14.8,6,1008.0,2
2024-11-16 14:00:00,28.0,66,0.0,120,18.4,6,1008.0,2
2024-11-16 15:00:00,28.0,70,0.0,130,16.6,6,1009.0,2
2024-11-16 16:00:00,27.0,79,0.0,120,18.4,5,1008.0,2
2024-11-16 17:00:00,27.0,79,0.0,110,13.0,5,1009.0,2
2024-11-16 18:00:00,27.0,84,0.0,130,7.6,5,1008.0,2
2024-11-16 19:00:00,27.0,84,0.0,110,7.6,5,1008.0,2
2024-11-16 20:00:00,27.0,84,0.0,100,11.2,5,1007.0,2
2024-11-16 21:00:00,26.0,89,0.0,110,14.8,5,1007.0,2
2024-11-16 22:00:00,26.0,89,0.0,80,5.4,6,1007.0,2
2024-11-16 23:00:00,25.0,89,0.0,40,5.4,6,1008.0,2
2024-11-17 00:00:00,27.0,84,0.0,40,7.6,6,1009.0,2
2024-11-17 01:00:00,28.0,79,0.0,70,7.6,6,1010.0,2
2024-11-17 02:00:00,29.0,74,0.0,60,9.4,6,1010.0,2
2024-11-17 03:00:00,31.0,66,0.0,42,5.4,6,1010.0,2
2024-11-17 04:00:00,32.0,63,0.0,10,5.4,6,1010.0,2
2024-11-17 05:00:00,31.0,62,0.0,49,3.6,6,1009.0,2
2024-11-17 06:00:00,33.0,52,0.0,180,13.0,6,1008.0,2
2024-11-17 07:00:00,33.0,52,0.1,190,11.2,6,1007.0,2
2024-11-17 08:00:00,33.0,52,0.1,49,5.4,6,1007.0,2
2024-11-17 09:00:00,32.0,52,0.0,230,9.4,6,1007.0,2
2024-11-17 10:00:00,32.0,56,0.0,260,11.2,6,1007.0,2
2024-11-17 11:00:00,27.0,70,0.0,70,22.3,6,1008.0,2
2024-11-17 12:00:00,29.0,79,0.0,160,5.4,6,1008.0,2
2024-11-17 13:00:00,29.0,74,0.0,62,9.4,6,1009.0,2
2024-11-17 14:00:00,28.0,79,0.0,130,11.2,6,1009.0,2
2024-11-17 15:00:00,28.0,79,0.0,110,7.6,6,1010.0,2
2024-11-17 16:00:00,27.0,79,0.0,110,11.2,5,1010.0,2
2024-11-17 17:00:00,26.0,89,0.0,50,3.6,5,1009.0,2
2024-11-17 18:00:00,26.0,89,0.0,264,3.6,5,1009.0,2
2024-11-17 19:00:00,25.0,94,0.0,20,3.6,5,1008.0,2
2024-11-17 20:00:00,26.0,89,0.0,50,3.6,5,1008.0,2
2024-11-17 21:00:00,25.0,94,0.0,20,5.4,5,1008.0,2
2024-11-17 22:00:00,25.0,94,0.0,50,4.0,5,1008.0,2
2024-11-17 23:00:00,25.0,89,0.0,213,4.0,5,1008.0,5
2024-11-18 00:00:00,26.0,89,0.0,40,2.0,6,1009.0,5
2024-11-18 01:00:00,28.0,79,0.0,43,2.0,6,1010.0,2
2024-11-18 02:00:00,29.0,66,0.0,20,6.0,6,1010.0,2
2024-11-18 03:00:00,31.0,63,0.0,30,7.0,6,1010.0,2
2024-11-18 04:00:00,32.0,59,0.0,53,7.0,5,1009.0,2
2024-11-18 05:00:00,32.0,56,0.0,58,6.0,5,1009.0,2
2024-11-18 06:00:00,34.0,50,0.0,62,6.0,6,1008.0,2
2024-11-18 07:00:00,34.0,47,0.0,60,14.8,5,1007.0,2
2024-11-18 08:00:00,33.0,56,0.0,320,11.0,5,1006.0,2
2024-11-18 09:00:00,33.0,56,0.0,260,7.0,5,1006.0,2
2024-11-18 10:00:00,32.0,59,0.0,260,9.0,6,1006.0,2
2024-11-18 11:00:00,30.0,70,0.0,200,17.0,6,1007.0,2
2024-11-18 12:00:00,30.0,70,0.0,170,11.0,6,1008.0,2
2024-11-18 13:00:00,30.0,70,0.0,170,9.0,6,1008.0,2
2024-11-18 14:00:00,29.0,70,0.0,120,7.0,6,1009.0,2
2024-11-18 15:00:00,29.0,70,0.0,110,9.0,6,1009.0,2
2024-11-18 16:00:00,29.0,70,0.0,120,7.0,5,1010.0,2
2024-11-18 17:00:00,29.0,75,0.0,120,11.0,5,1009.0,2
2024-11-18 18:00:00,28.0,79,0.0,120,9.0,5,1010.0,2
2024-11-18 19:00:00,27.0,84,0.0,130,6.0,5,1009.0,2
2024-11-18 20:00:00,26.0,89,0.0,50,6.0,5,1009.0,2
2024-11-18 21:00:00,26.0,89,0.0,40,6.0,5,1009.0,2
2024-11-18 22:00:00,26.0,89,0.0,30,6.0,5,1009.0,2
2024-11-18 23:00:00,26.0,89,0.0,340,7.0,6,1009.0,2
2024-11-19 00:00:00,27.0,89,0.0,30,7.0,6,1010.0,5
2024-11-19 01:00:00,28.0,84,0.0,350,7.0,6,1010.0,2
2024-11-19 02:00:00,30.0,75,0.0,360,7.0,6,1011.0,2
2024-11-19 03:00:00,31.0,71,0.0,30,9.0,6,1011.0,2
2024-11-19 04:00:00,32.0,63,0.0,20,9.0,6,1010.0,2
2024-11-19 05:00:00,32.0,59,0.0,30,11.0,6,1009.0,2
2024-11-19 06:00:00,33.0,59,0.0,20,9.0,6,1008.0,2
2024-11-19 07:00:00,34.0,50,0.0,90,9.0,6,1008.0,2
2024-11-19 08:00:00,34.0,50,0.0,60,6.0,6,1007.0,2
2024-11-19 09:00:00,33.0,53,0.0,40,7.0,6,1007.0,2
2024-11-19 10:00:00,31.0,66,0.0,180,15.0,6,1008.0,2
2024-11-19 11:00:00,31.0,71,0.0,190,15.0,7,1008.0,2
2024-11-19 12:00:00,30.0,75,0.2,190,11.0,7,1009.0,3
2024-11-19 13:00:00,30.0,70,0.6,170,7.0,7,1009.0,2
2024-11-19 14:00:00,30.0,75,0.0,180,7.0,7,1010.0,2
2024-11-19 15:00:00,28.0,84,0.0,340,6.0,6,1010.0,2
2024-11-19 16:00:00,28.0,84,0.0,10,7.0,6,1010.0,2
2024-11-19 17:00:00,27.0,89,0.0,270,7.0,6,1009.0,2
2024-11-19 18:00:00,27.0,89,0.0,310,4.0,6,1009.0,2
2024-11-19 19:00:00,27.0,89,0.0,340,9.0,6,1008.0,2
2024-11-19 20:00:00,27.0,89,0.0,20,6.0,6,1008.0,2
2024-11-19 21:00:00,26.0,89,0.0,20,7.0,6,1008.0,2
2024-11-19 22:00:00,26.0,84,0.0,10,4.0,6,1008.0,2
2024-11-19 23:00:00,26.0,84,0.0,60,6.0,7,1009.0,2
2024-11-20 00:00:00,27.0,84,0.0,40,6.0,7,1010.0,2
2024-11-20 01:00:00,28.0,79,0.0,40,6.0,7,1011.0,2
2024-11-20 02:00:00,30.0,70,0.0,48,4.0,7,1010.0,3
2024-11-20 03:00:00,30.0,70,0.0,49,2.0,7,1010.0,3
2024-11-20 04:00:00,31.0,66,0.0,53,6.0,7,1010.0,3
2024-11-20 05:00:00,33.0,59,0.0,10,9.0,7,1009.0,3
2024-11-20 06:00:00,32.0,67,0.0,30,11.0,7,1008.0,3
2024-11-20 07:00:00,32.0,63,0.1,70,6.0,7,1007.0,3
2024-11-20 08:00:00,32.0,59,2.8,56,7.0,7,1007.0,3
2024-11-20 09:00:00,32.0,67,2.4,60,11.0,7,1007.0,3
2024-11-20 10:00:00,30.0,66,0.2,180,7.0,7,1007.0,3
2024-11-20 11:00:00,31.0,63,0.0,250,7.0,7,1008.0,3
2024-11-20 12:00:00,30.0,70,0.0,180,11.0,7,1008.0,3
2024-11-20 13:00:00,25.0,94,0.0,330,6.0,7,1009.0,3
2024-11-20 14:00:00,25.0,94,0.0,290,6.0,7,1010.0,3
2024-11-20 15:00:00,26.0,89,0.0,323,4.0,7,1010.0,3
2024-11-20 16:00:00,26.0,94,0.0,340,6.0,7,1010.0,3
2024-11-20 17:00:00,26.0,94,0.0,300,4.0,7,1009.0,3
2024-11-20 18:00:00,26.0,94,0.0,40,6.0,7,1008.0,3
2024-11-20 19:00:00,26.0,89,0.0,40,6.0,7,1008.0,3
2024-11-20 20:00:00,26.0,89,0.0,332,6.0,7,1007.0,3
2024-11-20 21:00:00,25.0,94,0.0,16,4.0,7,1007.0,3
2024-11-20 22:00:00,25.0,94,0.0,51,2.0,7,1007.0,3
2024-11-20 23:00:00,25.0,94,0.0,33,4.0,7,1008.0,3
2024-11-21 00:00:00,26.0,94,0.0,30,4.0,7,1009.0,3
2024-11-21 01:00:00,29.0,79,0.0,30,6.0,7,1009.0,3
2024-11-21 02:00:00,30.0,75,0.0,20,6.0,7,1010.0,3
2024-11-21 03:00:00,32.0,59,0.0,50,6.0,7,1010.0,3
2024-11-21 04:00:00,33.0,53,0.0,100,11.0,7,1009.0,3
2024-11-21 05:00:00,34.0,50,0.0,140,11.0,7,1008.0,3
2024-11-21 06:00:00,33.0,56,0.0,40,9.0,7,1007.0,3
2024-11-21 07:00:00,34.0,53,0.0,50,11.0,7,1006.0,3
2024-11-21 08:00:00,34.0,50,6.1,40,11.0,7,1005.0,3
2024-11-21 09:00:00,33.0,53,2.8,30,9.0,7,1005.0,3
2024-11-21 10:00:00,33.0,53,0.3,53,4.0,7,1006.0,3
2024-11-21 11:00:00,30.0,75,0.0,180,19.0,7,1007.0,3
2024-11-21 12:00:00,26.0,89,0.0,360,19.0,7,1008.0,3
2024-11-21 13:00:00,27.0,89,0.0,310,7.0,7,1009.0,3
2024-11-21 14:00:00,28.0,84,0.0,60,6.0,7,1009.0,3
2024-11-21 15:00:00,27.0,89,0.0,260,7.0,7,1009.0,3
2024-11-21 16:00:00,26.0,94,0.0,1,4.0,7,1009.0,3
2024-11-21 17:00:00,27.0,89,0.0,220,4.0,7,1009.0,3
2024-11-21 18:00:00,27.0,89,0.0,326,4.0,7,1008.0,3
2024-11-21 19:00:00,27.0,89,0.0,30,7.0,7,1007.0,3
2024-11-21 20:00:00,26.0,94,0.0,321,6.0,7,1007.0,3
2024-11-21 21:00:00,26.0,94,0.0,20,6.0,7,1007.0,3
2024-11-21 22:00:00,26.0,89,0.0,50,5.4,7,1008.0,2
2024-11-21 23:00:00,26.0,89,0.0,20,7.6,0,1008.0,2
2024-11-22 00:00:00,27.0,84,0.0,33,3.6,0,1009.0,2
2024-11-22 01:00:00,28.0,74,0.0,30,5.4,7,1010.0,2
2024-11-22 02:00:00,29.0,74,0.0,45,3.6,7,1010.0,3
2024-11-22 03:00:00,31.0,66,0.0,45,3.6,0,1010.0,3
2024-11-22 04:00:00,31.0,62,0.0,70,5.4,6,1009.0,2
2024-11-22 05:00:00,33.0,56,0.0,70,7.6,6,1009.0,2
2024-11-22 06:00:00,34.0,53,0.0,56,3.6,6,1007.0,2
2024-11-22 07:00:00,34.0,50,0.0,54,3.6,6,1007.0,2
2024-11-22 08:00:00,34.0,50,0.0,230,9.4,6,1006.0,2
2024-11-22 09:00:00,32.0,63,0.7,52,3.6,6,1006.0,2
2024-11-22 10:00:00,32.0,59,0.0,240,13.0,7,1007.0,3
2024-11-22 11:00:00,31.0,66,0.0,180,18.4,7,1008.0,3
2024-11-22 12:00:00,23.0,100,0.0,270,7.6,7,1010.0,3
2024-11-22 13:00:00,24.0,94,0.0,260,5.4,7,1010.0,2
2024-11-22 14:00:00,25.0,94,0.0,40,3.6,7,1010.0,2
2024-11-22 15:00:00,25.0,94,0.0,20,3.6,7,1010.0,2
2024-11-22 16:00:00,25.0,94,0.0,0,0.0,6,1010.0,2
2024-11-22 17:00:00,25.0,94,0.0,20,3.6,6,1010.0,2
2024-11-22 18:00:00,25.0,94,0.0,315,5.4,0,1009.0,2
2024-11-22 19:00:00,25.0,89,0.0,30,7.6,0,1008.0,2
2024-11-22 20:00:00,25.0,89,0.0,302,5.4,0,1008.0,2
2024-11-22 21:00:00,25.0,89,0.0,20,3.6,0,1008.0,2
2024-11-22 22:00:00,25.0,89,0.0,30,5.4,6,1008.0,2
2024-11-22 23:00:00,24.0,94,0.0,252,3.6,6,1009.0,2
2024-11-23 00:00:00,25.0,94,0.0,228,3.6,0,1010.0,2
2024-11-23 01:00:00,26.0,84,0.0,47,3.6,6,1011.0,2
2024-11-23 02:00:00,29.0,70,0.0,20,5.4,7,1011.0,2
2024-11-23 03:00:00,30.0,66,0.0,50,1.8,7,1011.0,3
2024-11-23 04:00:00,31.0,59,0.0,110,7.6,7,1010.0,3
2024-11-23 05:00:00,32.0,56,0.0,260,5.4,7,1009.0,3
2024-11-23 06:00:00,32.0,56,0.0,30,5.4,7,1009.0,3
2024-11-23 07:00:00,32.0,59,0.0,330,7.6,7,1008.0,3
2024-11-23 08:00:00,31.0,62,0.1,10,7.6,7,1007.0,3
2024-11-23 09:00:00,31.0,62,0.2,20,9.4,7,1007.0,3
2024-11-23 10:00:00,30.0,66,0.0,30,9.4,7,1008.0,3
2024-11-23 11:00:00,30.0,66,0.0,20,3.6,7,1008.0,3
2024-11-23 12:00:00,29.0,74,0.0,340,5.4,7,1009.0,3
2024-11-23 13:00:00,29.0,70,0.0,46,1.8,7,1010.0,3
2024-11-23 14:00:00,29.0,74,0.0,170,5.4,7,1010.0,3
2024-11-23 15:00:00,29.0,79,0.0,120,9.4,7,1010.0,3
2024-11-23 16:00:00,28.0,84,0.0,120,9.4,7,1010.0,3
2024-11-23 17:00:00,29.0,79,0.0,350,3.6,7,1009.0,2
2024-11-23 18:00:00,28.0,79,0.0,80,5.4,7,1009.0,2
2024-11-23 19:00:00,27.0,84,0.0,50,3.6,6,1008.0,2
2024-11-23 20:00:00,27.0,89,0.0,40,5.4,6,1008.0,2
2024-11-23 21:00:00,26.0,94,0.0,30,3.6,0,1008.0,2
2024-11-23 22:00:00,26.0,94,0.0,216,5.4,0,1009.0,2
2024-11-23 23:00:00,26.0,89,0.0,350,5.4,0,1010.0,5
2024-11-24 00:00:00,26.0,89,0.0,40,5.4,0,1010.0,2
2024-11-24 01:00:00,28.0,84,0.0,30,5.4,0,1011.0,3
2024-11-24 02:00:00,29.0,74,0.0,10,5.4,7,1011.0,3
2024-11-24 03:00:00,32.0,67,0.0,48,5.4,7,1011.0,3
2024-11-24 04:00:00,33.0,56,0.1,60,7.6,7,1010.0,3
2024-11-24 05:00:00,33.0,52,0.0,60,7.6,7,1009.0,3
2024-11-24 06:00:00,33.0,52,0.2,70,11.2,7,1008.0,3
2024-11-24 07:00:00,33.0,52,2.7,40,9.4,7,1007.0,3
2024-11-24 08:00:00,34.0,53,3.6,100,9.4,7,1007.0,3
2024-11-24 09:00:00,33.0,52,0.4,70,9.4,7,1007.0,3
2024-11-24 10:00:00,32.0,56,0.1,50,7.6,7,1008.0,3
2024-11-24 11:00:00,29.0,74,0.0,160,16.6,7,1009.0,3
2024-11-24 12:00:00,30.0,70,0.0,140,9.4,7,1009.0,3
2024-11-24 13:00:00,30.0,70,0.0,140,9.4,7,1010.0,3
2024-11-24 14:00:00,30.0,70,0.0,260,7.6,7,1010.0,3
2024-11-24 15:00:00,29.0,74,0.0,5,1.8,7,1010.0,3
2024-11-24 16:00:00,29.0,74,0.0,110,7.6,7,1010.0,3
2024-11-24 17:00:00,28.0,84,0.0,30,7.6,7,1009.0,3
2024-11-24 18:00:00,28.0,84,0.0,260,5.4,0,1009.0,2
2024-11-24 19:00:00,27.0,89,0.0,30,7.6,0,1008.0,2
2024-11-24 20:00:00,26.0,89,0.0,50,9.4,6,1008.0,2
2024-11-24 21:00:00,26.0,89,0.0,30,5.4,6,1008.0,2
2024-11-24 22:00:00,26.0,89,0.0,40,5.4,7,1008.0,2
2024-11-24 23:00:00,25.0,94,0.0,314,3.6,7,1009.0,2
2024-11-25 00:00:00,26.0,89,0.0,30,5.4,7,1010.0,2
2024-11-25 01:00:00,27.0,79,0.0,30,7.6,7,1011.0,2
2024-11-25 02:00:00,29.0,70,0.0,46,3.6,7,1011.0,3
2024-11-25 03:00:00,30.0,70,0.0,30,9.4,7,1010.0,3
2024-11-25 04:00:00,31.0,62,0.0,40,9.4,7,1010.0,3
2024-11-25 05:00:00,33.0,56,0.0,60,18.4,7,1009.0,3
2024-11-25 06:00:00,33.0,52,0.0,100,22.3,7,1008.0,3
2024-11-25 07:00:00,33.0,52,0.0,70,18.4,7,1007.0,3
2024-11-25 08:00:00,34.0,53,0.0,70,9.4,7,1006.0,3
2024-11-25 09:00:00,33.0,56,0.0,360,9.4,7,1007.0,3
2024-11-25 10:00:00,32.0,59,0.0,50,5.4,7,1007.0,3
2024-11-25 11:00:00,30.0,66,0.0,10,7.6,7,1008.0,3
2024-11-25 12:00:00,29.0,66,0.0,70,3.6,7,1009.0,3
2024-11-25 13:00:00,30.0,66,0.0,60,5.4,7,1010.0,3
2024-11-25 14:00:00,28.0,79,0.0,320,3.6,7,1010.0,3
2024-11-25 15:00:00,28.0,79,0.0,280,5.4,0,1010.0,2
2024-11-25 16:00:00,29.0,74,0.0,110,9.4,6,1010.0,2
2024-11-25 17:00:00,28.0,79,0.0,40,7.6,6,1009.0,2
2024-11-25 18:00:00,27.0,84,0.0,40,7.6,6,1009.0,2
2024-11-25 19:00:00,27.0,84,0.0,299,3.6,0,1008.0,2
2024-11-25 20:00:00,26.0,89,0.0,30,7.6,0,1008.0,2
2024-11-25 21:00:00,26.0,89,0.0,30,7.6,0,1008.0,2
2024-11-25 22:00:00,26.0,84,0.0,30,5.4,6,1008.0,2
2024-11-25 23:00:00,26.0,84,0.0,50,9.4,6,1009.0,2
2024-11-26 00:00:00,26.0,84,0.0,50,5.4,6,1009.0,2
2024-11-26 01:00:00,27.0,79,0.0,50,9.4,6,1010.0,2
2024-11-26 02:00:00,28.0,74,0.0,40,9.4,6,1010.0,2
2024-11-26 03:00:00,29.0,70,0.0,40,13.0,6,1010.0,2
2024-11-26 04:00:00,30.0,62,0.0,50,14.8,6,1009.0,2
2024-11-26 05:00:00,31.0,59,0.0,50,11.2,6,1008.0,3
2024-11-26 06:00:00,32.0,56,0.0,60,11.2,6,1008.0,3
2024-11-26 07:00:00,32.0,56,0.0,50,11.2,6,1007.0,3
2024-11-26 08:00:00,32.0,59,0.0,40,9.4,6,1006.0,2
2024-11-26 09:00:00,32.0,56,0.0,20,11.2,6,1006.0,2
2024-11-26 10:00:00,31.0,55,0.0,30,7.6,7,1007.0,3
2024-11-26 11:00:00,30.0,62,0.0,30,9.4,6,1007.0,3
2024-11-26 12:00:00,29.0,66,0.0,40,3.6,6,1008.0,3
2024-11-26 13:00:00,29.0,66,0.0,50,3.6,6,1008.0,2
2024-11-26 14:00:00,28.0,74,0.0,30,5.4,6,1009.0,2
2024-11-26 15:00:00,27.0,84,0.0,10,5.4,6,1010.0,2
2024-11-26 16:00:00,28.0,74,0.0,20,7.6,6,1010.0,2
2024-11-26 17:00:00,27.0,79,0.0,10,9.4,6,1009.0,2
2024-11-26 18:00:00,27.0,79,0.0,30,7.6,6,1009.0,2
2024-11-26 19:00:00,26.0,79,0.0,30,7.6,6,1008.0,2
2024-11-26 20:00:00,26.0,79,0.0,30,7.6,6,1008.0,2
2024-11-26 21:00:00,26.0,74,0.0,40,6.0,6,1008.0,2
2024-11-26 22:00:00,25.0,78,0.0,40,5.4,6,1007.0,2
2024-11-26 23:00:00,25.0,84,0.0,40,7.6,6,1008.0,2
2024-11-27 00:00:00,25.0,84,0.0,40,7.6,6,1009.0,2
2024-11-27 01:00:00,26.0,79,0.0,30,11.2,6,1010.0,2
2024-11-27 02:00:00,28.0,70,0.0,30,5.4,6,1010.0,2
2024-11-27 03:00:00,29.0,66,0.0,50,13.0,7,1010.0,2
2024-11-27 04:00:00,33.0,49,0.0,50,7.6,7,1010.0,3
2024-11-27 05:00:00,33.0,49,0.0,58,5.4,7,1009.0,3
2024-11-27 06:00:00,33.0,49,0.0,60,9.4,7,1007.0,3
2024-11-27 07:00:00,33.0,52,0.0,30,13.0,7,1006.0,3
2024-11-27 08:00:00,34.0,47,0.0,10,11.2,7,1006.0,3
2024-11-27 09:00:00,32.0,56,0.0,10,7.6,7,1006.0,3
2024-11-27 10:00:00,32.0,56,0.0,350,11.2,7,1007.0,3
2024-11-27 11:00:00,31.0,62,0.0,330,11.2,7,1007.0,3
2024-11-27 12:00:00,30.0,62,0.1,20,11.2,7,1008.0,3
2024-11-27 13:00:00,30.0,62,0.0,20,9.4,7,1009.0,3
2024-11-27 14:00:00,29.0,66,0.0,50,5.4,7,1010.0,3
2024-11-27 15:00:00,29.0,66,0.0,40,14.8,7,1010.0,3
2024-11-27 16:00:00,28.0,70,0.0,40,11.2,7,1010.0,2
2024-11-27 17:00:00,27.0,74,0.0,30,7.6,7,1009.0,2
2024-11-27 18:00:00,27.0,70,0.0,30,9.4,6,1009.0,2
2024-11-27 19:00:00,26.0,74,0.0,30,11.2,6,1009.0,2
2024-11-27 20:00:00,26.0,74,0.0,30,7.6,6,1009.0,2
2024-11-27 21:00:00,26.0,74,0.0,30,7.6,6,1009.0,2
2024-11-27 22:00:00,25.0,78,0.0,20,9.4,6,1009.0,2
2024-11-27 23:00:00,25.0,78,0.0,350,9.4,7,1009.0,2
2024-11-28 00:00:00,26.0,74,0.0,20,9.4,7,1010.0,2
2024-11-28 01:00:00,27.0,74,0.0,30,16.6,7,1012.0,3
2024-11-28 02:00:00,29.0,62,0.0,30,18.4,7,1012.0,3
2024-11-28 03:00:00,29.0,62,0.0,20,18.4,7,1011.0,3
2024-11-28 04:00:00,31.0,59,0.0,30,18.4,7,1011.0,3
2024-11-28 05:00:00,32.0,52,0.2,30,14.8,7,1010.0,3
2024-11-28 06:00:00,32.0,52,0.2,30,14.8,7,1009.0,3
2024-11-28 07:00:00,32.0,52,0.0,40,13.0,7,1008.0,3
2024-11-28 08:00:00,31.0,55,0.0,30,18.4,7,1008.0,3
2024-11-28 09:00:00,31.0,55,0.4,50,17.0,7,1008.0,7
2024-11-28 10:00:00,31.0,52,0.0,40,18.4,8,1008.0,25
2024-11-28 11:00:00,30.0,55,0.0,40,13.0,8,1009.0,25
2024-11-28 12:00:00,29.0,55,0.0,20,14.8,8,1010.0,25
2024-11-28 13:00:00,29.0,55,0.0,50,18.4,8,1011.0,3
2024-11-28 14:00:00,28.0,58,0.0,60,20.5,8,1012.0,3
2024-11-28 15:00:00,27.0,58,0.0,50,18.4,8,1012.0,3
2024-11-28 16:00:00,27.0,62,0.0,40,18.4,8,1011.0,3
2024-11-28 17:00:00,26.0,65,0.0,50,18.4,8,1011.0,3
2024-11-28 18:00:00,26.0,65,0.0,50,14.8,8,1010.0,3
2024-11-28 19:00:00,26.0,65,0.0,50,13.0,8,1010.8,3
2024-11-28 20:00:00,26.0,61,0.0,40,14.8,8,1009.0,3
2024-11-28 21:00:00,25.0,65,0.0,20,14.8,8,1009.0,3
2024-11-28 22:00:00,25.0,65,0.0,30,11.2,8,1009.0,3
2024-11-28 23:00:00,25.0,69,0.0,20,9.4,8,1010.0,3
2024-11-29 00:00:00,25.0,69,0.0,10,9.4,8,1011.0,3
2024-11-29 01:00:00,26.0,65,0.0,30,9.4,8,1012.0,3
2024-11-29 02:00:00,27.0,62,0.2,30,9.4,8,1012.0,3
2024-11-29 03:00:00,28.0,62,0.9,20,9.4,8,1012.0,3
2024-11-29 04:00:00,29.0,55,0.9,20,7.6,8,1011.0,3
2024-11-29 05:00:00,29.0,55,0.2,70,9.4,8,1010.0,3
2024-11-29 06:00:00,30.0,55,0.0,100,9.4,8,1009.0,3
2024-11-29 07:00:00,30.0,55,0.0,30,3.6,8,1008.0,3
2024-11-29 08:00:00,30.0,59,0.0,90,7.6,8,1007.0,3
2024-11-29 09:00:00,29.0,62,0.0,90,9.4,8,1007.0,7
2024-11-29 10:00:00,28.0,70,0.0,100,9.4,8,1008.0,3
2024-11-29 11:00:00,28.0,66,0.0,50,5.4,8,1008.0,3
2024-11-29 12:00:00,28.0,66,0.0,30,3.6,8,1009.0,3
2024-11-29 13:00:00,27.0,74,0.0,270,9.4,8,1010.0,3
2024-11-29 14:00:00,27.0,66,0.0,10,13.0,8,1010.0,3
2024-11-29 15:00:00,26.0,65,0.0,360,11.2,8,1011.0,3
2024-11-29 16:00:00,25.0,69,0.0,350,13.0,8,1011.0,3
2024-11-29 17:00:00,25.0,69,0.0,350,9.4,8,1011.0,3
2024-11-29 18:00:00,25.0,65,0.0,360,9.4,8,1011.0,3
2024-11-29 19:00:00,24.0,74,0.0,350,7.6,8,1010.0,3
2024-11-29 20:00:00,23.0,78,0.0,340,7.6,8,1010.0,3
2024-11-29 21:00:00,23.0,78,0.1,340,9.4,8,1009.0,3
2024-11-29 22:00:00,23.0,78,0.0,350,9.4,8,1010.0,3
2024-11-29 23:00:00,23.0,78,0.0,340,9.4,8,1010.0,3
2024-11-30 00:00:00,23.0,78,0.0,360,11.2,8,1010.0,3
2024-11-30 01:00:00,24.0,74,0.0,10,9.4,8,1011.0,3
2024-11-30 02:00:00,26.0,65,0.0,30,11.2,8,1011.0,3
2024-11-30 03:00:00,27.0,62,0.0,30,13.0,8,1011.0,3
2024-11-30 04:00:00,28.0,58,0.0,50,7.6,8,1010.0,3
2024-11-30 05:00:00,29.0,58,2.0,30,7.6,8,1009.0,3
2024-11-30 06:00:00,30.0,55,5.2,50,9.4,8,1008.0,3
2024-11-30 07:00:00,30.0,55,0.3,60,11.2,8,1007.0,3
2024-11-30 08:00:00,30.0,59,0.0,90,9.4,8,1006.0,3
2024-11-30 09:00:00,30.0,59,0.0,100,9.4,8,1006.0,7
2024-11-30 10:00:00,29.0,66,0.0,100,7.6,8,1006.0,3
2024-11-30 11:00:00,29.0,66,0.0,130,5.4,8,1007.0,3
2024-11-30 12:00:00,27.0,79,0.0,280,9.4,8,1007.0,3
2024-11-30 13:00:00,27.0,74,0.0,240,9.4,0,1008.0,3
2024-11-30 14:00:00,28.0,70,0.0,180,7.6,8,1009.0,3
2024-11-30 15:00:00,26.0,84,0.0,334,3.6,0,1009.0,3
2024-11-30 16:00:00,27.0,79,0.0,210,7.6,8,1009.0,3
2024-11-30 17:00:00,26.0,84,0.0,260,7.6,0,1008.0,3
2024-11-30 18:00:00,25.0,84,0.0,250,11.2,8,1008.0,3
2024-11-30 19:00:00,25.0,84,0.0,270,9.4,8,1007.0,5
2024-11-30 20:00:00,25.0,89,0.0,290,7.6,0,1007.0,5
2024-11-30 21:00:00,25.0,89,0.0,290,7.6,0,1007.0,3
2024-11-30 22:00:00,24.0,83,0.0,330,7.0,7,1008.0,3
2024-11-30 23:00:00,24.0,83,0.0,330,7.0,8,1008.0,3
2024-12-01 00:00:00,23.0,89,0.0,350,9.0,8,1009.0,3
2024-12-01 01:00:00,24.0,83,0.0,350,9.0,7,1010.0,3
2024-12-01 02:00:00,25.0,79,0.0,10,6.0,7,1010.0,3
2024-12-01 03:00:00,28.0,66,0.0,2,7.0,7,1010.0,3
2024-12-01 04:00:00,30.0,62,0.0,7,4.0,7,1009.0,3
2024-12-01 05:00:00,30.0,59,0.0,320,9.0,7,1009.0,3
2024-12-01 06:00:00,31.0,59,0.0,12,6.0,8,1007.0,3
2024-12-01 07:00:00,32.0,56,0.0,16,9.0,8,1006.0,3
2024-12-01 08:00:00,32.0,56,0.0,340,6.0,8,1006.0,3
2024-12-01 09:00:00,31.0,63,0.0,260,9.0,8,1006.0,3
2024-12-01 10:00:00,31.0,63,0.0,250,11.0,8,1006.0,3
2024-12-01 11:00:00,29.0,70,0.1,250,13.0,8,1006.0,3
2024-12-01 12:00:00,28.0,74,0.0,250,7.0,8,1007.0,3
2024-12-01 13:00:00,29.0,66,0.0,200,6.0,8,1008.0,3
2024-12-01 14:00:00,29.0,70,0.0,150,7.0,8,1008.0,3
2024-12-01 15:00:00,29.0,75,0.0,170,7.0,8,1008.0,3
2024-12-01 16:00:00,28.0,79,0.0,180,9.0,7,1008.0,3
2024-12-01 17:00:00,28.0,84,0.0,190,7.0,7,1008.0,3
2024-12-01 18:00:00,28.0,79,0.0,150,9.0,7,1007.0,3
2024-12-01 19:00:00,27.0,84,0.0,160,11.0,7,1007.0,3
2024-12-01 20:00:00,27.0,84,0.0,140,9.0,7,1006.0,3
2024-12-01 21:00:00,27.0,84,0.0,180,4.0,7,1006.0,3
2024-12-01 22:00:00,26.0,89,0.0,30,3.6,7,1006.0,3
2024-12-01 23:00:00,26.0,89,0.0,30,5.4,7,1007.0,3
2024-12-02 00:00:00,27.0,89,0.0,330,5.4,0,1008.0,5
2024-12-02 01:00:00,27.0,84,0.0,350,7.6,7,1008.0,5
2024-12-02 02:00:00,29.0,74,0.0,50,7.6,7,1009.0,3
2024-12-02 03:00:00,30.0,70,0.0,4,3.6,7,1009.0,3
2024-12-02 04:00:00,30.0,70,0.0,8,3.6,7,1008.0,3
2024-12-02 05:00:00,32.0,63,0.0,20,3.6,7,1007.0,3
2024-12-02 06:00:00,33.0,59,0.0,31,3.6,7,1006.0,3
2024-12-02 07:00:00,31.0,66,0.0,280,11.2,8,1005.0,3
2024-12-02 08:00:00,31.0,66,0.0,250,11.2,8,1005.0,3
2024-12-02 09:00:00,31.0,70,0.0,280,7.6,8,1005.0,3
2024-12-02 10:00:00,29.0,71,0.1,230,5.4,8,1006.6,3
2024-12-02 11:00:00,28.0,89,0.0,190,11.2,8,1006.0,3
2024-12-02 12:00:00,28.0,89,0.0,170,11.2,8,1007.0,3
2024-12-02 13:00:00,28.0,84,0.0,55,3.6,8,1007.0,3
2024-12-02 14:00:00,28.0,84,0.0,190,7.6,8,1008.0,3
2024-12-02 15:00:00,28.0,84,0.0,190,9.4,8,1008.0,3
2024-12-02 16:00:00,27.0,89,0.3,200,9.4,8,1008.0,3
2024-12-02 17:00:00,27.0,89,0.1,220,9.4,8,1008.0,3
2024-12-02 18:00:00,25.0,100,0.0,327,1.8,8,1008.0,3
2024-12-02 19:00:00,25.0,100,0.0,270,5.4,8,1007.0,3
2024-12-02 20:00:00,26.0,94,0.0,240,9.4,0,1007.0,5
2024-12-02 21:00:00,26.0,94,0.0,299,3.6,0,1007.0,5
2024-12-02 22:00:00,26.0,94,0.0,288,3.6,8,1007.0,5
2024-12-02 23:00:00,25.0,100,0.0,270,3.6,8,1008.0,5
2024-12-03 00:00:00,26.0,94,0.0,280,7.6,8,1009.0,5
2024-12-03 01:00:00,26.0,94,0.4,280,5.4,8,1010.0,5
2024-12-03 02:00:00,27.0,89,0.2,230,7.6,8,1010.0,5
2024-12-03 03:00:00,27.0,84,0.0,240,11.2,8,1010.0,3
2024-12-03 04:00:00,27.0,89,0.0,250,9.4,8,1010.0,3
2024-12-03 05:00:00,28.0,84,0.0,220,7.6,8,1009.0,7
2024-12-03 06:00:00,28.0,84,0.9,290,3.6,8,1008.0,7
2024-12-03 07:00:00,28.0,84,0.7,300,9.4,8,1007.0,7
2024-12-03 08:00:00,28.0,84,0.1,260,6.0,8,1006.0,7
2024-12-03 09:00:00,28.0,84,0.0,23,3.6,8,1006.6,7
2024-12-03 10:00:00,28.0,84,0.0,0,0.0,0,1007.0,7
2024-12-03 11:00:00,27.0,89,0.0,36,1.8,8,1007.0,7
2024-12-03 12:00:00,27.0,89,0.0,270,5.4,8,1007.0,3
2024-12-03 13:00:00,27.0,89,0.0,45,1.8,8,1008.0,5
2024-12-03 14:00:00,26.0,94,0.0,230,5.4,0,1008.0,5
2024-12-03 15:00:00,27.0,89,0.0,230,11.2,8,1009.0,5
2024-12-03 16:00:00,26.0,94,0.0,220,9.0,8,1009.0,5
2024-12-03 17:00:00,26.0,94,0.0,250,9.4,7,1009.0,5
2024-12-03 18:00:00,26.0,94,0.0,270,7.0,7,1008.0,5
2024-12-03 19:00:00,25.0,100,0.0,280,7.0,7,1007.0,5
2024-12-03 20:00:00,25.0,100,0.0,260,9.0,7,1007.0,5
2024-12-03 21:00:00,25.0,94,0.0,280,9.0,7,1007.0,5
2024-12-03 22:00:00,25.0,94,0.0,270,3.6,7,1007.0,5
2024-12-03 23:00:00,25.0,94,0.0,340,9.0,8,1008.0,3
2024-12-04 00:00:00,25.0,94,0.0,340,7.6,8,1008.0,5
2024-12-04 01:00:00,27.0,79,0.0,50,7.6,7,1009.0,3
2024-12-04 02:00:00,29.0,70,0.0,354,3.6,7,1009.0,3
2024-12-04 03:00:00,30.0,66,0.0,40,7.6,7,1009.0,3
2024-12-04 04:00:00,30.0,66,0.0,320,9.4,7,1009.0,3
2024-12-04 05:00:00,30.0,59,0.0,10,11.2,7,1008.0,7
2024-12-04 06:00:00,28.0,74,0.0,10,11.2,8,1007.0,7
2024-12-04 07:00:00,27.0,79,0.1,40,13.0,8,1007.0,7
2024-12-04 08:00:00,28.0,74,0.4,30,13.0,8,1006.0,8
2024-12-04 09:00:00,27.0,79,1.3,360,13.0,8,1007.0,8
2024-12-04 10:00:00,26.0,89,4.1,10,9.4,8,1007.0,8
2024-12-04 11:00:00,25.0,94,0.9,0,0.0,8,1008.0,8
2024-12-04 12:00:00,25.0,94,1.2,280,7.0,8,1008.0,7
2024-12-04 13:00:00,26.3,85,0.2,38,3.7,8,1008.9,7
2024-12-04 14:00:00,25.0,94,0.7,290,3.6,0,1009.0,7
2024-12-04 15:00:00,26.0,89,0.0,348,5.5,8,1010.0,3
2024-12-04 16:00:00,24.0,100,0.0,270,6.0,8,1009.0,3
2024-12-04 17:00:00,25.0,94,1.0,290,3.6,0,1009.0,5
2024-12-04 18:00:00,25.0,94,0.0,290,7.6,0,1008.0,5
2024-12-04 19:00:00,24.0,100,0.0,280,5.4,0,1008.0,5
2024-12-04 20:00:00,24.0,100,0.0,250,5.4,0,1008.0,5
2024-12-04 21:00:00,25.0,94,0.0,330,3.6,7,1008.0,5
2024-12-04 22:00:00,24.0,100,0.0,310,9.4,7,1007.0,5
2024-12-04 23:00:00,24.0,100,0.0,350,5.4,8,1008.0,5
2024-12-05 00:00:00,25.0,94,0.0,10,7.6,8,1008.0,5
2024-12-05 01:00:00,25.0,94,0.0,30,11.2,0,1009.0,3
2024-12-05 02:00:00,27.0,84,0.0,10,7.6,7,1008.0,3
2024-12-05 03:00:00,28.0,70,0.0,40,7.6,7,1009.0,3
2024-12-05 04:00:00,29.0,70,0.0,10,7.6,7,1008.0,3
2024-12-05 05:00:00,31.0,62,0.0,150,5.4,7,1008.0,7
2024-12-05 06:00:00,31.0,62,0.2,53,3.6,7,1007.0,7
2024-12-05 07:00:00,31.0,59,6.2,40,7.6,7,1006.0,7
2024-12-05 08:00:00,31.0,62,0.0,70,11.2,7,1006.0,7
2024-12-05 09:00:00,31.0,62,0.2,30,5.4,8,1006.0,8
2024-12-05 10:00:00,30.0,66,0.4,0,0.0,8,1006.0,25
2024-12-05 11:00:00,30.0,70,0.0,180,9.4,8,1007.0,25
2024-12-05 12:00:00,29.0,74,0.0,150,7.6,8,1007.0,25
2024-12-05 13:00:00,29.0,74,0.0,150,5.4,8,1008.0,7
2024-12-05 14:00:00,28.0,84,0.0,160,7.6,8,1009.0,3
2024-12-05 15:00:00,28.0,84,3.9,140,7.6,7,1008.0,3
2024-12-05 16:00:00,28.0,79,1.5,140,7.6,7,1008.0,3
2024-12-05 17:00:00,27.0,84,0.0,160,7.6,7,1009.0,3
2024-12-05 18:00:00,27.0,89,0.0,180,7.6,7,1008.0,3
2024-12-05 19:00:00,26.0,94,0.0,0,0.0,7,1008.0,3
2024-12-05 20:00:00,26.0,94,0.0,340,5.4,0,1007.0,3
2024-12-05 21:00:00,26.0,94,0.0,285,3.6,0,1007.0,5
2024-12-05 22:00:00,25.0,100,0.0,360,7.6,7,1007.0,5
2024-12-05 23:00:00,25.0,100,0.0,30,5.4,7,1008.0,5
2024-12-06 00:00:00,25.0,94,0.0,70,7.6,7,1009.1,3
2024-12-06 01:00:00,26.0,94,0.0,20,5.4,0,1010.0,5
2024-12-06 02:00:00,28.0,84,0.0,30,9.4,0,1010.0,5
2024-12-06 03:00:00,29.0,79,0.1,30,9.4,7,1010.0,3
2024-12-06 04:00:00,31.0,66,0.0,49,5.4,7,1009.0,3
2024-12-06 05:00:00,33.0,56,0.0,54,7.6,7,1008.0,3
2024-12-06 06:00:00,32.0,59,0.0,70,13.0,7,1007.0,3
2024-12-06 07:00:00,33.0,56,0.0,60,11.2,7,1006.0,3
2024-12-06 08:00:00,33.0,56,0.6,80,13.0,7,1005.0,3
2024-12-06 09:00:00,33.0,56,0.3,80,13.0,7,1005.0,3
2024-12-06 10:00:00,32.0,59,0.9,30,9.4,7,1006.0,3
2024-12-06 11:00:00,31.0,66,0.0,190,9.4,7,1006.0,3
2024-12-06 12:00:00,30.0,70,0.0,170,13.0,7,1007.0,3
2024-12-06 13:00:00,29.0,79,0.0,78,11.2,7,1008.0,3
2024-12-06 14:00:00,29.0,79,0.0,140,5.4,7,1009.0,3
2024-12-06 15:00:00,28.0,84,0.2,110,11.2,7,1009.0,3
2024-12-06 16:00:00,28.0,84,0.0,40,3.6,7,1009.0,3
2024-12-06 17:00:00,27.0,89,0.0,20,3.6,7,1009.0,3
2024-12-06 18:00:00,27.0,94,0.0,350,5.4,7,1008.0,2
2024-12-06 19:00:00,27.0,89,0.0,317,3.6,0,1008.0,2
2024-12-06 20:00:00,27.0,89,0.0,10,5.4,6,1008.0,2
2024-12-06 21:00:00,27.0,89,0.0,30,5.4,0,1008.0,5
2024-12-06 22:00:00,27.0,89,0.0,100,11.2,7,1009.0,2
2024-12-06 23:00:00,26.0,94,0.0,30,9.4,7,1009.0,3
2024-12-07 00:00:00,26.0,94,0.0,40,7.6,7,1010.0,5
2024-12-07 01:00:00,27.0,94,0.0,30,5.4,7,1010.0,3
2024-12-07 02:00:00,27.0,89,0.0,50,13.0,7,1011.0,3
2024-12-07 03:00:00,28.0,84,0.0,50,11.2,7,1010.0,3
2024-12-07 04:00:00,28.0,84,0.0,60,11.2,7,1010.0,3
2024-12-07 05:00:00,29.0,79,0.0,70,11.2,7,1009.0,3
2024-12-07 06:00:00,30.0,70,0.0,60,14.8,7,1008.0,7
2024-12-07 07:00:00,31.0,66,0.8,100,11.2,7,1007.0,7
2024-12-07 08:00:00,31.0,66,4.9,60,13.0,7,1007.0,7
2024-12-07 09:00:00,30.0,70,0.8,50,9.4,7,1007.0,7
2024-12-07 10:00:00,29.0,74,1.5,40,5.4,7,1007.0,7
2024-12-07 11:00:00,29.0,74,0.2,20,3.6,7,1008.5,25
2024-12-07 12:00:00,27.0,89,0.0,0,0.0,7,1008.0,25
2024-12-07 13:00:00,27.0,84,0.0,280,3.6,7,1009.7,7
2024-12-07 14:00:00,27.0,84,0.0,290,7.6,7,1010.3,7
2024-12-07 15:00:00,27.0,89,0.0,280,5.4,0,1010.9,7
2024-12-07 16:00:00,27.0,89,0.0,250,5.4,7,1010.0,3
2024-12-07 17:00:00,27.0,94,0.0,260,5.4,7,1010.2,3
2024-12-07 18:00:00,26.0,84,0.0,10,9.4,7,1009.9,2
2024-12-07 19:00:00,25.0,89,0.0,20,7.6,7,1009.4,2
2024-12-07 20:00:00,25.0,84,0.0,20,7.6,0,1009.0,2
2024-12-07 21:00:00,25.0,84,0.0,20,3.6,7,1008.6,3
2024-12-07 22:00:00,24.0,89,0.0,20,7.6,7,1009.1,3
2024-12-07 23:00:00,24.0,83,0.0,272,3.6,7,1009.7,3
2024-12-08 00:00:00,25.0,84,0.0,40,7.6,7,1010.1,3
2024-12-08 01:00:00,26.0,79,0.0,30,5.4,7,1010.7,3
2024-12-08 02:00:00,27.0,70,0.0,10,11.2,7,1011.1,3
2024-12-08 03:00:00,29.0,62,0.0,40,9.4,7,1011.6,3
2024-12-08 04:00:00,30.0,62,0.0,70,13.0,7,1010.8,3
2024-12-08 05:00:00,31.0,59,0.0,70,13.0,7,1010.0,3
2024-12-08 06:00:00,32.0,56,0.0,60,9.4,7,1009.1,3
2024-12-08 07:00:00,32.0,56,0.0,60,14.8,7,1008.7,3
2024-12-08 08:00:00,32.0,56,0.8,50,13.0,7,1008.2,3
2024-12-08 09:00:00,31.0,55,0.0,40,7.6,7,1007.7,3
2024-12-08 10:00:00,31.0,55,0.0,40,7.6,7,1008.3,3
2024-12-08 11:00:00,29.0,66,0.0,70,7.6,7,1008.9,3
2024-12-08 12:00:00,30.0,62,0.0,40,13.0,7,1009.5,3
2024-12-08 13:00:00,29.0,66,0.0,20,13.0,7,1010.0,3
2024-12-08 14:00:00,29.0,62,0.0,50,20.5,7,1010.5,3
2024-12-08 15:00:00,28.0,66,0.0,60,16.6,7,1010.9,3
2024-12-08 16:00:00,27.0,70,0.0,60,13.0,7,1010.6,3
2024-12-08 17:00:00,26.0,74,0.0,60,9.4,7,1010.3,3
2024-12-08 18:00:00,26.0,74,0.0,50,7.6,7,1009.9,3
2024-12-08 19:00:00,25.5,90,0.0,343,3.7,7,1009.5,3
2024-12-08 20:00:00,25.3,91,0.0,350,3.7,7,1009.1,3
2024-12-08 21:00:00,26.0,74,0.0,30,9.4,7,1008.7,3
2024-12-08 22:00:00,26.0,74,0.0,30,7.6,7,1009.1,3
2024-12-08 23:00:00,25.0,78,0.0,20,9.4,8,1009.5,3
2024-12-09 00:00:00,26.0,74,0.0,20,9.4,8,1010.1,3
2024-12-09 01:00:00,27.0,70,0.0,30,14.8,8,1010.3,3
2024-12-09 02:00:00,27.1,85,0.0,22,7.4,8,1010.8,3
2024-12-09 03:00:00,29.0,66,0.0,40,14.8,8,1011.3,3
2024-12-09 04:00:00,31.0,59,0.0,33,9.4,8,1010.5,3
2024-12-09 05:00:00,31.0,59,0.0,50,9.4,8,1009.7,7
2024-12-09 06:00:00,29.4,70,0.0,45,13.0,8,1008.9,7
2024-12-09 07:00:00,32.0,56,0.0,20,7.6,8,1008.4,7
2024-12-09 08:00:00,32.0,56,0.0,60,5.4,8,1008.0,8
2024-12-09 09:00:00,31.0,59,0.0,340,13.0,8,1007.5,8
2024-12-09 10:00:00,30.0,62,0.0,10,13.0,8,1007.9,8
2024-12-09 11:00:00,30.0,62,0.0,340,7.6,7,1008.4,7
2024-12-09 12:00:00,29.0,66,0.0,340,7.6,7,1008.8,7
2024-12-09 13:00:00,29.0,66,0.0,330,7.6,7,1009.3,7
2024-12-09 14:00:00,28.0,74,0.0,30,14.8,7,1009.8,3
2024-12-09 15:00:00,28.0,70,0.0,20,11.2,8,1010.2,3
2024-12-09 16:00:00,27.0,70,0.0,20,11.2,8,1009.9,3
2024-12-09 17:00:00,26.0,74,0.0,10,7.6,8,1009.6,3
2024-12-09 18:00:00,26.0,74,0.0,30,9.4,8,1009.3,3
2024-12-09 19:00:00,26.0,74,0.0,10,7.6,8,1008.8,3
2024-12-09 20:00:00,25.0,78,0.0,10,5.4,8,1008.3,3
2024-12-09 21:00:00,25.0,78,0.0,10,5.4,8,1007.9,3
2024-12-09 22:00:00,25.0,78,0.0,340,7.6,8,1008.4,3
2024-12-09 23:00:00,24.0,83,0.0,340,5.4,8,1009.0,3
2024-12-10 00:00:00,25.0,84,0.0,330,11.2,8,1009.4,3
2024-12-10 01:00:00,26.0,79,,350,9.4,8,1010.1,3
2024-12-10 02:00:00,27.0,74,,360,11.2,8,1010.6,3
2024-12-10 03:00:00,29.0,66,,20,11.2,8,1011.1,3
2024-12-10 04:00:00,31.0,62,,20,13.0,8,1010.2,3
2024-12-10 05:00:00,32.0,59,,30,14.8,8,1009.4,7
2024-12-10 06:00:00,32.0,56,,60,22.3,8,1008.5,7
2024-12-10 07:00:00,32.0,59,,40,11.2,8,1007.9,7
2024-12-10 08:00:00,32.0,59,,50,13.0,8,1007.3,7
2024-12-10 09:00:00,31.0,62,,10,13.0,8,1006.7,8
2024-12-10 10:00:00,30.0,62,,40,13.0,8,1007.3,7
2024-12-10 11:00:00,29.0,66,,360,11.2,8,1007.8,7
2024-12-10 12:00:00,28.0,70,,360,11.2,7,1008.3,7
2024-12-10 13:00:00,28.0,70,,10,13.0,8,1008.8,7
2024-12-10 14:00:00,28.0,70,,350,9.4,8,1009.2,3
2024-12-10 15:00:00,27.0,74,,10,7.6,8,1009.7,3
2024-12-10 16:00:00,27.0,74,,340,5.4,8,1009.3,3
2024-12-10 17:00:00,26.0,79,,10,7.6,8,1008.9,3
2024-12-10 18:00:00,26.0,79,,360,11.2,8,1008.6,3
2024-12-10 19:00:00,26.0,79,,20,11.2,8,1008.1,3
2024-12-10 20:00:00,26.0,79,,10,11.2,8,1007.6,3
2024-12-10 21:00:00,25.0,84,,20,9.4,8,1007.1,3
2024-12-10 22:00:00,25.0,84,,10,11.2,8,1007.6,3
2024-12-10 23:00:00,25.0,84,,360,11.2,8,1008.1,3
2024-12-11 00:00:00,25.0,84,,20,9.4,8,1008.9,3
2024-12-11 01:00:00,26.0,79,,20,11.2,8,1009.1,3
2024-12-11 02:00:00,28.0,70,,20,11.2,8,1009.6,3
2024-12-11 03:00:00,29.0,66,,30,14.8,8,1010.1,3
2024-12-11 04:00:00,30.0,62,,30,7.6,8,1009.3,3
2024-12-11 05:00:00,30.0,62,,20,9.4,8,1008.5,7
2024-12-11 06:00:00,30.0,66,,80,5.4,8,1007.7,7
2024-12-11 07:00:00,31.0,62,,40,7.6,8,1007.1,7
2024-12-11 08:00:00,31.0,59,,27,3.6,8,1006.6,8
2024-12-11 09:00:00,27.0,84,,170,14.8,8,1006.0,8
2024-12-11 10:00:00,26.0,89,,270,11.2,8,1006.6,8
2024-12-11 11:00:00,26.0,89,,290,3.6,0,1007.2,8
2024-12-11 12:00:00,25.0,94,,270,3.6,0,1007.8,7
2024-12-11 13:00:00,26.0,94,,41,3.6,8,1008.3,7
2024-12-11 14:00:00,26.0,94,,23,3.6,8,1008.7,7
2024-12-11 15:00:00,26.0,94,,0,0.0,8,1009.2,7
2024-12-11 16:00:00,26.0,94,,250,5.4,0,1008.9,7
2024-12-11 17:00:00,26.0,94,,358,3.6,0,1008.6,7
2024-12-11 18:00:00,26.0,89,,330,7.6,0,1008.3,3
2024-12-11 19:00:00,25.0,94,,330,7.6,0,1007.7,3
2024-12-11 20:00:00,25.0,94,,330,5.4,0,1007.0,3
2024-12-11 21:00:00,25.0,94,,344,3.6,0,1006.4,3
2024-12-11 22:00:00,25.0,94,,336,1.8,0,1006.9,3
2024-12-11 23:00:00,25.0,89,,327,3.6,0,1007.3,3
2024-12-12 00:00:00,26.0,89,,20,5.4,8,1007.8,3
2024-12-12 01:00:00,26.0,89,,30,9.4,0,1008.3,3
2024-12-12 02:00:00,28.0,84,,40,9.4,0,1008.9,7
2024-12-12 03:00:00,29.0,74,,90,16.6,8,1009.5,7
2024-12-12 04:00:00,30.0,70,,140,13.0,8,1008.7,7
2024-12-12 05:00:00,30.0,70,,90,14.8,8,1008.0,8
2024-12-12 06:00:00,30.0,70,,80,9.4,8,1007.3,8
2024-12-12 07:00:00,30.0,75,,110,11.2,8,1006.8,8
2024-12-12 08:00:00,30.0,75,,53,11.2,8,1006.2,9
2024-12-12 09:00:00,26.0,94,,110,22.3,8,1005.7,25
2024-12-12 10:00:00,26.0,94,,90,9.4,8,1006.4,9
2024-12-12 11:00:00,27.0,89,,150,5.4,8,1007.0,9
2024-12-12 12:00:00,28.0,84,,27,3.6,8,1007.7,9
2024-12-12 13:00:00,28.0,84,,160,7.6,8,1008.2,8
2024-12-12 14:00:00,28.0,84,,356,3.6,8,1008.8,8
2024-12-12 15:00:00,27.0,89,,110,5.4,8,1009.3,8
2024-12-12 16:00:00,27.0,94,,360,5.4,0,1009.1,8
2024-12-12 17:00:00,26.0,100,,10,7.6,0,1008.8,7
2024-12-12 18:00:00,26.0,100,,0,0.0,8,1008.6,7
2024-12-12 19:00:00,26.0,94,,360,7.6,0,1008.2,7
2024-12-12 20:00:00,26.0,94,,340,7.6,8,1007.7,3
2024-12-12 21:00:00,26.0,94,,38,3.6,0,1007.2,3
2024-12-12 22:00:00,26.0,94,,20,3.6,0,1007.8,3
2024-12-12 23:00:00,26.0,89,,30,5.4,8,1008.4,3
2024-12-13 00:00:00,26.0,89,,289,1.8,8,1008.8,3
2024-12-13 01:00:00,27.0,84,,10,5.4,8,1009.5,7
2024-12-13 02:00:00,28.0,79,,30,5.4,8,1010.1,7
2024-12-13 03:00:00,29.0,74,,20,5.4,8,1010.6,7
2024-12-13 04:00:00,29.0,74,,30,5.4,0,1010.0,7
2024-12-13 05:00:00,29.0,70,,10,5.4,0,1009.3,8
2024-12-13 06:00:00,29.0,70,,70,5.4,8,1008.7,8
2024-12-13 07:00:00,29.0,70,,20,5.4,8,1008.1,8
2024-12-13 08:00:00,29.0,74,,90,7.6,8,1007.5,8
2024-12-13 09:00:00,27.0,89,,210,13.0,8,1007.0,25
2024-12-13 10:00:00,27.0,89,,230,7.6,8,1008.0,9
2024-12-13 11:00:00,27.0,89,,170,9.4,8,1008.0,8
2024-12-13 12:00:00,24.0,94,0.0,180,13.0,8,1010.0,8
2024-12-13 13:00:00,24.0,100,0.1,100,13.0,8,1010.0,8
2024-12-13 14:00:00,25.0,94,0.0,140,13.0,8,1010.0,8
2024-12-13 15:00:00,26.0,89,0.3,120,13.0,8,1010.0,8
2024-12-13 16:00:00,25.0,94,0.2,70,9.4,0,1010.0,7
2024-12-13 17:00:00,25.0,94,1.1,40,7.6,8,1010.0,7
2024-12-13 18:00:00,25.0,94,1.2,10,5.4,8,1010.0,7
2024-12-13 19:00:00,25.0,94,0.4,19,3.6,8,1009.0,3
2024-12-13 20:00:00,25.0,94,0.0,20,5.4,8,1008.0,3
2024-12-13 21:00:00,25.0,100,0.0,280,3.6,8,1008.0,5
2024-12-13 22:00:00,25.0,94,0.0,20,1.8,8,1009.3,3
2024-12-13 23:00:00,25.0,94,0.0,40,5.4,8,1010.0,5
2024-12-14 00:00:00,25.0,94,0.0,70,5.4,8,1010.0,3
2024-12-14 01:00:00,25.0,100,0.0,47,3.6,8,1011.0,3
2024-12-14 02:00:00,26.0,89,0.0,120,5.4,8,1012.0,5
2024-12-14 03:00:00,27.0,89,0.0,50,7.6,8,1012.0,5
2024-12-14 04:00:00,27.0,89,0.0,90,11.2,8,1012.0,7
2024-12-14 05:00:00,28.0,84,0.0,90,14.8,8,1010.0,8
2024-12-14 06:00:00,28.0,84,0.1,80,13.0,8,1009.0,8
2024-12-14 07:00:00,28.0,79,0.0,80,16.6,8,1008.0,8
2024-12-14 08:00:00,28.0,84,0.0,70,13.0,8,1008.0,8
2024-12-14 09:00:00,28.0,79,0.1,80,14.8,8,1008.0,9
2024-12-14 10:00:00,28.0,79,0.3,80,9.4,8,1008.0,25
2024-12-14 11:00:00,27.0,84,0.2,80,11.2,8,1009.0,9
2024-12-14 12:00:00,26.0,89,0.6,70,11.2,8,1010.0,8
2024-12-14 13:00:00,27.0,84,0.2,80,13.0,8,1011.0,8
2024-12-14 14:00:00,26.0,89,0.0,60,7.6,8,1011.0,7
2024-12-14 15:00:00,26.0,84,0.0,50,5.4,8,1011.0,7
2024-12-14 16:00:00,25.0,94,0.5,70,9.4,8,1011.0,7
2024-12-14 17:00:00,25.0,94,0.7,22,1.8,8,1011.0,8
2024-12-14 18:00:00,25.0,94,0.7,8,1.8,8,1010.0,8
2024-12-14 19:00:00,25.0,94,0.4,360,3.6,8,1010.0,8
2024-12-14 20:00:00,25.0,94,1.1,22,3.6,0,1009.0,8
2024-12-14 21:00:00,25.0,94,0.8,20,3.6,8,1009.0,8
2024-12-14 22:00:00,25.0,94,2.8,350,3.6,8,1010.0,8
2024-12-14 23:00:00,25.0,94,0.4,298,3.6,8,1010.0,8
2024-12-15 00:00:00,25.0,94,1.3,0,0.0,8,1012.0,8
2024-12-15 01:00:00,26.0,89,0.3,0,0.0,8,1012.0,8
2024-12-15 02:00:00,27.0,79,0.0,33,1.8,8,1012.0,8
2024-12-15 03:00:00,28.0,74,0.0,20,5.4,8,1013.0,8
2024-12-15 04:00:00,27.0,84,0.0,44,3.6,8,1013.0,8
2024-12-15 05:00:00,26.0,89,0.2,20,9.4,8,1012.0,8
2024-12-15 06:00:00,26.0,89,0.2,50,5.4,8,1011.0,8
2024-12-15 07:00:00,27.0,84,4.9,50,7.6,8,1011.0,8
2024-12-15 08:00:00,26.0,89,1.0,110,11.2,8,1010.0,9
2024-12-15 09:00:00,26.0,89,0.1,80,11.2,8,1010.0,9
2024-12-15 10:00:00,25.0,94,0.1,90,14.8,8,1011.0,9
2024-12-15 11:00:00,25.0,94,0.0,41,3.6,8,1011.0,9
2024-12-15 12:00:00,25.0,94,0.0,60,9.4,8,1012.0,8
2024-12-15 13:00:00,25.0,94,0.0,23,3.6,8,1012.0,8
2024-12-15 14:00:00,25.0,94,0.0,0,0.0,8,1012.0,7
2024-12-15 15:00:00,25.0,94,0.0,10,5.4,8,1012.0,3
2024-12-15 16:00:00,25.0,89,0.0,10,7.6,8,1012.0,3
2024-12-15 17:00:00,25.0,89,0.0,10,5.4,8,1012.0,3
2024-12-15 18:00:00,25.0,84,0.0,13,3.6,8,1012.0,3
2024-12-15 19:00:00,24.0,89,0.0,17,3.6,8,1011.0,3
2024-12-15 20:00:00,24.0,94,0.0,290,5.4,8,1011.0,3
2024-12-15 21:00:00,23.0,94,0.0,40,3.6,8,1011.0,3
2024-12-15 22:00:00,23.0,94,0.0,360,5.4,8,1011.0,3
2024-12-15 23:00:00,23.0,94,0.0,340,5.4,8,1011.0,3
2024-12-16 00:00:00,23.0,94,0.0,330,7.6,8,1013.1,3
2024-12-16 01:00:00,24.0,89,0.0,360,7.6,8,1013.0,3
2024-12-16 02:00:00,26.0,79,0.0,33,3.6,8,1013.0,3
2024-12-16 03:00:00,27.0,74,0.0,30,7.6,8,1013.0,3
2024-12-16 04:00:00,28.0,70,0.0,29,3.6,8,1013.0,3
2024-12-16 05:00:00,29.0,66,0.0,10,5.4,8,1012.0,3
2024-12-16 06:00:00,30.0,62,0.0,29,5.4,8,1011.0,3
2024-12-16 07:00:00,30.0,59,0.0,80,7.6,8,1010.0,7
2024-12-16 08:00:00,31.0,52,0.0,25,3.6,8,1009.0,7
2024-12-16 09:00:00,30.0,59,0.0,24,3.6,8,1009.0,7
2024-12-16 10:00:00,29.0,70,0.0,210,13.0,8,1010.0,7
2024-12-16 11:00:00,28.0,74,0.0,180,7.6,8,1011.0,7
2024-12-16 12:00:00,28.0,70,0.0,220,5.4,8,1011.0,3
2024-12-16 13:00:00,28.0,74,0.0,90,5.4,8,1012.0,3
2024-12-16 14:00:00,27.0,70,0.0,30,5.4,8,1013.0,3
2024-12-16 15:00:00,26.0,70,0.0,40,7.6,7,1012.0,3
2024-12-16 16:00:00,25.0,74,0.0,30,5.4,7,1012.0,3
2024-12-16 17:00:00,25.0,74,0.0,30,7.6,7,1012.0,3
2024-12-16 18:00:00,24.0,78,0.0,10,7.6,7,1012.0,3
2024-12-16 19:00:00,24.0,78,0.0,10,7.6,7,1011.0,3
2024-12-16 20:00:00,23.0,83,0.0,40,9.4,7,1011.0,3
2024-12-16 21:00:00,23.0,83,0.0,10,1.8,7,1010.0,3
2024-12-16 22:00:00,23.0,83,0.0,40,5.4,7,1011.0,2
2024-12-16 23:00:00,23.0,83,0.0,20,7.6,7,1011.0,3
2024-12-17 00:00:00,23.0,83,0.0,30,7.6,7,1012.0,3
2024-12-17 01:00:00,26.0,74,0.0,14,3.6,7,1012.0,3
2024-12-17 02:00:00,26.0,74,0.0,50,5.4,7,1013.0,3
2024-12-17 03:00:00,27.0,70,0.0,50,7.6,7,1013.0,3
2024-12-17 04:00:00,28.0,66,0.0,40,7.6,7,1012.0,3
2024-12-17 05:00:00,30.0,62,0.0,32,3.6,7,1011.0,3
2024-12-17 06:00:00,31.0,59,0.0,80,7.6,7,1010.0,3
2024-12-17 07:00:00,32.0,56,0.0,31,3.6,7,1008.0,3
2024-12-17 08:00:00,32.0,52,0.0,29,5.4,7,1008.0,3
2024-12-17 09:00:00,32.0,52,0.0,40,9.4,7,1008.0,3
2024-12-17 10:00:00,31.0,62,0.0,170,14.8,0,1008.0,3
2024-12-17 11:00:00,29.0,70,0.0,200,13.0,0,1009.0,3
2024-12-17 12:00:00,28.0,74,0.0,180,11.2,7,1010.0,3
2024-12-17 13:00:00,28.0,74,0.0,32,11.2,7,1011.0,3
2024-12-17 14:00:00,27.0,79,0.0,160,9.4,7,1011.0,3
2024-12-17 15:00:00,27.0,79,0.0,180,7.6,7,1011.0,2
2024-12-17 16:00:00,27.0,79,0.0,355,3.6,6,1011.0,2
2024-12-17 17:00:00,26.0,84,0.0,343,1.8,6,1011.0,2
2024-12-17 18:00:00,26.0,84,0.0,321,3.6,6,1010.0,2
2024-12-17 19:00:00,25.0,89,0.0,330,5.4,6,1009.0,2
2024-12-17 20:00:00,25.0,94,0.0,300,7.6,0,1009.0,2
2024-12-17 21:00:00,24.0,89,0.0,340,9.4,6,1010.0,2
2024-12-17 22:00:00,24.0,83,0.0,360,5.4,0,1010.0,2
2024-12-17 23:00:00,23.0,88,0.0,274,3.6,0,1011.0,2
2024-12-18 00:00:00,24.0,83,0.0,62,3.6,0,1011.0,2
2024-12-18 01:00:00,25.0,78,0.0,330,7.6,6,1012.0,2
2024-12-18 02:00:00,26.0,74,0.0,10,5.4,6,1012.0,2
2024-12-18 03:00:00,28.0,70,0.0,40,7.6,6,1012.0,2
2024-12-18 04:00:00,28.0,74,0.0,360,7.6,6,1012.0,2
2024-12-18 05:00:00,30.0,66,0.0,32,5.4,6,1010.0,2
2024-12-18 06:00:00,31.0,59,0.0,31,5.4,6,1009.0,2
2024-12-18 07:00:00,31.0,59,0.0,300,7.6,6,1008.0,2
2024-12-18 08:00:00,31.0,59,0.0,10,7.6,6,1008.0,2
2024-12-18 09:00:00,31.0,59,0.0,220,6.0,6,1008.0,2
2024-12-18 10:00:00,30.0,66,0.0,260,13.0,6,1008.0,2
2024-12-18 11:00:00,28.0,74,0.0,250,13.0,7,1009.0,2
2024-12-18 12:00:00,29.0,70,0.0,240,7.0,7,1010.0,2
2024-12-18 13:00:00,28.0,84,0.0,24,7.0,7,1010.0,2
2024-12-18 14:00:00,27.0,89,0.0,150,7.6,6,1010.0,2
2024-12-18 15:00:00,27.0,84,0.0,70,11.2,6,1010.0,2
2024-12-18 16:00:00,26.0,84,0.0,50,5.4,6,1010.0,2
2024-12-18 17:00:00,26.0,84,0.0,10,5.4,6,1010.0,2
2024-12-18 18:00:00,26.0,79,0.0,20,11.2,6,1010.0,2
2024-12-18 19:00:00,25.0,74,0.0,20,11.2,6,1009.0,2
2024-12-18 20:00:00,24.0,78,0.0,30,11.2,6,1009.0,2
2024-12-18 21:00:00,24.0,78,0.0,20,9.4,6,1009.0,2
2024-12-18 22:00:00,24.0,74,0.0,10,7.6,6,1010.0,2
2024-12-18 23:00:00,23.0,83,0.0,30,7.6,7,1010.0,2
2024-12-19 00:00:00,24.0,78,0.0,20,7.6,7,1011.0,2
2024-12-19 01:00:00,26.0,70,0.0,30,9.4,7,1012.0,2
2024-12-19 02:00:00,27.0,66,0.0,20,11.2,7,1013.0,2
2024-12-19 03:00:00,29.0,58,0.0,10,7.6,7,1012.0,3
2024-12-19 04:00:00,30.0,59,0.0,32,9.4,7,1012.0,2
2024-12-19 05:00:00,31.0,55,0.0,330,11.2,7,1011.0,3
2024-12-19 06:00:00,32.0,49,0.0,310,9.4,7,1009.0,3
2024-12-19 07:00:00,32.0,52,0.0,330,9.4,7,1008.0,3
2024-12-19 08:00:00,33.0,46,0.0,350,11.2,7,1008.0,3
2024-12-19 09:00:00,32.0,49,0.0,38,11.2,7,1008.0,3
2024-12-19 10:00:00,32.0,49,0.0,10,9.4,7,1008.0,3
2024-12-19 11:00:00,31.0,52,0.0,350,9.4,7,1009.0,3
2024-12-19 12:00:00,28.0,79,0.0,130,14.8,7,1010.0,3
2024-12-19 13:00:00,27.0,79,0.0,150,9.4,7,1010.0,3
2024-12-19 14:00:00,27.0,79,0.0,110,7.6,7,1011.0,3
2024-12-19 15:00:00,26.0,84,0.0,327,1.8,7,1010.0,2
2024-12-19 16:00:00,26.0,84,0.0,350,3.6,6,1010.0,2
2024-12-19 17:00:00,26.0,65,0.0,20,11.2,6,1010.0,2
2024-12-19 18:00:00,25.0,69,0.0,20,9.4,6,1009.0,2
2024-12-19 19:00:00,24.0,74,0.0,20,9.4,6,1009.0,2
2024-12-19 20:00:00,23.0,78,0.0,20,7.6,6,1009.0,2
2024-12-19 21:00:00,23.0,78,0.0,360,7.6,6,1009.0,2
2024-12-19 22:00:00,23.0,78,0.0,30,5.4,6,1009.0,2
2024-12-19 23:00:00,22.0,83,0.0,10,7.6,6,1010.0,2
2024-12-20 00:00:00,23.0,78,0.0,40,3.6,6,1011.0,2
2024-12-20 01:00:00,24.0,74,0.0,30,9.4,6,1012.0,2
2024-12-20 02:00:00,26.0,70,0.0,10,7.6,6,1012.0,2
2024-12-20 03:00:00,27.0,66,0.0,39,3.6,6,1012.0,2
2024-12-20 04:00:00,29.0,62,0.0,43,3.6,6,1012.0,2
2024-12-20 05:00:00,30.0,59,0.0,40,5.4,6,1011.0,2
2024-12-20 06:00:00,30.0,55,0.0,240,5.4,6,1010.0,2
2024-12-20 07:00:00,30.0,59,0.0,180,7.6,7,1009.0,2
2024-12-20 08:00:00,31.0,55,0.0,220,11.2,7,1008.0,2
2024-12-20 09:00:00,30.0,59,0.0,220,9.4,7,1008.0,2
2024-12-20 10:00:00,29.0,62,0.0,240,13.0,7,1009.0,3
2024-12-20 11:00:00,27.0,70,0.0,240,9.4,7,1009.0,3
2024-12-20 12:00:00,27.0,79,0.0,180,13.0,7,1010.0,3
2024-12-20 13:00:00,27.0,74,0.0,180,13.0,7,1010.0,3
2024-12-20 14:00:00,27.0,74,0.0,180,11.2,7,1011.0,2
2024-12-20 15:00:00,26.0,79,0.0,190,7.6,6,1011.0,2
2024-12-20 16:00:00,26.0,79,0.0,150,5.4,6,1011.0,2
2024-12-20 17:00:00,26.0,84,0.0,328,1.8,6,1011.0,2
2024-12-20 18:00:00,25.0,89,0.0,317,3.6,6,1011.0,2
2024-12-20 19:00:00,24.0,78,0.0,350,9.4,6,1010.0,2
2024-12-20 20:00:00,23.0,78,0.0,10,5.4,6,1010.0,2
2024-12-20 21:00:00,22.0,78,0.0,10,7.6,6,1010.0,2
2024-12-20 22:00:00,22.0,83,0.0,40,7.6,6,1010.0,2
2024-12-20 23:00:00,22.0,78,0.0,40,5.4,6,1010.0,2
2024-12-21 00:00:00,22.0,83,0.0,30,5.4,7,1011.0,2
2024-12-21 01:00:00,23.0,78,0.0,29,3.6,7,1012.0,2
2024-12-21 02:00:00,26.0,70,0.0,20,5.4,7,1013.0,5
2024-12-21 03:00:00,28.0,66,0.0,42,3.6,7,1013.0,3
2024-12-21 04:00:00,29.0,58,0.0,270,5.4,7,1012.0,3
2024-12-21 05:00:00,30.0,55,0.0,320,5.4,7,1011.0,3
2024-12-21 06:00:00,30.0,59,0.0,39,7.6,7,1010.0,3
2024-12-21 07:00:00,30.0,52,0.0,360,7.6,7,1009.0,3
2024-12-21 08:00:00,30.0,55,0.0,340,7.6,7,1009.0,3
2024-12-21 09:00:00,29.0,58,0.0,330,7.6,7,1009.0,3
2024-12-21 10:00:00,28.0,58,0.0,340,5.4,7,1009.0,3
2024-12-21 11:00:00,27.0,58,0.0,330,7.6,7,1010.0,3
2024-12-21 12:00:00,27.0,62,0.0,41,3.6,7,1010.0,3
2024-12-21 13:00:00,26.0,65,0.0,30,5.4,7,1011.0,2
2024-12-21 14:00:00,26.0,65,0.0,10,7.6,7,1012.0,2
2024-12-21 15:00:00,25.0,69,0.0,20,5.4,7,1012.0,2
2024-12-21 16:00:00,25.0,69,0.0,30,5.4,6,1012.0,2
2024-12-21 17:00:00,25.0,69,0.0,40,13.0,6,1012.0,2
2024-12-21 18:00:00,24.0,78,0.0,20,5.4,6,1011.0,2
2024-12-21 19:00:00,24.0,74,0.0,20,7.6,6,1010.0,2
2024-12-21 20:00:00,22.0,78,0.0,30,7.6,6,1010.0,2
2024-12-21 21:00:00,22.0,78,0.0,360,7.6,6,1010.0,2
2024-12-21 22:00:00,21.0,83,0.0,20,7.6,6,1010.0,2
2024-12-21 23:00:00,21.0,78,0.0,30,11.2,6,1011.0,2
2024-12-22 00:00:00,22.0,73,0.0,40,3.6,7,1012.0,2
2024-12-22 01:00:00,23.0,69,0.0,50,5.4,7,1012.0,2
2024-12-22 02:00:00,24.0,65,0.0,30,7.6,7,1012.0,2
2024-12-22 03:00:00,24.0,69,0.0,30,9.4,7,1012.0,3
2024-12-22 04:00:00,26.0,65,0.0,30,7.6,7,1011.0,2
2024-12-22 05:00:00,27.0,62,0.0,50,11.2,7,1010.0,2
2024-12-22 06:00:00,28.0,58,0.0,22,5.4,7,1009.0,2
2024-12-22 07:00:00,29.0,58,0.0,280,13.0,7,1008.0,2
2024-12-22 08:00:00,27.0,62,0.0,270,14.8,7,1008.0,2
2024-12-22 09:00:00,26.0,61,0.0,280,13.0,7,1008.0,2
2024-12-22 10:00:00,25.0,65,0.0,280,9.4,7,1009.0,3
2024-12-22 11:00:00,25.0,65,0.0,290,5.4,7,1009.0,3
2024-12-22 12:00:00,24.0,69,0.0,270,9.4,7,1010.0,3
2024-12-22 13:00:00,24.0,69,0.0,320,7.6,7,1010.0,3
2024-12-22 14:00:00,24.0,69,0.0,340,11.2,7,1010.0,2
2024-12-22 15:00:00,23.0,74,0.0,340,7.6,6,1010.0,2
2024-12-22 16:00:00,23.0,74,0.0,340,7.6,6,1010.0,2
2024-12-22 17:00:00,23.0,74,0.0,340,7.6,6,1010.0,2
2024-12-22 18:00:00,22.0,78,0.0,330,7.6,6,1009.0,2
2024-12-22 19:00:00,22.0,78,0.0,350,7.6,6,1009.0,2
2024-12-22 20:00:00,21.0,83,0.0,350,7.6,6,1008.0,2
2024-12-22 21:00:00,21.0,83,0.0,350,5.4,6,1008.0,2
2024-12-22 22:00:00,21.0,83,0.0,350,11.2,6,1009.0,2
2024-12-22 23:00:00,20.0,88,0.0,350,9.4,6,1009.0,2
2024-12-23 00:00:00,21.0,83,0.0,360,9.4,6,1010.0,2
2024-12-23 01:00:00,23.0,78,0.0,20,11.2,6,1011.0,2
2024-12-23 02:00:00,26.0,65,0.0,30,9.4,7,1011.0,2
2024-12-23 03:00:00,28.0,62,0.0,5,7.6,7,1011.0,2
2024-12-23 04:00:00,30.0,55,0.0,50,11.2,7,1010.0,2
2024-12-23 05:00:00,31.0,52,0.0,11,9.4,7,1009.0,3
2024-12-23 06:00:00,31.0,49,0.0,320,11.2,7,1008.0,3
2024-12-23 07:00:00,30.0,55,0.0,280,7.6,7,1007.0,3
2024-12-23 08:00:00,30.0,55,0.0,340,11.2,7,1007.0,3
2024-12-23 09:00:00,30.0,59,0.0,330,9.4,7,1007.0,3
2024-12-23 10:00:00,29.0,58,0.0,340,14.8,7,1008.0,3
2024-12-23 11:00:00,28.0,66,0.0,320,9.4,7,1008.0,3
2024-12-23 12:00:00,28.0,66,0.0,330,7.6,7,1009.0,3
2024-12-23 13:00:00,27.0,66,0.0,330,5.4,7,1009.0,3
2024-12-23 14:00:00,27.0,66,0.0,320,5.4,7,1010.0,3
2024-12-23 15:00:00,26.0,70,0.0,330,5.4,7,1010.0,3
2024-12-23 16:00:00,26.0,70,0.0,340,9.4,7,1010.0,3
2024-12-23 17:00:00,26.0,70,0.0,310,7.6,7,1010.0,3
2024-12-23 18:00:00,26.0,74,0.0,320,7.6,7,1009.0,3
2024-12-23 19:00:00,26.0,70,0.0,340,9.4,7,1009.0,3
2024-12-23 20:00:00,25.0,78,0.0,350,9.4,7,1009.0,3
2024-12-23 21:00:00,25.0,78,0.0,330,9.4,7,1008.0,3
2024-12-23 22:00:00,25.0,78,0.0,340,9.4,7,1009.0,2
2024-12-23 23:00:00,25.0,78,0.0,330,11.2,7,1009.0,3
2024-12-24 00:00:00,25.0,78,0.0,340,11.2,7,1010.0,3
2024-12-24 01:00:00,25.0,74,0.0,350,11.2,7,1011.0,3
2024-12-24 02:00:00,27.0,62,0.0,360,11.2,7,1011.0,3
2024-12-24 03:00:00,29.0,58,0.0,30,16.6,7,1011.0,3
2024-12-24 04:00:00,29.0,58,0.0,60,20.5,7,1011.0,3
2024-12-24 05:00:00,28.0,62,0.0,30,13.0,7,1010.0,7
2024-12-24 06:00:00,30.0,55,0.0,60,22.3,7,1009.0,7
2024-12-24 07:00:00,31.0,55,0.0,40,14.8,7,1008.0,8
2024-12-24 08:00:00,30.0,59,0.2,360,14.8,7,1008.0,8
2024-12-24 09:00:00,30.0,55,0.1,30,22.3,7,1008.0,8
2024-12-24 10:00:00,29.0,55,0.0,40,24.1,8,1008.0,8
2024-12-24 11:00:00,28.0,62,0.0,30,14.8,7,1009.0,7
2024-12-24 12:00:00,28.0,62,0.0,360,7.6,7,1010.0,7
2024-12-24 13:00:00,27.0,66,0.0,10,11.2,7,1011.0,7
2024-12-24 14:00:00,28.0,58,0.0,20,16.6,7,1011.0,3
2024-12-24 15:00:00,28.0,58,0.0,20,20.5,7,1011.0,3
2024-12-24 16:00:00,27.0,58,0.0,10,16.6,7,1011.0,3
2024-12-24 17:00:00,27.0,58,0.0,30,13.0,7,1011.0,3
2024-12-24 18:00:00,26.0,61,0.0,30,11.2,7,1010.0,3
2024-12-24 19:00:00,26.0,65,0.0,10,13.0,7,1010.0,3
2024-12-24 20:00:00,25.0,65,0.0,360,14.8,7,1010.0,3
2024-12-24 21:00:00,25.0,65,0.0,10,13.0,7,1010.0,3
2024-12-24 22:00:00,25.0,65,0.0,10,9.4,7,1010.0,3
2024-12-24 23:00:00,25.0,65,0.0,10,11.2,8,1011.0,3
2024-12-25 00:00:00,25.0,69,0.0,20,13.0,8,1011.0,3
2024-12-25 01:00:00,26.0,65,0.0,10,13.0,8,1012.0,3
2024-12-25 02:00:00,27.0,62,0.0,20,20.5,8,1012.0,3
2024-12-25 03:00:00,29.0,58,0.0,10,16.6,8,1012.0,3
2024-12-25 04:00:00,30.0,55,0.0,30,18.4,7,1011.0,3
2024-12-25 05:00:00,31.0,52,0.0,30,22.3,7,1011.0,3
2024-12-25 06:00:00,32.0,49,0.0,360,16.6,7,1009.0,7
2024-12-25 07:00:00,33.0,49,0.0,20,22.3,7,1008.0,7
2024-12-25 08:00:00,32.0,52,0.0,20,18.4,7,1007.0,7
2024-12-25 09:00:00,31.0,52,0.0,10,16.6,7,1007.0,7
2024-12-25 10:00:00,30.0,55,0.0,10,22.3,7,1008.0,7
2024-12-25 11:00:00,29.0,58,0.2,10,18.4,7,1009.0,7
2024-12-25 12:00:00,28.0,66,0.0,20,16.6,7,1010.0,7
2024-12-25 13:00:00,28.0,66,0.0,30,13.0,7,1011.0,7
2024-12-25 14:00:00,27.0,70,0.0,40,7.6,7,1012.0,3
2024-12-25 15:00:00,27.0,70,0.0,20,11.2,7,1012.0,3
2024-12-25 16:00:00,27.0,70,0.1,30,11.2,7,1012.0,3
2024-12-25 17:00:00,27.0,70,0.0,20,5.4,7,1012.0,3
2024-12-25 18:00:00,26.0,74,0.0,40,9.4,7,1011.0,3
2024-12-25 19:00:00,26.0,79,0.0,300,3.6,7,1011.0,3
2024-12-25 20:00:00,26.0,79,0.0,20,5.4,7,1011.0,3
2024-12-25 21:00:00,25.0,84,0.0,320,5.4,7,1010.0,3
2024-12-25 22:00:00,25.0,84,0.0,310,5.4,7,1011.0,3
2024-12-25 23:00:00,25.0,84,0.0,350,5.4,7,1011.0,3
2024-12-26 00:00:00,25.0,84,0.0,310,9.4,8,1012.0,3
2024-12-26 01:00:00,27.0,74,0.0,320,5.4,7,1013.0,3
2024-12-26 02:00:00,28.0,70,0.0,32,5.4,7,1013.0,3
2024-12-26 03:00:00,29.0,70,0.0,20,7.6,7,1014.0,3
2024-12-26 04:00:00,30.0,66,0.0,46,3.6,7,1013.0,3
2024-12-26 05:00:00,32.0,59,0.3,54,5.4,8,1012.0,3
2024-12-26 06:00:00,33.0,56,0.3,90,20.5,8,1011.0,3
2024-12-26 07:00:00,32.0,56,0.2,100,14.8,8,1010.0,3
2024-12-26 08:00:00,32.0,56,1.9,140,13.0,7,1009.0,3
2024-12-26 09:00:00,32.0,56,0.5,120,13.0,7,1010.0,7
2024-12-26 10:00:00,32.0,52,0.0,100,16.6,7,1010.0,3
2024-12-26 11:00:00,30.0,70,0.0,140,14.8,7,1010.0,3
2024-12-26 12:00:00,29.0,74,0.0,140,11.2,7,1011.0,3
2024-12-26 13:00:00,29.0,70,0.0,120,14.8,7,1012.0,3
2024-12-26 14:00:00,29.0,70,0.0,100,14.8,7,1013.0,3
2024-12-26 15:00:00,28.0,74,0.0,90,11.2,7,1013.0,3
2024-12-26 16:00:00,28.0,74,0.0,80,9.4,7,1013.0,3
2024-12-26 17:00:00,27.0,84,0.0,60,9.4,7,1012.0,3
2024-12-26 18:00:00,27.0,84,0.0,346,3.6,7,1012.0,3
2024-12-26 19:00:00,27.0,84,0.0,70,7.6,7,1011.0,3
2024-12-26 20:00:00,27.0,84,0.2,40,5.4,7,1011.0,3
2024-12-26 21:00:00,26.0,89,0.4,60,3.6,7,1011.0,3
2024-12-26 22:00:00,27.0,84,0.0,271,3.6,7,1011.0,2
2024-12-26 23:00:00,27.0,84,0.0,270,7.6,7,1011.0,3
2024-12-27 00:00:00,26.0,89,0.0,260,5.4,7,1013.0,5
2024-12-27 01:00:00,28.0,79,0.0,4,3.6,7,1014.0,5
2024-12-27 02:00:00,28.0,84,0.0,210,9.4,7,1014.0,5
2024-12-27 03:00:00,30.0,70,0.0,210,9.4,7,1014.0,3
2024-12-27 04:00:00,30.0,70,2.0,26,5.4,7,1013.0,7
2024-12-27 05:00:00,31.0,66,0.0,200,9.4,8,1013.0,7
2024-12-27 06:00:00,31.0,66,0.1,230,11.2,8,1012.0,8
2024-12-27 07:00:00,30.0,75,2.9,300,14.8,8,1010.0,8
2024-12-27 08:00:00,29.0,79,0.8,250,11.2,8,1010.0,8
2024-12-27 09:00:00,28.0,89,3.5,270,7.6,8,1010.0,9
2024-12-27 10:00:00,25.0,94,0.0,90,18.4,8,1012.0,25
2024-12-27 11:00:00,23.0,100,0.5,60,24.1,8,1012.0,25
2024-12-27 12:00:00,24.0,100,1.0,300,7.6,8,1013.0,8
2024-12-27 13:00:00,24.0,100,0.3,43,3.6,8,1014.0,8
2024-12-27 14:00:00,25.0,94,0.0,40,5.4,8,1014.0,7
2024-12-27 15:00:00,25.0,94,0.0,16,3.6,8,1014.0,7
2024-12-27 16:00:00,26.0,89,0.0,29,3.6,8,1013.0,7
2024-12-27 17:00:00,25.0,94,0.3,19,3.6,0,1013.0,3
2024-12-27 18:00:00,25.0,94,0.1,350,5.4,0,1012.0,3
2024-12-27 19:00:00,25.0,94,0.0,350,3.6,0,1012.0,3
2024-12-27 20:00:00,25.0,94,0.0,6,1.8,0,1011.0,3
2024-12-27 21:00:00,24.0,100,0.0,240,1.8,0,1011.0,3
2024-12-27 22:00:00,24.0,100,0.0,270,5.4,0,1012.0,3
2024-12-27 23:00:00,25.0,94,0.0,240,7.6,0,1012.0,5
2024-12-28 00:00:00,25.0,94,0.0,260,7.6,0,1013.0,5
2024-12-28 01:00:00,26.0,94,0.0,280,5.4,0,1014.0,5
2024-12-28 02:00:00,27.0,84,0.0,320,7.6,7,1015.0,3
2024-12-28 03:00:00,30.0,70,0.0,47,1.8,7,1014.0,3
2024-12-28 04:00:00,30.0,70,0.0,48,3.6,8,1014.0,3
2024-12-28 05:00:00,31.0,66,0.0,51,7.6,8,1013.0,7
2024-12-28 06:00:00,32.0,59,0.2,53,3.6,8,1012.0,7
2024-12-28 07:00:00,32.0,59,0.0,270,7.6,8,1010.0,7
2024-12-28 08:00:00,32.0,59,0.0,150,7.6,8,1010.0,7
2024-12-28 09:00:00,31.0,66,0.0,280,11.2,7,1009.0,8
2024-12-28 10:00:00,29.0,70,2.7,340,14.8,8,1010.0,25
2024-12-28 11:00:00,27.0,79,3.5,220,9.4,8,1011.0,25
2024-12-28 12:00:00,26.0,89,1.0,240,11.2,8,1012.0,7
2024-12-28 13:00:00,25.0,100,0.2,260,5.4,8,1013.0,7
2024-12-28 14:00:00,25.0,94,0.0,280,7.6,8,1013.0,7
2024-12-28 15:00:00,25.0,94,0.0,280,7.6,7,1014.0,7
2024-12-28 16:00:00,25.0,84,0.0,20,5.4,7,1013.0,7
2024-12-28 17:00:00,25.0,84,0.0,30,9.4,7,1013.0,7
2024-12-28 18:00:00,25.0,78,0.0,20,5.4,7,1012.0,3
2024-12-28 19:00:00,24.0,83,0.0,20,7.6,7,1012.0,3
2024-12-28 20:00:00,24.0,83,0.0,20,7.6,7,1011.0,3
2024-12-28 21:00:00,24.0,83,0.0,20,7.6,7,1011.0,3
2024-12-28 22:00:00,24.0,78,0.0,30,7.6,6,1011.0,2
2024-12-28 23:00:00,23.0,83,0.0,20,9.4,6,1012.0,2
2024-12-29 00:00:00,24.0,78,0.0,20,7.6,6,1013.0,2
2024-12-29 01:00:00,25.0,78,0.0,30,11.2,7,1014.0,2
2024-12-29 02:00:00,27.0,66,0.0,10,11.2,7,1014.0,3
2024-12-29 03:00:00,29.0,58,0.0,10,9.4,7,1014.0,3
2024-12-29 04:00:00,30.0,55,0.0,50,9.4,7,1013.0,2
2024-12-29 05:00:00,30.0,55,0.0,20,9.4,7,1012.0,3
2024-12-29 06:00:00,32.0,49,0.0,60,7.6,7,1011.0,3
2024-12-29 07:00:00,32.0,49,0.0,50,9.4,7,1009.0,3
2024-12-29 08:00:00,32.0,49,0.0,10,5.4,7,1009.0,3
2024-12-29 09:00:00,32.0,49,0.0,360,7.6,7,1009.0,3
2024-12-29 10:00:00,31.0,55,0.0,110,7.6,7,1009.0,3
2024-12-29 11:00:00,28.0,74,0.0,160,20.5,7,1010.0,3
2024-12-29 12:00:00,28.0,74,0.0,150,14.8,7,1011.0,3
2024-12-29 13:00:00,28.0,70,0.0,160,7.6,7,1012.0,3
2024-12-29 14:00:00,27.0,74,0.0,170,5.4,7,1013.0,3
2024-12-29 15:00:00,26.0,84,0.0,340,7.6,7,1013.0,2
2024-12-29 16:00:00,25.0,69,0.0,40,11.2,6,1013.0,2
2024-12-29 17:00:00,24.0,74,0.0,360,5.4,6,1012.0,2
2024-12-29 18:00:00,24.0,74,0.0,20,7.6,6,1012.0,2
2024-12-29 19:00:00,23.0,78,0.0,10,9.4,6,1011.0,2
2024-12-29 20:00:00,23.0,78,0.0,40,5.4,6,1011.0,2
2024-12-29 21:00:00,23.0,78,0.0,30,7.6,6,1011.0,2
2024-12-29 22:00:00,22.0,83,0.0,40,7.6,6,1011.0,2
2024-12-29 23:00:00,22.0,78,0.0,30,3.6,6,1012.0,2
2024-12-30 00:00:00,22.0,83,0.0,10,3.6,6,1013.0,2
2024-12-30 01:00:00,25.0,69,0.0,340,7.6,6,1014.0,2
2024-12-30 02:00:00,27.0,66,0.0,350,7.6,6,1014.0,2
2024-12-30 03:00:00,29.0,66,0.0,270,9.4,6,1014.0,2
2024-12-30 04:00:00,29.0,66,0.0,300,9.4,6,1013.0,2
2024-12-30 05:00:00,31.0,59,0.0,24,9.4,6,1012.0,2
2024-12-30 06:00:00,31.0,59,0.0,290,11.2,7,1011.0,2
2024-12-30 07:00:00,32.0,52,0.0,240,11.2,7,1010.0,2
2024-12-30 08:00:00,31.0,59,0.0,270,11.2,7,1010.0,2
2024-12-30 09:00:00,31.0,59,0.0,260,14.8,7,1010.0,3
2024-12-30 10:00:00,30.0,62,0.0,270,11.2,7,1010.0,3
2024-12-30 11:00:00,29.0,66,0.0,280,9.4,7,1010.0,3
2024-12-30 12:00:00,27.0,74,0.0,280,9.4,7,1010.0,3
2024-12-30 13:00:00,27.0,74,0.0,270,7.6,7,1011.0,3
2024-12-30 14:00:00,26.0,79,0.0,250,9.4,7,1011.0,3
2024-12-30 15:00:00,26.0,84,0.0,260,7.6,7,1011.0,2
2024-12-30 16:00:00,26.0,79,0.0,280,5.4,6,1011.0,2
2024-12-30 17:00:00,26.0,79,0.0,322,3.6,6,1011.0,2
2024-12-30 18:00:00,25.0,84,0.0,200,5.4,0,1011.0,2
2024-12-30 19:00:00,26.0,89,0.0,302,7.6,6,1011.0,2
2024-12-30 20:00:00,26.0,89,0.0,190,13.0,6,1011.0,2
2024-12-30 21:00:00,26.0,89,0.0,190,11.2,6,1010.0,2
2024-12-30 22:00:00,25.0,94,0.0,200,11.2,6,1011.0,2
2024-12-30 23:00:00,25.0,94,0.0,200,9.4,6,1011.0,2
2024-12-31 00:00:00,25.0,89,0.0,190,7.6,7,1012.0,2
2024-12-31 01:00:00,26.0,89,0.0,8,3.6,7,1012.0,5
2024-12-31 02:00:00,27.0,84,0.0,360,5.4,7,1013.0,5
2024-12-31 03:00:00,29.0,70,0.0,320,5.4,7,1013.0,3
2024-12-31 04:00:00,30.0,66,0.0,60,5.4,7,1012.0,3
2024-12-31 05:00:00,31.0,62,0.0,100,7.6,7,1011.0,3
2024-12-31 06:00:00,31.0,62,0.0,30,9.4,7,1010.0,3
2024-12-31 07:00:00,31.0,62,0.0,30,9.4,7,1009.0,3
2024-12-31 08:00:00,31.0,55,0.0,10,13.0,7,1008.0,3
2024-12-31 09:00:00,31.0,59,0.0,40,11.2,7,1008.0,3
2024-12-31 10:00:00,30.0,62,0.0,40,14.8,7,1008.0,3
2024-12-31 11:00:00,29.0,62,0.0,40,13.0,7,1009.0,3
2024-12-31 12:00:00,28.0,66,0.0,40,11.2,7,1010.0,3
2024-12-31 13:00:00,28.0,66,0.0,40,11.2,7,1010.0,3
2024-12-31 14:00:00,27.0,66,0.0,40,5.4,7,1011.0,3
2024-12-31 15:00:00,27.0,66,0.0,30,11.2,7,1011.0,3
2024-12-31 16:00:00,26.0,70,0.0,40,9.4,7,1011.0,2
2024-12-31 17:00:00,26.0,70,0.0,30,11.2,7,1011.0,2
2024-12-31 18:00:00,26.0,70,0.0,30,9.4,7,1010.0,2
2024-12-31 19:00:00,25.0,69,0.0,30,9.4,7,1010.0,2
2024-12-31 20:00:00,25.0,74,0.0,30,7.6,7,1009.0,2
2024-12-31 21:00:00,25.0,74,0.0,10,5.4,7,1009.0,2
2024-12-31 22:00:00,24.0,74,0.0,30,7.6,7,1009.0,2
2024-12-31 23:00:00,24.0,78,0.0,20,7.6,7,1009.0,2
