hour_timestamp,street,district,lat,lng,flood_avg_depth_cm,flood_avg_severity,flood_avg_duration,point_report_count,has_flood
2023-01-18T07:00:00.000Z,Le Van Luong,Quan 7,10.736918,106.705425,5.0,57.5,180.0,1,1
2023-02-08T17:00:00.000Z,Nguyen Van Khoi,Go Vap,10.82839,106.691783,25.5,35.849999999999994,60.0,1,1
2023-02-16T09:00:00.000Z,Ta Quang Buu,Quan 8,10.745409,106.662922,21.1,41.769999999999996,90.0,1,1
2023-03-11T04:00:00.000Z,An Duong Vuong,Quan 6,10.755935,106.643834,5.0,39.5,120.0,1,1
2023-11-05T08:00:00.000Z,Nguyen Van Khoi,Go Vap,10.829539,106.694512,11.8,80.26,240.0,1,1
2023-12-28T05:00:00.000Z,To Ky,Quan 12,10.864662,106.631483,22.0,24.4,30.0,1,1
2023-02-17T07:00:00.000Z,Quang Trung,Go Vap,10.839386,106.664662,10.0,16.0,30.0,1,1
2023-04-21T13:00:00.000Z,Do Xuan Hop,Thu Duc,10.831567,106.781297,29.8,38.86,60.0,1,1
2023-05-21T23:00:00.000Z,Tran Nao,Quan 2,10.781686,106.737317,10.9,16.63,30.0,1,1
2023-09-14T22:00:00.000Z,Nguyen Trai,Quan 5,10.756225,106.66318,18.9,49.23,120.0,1,1
2023-11-15T14:00:00.000Z,Nguyen Trai,Quan 5,10.756986,106.664331,13.5,27.45,60.0,1,1
2024-01-02T20:00:00.000Z,Hoa Binh,Tan Phu,10.803242,106.621688,61.1,60.769999999999996,60.0,1,1
2023-05-07T02:00:00.000Z,Nguyen Anh Thu,Quan 12,10.877882,106.642906,5.0,21.5,60.0,1,1
2023-05-16T21:00:00.000Z,Vo Van Kiet,Quan 1,10.764011,106.699148,25.1,26.57,30.0,1,1
2023-06-09T21:00:00.000Z,Xo Viet Nghe Tinh,Binh Thanh,10.808352,106.709754,5.2,12.64,30.0,1,1
2023-06-29T21:00:00.000Z,Da Nam,Quan 8,10.741891,106.6726,18.4,84.88,240.0,1,1
2023-08-23T21:00:00.000Z,Quang Trung,Go Vap,10.839342,106.665053,11.2,16.84,30.0,1,1
2023-10-05T19:00:00.000Z,Pham Van Dong,Binh Thanh,10.817375,106.703764,10.6,25.419999999999998,60.0,1,1
2023-10-07T06:00:00.000Z,Hoa Binh,Tan Phu,10.803669,106.621848,14.3,28.009999999999998,60.0,1,1
2023-10-17T00:00:00.000Z,Phan Huy Ich,Go Vap,10.828818,106.671929,10.7,61.49,180.0,1,1
2023-10-26T15:00:00.000Z,Vo Van Ngan,Thu Duc,10.848523,106.770462,5.0,21.5,60.0,1,1
2023-11-06T07:00:00.000Z,Kha Van Can,Thu Duc,10.850924,106.754287,9.3,24.509999999999998,60.0,1,1
2023-12-01T21:00:00.000Z,Nguyen Trai,Quan 5,10.756959,106.663683,20.7,50.489999999999995,120.0,1,1
2024-01-06T12:00:00.000Z,Kha Van Can,Thu Duc,10.85033,106.75267,9.7,15.79,30.0,1,1
2024-08-24T16:00:00.000Z,Tan Ky Tan Quy,Binh Tan,10.78682,106.603521,16.4,83.48,240.0,1,1
2023-01-02T15:00:00.000Z,Tam Binh,Thu Duc,10.861055,106.74029,11.1,34.769999999999996,90.0,1,1
2023-01-25T11:00:00.000Z,Xo Viet Nghe Tinh,Binh Thanh,10.8065,106.713399,25.1,35.57,60.0,1,1
2023-02-13T23:00:00.000Z,Vo Van Ngan,Thu Duc,10.852117,106.772621,15.4,28.78,60.0,1,1
2023-03-07T21:00:00.000Z,Phan Huy Ich,Go Vap,10.829991,106.67141,5.3,21.71,60.0,1,1
2023-04-26T15:00:00.000Z,Ung Van Khiem,Binh Thanh,10.811082,106.710696,5.0,30.5,90.0,1,1
2023-05-05T23:00:00.000Z,CMT8,Quan 3,10.783349,106.681322,20.6,32.42,60.0,1,1
2023-08-17T07:00:00.000Z,Hau Giang,Quan 6,10.748382,106.638626,14.4,19.08,30.0,1,1
2023-09-14T19:00:00.000Z,Pham Van Dong,Binh Thanh,10.81956,106.701731,11.4,25.98,60.0,1,1
2023-12-31T01:00:00.000Z,Pham Van Dong,Binh Thanh,10.817174,106.702807,20.9,41.629999999999995,90.0,1,1
2024-05-02T08:00:00.000Z,Le Thi Rieng,Quan 12,10.863463,106.646549,9.0,15.3,30.0,1,1
2024-05-19T22:00:00.000Z,Kinh Duong Vuong,Quan 6,10.741642,106.614478,50.4,107.28,240.0,1,1
2024-08-10T01:00:00.000Z,No Trang Long,Binh Thanh,10.817247,106.697011,24.0,43.8,90.0,1,1
2024-08-17T17:00:00.000Z,Nguyen Trai,Quan 5,10.757693,106.662632,6.2,13.34,30.0,1,1
2023-02-17T04:00:00.000Z,No Trang Long,Binh Thanh,10.816839,106.696945,29.1,92.37,240.0,1,1
2023-03-02T17:00:00.000Z,Nguyen Thi Thap,Quan 7,10.742223,106.715497,50.7,44.49,30.0,1,1
2023-07-13T02:00:00.000Z,Ta Quang Buu,Quan 8,10.744529,106.666467,30.4,30.279999999999998,30.0,1,1
2023-08-27T16:00:00.000Z,Huynh Tan Phat,Quan 7,10.727084,106.722195,14.6,28.22,60.0,1,1
2023-09-10T13:00:00.000Z,Ma Lo,Binh Tan,10.762516,106.61242,11.4,34.98,90.0,1,1
2023-10-18T09:00:00.000Z,Hau Giang,Quan 6,10.745738,106.638497,26.3,72.41,180.0,1,1
2024-01-06T03:00:00.000Z,Nguyen Thi Thap,Quan 7,10.741202,106.717336,6.5,13.55,30.0,1,1
2024-01-31T19:00:00.000Z,Le Dinh Can,Binh Tan,10.768397,106.597359,32.0,40.4,60.0,1,1
2024-05-03T06:00:00.000Z,CMT8,Quan 3,10.782968,106.679488,20.9,32.629999999999995,60.0,1,1
2024-05-12T19:00:00.000Z,Linh Dong,Thu Duc,10.86387,106.766678,24.9,26.429999999999996,30.0,1,1
2024-07-25T15:00:00.000Z,Nguyen Thi Thap,Quan 7,10.742415,106.717311,20.1,32.07,60.0,1,1
2023-01-02T21:00:00.000Z,Le Dinh Can,Binh Tan,10.765443,106.594616,18.7,31.089999999999996,60.0,1,1
2023-02-08T05:00:00.000Z,To Ky,Quan 12,10.867292,106.633479,5.9,22.13,60.0,1,1
2023-02-11T20:00:00.000Z,Pham Van Dong,Binh Thanh,10.818047,106.703984,24.5,44.15,90.0,1,1
2023-05-15T12:00:00.000Z,Thoai Ngoc Hau,Tan Phu,10.786168,106.628816,18.8,22.16,30.0,1,1
2023-09-22T00:00:00.000Z,Vo Van Kiet,Quan 1,10.761846,106.70017,20.1,50.07,120.0,1,1
2024-01-01T08:00:00.000Z,Tan Ky Tan Quy,Binh Tan,10.786587,106.601676,28.3,46.81,90.0,1,1
2024-02-01T21:00:00.000Z,Lam Van Ben,Quan 7,10.720299,106.68558,6.9,31.83,90.0,1,1
2024-06-06T00:00:00.000Z,Nguyen Van Khoi,Go Vap,10.828058,106.695476,13.8,27.66,60.0,1,1
2024-07-09T07:00:00.000Z,Do Xuan Hop,Thu Duc,10.833679,106.780644,39.7,45.79,60.0,1,1
2024-08-04T15:00:00.000Z,Nguyen Van Qua,Quan 12,10.854547,106.662192,11.8,62.26,180.0,1,1
2023-04-04T05:00:00.000Z,Ma Lo,Binh Tan,10.764089,106.612568,15.3,19.71,30.0,1,1
2023-08-12T20:00:00.000Z,Thoai Ngoc Hau,Tan Phu,10.786076,106.628875,24.0,88.8,240.0,1,1
2023-12-29T15:00:00.000Z,Phan Huy Ich,Go Vap,10.830713,106.671706,50.6,53.42,60.0,1,1
2024-01-27T13:00:00.000Z,Pham The Hien,Quan 8,10.728898,106.682824,11.8,35.26,90.0,1,1
2024-03-17T01:00:00.000Z,Nguyen Van Khoi,Go Vap,10.830175,106.694139,14.6,19.22,30.0,1,1
2024-04-15T06:00:00.000Z,Tran Nao,Quan 2,10.784865,106.734855,11.2,79.84,240.0,1,1
2024-06-09T15:00:00.000Z,Ma Lo,Binh Tan,10.765095,106.611507,21.8,24.259999999999998,30.0,1,1
2023-01-13T19:00:00.000Z,Thoai Ngoc Hau,Tan Phu,10.787538,106.627556,24.7,26.29,30.0,1,1
2023-03-15T22:00:00.000Z,Tran Nao,Quan 2,10.781619,106.734536,16.9,38.83,90.0,1,1
2023-03-29T15:00:00.000Z,Nguyen Van Qua,Quan 12,10.853028,106.663307,9.1,33.37,90.0,1,1
2023-06-02T19:00:00.000Z,CMT8,Quan 3,10.781793,106.681569,29.5,29.65,30.0,1,1
2023-08-24T06:00:00.000Z,Kha Van Can,Thu Duc,10.851548,106.755012,9.3,42.51,120.0,1,1
2023-10-19T22:00:00.000Z,Da Nam,Quan 8,10.74066,106.675386,6.8,22.759999999999998,60.0,1,1
2023-10-29T16:00:00.000Z,Tran Xuan Soan,Quan 7,10.750363,106.698396,10.2,25.14,60.0,1,1
2023-11-04T15:00:00.000Z,Le Van Viet,Thu Duc,10.846928,106.790616,5.0,21.5,60.0,1,1
2023-11-30T19:00:00.000Z,Nguyen Van Qua,Quan 12,10.856061,106.662882,19.5,49.65,120.0,1,1
2023-12-06T09:00:00.000Z,Xo Viet Nghe Tinh,Binh Thanh,10.809488,106.710354,30.4,30.279999999999998,30.0,1,1
2024-01-01T20:00:00.000Z,Nguyen Van Khoi,Go Vap,10.829207,106.694521,29.6,74.72,180.0,1,1
2024-01-20T16:00:00.000Z,Nguyen Trai,Quan 5,10.755753,106.66548,10.6,34.42,90.0,1,1
2024-03-31T19:00:00.000Z,Tran Nao,Quan 2,10.782478,106.735899,18.5,21.95,30.0,1,1
2024-04-14T20:00:00.000Z,Ba Thang Hai,Quan 10,10.775323,106.668916,10.2,16.14,30.0,1,1
2024-04-21T12:00:00.000Z,CMT8,Quan 3,10.783001,106.679758,9.8,15.86,30.0,1,1
2024-05-10T03:00:00.000Z,Ta Quang Buu,Quan 8,10.742816,106.662912,19.6,31.72,60.0,1,1
2024-05-24T22:00:00.000Z,Nguyen Van Qua,Quan 12,10.855461,106.661829,16.1,65.27,180.0,1,1
2024-07-18T21:00:00.000Z,Nguyen Huu Canh,Binh Thanh,10.789342,106.723357,15.7,37.989999999999995,90.0,1,1
2024-08-27T00:00:00.000Z,Thoai Ngoc Hau,Tan Phu,10.785658,106.629684,23.4,34.379999999999995,60.0,1,1
2023-04-17T07:00:00.000Z,Xo Viet Nghe Tinh,Binh Thanh,10.807696,106.710141,8.4,32.88,90.0,1,1
2023-09-27T09:00:00.000Z,Nguyen Van Qua,Quan 12,10.853069,106.664492,24.2,34.94,60.0,1,1
2023-11-05T09:00:00.000Z,Binh Long,Tan Phu,10.799285,106.614978,14.7,46.29,120.0,1,1
2023-12-29T08:00:00.000Z,Ung Van Khiem,Binh Thanh,10.812476,106.711008,8.2,41.74,120.0,1,1
2024-04-07T10:00:00.000Z,Le Thi Rieng,Quan 12,10.863297,106.649087,21.5,42.05,90.0,1,1
2024-04-08T20:00:00.000Z,Hoa Binh,Tan Phu,10.804468,106.624083,13.6,81.52,240.0,1,1
2024-04-19T07:00:00.000Z,Vo Van Kiet,Quan 1,10.764246,106.697151,5.0,75.5,240.0,1,1
2023-01-28T21:00:00.000Z,Pham The Hien,Quan 8,10.728354,106.682647,5.0,39.5,120.0,1,1
2023-02-27T23:00:00.000Z,Vo Van Ngan,Thu Duc,10.850877,106.770591,14.0,27.799999999999997,60.0,1,1
2023-07-28T12:00:00.000Z,Le Dinh Can,Binh Tan,10.768121,106.596464,38.5,35.95,30.0,1,1
2023-10-18T05:00:00.000Z,Nguyen Van Qua,Quan 12,10.852712,106.661861,9.1,24.369999999999997,60.0,1,1
2023-10-23T08:00:00.000Z,Nguyen Trai,Quan 5,10.757219,106.662808,20.7,41.489999999999995,90.0,1,1
2024-03-31T07:00:00.000Z,Ta Quang Buu,Quan 8,10.74555,106.665106,21.6,24.119999999999997,30.0,1,1
2024-05-05T08:00:00.000Z,Da Nam,Quan 8,10.74303,106.671651,19.8,40.86,90.0,1,1
2024-05-06T22:00:00.000Z,Ba Thang Hai,Quan 10,10.773379,106.671861,30.0,30.0,30.0,1,1
2024-05-10T14:00:00.000Z,Ung Van Khiem,Binh Thanh,10.812015,106.712188,14.7,82.28999999999999,240.0,1,1
2024-08-30T09:00:00.000Z,Xo Viet Nghe Tinh,Binh Thanh,10.808338,106.713438,20.4,50.28,120.0,1,1
2024-08-30T19:00:00.000Z,Ta Quang Buu,Quan 8,10.743512,106.665603,9.1,78.37,240.0,1,1
2023-04-07T10:00:00.000Z,Nguyen Van Khoi,Go Vap,10.830455,106.692712,5.6,12.92,30.0,1,1
2023-06-30T03:00:00.000Z,Tan Ky Tan Quy,Binh Tan,10.786915,106.601461,14.3,46.01,120.0,1,1
2023-08-15T03:00:00.000Z,Xo Viet Nghe Tinh,Binh Thanh,10.807073,106.711517,16.0,65.2,180.0,1,1
2024-01-04T17:00:00.000Z,To Ky,Quan 12,10.867857,106.63246,5.0,39.5,120.0,1,1
2023-05-28T07:00:00.000Z,Huynh Tan Phat,Quan 7,10.728211,106.723888,13.7,45.589999999999996,120.0,1,1
2023-06-14T21:00:00.000Z,Le Van Luong,Quan 7,10.736381,106.704661,11.7,35.19,90.0,1,1
2023-08-19T18:00:00.000Z,Phan Huy Ich,Go Vap,10.827783,106.671271,10.7,61.49,180.0,1,1
2023-08-25T15:00:00.000Z,Hau Giang,Quan 6,10.747295,106.639011,23.9,43.73,90.0,1,1
2023-09-09T08:00:00.000Z,Le Dinh Can,Binh Tan,10.767694,106.595946,15.2,19.64,30.0,1,1
2023-12-15T21:00:00.000Z,Vo Van Ngan,Thu Duc,10.849333,106.773248,5.0,57.5,180.0,1,1
2024-02-14T15:00:00.000Z,Le Dinh Can,Binh Tan,10.765182,106.597071,11.2,34.839999999999996,90.0,1,1
2024-02-28T04:00:00.000Z,Le Van Luong,Quan 7,10.736257,106.703948,6.2,31.34,90.0,1,1
2024-03-10T13:00:00.000Z,Nguyen Van Qua,Quan 12,10.855125,106.660637,11.7,17.189999999999998,30.0,1,1
2024-04-03T16:00:00.000Z,Kha Van Can,Thu Duc,10.850221,106.753392,6.3,13.41,30.0,1,1
2024-08-19T23:00:00.000Z,Le Dinh Can,Binh Tan,10.765324,106.596121,6.0,22.2,60.0,1,1
2024-08-24T00:00:00.000Z,Huynh Tan Phat,Quan 7,10.727249,106.721997,5.0,57.5,180.0,1,1
2023-05-12T14:00:00.000Z,An Duong Vuong,Quan 6,10.753614,106.646469,8.7,24.09,60.0,1,1
2023-05-27T15:00:00.000Z,No Trang Long,Binh Thanh,10.814904,106.698863,18.0,39.6,90.0,1,1
2023-07-03T11:00:00.000Z,Le Thi Rieng,Quan 12,10.860926,106.650364,11.9,26.33,60.0,1,1
2023-11-14T14:00:00.000Z,Linh Dong,Thu Duc,10.866078,106.766085,10.3,34.21,90.0,1,1
2023-11-15T14:00:00.000Z,Thoai Ngoc Hau,Tan Phu,10.787828,106.630118,8.5,14.95,30.0,1,1
2024-02-14T19:00:00.000Z,Nguyen Thi Thap,Quan 7,10.743233,106.717492,20.1,23.07,30.0,1,1
2024-06-27T02:00:00.000Z,Tran Xuan Soan,Quan 7,10.751644,106.697508,16.4,20.479999999999997,30.0,1,1
2023-03-17T05:00:00.000Z,Binh Long,Tan Phu,10.79923,106.615045,16.3,29.41,60.0,1,1
2023-06-27T04:00:00.000Z,No Trang Long,Binh Thanh,10.81601,106.696573,15.9,29.13,60.0,1,1
2023-07-31T00:00:00.000Z,Nguyen Thi Thap,Quan 7,10.741025,106.715457,5.0,57.5,180.0,1,1
2023-08-27T04:00:00.000Z,Thoai Ngoc Hau,Tan Phu,10.785302,106.629567,5.0,12.5,30.0,1,1
2023-10-09T07:00:00.000Z,Le Thi Rieng,Quan 12,10.863461,106.646577,5.1,30.57,90.0,1,1
2023-12-14T07:00:00.000Z,Lam Van Ben,Quan 7,10.718258,106.683985,25.2,35.64,60.0,1,1
2024-01-23T05:00:00.000Z,Huynh Tan Phat,Quan 7,10.729097,106.724262,13.6,63.519999999999996,180.0,1,1
2024-01-30T03:00:00.000Z,Binh Long,Tan Phu,10.799438,106.617471,18.2,30.74,60.0,1,1
2024-03-01T17:00:00.000Z,Tam Binh,Thu Duc,10.861951,106.737558,21.3,32.91,60.0,1,1
2024-08-17T11:00:00.000Z,Nguyen Thi Thap,Quan 7,10.740742,106.717432,6.1,22.27,60.0,1,1
2023-02-10T22:00:00.000Z,Tran Xuan Soan,Quan 7,10.751477,106.696958,24.7,35.29,60.0,1,1
2023-05-30T05:00:00.000Z,Nguyen Thi Thap,Quan 7,10.743152,106.714766,14.9,28.43,60.0,1,1
2023-08-16T08:00:00.000Z,Le Dinh Can,Binh Tan,10.765535,106.596128,10.6,34.42,90.0,1,1
2023-08-19T05:00:00.000Z,Vo Van Ngan,Thu Duc,10.851567,106.772916,10.6,25.419999999999998,60.0,1,1
2023-10-30T12:00:00.000Z,Nguyen Van Khoi,Go Vap,10.827243,106.692264,9.4,33.58,90.0,1,1
2023-11-03T16:00:00.000Z,Phan Huy Ich,Go Vap,10.829228,106.671404,5.0,21.5,60.0,1,1
2023-12-21T18:00:00.000Z,Nguyen Van Qua,Quan 12,10.85567,106.661552,10.8,34.56,90.0,1,1
2023-12-29T19:00:00.000Z,To Ky,Quan 12,10.867216,106.632526,8.8,15.16,30.0,1,1
2024-01-31T12:00:00.000Z,Linh Dong,Thu Duc,10.864727,106.765196,20.7,32.489999999999995,60.0,1,1
2024-02-16T08:00:00.000Z,Le Van Viet,Thu Duc,10.843071,106.788647,8.5,14.95,30.0,1,1
2024-06-25T18:00:00.000Z,An Duong Vuong,Quan 6,10.752959,106.645533,6.4,40.48,120.0,1,1
2023-05-15T05:00:00.000Z,An Duong Vuong,Quan 6,10.756082,106.645282,5.4,30.78,90.0,1,1
2023-06-10T07:00:00.000Z,Binh Long,Tan Phu,10.799712,106.616891,80.1,92.07,120.0,1,1
2023-07-10T08:00:00.000Z,Quang Trung,Go Vap,10.836277,106.663181,5.0,30.5,90.0,1,1
2023-08-28T18:00:00.000Z,Binh Long,Tan Phu,10.799448,106.613515,15.1,28.57,60.0,1,1
2023-09-23T21:00:00.000Z,Hoa Binh,Tan Phu,10.803848,106.621104,40.0,46.0,60.0,1,1
2023-11-02T08:00:00.000Z,Tan Ky Tan Quy,Binh Tan,10.787749,106.604378,23.3,43.31,90.0,1,1
2023-01-06T12:00:00.000Z,CMT8,Quan 3,10.782319,106.680072,19.7,40.79,90.0,1,1
2023-01-10T10:00:00.000Z,Vo Van Ngan,Thu Duc,10.849411,106.773974,18.9,31.229999999999997,60.0,1,1
2023-01-30T00:00:00.000Z,Le Van Luong,Quan 7,10.736693,106.705814,5.0,30.5,90.0,1,1
2023-02-10T05:00:00.000Z,Quang Trung,Go Vap,10.839501,106.662716,21.6,51.12,120.0,1,1
2023-08-06T05:00:00.000Z,Le Van Luong,Quan 7,10.735193,106.705891,5.3,21.71,60.0,1,1
2023-09-17T03:00:00.000Z,Vo Van Ngan,Thu Duc,10.850326,106.771576,19.5,40.65,90.0,1,1
2023-10-01T09:00:00.000Z,Kha Van Can,Thu Duc,10.850042,106.754685,6.3,22.41,60.0,1,1
2023-12-09T03:00:00.000Z,Le Thi Rieng,Quan 12,10.861001,106.647416,26.7,45.69,90.0,1,1
2024-01-05T15:00:00.000Z,Pham Van Dong,Binh Thanh,10.818501,106.701113,5.0,12.5,30.0,1,1
2024-01-14T21:00:00.000Z,Tran Nao,Quan 2,10.783789,106.738018,25.0,35.5,60.0,1,1
2024-01-26T21:00:00.000Z,Quang Trung,Go Vap,10.839531,106.663183,27.0,36.9,60.0,1,1
2024-04-18T08:00:00.000Z,Nguyen Van Khoi,Go Vap,10.829553,106.692481,28.5,28.95,30.0,1,1
2023-02-05T11:00:00.000Z,Tran Xuan Soan,Quan 7,10.750846,106.699717,5.0,21.5,60.0,1,1
2023-03-20T08:00:00.000Z,Phan Huy Ich,Go Vap,10.829324,106.670998,28.6,29.02,30.0,1,1
2023-03-21T06:00:00.000Z,Hoa Binh,Tan Phu,10.803749,106.623829,13.9,36.730000000000004,90.0,1,1
2023-03-21T18:00:00.000Z,Ma Lo,Binh Tan,10.764302,106.614284,13.3,27.310000000000002,60.0,1,1
2023-06-01T11:00:00.000Z,Nguyen Thi Thap,Quan 7,10.743259,106.717345,6.2,22.34,60.0,1,1
2023-08-08T13:00:00.000Z,Do Xuan Hop,Thu Duc,10.835453,106.784069,9.8,42.86,120.0,1,1
2023-08-31T12:00:00.000Z,Da Nam,Quan 8,10.740822,106.671562,14.1,36.87,90.0,1,1
2023-10-15T06:00:00.000Z,CMT8,Quan 3,10.780566,106.680724,20.0,41.0,90.0,1,1
2023-12-03T00:00:00.000Z,Nguyen Van Qua,Quan 12,10.852881,106.663411,15.7,37.989999999999995,90.0,1,1
2024-02-06T04:00:00.000Z,Nguyen Anh Thu,Quan 12,10.878871,106.644986,16.5,29.549999999999997,60.0,1,1
2024-02-18T10:00:00.000Z,Nguyen Thi Thap,Quan 7,10.742941,106.714782,8.4,14.879999999999999,30.0,1,1
2024-04-27T08:00:00.000Z,Ta Quang Buu,Quan 8,10.746059,106.663697,5.2,30.64,90.0,1,1
2024-06-09T22:00:00.000Z,An Duong Vuong,Quan 6,10.756415,106.643246,38.7,36.09,30.0,1,1
2024-06-21T09:00:00.000Z,Kinh Duong Vuong,Quan 6,10.742959,106.613879,15.4,64.78,180.0,1,1
2024-06-24T09:00:00.000Z,Phan Huy Ich,Go Vap,10.829503,106.674456,28.9,38.23,60.0,1,1
2024-07-07T13:00:00.000Z,To Ky,Quan 12,10.864676,106.631864,13.3,45.31,120.0,1,1
2023-04-13T10:00:00.000Z,CMT8,Quan 3,10.780346,106.68156,15.2,19.64,30.0,1,1
2024-04-18T08:00:00.000Z,Phan Huy Ich,Go Vap,10.827523,106.67392,12.0,26.4,60.0,1,1
2024-04-23T23:00:00.000Z,Nguyen Anh Thu,Quan 12,10.876328,106.646227,26.4,72.47999999999999,180.0,1,1
2024-05-03T03:00:00.000Z,Pham Van Dong,Binh Thanh,10.819427,106.702294,11.5,26.049999999999997,60.0,1,1
2024-05-04T14:00:00.000Z,Binh Long,Tan Phu,10.800648,106.616159,9.2,33.44,90.0,1,1
2024-05-20T08:00:00.000Z,Thoai Ngoc Hau,Tan Phu,10.786139,106.629683,29.5,38.65,60.0,1,1
2023-01-04T19:00:00.000Z,Phan Huy Ich,Go Vap,10.82751,106.672974,11.9,26.33,60.0,1,1
2023-05-04T09:00:00.000Z,Tan Ky Tan Quy,Binh Tan,10.787394,106.601174,5.0,39.5,120.0,1,1
2023-08-02T02:00:00.000Z,Le Van Luong,Quan 7,10.735313,106.704771,9.0,42.3,120.0,1,1
2023-08-11T18:00:00.000Z,Le Van Viet,Thu Duc,10.843339,106.787569,5.0,30.5,90.0,1,1
2023-12-10T06:00:00.000Z,Tran Nao,Quan 2,10.781928,106.736335,40.3,55.209999999999994,90.0,1,1
2024-03-21T09:00:00.000Z,Vo Van Kiet,Quan 1,10.763833,106.699654,23.8,34.66,60.0,1,1
2024-05-16T06:00:00.000Z,Binh Long,Tan Phu,10.798298,106.61612,10.5,34.35,90.0,1,1
2024-08-09T13:00:00.000Z,Le Van Luong,Quan 7,10.738041,106.70619,19.1,31.37,60.0,1,1
2023-01-29T19:00:00.000Z,Vo Van Kiet,Quan 1,10.763918,106.700272,20.9,32.629999999999995,60.0,1,1
2023-07-21T14:00:00.000Z,Kha Van Can,Thu Duc,10.85344,106.75593,6.8,31.759999999999998,90.0,1,1
2023-07-28T01:00:00.000Z,Le Van Viet,Thu Duc,10.84415,106.790065,5.0,12.5,30.0,1,1
2023-09-15T15:00:00.000Z,Nguyen Van Khoi,Go Vap,10.826847,106.694607,16.3,38.41,90.0,1,1
2023-10-17T04:00:00.000Z,Ma Lo,Binh Tan,10.765304,106.612729,5.0,21.5,60.0,1,1
2024-02-11T21:00:00.000Z,Da Nam,Quan 8,10.73967,106.673293,25.4,53.78,120.0,1,1
2024-04-10T23:00:00.000Z,Le Van Viet,Thu Duc,10.843437,106.790382,10.0,16.0,30.0,1,1
2024-04-19T16:00:00.000Z,Nguyen Anh Thu,Quan 12,10.875565,106.64532,13.7,27.589999999999996,60.0,1,1
2023-02-04T18:00:00.000Z,Le Van Luong,Quan 7,10.734693,106.707285,5.9,22.13,60.0,1,1
2023-03-04T20:00:00.000Z,Tran Nao,Quan 2,10.785282,106.735563,9.9,78.93,240.0,1,1
2023-04-22T09:00:00.000Z,Ba Thang Hai,Quan 10,10.776319,106.66925,39.2,45.44,60.0,1,1
2023-05-12T08:00:00.000Z,Le Thi Rieng,Quan 12,10.863364,106.648391,8.1,32.67,90.0,1,1
2023-12-26T15:00:00.000Z,Ma Lo,Binh Tan,10.764651,106.612934,20.6,68.42,180.0,1,1
2024-05-16T20:00:00.000Z,Binh Long,Tan Phu,10.79858,106.615891,25.5,35.849999999999994,60.0,1,1
2024-08-21T09:00:00.000Z,Tam Binh,Thu Duc,10.861945,106.738321,9.0,15.3,30.0,1,1
2023-04-05T04:00:00.000Z,Da Nam,Quan 8,10.741384,106.67342,11.6,26.119999999999997,60.0,1,1
2024-05-11T03:00:00.000Z,Tran Nao,Quan 2,10.783216,106.738452,5.9,13.129999999999999,30.0,1,1
2024-07-20T15:00:00.000Z,Nguyen Thi Thap,Quan 7,10.74191,106.715341,20.2,32.14,60.0,1,1
2024-08-17T02:00:00.000Z,Kha Van Can,Thu Duc,10.85265,106.755828,9.8,24.86,60.0,1,1
2023-01-18T22:00:00.000Z,Pham The Hien,Quan 8,10.725645,106.681522,8.6,42.019999999999996,120.0,1,1
2023-05-07T08:00:00.000Z,Do Xuan Hop,Thu Duc,10.831578,106.782117,14.1,45.87,120.0,1,1
2023-05-26T21:00:00.000Z,Ung Van Khiem,Binh Thanh,10.810724,106.710352,5.1,30.57,90.0,1,1
2024-04-21T05:00:00.000Z,To Ky,Quan 12,10.865853,106.632763,9.5,60.65,180.0,1,1
2024-06-14T00:00:00.000Z,Pham Van Dong,Binh Thanh,10.818421,106.703503,13.7,27.589999999999996,60.0,1,1
2024-07-26T00:00:00.000Z,Nguyen Thi Thap,Quan 7,10.742869,106.713844,9.3,60.51,180.0,1,1
2024-08-03T01:00:00.000Z,Tan Ky Tan Quy,Binh Tan,10.788798,106.602241,20.1,41.07,90.0,1,1
2023-03-08T14:00:00.000Z,Xo Viet Nghe Tinh,Binh Thanh,10.806899,106.710506,15.4,19.78,30.0,1,1
2023-07-11T08:00:00.000Z,Kha Van Can,Thu Duc,10.849636,106.752756,6.9,13.83,30.0,1,1
2023-07-28T20:00:00.000Z,Le Thi Rieng,Quan 12,10.859691,106.648894,21.7,42.19,90.0,1,1
2023-11-06T15:00:00.000Z,Huynh Tan Phat,Quan 7,10.727793,106.722851,10.7,16.49,30.0,1,1
2023-12-16T05:00:00.000Z,Xo Viet Nghe Tinh,Binh Thanh,10.805859,106.713195,25.9,90.13,240.0,1,1
2024-01-02T19:00:00.000Z,Linh Dong,Thu Duc,10.865517,106.766884,11.6,62.12,180.0,1,1
2024-02-21T22:00:00.000Z,Nguyen Anh Thu,Quan 12,10.879396,106.642613,16.8,29.759999999999998,60.0,1,1
2024-03-01T13:00:00.000Z,Phan Huy Ich,Go Vap,10.829763,106.67288,19.1,22.37,30.0,1,1
2024-04-02T16:00:00.000Z,Ma Lo,Binh Tan,10.761526,106.613772,8.0,14.6,30.0,1,1
2024-04-03T18:00:00.000Z,To Ky,Quan 12,10.867357,106.63091,5.0,75.5,240.0,1,1
2024-07-31T08:00:00.000Z,Hau Giang,Quan 6,10.746013,106.638708,23.8,25.66,30.0,1,1
2023-02-10T13:00:00.000Z,Tam Binh,Thu Duc,10.862628,106.739109,18.1,48.67,120.0,1,1
2023-06-04T08:00:00.000Z,Tan Ky Tan Quy,Binh Tan,10.789195,106.602744,11.8,44.26,120.0,1,1
2023-07-03T02:00:00.000Z,Nguyen Anh Thu,Quan 12,10.878928,106.643949,5.0,57.5,180.0,1,1
2024-01-14T07:00:00.000Z,Hau Giang,Quan 6,10.748098,106.638265,61.6,97.12,180.0,1,1
2024-03-10T07:00:00.000Z,CMT8,Quan 3,10.779905,106.681054,6.4,13.48,30.0,1,1
2024-04-13T17:00:00.000Z,Quang Trung,Go Vap,10.837449,106.662685,16.4,38.48,90.0,1,1
2024-04-29T13:00:00.000Z,CMT8,Quan 3,10.78092,106.681062,40.6,55.42,90.0,1,1
2023-02-08T15:00:00.000Z,Hoa Binh,Tan Phu,10.80455,106.621992,25.0,71.5,180.0,1,1
2023-03-25T06:00:00.000Z,To Ky,Quan 12,10.867003,106.630931,38.2,35.74,30.0,1,1
2023-04-08T09:00:00.000Z,Nguyen Anh Thu,Quan 12,10.87734,106.643226,28.0,37.599999999999994,60.0,1,1
2023-06-05T14:00:00.000Z,To Ky,Quan 12,10.865328,106.630356,20.2,23.14,30.0,1,1
2023-08-05T21:00:00.000Z,To Ky,Quan 12,10.865999,106.629875,16.1,20.27,30.0,1,1
2024-01-08T18:00:00.000Z,Le Dinh Can,Binh Tan,10.766042,106.59658,28.7,56.09,120.0,1,1
2024-03-09T22:00:00.000Z,No Trang Long,Binh Thanh,10.815628,106.698631,61.6,70.12,90.0,1,1
2024-07-29T17:00:00.000Z,Tran Xuan Soan,Quan 7,10.751764,106.698402,8.3,77.81,240.0,1,1
2023-01-28T11:00:00.000Z,Kinh Duong Vuong,Quan 6,10.74408,106.614002,23.6,43.519999999999996,90.0,1,1
2023-09-17T19:00:00.000Z,Do Xuan Hop,Thu Duc,10.834329,106.784483,18.9,31.229999999999997,60.0,1,1
2023-12-21T17:00:00.000Z,Quang Trung,Go Vap,10.83742,106.665392,16.9,29.83,60.0,1,1
2024-01-28T04:00:00.000Z,Tran Xuan Soan,Quan 7,10.751985,106.698971,38.3,80.81,180.0,1,1
2024-03-22T16:00:00.000Z,Ung Van Khiem,Binh Thanh,10.811263,106.709083,15.3,19.71,30.0,1,1
2024-04-21T08:00:00.000Z,Nguyen Van Khoi,Go Vap,10.829755,106.693804,28.2,73.74,180.0,1,1
2024-08-22T13:00:00.000Z,Le Van Luong,Quan 7,10.736379,106.705919,30.0,30.0,30.0,1,1
2023-02-27T03:00:00.000Z,Phan Huy Ich,Go Vap,10.83066,106.671436,11.4,34.98,90.0,1,1
2023-04-10T20:00:00.000Z,No Trang Long,Binh Thanh,10.815328,106.696621,9.0,24.3,60.0,1,1
2023-04-11T23:00:00.000Z,Hoa Binh,Tan Phu,10.805213,106.621936,41.9,38.33,30.0,1,1
2023-07-20T20:00:00.000Z,Le Van Viet,Thu Duc,10.844387,106.789864,5.0,30.5,90.0,1,1
2023-08-16T06:00:00.000Z,Kha Van Can,Thu Duc,10.853019,106.754398,21.7,33.19,60.0,1,1
2024-01-01T11:00:00.000Z,Vo Van Kiet,Quan 1,10.760648,106.697453,6.9,13.83,30.0,1,1
2024-04-23T13:00:00.000Z,Nguyen Anh Thu,Quan 12,10.8786,106.644486,11.5,26.049999999999997,60.0,1,1
2024-07-27T01:00:00.000Z,Tran Nao,Quan 2,10.785039,106.7357,16.0,38.2,90.0,1,1
2024-04-07T07:00:00.000Z,Nguyen Huu Canh,Binh Thanh,10.786539,106.722125,5.0,21.5,60.0,1,1
2024-06-26T07:00:00.000Z,Nguyen Huu Canh,Binh Thanh,10.78937,106.722557,39.8,99.86,240.0,1,1
2024-08-01T19:00:00.000Z,Tran Xuan Soan,Quan 7,10.752779,106.698434,6.8,31.759999999999998,90.0,1,1
2023-05-01T09:00:00.000Z,Le Thi Rieng,Quan 12,10.86191,106.647602,8.5,41.95,120.0,1,1
2023-06-21T01:00:00.000Z,Le Van Luong,Quan 7,10.738187,106.704777,5.0,12.5,30.0,1,1
2023-07-05T09:00:00.000Z,Ma Lo,Binh Tan,10.762513,106.612141,13.4,45.379999999999995,120.0,1,1
2023-07-30T11:00:00.000Z,Vo Van Kiet,Quan 1,10.764462,106.699327,21.9,33.33,60.0,1,1
2023-09-09T12:00:00.000Z,Kha Van Can,Thu Duc,10.851865,106.753959,9.9,24.93,60.0,1,1
2024-01-17T17:00:00.000Z,Do Xuan Hop,Thu Duc,10.832621,106.781162,23.9,52.73,120.0,1,1
2024-07-18T02:00:00.000Z,Le Dinh Can,Binh Tan,10.767952,106.594509,25.6,35.92,60.0,1,1
2023-11-14T21:00:00.000Z,Kha Van Can,Thu Duc,10.850905,106.756047,23.1,25.17,30.0,1,1
2024-04-03T22:00:00.000Z,Le Dinh Can,Binh Tan,10.76665,106.597627,19.4,31.58,60.0,1,1
2024-05-26T01:00:00.000Z,Tan Ky Tan Quy,Binh Tan,10.789934,106.601759,19.1,22.37,30.0,1,1
2024-05-31T15:00:00.000Z,Lam Van Ben,Quan 7,10.720346,106.682594,20.2,68.14,180.0,1,1
2023-02-08T20:00:00.000Z,Ma Lo,Binh Tan,10.763807,106.614505,8.5,59.95,180.0,1,1
2023-02-28T05:00:00.000Z,Hoa Binh,Tan Phu,10.805154,106.621036,21.3,32.91,60.0,1,1
2023-03-08T21:00:00.000Z,Nguyen Huu Canh,Binh Thanh,10.786681,106.721337,14.4,46.08,120.0,1,1
2023-03-31T17:00:00.000Z,Phan Huy Ich,Go Vap,10.831169,106.673515,14.0,36.8,90.0,1,1
2023-06-12T04:00:00.000Z,Le Thi Rieng,Quan 12,10.86039,106.64739,25.1,35.57,60.0,1,1
2023-06-25T17:00:00.000Z,Hau Giang,Quan 6,10.746223,106.641238,50.3,53.209999999999994,60.0,1,1
2023-09-23T00:00:00.000Z,Huynh Tan Phat,Quan 7,10.726785,106.723211,8.5,23.95,60.0,1,1
2023-12-29T17:00:00.000Z,Do Xuan Hop,Thu Duc,10.833761,106.78418,20.9,41.629999999999995,90.0,1,1
2024-01-09T19:00:00.000Z,Pham Van Dong,Binh Thanh,10.820075,106.703139,23.1,52.17,120.0,1,1
2024-01-22T18:00:00.000Z,Huynh Tan Phat,Quan 7,10.728765,106.720933,15.9,47.129999999999995,120.0,1,1
2024-08-08T06:00:00.000Z,Hau Giang,Quan 6,10.747562,106.637983,10.2,16.14,30.0,1,1
2023-02-10T09:00:00.000Z,Nguyen Van Qua,Quan 12,10.852969,106.663143,11.8,26.259999999999998,60.0,1,1
2023-02-28T11:00:00.000Z,Nguyen Van Qua,Quan 12,10.854428,106.663886,9.5,33.65,90.0,1,1
2023-06-07T09:00:00.000Z,Nguyen Anh Thu,Quan 12,10.877564,106.64355,15.4,46.78,120.0,1,1
2023-09-06T02:00:00.000Z,Kinh Duong Vuong,Quan 6,10.74212,106.614476,15.8,20.060000000000002,30.0,1,1
2023-10-28T10:00:00.000Z,Le Thi Rieng,Quan 12,10.860273,106.646913,49.5,52.65,60.0,1,1
2024-05-12T23:00:00.000Z,Nguyen Van Qua,Quan 12,10.853752,106.661561,25.1,35.57,60.0,1,1
2024-06-05T23:00:00.000Z,Hoa Binh,Tan Phu,10.803274,106.623027,24.1,43.870000000000005,90.0,1,1
2023-05-18T08:00:00.000Z,No Trang Long,Binh Thanh,10.814956,106.69743,15.5,46.85,120.0,1,1
2023-07-26T18:00:00.000Z,Thoai Ngoc Hau,Tan Phu,10.78846,106.628355,26.8,36.76,60.0,1,1
2023-10-31T09:00:00.000Z,Vo Van Ngan,Thu Duc,10.850093,106.77334,9.2,24.439999999999998,60.0,1,1
2023-04-13T05:00:00.000Z,No Trang Long,Binh Thanh,10.816316,106.698647,11.5,26.049999999999997,60.0,1,1
2023-05-31T23:00:00.000Z,Ung Van Khiem,Binh Thanh,10.811203,106.710197,11.7,44.19,120.0,1,1
2023-07-10T15:00:00.000Z,Tran Xuan Soan,Quan 7,10.75053,106.696557,26.9,54.83,120.0,1,1
2023-07-19T09:00:00.000Z,CMT8,Quan 3,10.780813,106.680642,10.7,25.49,60.0,1,1
2023-09-26T15:00:00.000Z,Tam Binh,Thu Duc,10.86379,106.738208,5.0,12.5,30.0,1,1
2024-01-02T10:00:00.000Z,Nguyen Huu Canh,Binh Thanh,10.787744,106.723438,14.0,27.799999999999997,60.0,1,1
2024-05-01T19:00:00.000Z,Nguyen Van Khoi,Go Vap,10.826622,106.693361,8.6,15.02,30.0,1,1
2024-05-02T22:00:00.000Z,Nguyen Thi Thap,Quan 7,10.74293,106.715351,25.6,53.92,120.0,1,1
2024-06-10T00:00:00.000Z,Nguyen Anh Thu,Quan 12,10.877822,106.642616,19.3,22.509999999999998,30.0,1,1
2024-06-15T19:00:00.000Z,Tam Binh,Thu Duc,10.86111,106.73676,11.8,44.26,120.0,1,1
2024-07-23T00:00:00.000Z,To Ky,Quan 12,10.867238,106.630858,13.8,27.66,60.0,1,1
2023-03-25T14:00:00.000Z,Pham Van Dong,Binh Thanh,10.818248,106.704462,14.0,63.8,180.0,1,1
2023-03-29T00:00:00.000Z,Nguyen Van Qua,Quan 12,10.853732,106.664359,18.6,67.02,180.0,1,1
2023-05-29T23:00:00.000Z,Kinh Duong Vuong,Quan 6,10.743243,106.615573,23.7,43.59,90.0,1,1
2023-06-15T15:00:00.000Z,Pham Van Dong,Binh Thanh,10.816546,106.701628,15.6,28.92,60.0,1,1
2023-09-12T22:00:00.000Z,Phan Huy Ich,Go Vap,10.828965,106.671134,9.6,33.72,90.0,1,1
2023-09-13T01:00:00.000Z,Phan Huy Ich,Go Vap,10.827949,106.672291,10.6,16.419999999999998,30.0,1,1
2023-09-14T23:00:00.000Z,Nguyen Huu Canh,Binh Thanh,10.789003,106.722512,24.3,44.01,90.0,1,1
2023-09-25T10:00:00.000Z,Linh Dong,Thu Duc,10.865507,106.764755,9.4,15.58,30.0,1,1
2023-11-29T18:00:00.000Z,Nguyen Van Khoi,Go Vap,10.828196,106.693428,20.9,23.629999999999995,30.0,1,1
2024-01-03T05:00:00.000Z,Kha Van Can,Thu Duc,10.849607,106.75328,10.9,16.63,30.0,1,1
2024-04-06T09:00:00.000Z,Nguyen Van Qua,Quan 12,10.85454,106.662454,13.1,18.17,30.0,1,1
2024-08-25T19:00:00.000Z,Le Van Luong,Quan 7,10.738322,106.703711,5.0,12.5,30.0,1,1
2023-01-03T03:00:00.000Z,No Trang Long,Binh Thanh,10.815172,106.698293,14.2,36.94,90.0,1,1
2023-03-09T21:00:00.000Z,Lam Van Ben,Quan 7,10.719322,106.685387,31.1,48.769999999999996,90.0,1,1
2023-04-05T04:00:00.000Z,Le Thi Rieng,Quan 12,10.862837,106.649122,16.5,29.549999999999997,60.0,1,1
2023-05-16T00:00:00.000Z,Hau Giang,Quan 6,10.748445,106.638216,16.4,29.479999999999997,60.0,1,1
2023-10-21T12:00:00.000Z,No Trang Long,Binh Thanh,10.815223,106.697861,8.1,32.67,90.0,1,1
2023-11-13T16:00:00.000Z,Kha Van Can,Thu Duc,10.850905,106.755871,5.0,30.5,90.0,1,1
2023-11-22T07:00:00.000Z,Huynh Tan Phat,Quan 7,10.726719,106.722499,10.3,16.21,30.0,1,1
2023-12-21T15:00:00.000Z,Le Thi Rieng,Quan 12,10.861208,106.648142,29.8,29.86,30.0,1,1
2024-02-01T20:00:00.000Z,Tran Xuan Soan,Quan 7,10.752777,106.696871,23.7,25.59,30.0,1,1
2023-08-19T15:00:00.000Z,Phan Huy Ich,Go Vap,10.830993,106.674102,25.0,35.5,60.0,1,1
2023-09-17T16:00:00.000Z,Da Nam,Quan 8,10.739699,106.672812,10.6,34.42,90.0,1,1
2023-11-05T09:00:00.000Z,Nguyen Trai,Quan 5,10.754834,106.662571,5.0,21.5,60.0,1,1
2023-11-08T20:00:00.000Z,Ma Lo,Binh Tan,10.763889,106.613705,11.8,17.259999999999998,30.0,1,1
2023-12-01T19:00:00.000Z,Le Thi Rieng,Quan 12,10.859505,106.646953,16.1,47.269999999999996,120.0,1,1
2023-12-06T18:00:00.000Z,Lam Van Ben,Quan 7,10.71753,106.686395,6.4,31.48,90.0,1,1
2024-01-19T09:00:00.000Z,Tam Binh,Thu Duc,10.86347,106.737992,16.6,20.62,30.0,1,1
2024-04-15T08:00:00.000Z,Nguyen Huu Canh,Binh Thanh,10.786821,106.721314,8.5,32.95,90.0,1,1
2024-05-24T22:00:00.000Z,Le Dinh Can,Binh Tan,10.765185,106.596527,29.0,92.3,240.0,1,1
2023-01-08T08:00:00.000Z,Phan Huy Ich,Go Vap,10.830644,106.672483,38.4,44.879999999999995,60.0,1,1
2023-07-08T02:00:00.000Z,No Trang Long,Binh Thanh,10.81571,106.695832,39.2,45.44,60.0,1,1
2023-11-02T18:00:00.000Z,Ta Quang Buu,Quan 8,10.744124,106.664793,14.6,19.22,30.0,1,1
2024-02-17T11:00:00.000Z,An Duong Vuong,Quan 6,10.754657,106.646363,14.0,36.8,90.0,1,1
2024-03-14T03:00:00.000Z,Da Nam,Quan 8,10.742342,106.674984,13.1,45.17,120.0,1,1
2023-01-27T20:00:00.000Z,Hau Giang,Quan 6,10.745393,106.638862,5.0,12.5,30.0,1,1
2023-03-18T14:00:00.000Z,Pham The Hien,Quan 8,10.726352,106.684432,6.4,40.48,120.0,1,1
2023-06-11T12:00:00.000Z,Nguyen Trai,Quan 5,10.756597,106.663036,14.8,37.36,90.0,1,1
2023-06-14T04:00:00.000Z,Linh Dong,Thu Duc,10.864987,106.765049,13.2,18.24,30.0,1,1
2023-10-12T16:00:00.000Z,Ung Van Khiem,Binh Thanh,10.810722,106.710851,29.9,38.92999999999999,60.0,1,1
2023-10-13T09:00:00.000Z,Phan Huy Ich,Go Vap,10.827738,106.672381,5.0,30.5,90.0,1,1
2023-11-03T21:00:00.000Z,Kinh Duong Vuong,Quan 6,10.744489,106.617328,25.6,71.92,180.0,1,1
2024-01-02T00:00:00.000Z,Ma Lo,Binh Tan,10.763041,106.612583,14.0,27.799999999999997,60.0,1,1
2024-03-07T17:00:00.000Z,Pham Van Dong,Binh Thanh,10.819218,106.703582,27.0,54.9,120.0,1,1
2024-05-19T09:00:00.000Z,To Ky,Quan 12,10.865618,106.630552,5.0,39.5,120.0,1,1
2024-05-29T15:00:00.000Z,Tran Nao,Quan 2,10.78414,106.73571,5.0,57.5,180.0,1,1
2024-07-13T11:00:00.000Z,To Ky,Quan 12,10.866536,106.629831,40.5,37.349999999999994,30.0,1,1
2024-08-21T05:00:00.000Z,Ba Thang Hai,Quan 10,10.772876,106.672059,15.1,19.57,30.0,1,1
2023-01-12T06:00:00.000Z,Nguyen Anh Thu,Quan 12,10.876828,106.645537,25.3,26.71,30.0,1,1
2023-01-19T18:00:00.000Z,Hau Giang,Quan 6,10.748272,106.640035,23.0,43.099999999999994,90.0,1,1
2023-03-19T21:00:00.000Z,Tran Nao,Quan 2,10.785182,106.735401,21.5,51.05,120.0,1,1
2023-04-19T22:00:00.000Z,Nguyen Anh Thu,Quan 12,10.876848,106.642694,5.0,21.5,60.0,1,1
2023-04-23T18:00:00.000Z,Le Van Viet,Thu Duc,10.845003,106.78867,15.3,19.71,30.0,1,1
2023-06-14T22:00:00.000Z,Nguyen Van Qua,Quan 12,10.854588,106.661619,18.2,30.74,60.0,1,1
2023-07-03T16:00:00.000Z,Pham Van Dong,Binh Thanh,10.81799,106.703105,11.4,16.98,30.0,1,1
2024-01-13T08:00:00.000Z,Da Nam,Quan 8,10.742805,106.675487,25.2,89.64,240.0,1,1
2024-02-28T03:00:00.000Z,Tam Binh,Thu Duc,10.863968,106.737195,5.0,39.5,120.0,1,1
2024-04-28T02:00:00.000Z,Le Van Luong,Quan 7,10.735654,106.70677,15.9,83.13,240.0,1,1
2023-01-09T17:00:00.000Z,To Ky,Quan 12,10.866411,106.632768,21.8,33.26,60.0,1,1
2023-03-25T07:00:00.000Z,Le Thi Rieng,Quan 12,10.860557,106.648878,8.5,77.95,240.0,1,1
2023-04-03T05:00:00.000Z,Vo Van Ngan,Thu Duc,10.852136,106.773259,14.0,36.8,90.0,1,1
2023-06-26T12:00:00.000Z,Ma Lo,Binh Tan,10.761647,106.612691,11.3,34.91,90.0,1,1
2023-07-14T12:00:00.000Z,An Duong Vuong,Quan 6,10.754522,106.646045,6.8,22.759999999999998,60.0,1,1
2023-09-30T16:00:00.000Z,Nguyen Thi Thap,Quan 7,10.740968,106.716782,26.8,54.76,120.0,1,1
2023-10-17T06:00:00.000Z,Tran Xuan Soan,Quan 7,10.750825,106.698317,5.7,21.99,60.0,1,1
2023-10-17T11:00:00.000Z,Nguyen Trai,Quan 5,10.757812,106.662938,10.6,16.419999999999998,30.0,1,1
2024-01-30T16:00:00.000Z,Le Van Viet,Thu Duc,10.84395,106.790227,5.6,21.919999999999998,60.0,1,1
2024-08-23T05:00:00.000Z,Tran Xuan Soan,Quan 7,10.753479,106.698722,39.2,45.44,60.0,1,1
2023-01-01T19:00:00.000Z,Nguyen Trai,Quan 5,10.756476,106.664718,21.3,50.91,120.0,1,1
2023-02-26T18:00:00.000Z,Linh Dong,Thu Duc,10.86602,106.766701,15.9,38.129999999999995,90.0,1,1
2023-08-31T04:00:00.000Z,Le Van Viet,Thu Duc,10.846053,106.788892,16.0,83.2,240.0,1,1
2023-09-17T03:00:00.000Z,To Ky,Quan 12,10.866386,106.632868,11.6,17.119999999999997,30.0,1,1
2024-01-11T09:00:00.000Z,Da Nam,Quan 8,10.742004,106.671982,31.1,57.769999999999996,120.0,1,1
2023-10-25T20:00:00.000Z,Tran Xuan Soan,Quan 7,10.75246,106.699197,8.7,24.09,60.0,1,1
2023-11-10T04:00:00.000Z,Nguyen Van Khoi,Go Vap,10.826881,106.691502,14.9,82.43,240.0,1,1
2024-03-18T13:00:00.000Z,Kinh Duong Vuong,Quan 6,10.742607,106.615205,11.7,35.19,90.0,1,1
2024-05-01T03:00:00.000Z,Le Dinh Can,Binh Tan,10.765687,106.594743,26.5,27.549999999999997,30.0,1,1
2024-05-16T16:00:00.000Z,Le Van Viet,Thu Duc,10.843462,106.787585,8.6,60.019999999999996,180.0,1,1
2024-05-26T07:00:00.000Z,Da Nam,Quan 8,10.741999,106.673782,23.2,34.239999999999995,60.0,1,1
2024-05-29T19:00:00.000Z,Do Xuan Hop,Thu Duc,10.834591,106.78126,9.3,33.51,90.0,1,1
2024-06-28T15:00:00.000Z,Xo Viet Nghe Tinh,Binh Thanh,10.807535,106.71041,5.1,12.57,30.0,1,1
2024-07-02T13:00:00.000Z,Ta Quang Buu,Quan 8,10.743464,106.665793,10.4,16.28,30.0,1,1
2024-07-14T05:00:00.000Z,Ba Thang Hai,Quan 10,10.774165,106.66926,6.7,58.69,180.0,1,1
2023-07-18T07:00:00.000Z,CMT8,Quan 3,10.780288,106.680283,24.4,71.08,180.0,1,1
2023-12-01T22:00:00.000Z,Quang Trung,Go Vap,10.836339,106.66566,18.3,84.81,240.0,1,1
2023-12-08T08:00:00.000Z,Kha Van Can,Thu Duc,10.850568,106.756451,40.6,55.42,90.0,1,1
2024-08-07T14:00:00.000Z,Xo Viet Nghe Tinh,Binh Thanh,10.807383,106.710958,10.0,16.0,30.0,1,1
2023-04-29T15:00:00.000Z,To Ky,Quan 12,10.866627,106.63239,21.1,23.77,30.0,1,1
2023-09-11T15:00:00.000Z,Ta Quang Buu,Quan 8,10.745663,106.664861,5.0,12.5,30.0,1,1
2023-09-24T23:00:00.000Z,No Trang Long,Binh Thanh,10.814558,106.697126,8.5,14.95,30.0,1,1
2023-11-09T00:00:00.000Z,Hau Giang,Quan 6,10.744762,106.63932,13.1,81.17,240.0,1,1
2024-01-21T10:00:00.000Z,Le Thi Rieng,Quan 12,10.860293,106.650318,9.7,33.79,90.0,1,1
2024-06-07T12:00:00.000Z,Le Van Luong,Quan 7,10.737597,106.703963,5.0,21.5,60.0,1,1
2024-07-27T23:00:00.000Z,Tan Ky Tan Quy,Binh Tan,10.789974,106.603261,13.2,36.239999999999995,90.0,1,1
2024-08-14T23:00:00.000Z,Nguyen Trai,Quan 5,10.755431,106.664484,13.6,45.519999999999996,120.0,1,1
2023-05-08T11:00:00.000Z,Da Nam,Quan 8,10.741023,106.673404,13.9,63.730000000000004,180.0,1,1
2023-05-31T21:00:00.000Z,Da Nam,Quan 8,10.742268,106.671677,9.3,24.509999999999998,60.0,1,1
2023-06-10T17:00:00.000Z,Thoai Ngoc Hau,Tan Phu,10.786298,106.629796,5.0,57.5,180.0,1,1
2023-06-12T07:00:00.000Z,Ma Lo,Binh Tan,10.764124,106.613836,20.1,68.07,180.0,1,1
2023-07-27T09:00:00.000Z,Nguyen Anh Thu,Quan 12,10.878484,106.645458,23.8,43.66,90.0,1,1
2023-08-15T23:00:00.000Z,Nguyen Trai,Quan 5,10.755119,106.662792,6.8,76.76,240.0,1,1
2023-08-21T22:00:00.000Z,Pham Van Dong,Binh Thanh,10.820436,106.700888,11.6,17.119999999999997,30.0,1,1
2023-08-27T05:00:00.000Z,Nguyen Van Khoi,Go Vap,10.829155,106.691833,18.8,67.16,180.0,1,1
2023-11-05T19:00:00.000Z,Ung Van Khiem,Binh Thanh,10.811751,106.712283,21.5,69.05,180.0,1,1
2023-12-29T00:00:00.000Z,Vo Van Kiet,Quan 1,10.761416,106.69734,15.4,28.78,60.0,1,1
2024-02-15T10:00:00.000Z,To Ky,Quan 12,10.867112,106.633321,26.6,54.620000000000005,120.0,1,1
2024-02-22T15:00:00.000Z,Thoai Ngoc Hau,Tan Phu,10.787897,106.627234,20.9,41.629999999999995,90.0,1,1
2024-05-12T23:00:00.000Z,Pham The Hien,Quan 8,10.728729,106.684306,11.8,80.26,240.0,1,1
2024-05-15T06:00:00.000Z,Ta Quang Buu,Quan 8,10.745427,106.664834,28.6,47.019999999999996,90.0,1,1
2024-06-13T08:00:00.000Z,Lam Van Ben,Quan 7,10.719827,106.683526,10.3,16.21,30.0,1,1
2023-01-06T22:00:00.000Z,Quang Trung,Go Vap,10.838361,106.665898,8.1,14.669999999999998,30.0,1,1
2023-03-21T03:00:00.000Z,Le Thi Rieng,Quan 12,10.861228,106.647073,19.1,31.37,60.0,1,1
2023-04-06T13:00:00.000Z,Nguyen Trai,Quan 5,10.758174,106.665433,5.6,30.919999999999998,90.0,1,1
2023-05-10T11:00:00.000Z,Le Dinh Can,Binh Tan,10.76772,106.595411,19.6,31.72,60.0,1,1
2023-06-22T02:00:00.000Z,Vo Van Ngan,Thu Duc,10.849326,106.773305,9.1,24.369999999999997,60.0,1,1
2023-08-13T10:00:00.000Z,Tam Binh,Thu Duc,10.863823,106.738654,15.0,19.5,30.0,1,1
2023-09-17T02:00:00.000Z,Tran Nao,Quan 2,10.783026,106.734656,13.7,18.589999999999996,30.0,1,1
2023-12-12T02:00:00.000Z,Kha Van Can,Thu Duc,10.851514,106.753771,31.0,30.7,30.0,1,1
2023-12-17T19:00:00.000Z,Da Nam,Quan 8,10.741302,106.674162,12.0,26.4,60.0,1,1
2024-01-01T11:00:00.000Z,Lam Van Ben,Quan 7,10.719134,106.685818,51.5,54.05,60.0,1,1
2024-01-11T10:00:00.000Z,Nguyen Huu Canh,Binh Thanh,10.786877,106.720793,5.0,12.5,30.0,1,1
2024-04-12T19:00:00.000Z,Do Xuan Hop,Thu Duc,10.831627,106.784175,29.6,56.72,120.0,1,1
2024-06-16T23:00:00.000Z,Le Thi Rieng,Quan 12,10.859981,106.64826,9.3,42.51,120.0,1,1
2024-08-10T19:00:00.000Z,Nguyen Huu Canh,Binh Thanh,10.787024,106.723498,25.0,35.5,60.0,1,1
2024-08-23T18:00:00.000Z,Lam Van Ben,Quan 7,10.718553,106.686277,8.8,78.16,240.0,1,1
2023-05-14T23:00:00.000Z,Ma Lo,Binh Tan,10.764346,106.612387,15.3,28.71,60.0,1,1
2023-10-25T00:00:00.000Z,Vo Van Ngan,Thu Duc,10.852053,106.772877,25.3,26.71,30.0,1,1
2024-02-06T13:00:00.000Z,Ma Lo,Binh Tan,10.762996,106.612974,16.4,20.479999999999997,30.0,1,1
2023-01-24T17:00:00.000Z,Nguyen Van Khoi,Go Vap,10.828363,106.691522,20.3,23.21,30.0,1,1
2023-07-08T20:00:00.000Z,Ung Van Khiem,Binh Thanh,10.813352,106.710679,21.1,86.77,240.0,1,1
2023-08-28T08:00:00.000Z,Tan Ky Tan Quy,Binh Tan,10.787719,106.603339,26.6,45.620000000000005,90.0,1,1
2023-10-17T23:00:00.000Z,Ta Quang Buu,Quan 8,10.743801,106.665541,15.9,38.129999999999995,90.0,1,1
2023-11-18T21:00:00.000Z,Nguyen Huu Canh,Binh Thanh,10.78774,106.721163,5.0,21.5,60.0,1,1
2023-12-23T17:00:00.000Z,Pham The Hien,Quan 8,10.725861,106.683772,21.8,24.259999999999998,30.0,1,1
2024-06-16T14:00:00.000Z,Vo Van Kiet,Quan 1,10.763648,106.699135,15.2,19.64,30.0,1,1
2024-06-26T09:00:00.000Z,Tran Xuan Soan,Quan 7,10.749876,106.699123,11.7,17.189999999999998,30.0,1,1
2023-02-08T07:00:00.000Z,Tran Xuan Soan,Quan 7,10.751917,106.698507,8.5,14.95,30.0,1,1
2023-02-17T18:00:00.000Z,Huynh Tan Phat,Quan 7,10.726725,106.721499,23.2,52.239999999999995,120.0,1,1
2023-04-06T06:00:00.000Z,Phan Huy Ich,Go Vap,10.831193,106.672657,14.5,28.15,60.0,1,1
2023-08-01T08:00:00.000Z,Hau Giang,Quan 6,10.748395,106.640485,20.4,41.28,90.0,1,1
2023-08-10T03:00:00.000Z,Pham Van Dong,Binh Thanh,10.81994,106.702806,20.4,32.28,60.0,1,1
2023-09-17T05:00:00.000Z,Kinh Duong Vuong,Quan 6,10.745485,106.614423,18.0,39.6,90.0,1,1
2023-10-02T12:00:00.000Z,To Ky,Quan 12,10.864993,106.632387,6.6,40.62,120.0,1,1
2023-10-09T13:00:00.000Z,Nguyen Trai,Quan 5,10.755811,106.66451,9.7,60.79,180.0,1,1
2023-10-21T11:00:00.000Z,Ma Lo,Binh Tan,10.764853,106.611799,11.5,17.049999999999997,30.0,1,1
2023-12-07T05:00:00.000Z,Lam Van Ben,Quan 7,10.717152,106.683575,5.0,12.5,30.0,1,1
2023-12-10T14:00:00.000Z,Linh Dong,Thu Duc,10.865848,106.764181,8.0,41.6,120.0,1,1
2024-03-14T21:00:00.000Z,Binh Long,Tan Phu,10.799145,106.615109,15.2,37.64,90.0,1,1
2024-07-30T09:00:00.000Z,Lam Van Ben,Quan 7,10.720128,106.684177,11.0,25.7,60.0,1,1
2024-08-29T15:00:00.000Z,Huynh Tan Phat,Quan 7,10.729887,106.720786,21.8,24.259999999999998,30.0,1,1
2023-02-17T09:00:00.000Z,Tran Nao,Quan 2,10.783729,106.73478,8.7,24.09,60.0,1,1
2023-03-28T13:00:00.000Z,Nguyen Van Khoi,Go Vap,10.829894,106.691849,10.8,34.56,90.0,1,1
2023-04-05T15:00:00.000Z,Binh Long,Tan Phu,10.797718,106.615965,23.8,34.66,60.0,1,1
2023-06-16T11:00:00.000Z,Ta Quang Buu,Quan 8,10.74363,106.664671,5.3,57.71,180.0,1,1
2023-08-17T09:00:00.000Z,Huynh Tan Phat,Quan 7,10.727888,106.722323,5.0,12.5,30.0,1,1
2024-01-07T18:00:00.000Z,Hau Giang,Quan 6,10.744644,106.639174,19.6,31.72,60.0,1,1
2024-04-20T01:00:00.000Z,Nguyen Huu Canh,Binh Thanh,10.788472,106.720701,5.7,30.99,90.0,1,1
2024-05-22T13:00:00.000Z,No Trang Long,Binh Thanh,10.817219,106.699244,6.6,31.619999999999997,90.0,1,1
2024-07-15T13:00:00.000Z,Nguyen Trai,Quan 5,10.754787,106.665711,6.4,13.48,30.0,1,1
2024-08-09T10:00:00.000Z,To Ky,Quan 12,10.867861,106.632322,5.7,12.99,30.0,1,1
2023-05-02T15:00:00.000Z,Phan Huy Ich,Go Vap,10.829295,106.672043,5.0,57.5,180.0,1,1
2023-06-05T04:00:00.000Z,Kinh Duong Vuong,Quan 6,10.742744,106.6151,5.7,21.99,60.0,1,1
2023-08-27T00:00:00.000Z,Le Thi Rieng,Quan 12,10.859706,106.64928,24.2,25.939999999999998,30.0,1,1
2024-02-08T23:00:00.000Z,Hoa Binh,Tan Phu,10.805607,106.621092,14.3,46.01,120.0,1,1
2024-02-23T16:00:00.000Z,Binh Long,Tan Phu,10.797598,106.613872,5.0,21.5,60.0,1,1
2024-02-25T20:00:00.000Z,Do Xuan Hop,Thu Duc,10.83418,106.782029,26.1,36.269999999999996,60.0,1,1
2024-03-02T19:00:00.000Z,Nguyen Trai,Quan 5,10.757419,106.665425,10.8,25.56,60.0,1,1
2024-04-30T20:00:00.000Z,An Duong Vuong,Quan 6,10.755955,106.642588,38.7,63.09,120.0,1,1
2023-03-02T19:00:00.000Z,Pham The Hien,Quan 8,10.726023,106.684456,23.9,25.729999999999997,30.0,1,1
2024-02-20T09:00:00.000Z,Pham Van Dong,Binh Thanh,10.820371,106.700932,5.9,31.13,90.0,1,1
2024-02-25T13:00:00.000Z,An Duong Vuong,Quan 6,10.754716,106.643774,38.1,35.67,30.0,1,1
2024-07-26T17:00:00.000Z,Nguyen Van Khoi,Go Vap,10.828154,106.693299,6.6,13.62,30.0,1,1
2023-03-25T11:00:00.000Z,Quang Trung,Go Vap,10.838012,106.66454,10.8,34.56,90.0,1,1
2023-04-08T16:00:00.000Z,Tran Xuan Soan,Quan 7,10.751586,106.696993,9.0,15.3,30.0,1,1
2023-10-24T04:00:00.000Z,Ba Thang Hai,Quan 10,10.77635,106.670288,5.3,12.709999999999999,30.0,1,1
2023-12-28T05:00:00.000Z,No Trang Long,Binh Thanh,10.816313,106.698271,5.0,21.5,60.0,1,1
2024-01-22T10:00:00.000Z,CMT8,Quan 3,10.780405,106.679655,13.6,27.52,60.0,1,1
2024-02-11T07:00:00.000Z,Nguyen Trai,Quan 5,10.757748,106.663742,18.9,22.229999999999997,30.0,1,1
2023-03-07T01:00:00.000Z,Nguyen Van Khoi,Go Vap,10.829143,106.691888,38.2,44.74,60.0,1,1
2023-03-20T10:00:00.000Z,Le Thi Rieng,Quan 12,10.85986,106.64698,51.6,90.12,180.0,1,1
2023-03-22T12:00:00.000Z,Lam Van Ben,Quan 7,10.719514,106.686356,31.0,30.7,30.0,1,1
2023-09-22T02:00:00.000Z,Linh Dong,Thu Duc,10.866396,106.764291,18.4,48.879999999999995,120.0,1,1
2023-11-17T11:00:00.000Z,Linh Dong,Thu Duc,10.862557,106.764364,25.2,26.639999999999997,30.0,1,1
2023-12-25T04:00:00.000Z,Tam Binh,Thu Duc,10.862195,106.736518,14.2,18.939999999999998,30.0,1,1
2024-03-07T14:00:00.000Z,Lam Van Ben,Quan 7,10.719148,106.686016,19.8,31.86,60.0,1,1
2024-05-02T08:00:00.000Z,Vo Van Ngan,Thu Duc,10.848642,106.772909,5.0,21.5,60.0,1,1
2024-08-09T14:00:00.000Z,Quang Trung,Go Vap,10.836385,106.664832,21.8,69.26,180.0,1,1
2024-08-22T04:00:00.000Z,Linh Dong,Thu Duc,10.864581,106.764534,25.4,53.78,120.0,1,1
2023-06-01T21:00:00.000Z,Nguyen Thi Thap,Quan 7,10.739694,106.714268,10.9,34.63,90.0,1,1
2023-07-20T16:00:00.000Z,Nguyen Huu Canh,Binh Thanh,10.7887,106.723021,16.6,38.620000000000005,90.0,1,1
2023-08-20T08:00:00.000Z,Ba Thang Hai,Quan 10,10.774117,106.670832,5.0,21.5,60.0,1,1
2023-10-04T06:00:00.000Z,Huynh Tan Phat,Quan 7,10.728878,106.721085,8.9,33.23,90.0,1,1
2024-02-21T20:00:00.000Z,Kha Van Can,Thu Duc,10.849556,106.756211,8.7,24.09,60.0,1,1
2024-04-07T19:00:00.000Z,Lam Van Ben,Quan 7,10.719807,106.683908,6.2,40.34,120.0,1,1
2023-03-05T08:00:00.000Z,Kha Van Can,Thu Duc,10.852435,106.752742,21.5,33.05,60.0,1,1
2023-04-19T20:00:00.000Z,Nguyen Van Qua,Quan 12,10.855889,106.663183,5.7,12.99,30.0,1,1
2023-05-09T21:00:00.000Z,Phan Huy Ich,Go Vap,10.827553,106.672447,16.7,38.69,90.0,1,1
2023-05-25T13:00:00.000Z,Quang Trung,Go Vap,10.839234,106.664769,26.7,36.69,60.0,1,1
2023-05-28T13:00:00.000Z,Hau Giang,Quan 6,10.745009,106.639259,14.0,36.8,90.0,1,1
2023-07-16T07:00:00.000Z,CMT8,Quan 3,10.781592,106.682138,11.8,44.26,120.0,1,1
2023-09-03T05:00:00.000Z,Tan Ky Tan Quy,Binh Tan,10.79017,106.603904,8.1,14.669999999999998,30.0,1,1
2023-09-05T08:00:00.000Z,Kinh Duong Vuong,Quan 6,10.742145,106.615504,23.7,25.59,30.0,1,1
2023-09-10T05:00:00.000Z,Nguyen Anh Thu,Quan 12,10.876109,106.645779,5.3,75.71,240.0,1,1
2023-09-28T02:00:00.000Z,Linh Dong,Thu Duc,10.866309,106.764756,8.3,32.81,90.0,1,1
2023-10-07T09:00:00.000Z,Da Nam,Quan 8,10.742969,106.671946,41.5,101.05,240.0,1,1
2024-01-18T18:00:00.000Z,Pham Van Dong,Binh Thanh,10.817294,106.703007,15.9,29.13,60.0,1,1
2024-06-19T22:00:00.000Z,Tran Nao,Quan 2,10.783645,106.73456,7.0,58.9,180.0,1,1
2023-02-22T20:00:00.000Z,Nguyen Van Qua,Quan 12,10.85482,106.662674,6.7,58.69,180.0,1,1
2023-04-19T02:00:00.000Z,An Duong Vuong,Quan 6,10.755816,106.643078,23.5,43.45,90.0,1,1
2023-04-30T17:00:00.000Z,Le Dinh Can,Binh Tan,10.764684,106.595909,40.0,46.0,60.0,1,1
2023-12-04T01:00:00.000Z,Ma Lo,Binh Tan,10.763129,106.612836,15.8,20.060000000000002,30.0,1,1
2024-01-18T10:00:00.000Z,Vo Van Kiet,Quan 1,10.761524,106.697576,16.7,29.689999999999998,60.0,1,1
2024-01-29T15:00:00.000Z,Nguyen Van Khoi,Go Vap,10.828545,106.694746,5.0,39.5,120.0,1,1
2024-02-06T12:00:00.000Z,An Duong Vuong,Quan 6,10.755631,106.644815,18.8,85.16,240.0,1,1
2024-02-10T11:00:00.000Z,Nguyen Thi Thap,Quan 7,10.742031,106.715062,16.8,38.76,90.0,1,1
2024-04-28T17:00:00.000Z,No Trang Long,Binh Thanh,10.81613,106.697123,16.6,83.62,240.0,1,1
2024-06-15T20:00:00.000Z,Phan Huy Ich,Go Vap,10.829422,106.673553,8.5,23.95,60.0,1,1
2024-07-15T12:00:00.000Z,Kinh Duong Vuong,Quan 6,10.745489,106.616312,40.8,64.56,120.0,1,1
2023-01-03T18:00:00.000Z,Nguyen Trai,Quan 5,10.75605,106.666168,11.7,62.19,180.0,1,1
2023-04-22T03:00:00.000Z,Le Dinh Can,Binh Tan,10.764721,106.598291,29.3,47.51,90.0,1,1
2023-04-30T08:00:00.000Z,Lam Van Ben,Quan 7,10.719254,106.684038,10.7,43.49,120.0,1,1
2023-06-18T10:00:00.000Z,Ba Thang Hai,Quan 10,10.7744,106.670627,5.3,30.71,90.0,1,1
2023-09-25T17:00:00.000Z,Quang Trung,Go Vap,10.838611,106.664933,18.2,48.739999999999995,120.0,1,1
2023-12-06T22:00:00.000Z,Kinh Duong Vuong,Quan 6,10.74293,106.614605,5.0,12.5,30.0,1,1
2024-02-18T12:00:00.000Z,Nguyen Van Qua,Quan 12,10.854631,106.66105,9.4,60.58,180.0,1,1
2024-03-02T18:00:00.000Z,Do Xuan Hop,Thu Duc,10.831625,106.782985,14.0,18.799999999999997,30.0,1,1
2024-07-15T13:00:00.000Z,Huynh Tan Phat,Quan 7,10.726926,106.723627,13.4,45.379999999999995,120.0,1,1
2024-08-14T20:00:00.000Z,Tam Binh,Thu Duc,10.861946,106.736624,13.2,36.239999999999995,90.0,1,1
2023-02-07T13:00:00.000Z,Vo Van Ngan,Thu Duc,10.8491,106.773488,14.8,28.36,60.0,1,1
2023-03-11T05:00:00.000Z,Da Nam,Quan 8,10.740665,106.673618,29.1,29.37,30.0,1,1
2023-03-12T22:00:00.000Z,Hoa Binh,Tan Phu,10.803697,106.624024,11.2,16.84,30.0,1,1
2023-04-23T10:00:00.000Z,CMT8,Quan 3,10.782053,106.68075,14.5,64.15,180.0,1,1
2023-05-25T23:00:00.000Z,Binh Long,Tan Phu,10.80118,106.616766,16.8,65.76,180.0,1,1
2023-06-02T12:00:00.000Z,Nguyen Van Qua,Quan 12,10.856137,106.663484,19.6,31.72,60.0,1,1
2023-07-03T22:00:00.000Z,Pham Van Dong,Binh Thanh,10.819032,106.701259,38.9,45.23,60.0,1,1
2023-08-07T14:00:00.000Z,CMT8,Quan 3,10.783073,106.679068,5.8,22.06,60.0,1,1
2023-08-30T08:00:00.000Z,Kha Van Can,Thu Duc,10.85236,106.756332,25.9,27.13,30.0,1,1
2024-02-02T00:00:00.000Z,Le Dinh Can,Binh Tan,10.765128,106.595893,5.0,30.5,90.0,1,1
2024-02-04T04:00:00.000Z,Hoa Binh,Tan Phu,10.802606,106.620698,10.9,34.63,90.0,1,1
2024-02-18T07:00:00.000Z,Ung Van Khiem,Binh Thanh,10.813917,106.709614,40.5,37.349999999999994,30.0,1,1
2024-04-06T12:00:00.000Z,Tran Nao,Quan 2,10.785129,106.737138,18.5,21.95,30.0,1,1
2024-06-06T13:00:00.000Z,Nguyen Huu Canh,Binh Thanh,10.788995,106.722403,5.1,21.57,60.0,1,1
2024-08-30T22:00:00.000Z,Kha Van Can,Thu Duc,10.849858,106.753931,30.6,48.42,90.0,1,1
2023-03-26T21:00:00.000Z,Huynh Tan Phat,Quan 7,10.727063,106.722218,6.8,31.759999999999998,90.0,1,1
2023-06-27T07:00:00.000Z,Nguyen Trai,Quan 5,10.758344,106.665254,13.2,36.239999999999995,90.0,1,1
2023-07-13T08:00:00.000Z,Nguyen Anh Thu,Quan 12,10.876788,106.64383,15.7,19.99,30.0,1,1
2023-11-29T15:00:00.000Z,Le Van Viet,Thu Duc,10.845536,106.790975,23.6,34.519999999999996,60.0,1,1
2024-03-16T11:00:00.000Z,Nguyen Huu Canh,Binh Thanh,10.787951,106.722662,16.6,20.62,30.0,1,1
2024-08-29T20:00:00.000Z,Vo Van Kiet,Quan 1,10.76167,106.699696,6.4,40.48,120.0,1,1
2023-02-15T04:00:00.000Z,Tran Nao,Quan 2,10.782879,106.736861,24.0,43.8,90.0,1,1
2023-03-21T08:00:00.000Z,Huynh Tan Phat,Quan 7,10.727296,106.721403,13.9,63.730000000000004,180.0,1,1
2023-03-23T10:00:00.000Z,Pham The Hien,Quan 8,10.728174,106.684752,8.6,42.019999999999996,120.0,1,1
2023-06-08T15:00:00.000Z,Do Xuan Hop,Thu Duc,10.832707,106.783465,38.8,36.16,30.0,1,1
2023-10-08T02:00:00.000Z,An Duong Vuong,Quan 6,10.752656,106.644478,11.4,34.98,90.0,1,1
2023-10-21T11:00:00.000Z,Da Nam,Quan 8,10.740889,106.67492,24.7,71.28999999999999,180.0,1,1
2023-11-12T10:00:00.000Z,Linh Dong,Thu Duc,10.863788,106.767093,5.0,12.5,30.0,1,1
2023-12-18T15:00:00.000Z,Vo Van Kiet,Quan 1,10.762918,106.69803,6.2,58.34,180.0,1,1
2024-01-16T14:00:00.000Z,No Trang Long,Binh Thanh,10.813636,106.697096,15.2,28.64,60.0,1,1
2024-03-12T09:00:00.000Z,Nguyen Van Khoi,Go Vap,10.828014,106.694605,50.5,44.349999999999994,30.0,1,1
2024-04-20T17:00:00.000Z,An Duong Vuong,Quan 6,10.753304,106.645902,11.3,25.91,60.0,1,1
2023-01-10T04:00:00.000Z,To Ky,Quan 12,10.867079,106.629597,40.6,64.42,120.0,1,1
2023-04-14T09:00:00.000Z,Pham The Hien,Quan 8,10.726859,106.685146,21.4,23.979999999999997,30.0,1,1
2023-05-05T18:00:00.000Z,Le Van Luong,Quan 7,10.735132,106.706871,11.1,79.77,240.0,1,1
2023-05-21T06:00:00.000Z,Tran Nao,Quan 2,10.785312,106.735664,5.2,21.64,60.0,1,1
2023-07-19T02:00:00.000Z,Phan Huy Ich,Go Vap,10.829855,106.672801,16.5,47.55,120.0,1,1
2023-09-20T12:00:00.000Z,Kinh Duong Vuong,Quan 6,10.744233,106.614413,26.4,36.48,60.0,1,1
2024-02-24T18:00:00.000Z,Vo Van Ngan,Thu Duc,10.851592,106.770973,25.1,89.57,240.0,1,1
2024-04-17T01:00:00.000Z,Hoa Binh,Tan Phu,10.802967,106.620978,14.8,28.36,60.0,1,1
2024-06-22T19:00:00.000Z,Thoai Ngoc Hau,Tan Phu,10.785316,106.630065,8.9,15.23,30.0,1,1
2024-07-02T06:00:00.000Z,CMT8,Quan 3,10.782046,106.681066,9.5,42.65,120.0,1,1
2023-07-09T00:00:00.000Z,Tran Xuan Soan,Quan 7,10.75098,106.69789,26.1,36.269999999999996,60.0,1,1
2023-07-25T02:00:00.000Z,Thoai Ngoc Hau,Tan Phu,10.784702,106.627624,11.0,43.7,120.0,1,1
2023-09-01T07:00:00.000Z,Ba Thang Hai,Quan 10,10.775527,106.671483,41.2,64.84,120.0,1,1
2023-09-23T00:00:00.000Z,Nguyen Van Khoi,Go Vap,10.828306,106.692971,38.9,54.23,90.0,1,1
2023-11-03T10:00:00.000Z,Lam Van Ben,Quan 7,10.720125,106.686311,23.5,43.45,90.0,1,1
2023-11-06T16:00:00.000Z,Le Thi Rieng,Quan 12,10.862198,106.646556,6.7,22.689999999999998,60.0,1,1
2023-11-11T01:00:00.000Z,Huynh Tan Phat,Quan 7,10.727328,106.721708,8.2,14.739999999999998,30.0,1,1
2023-11-16T01:00:00.000Z,Huynh Tan Phat,Quan 7,10.726762,106.724288,5.9,31.13,90.0,1,1
2023-11-20T19:00:00.000Z,Hau Giang,Quan 6,10.745906,106.640637,42.0,65.4,120.0,1,1
2023-11-22T08:00:00.000Z,Xo Viet Nghe Tinh,Binh Thanh,10.807005,106.711823,13.4,36.379999999999995,90.0,1,1
2024-01-13T01:00:00.000Z,Phan Huy Ich,Go Vap,10.829138,106.672711,9.2,78.44,240.0,1,1
2024-06-03T12:00:00.000Z,Thoai Ngoc Hau,Tan Phu,10.785698,106.627716,16.6,29.62,60.0,1,1
2024-08-17T07:00:00.000Z,Nguyen Van Khoi,Go Vap,10.826742,106.691534,5.4,39.78,120.0,1,1
2024-08-27T22:00:00.000Z,Nguyen Trai,Quan 5,10.755336,106.666341,11.8,17.259999999999998,30.0,1,1
2023-01-11T01:00:00.000Z,Phan Huy Ich,Go Vap,10.828402,106.671856,15.8,20.060000000000002,30.0,1,1
2023-01-23T23:00:00.000Z,Tam Binh,Thu Duc,10.863379,106.738711,16.5,47.55,120.0,1,1
2023-02-23T07:00:00.000Z,Tan Ky Tan Quy,Binh Tan,10.7903,106.600803,28.1,46.67,90.0,1,1
2023-02-27T07:00:00.000Z,Nguyen Huu Canh,Binh Thanh,10.78928,106.720633,51.8,90.25999999999999,180.0,1,1
2023-02-28T04:00:00.000Z,Nguyen Anh Thu,Quan 12,10.878333,106.64284,16.5,20.549999999999997,30.0,1,1
2023-05-05T07:00:00.000Z,Phan Huy Ich,Go Vap,10.831368,106.671198,16.1,29.27,60.0,1,1
2023-08-12T15:00:00.000Z,An Duong Vuong,Quan 6,10.755675,106.643701,25.1,26.57,30.0,1,1
2023-09-24T07:00:00.000Z,Nguyen Huu Canh,Binh Thanh,10.788623,106.72197,21.2,32.839999999999996,60.0,1,1
2024-04-26T20:00:00.000Z,Vo Van Ngan,Thu Duc,10.852245,106.772393,21.6,69.12,180.0,1,1
2023-02-19T17:00:00.000Z,Phan Huy Ich,Go Vap,10.830175,106.67155,9.7,15.79,30.0,1,1
2023-05-27T22:00:00.000Z,Nguyen Trai,Quan 5,10.757188,106.665253,9.6,33.72,90.0,1,1
2023-07-27T18:00:00.000Z,Kha Van Can,Thu Duc,10.85108,106.754367,15.7,46.989999999999995,120.0,1,1
2023-08-22T08:00:00.000Z,CMT8,Quan 3,10.783447,106.681371,20.2,68.14,180.0,1,1
2023-09-20T02:00:00.000Z,To Ky,Quan 12,10.868094,106.632667,10.3,25.21,60.0,1,1
2023-12-09T14:00:00.000Z,An Duong Vuong,Quan 6,10.754095,106.644388,28.3,46.81,90.0,1,1
2024-05-05T21:00:00.000Z,Nguyen Anh Thu,Quan 12,10.877256,106.643341,15.2,28.64,60.0,1,1
2024-07-08T11:00:00.000Z,Tan Ky Tan Quy,Binh Tan,10.787233,106.602377,19.0,31.299999999999997,60.0,1,1
2023-02-21T18:00:00.000Z,Huynh Tan Phat,Quan 7,10.729222,106.720587,11.9,44.33,120.0,1,1
2023-03-08T09:00:00.000Z,Ma Lo,Binh Tan,10.763962,106.611995,31.3,30.91,30.0,1,1
2023-05-06T12:00:00.000Z,Linh Dong,Thu Duc,10.863502,106.766484,19.1,22.37,30.0,1,1
2023-05-15T23:00:00.000Z,Nguyen Huu Canh,Binh Thanh,10.789113,106.721161,8.1,14.669999999999998,30.0,1,1
2024-05-17T00:00:00.000Z,Le Dinh Can,Binh Tan,10.76797,106.595596,11.0,25.7,60.0,1,1
2024-05-17T02:00:00.000Z,Vo Van Kiet,Quan 1,10.760903,106.699118,5.0,39.5,120.0,1,1
2024-07-03T21:00:00.000Z,Ta Quang Buu,Quan 8,10.746424,106.663537,15.5,19.85,30.0,1,1
2024-08-06T16:00:00.000Z,Tan Ky Tan Quy,Binh Tan,10.786675,106.602258,10.5,16.35,30.0,1,1
2023-01-18T04:00:00.000Z,Do Xuan Hop,Thu Duc,10.832763,106.780594,6.1,13.27,30.0,1,1
2023-03-11T00:00:00.000Z,Tran Nao,Quan 2,10.781736,106.735128,30.8,30.56,30.0,1,1
2023-04-05T19:00:00.000Z,Le Van Viet,Thu Duc,10.844905,106.791479,29.1,47.370000000000005,90.0,1,1
2023-06-16T14:00:00.000Z,Le Dinh Can,Binh Tan,10.764702,106.595899,30.6,48.42,90.0,1,1
2023-07-27T02:00:00.000Z,Le Van Luong,Quan 7,10.735395,106.704547,5.0,30.5,90.0,1,1
2023-08-18T14:00:00.000Z,Tran Nao,Quan 2,10.783137,106.736907,21.6,33.12,60.0,1,1
2024-05-30T05:00:00.000Z,Tan Ky Tan Quy,Binh Tan,10.790476,106.600543,81.9,75.33,60.0,1,1
2024-07-01T14:00:00.000Z,Thoai Ngoc Hau,Tan Phu,10.785273,106.627984,13.9,36.730000000000004,90.0,1,1
2024-08-20T11:00:00.000Z,Hau Giang,Quan 6,10.745254,106.637807,48.6,61.019999999999996,90.0,1,1
2023-07-20T11:00:00.000Z,Nguyen Trai,Quan 5,10.755883,106.664014,15.3,28.71,60.0,1,1
2023-11-18T13:00:00.000Z,Le Thi Rieng,Quan 12,10.862613,106.647957,14.8,28.36,60.0,1,1
2024-06-01T00:00:00.000Z,Vo Van Kiet,Quan 1,10.764207,106.698173,11.5,26.049999999999997,60.0,1,1
2024-07-20T18:00:00.000Z,An Duong Vuong,Quan 6,10.755232,106.646302,15.2,19.64,30.0,1,1
2023-10-21T02:00:00.000Z,Le Dinh Can,Binh Tan,10.767684,106.598212,5.4,75.78,240.0,1,1
2023-12-31T00:00:00.000Z,Do Xuan Hop,Thu Duc,10.83428,106.782075,20.4,32.28,60.0,1,1
2024-01-12T06:00:00.000Z,Tran Nao,Quan 2,10.784359,106.735135,58.9,50.23,30.0,1,1
2024-02-12T06:00:00.000Z,Le Dinh Can,Binh Tan,10.766358,106.595337,5.0,57.5,180.0,1,1
2024-04-17T02:00:00.000Z,Ta Quang Buu,Quan 8,10.745146,106.664625,5.0,30.5,90.0,1,1
2024-08-08T03:00:00.000Z,Tran Xuan Soan,Quan 7,10.751297,106.697589,30.8,39.56,60.0,1,1
2023-03-14T17:00:00.000Z,Hau Giang,Quan 6,10.745305,106.639037,14.2,27.939999999999998,60.0,1,1
2023-05-13T04:00:00.000Z,Le Van Viet,Thu Duc,10.845124,106.789405,14.2,18.939999999999998,30.0,1,1
2023-09-01T22:00:00.000Z,Huynh Tan Phat,Quan 7,10.730462,106.723391,5.0,30.5,90.0,1,1
2023-10-16T13:00:00.000Z,Thoai Ngoc Hau,Tan Phu,10.785765,106.62965,10.3,34.21,90.0,1,1
2023-11-05T08:00:00.000Z,Vo Van Kiet,Quan 1,10.762537,106.69949,30.7,30.49,30.0,1,1
2023-11-09T03:00:00.000Z,Nguyen Huu Canh,Binh Thanh,10.786687,106.719992,5.0,75.5,240.0,1,1
2024-03-15T13:00:00.000Z,To Ky,Quan 12,10.867716,106.630812,41.2,46.84,60.0,1,1
2024-07-26T04:00:00.000Z,Vo Van Kiet,Quan 1,10.763515,106.700204,48.7,70.09,120.0,1,1
2023-07-08T08:00:00.000Z,Da Nam,Quan 8,10.741312,106.673921,15.3,37.71,90.0,1,1
2023-07-09T05:00:00.000Z,Kha Van Can,Thu Duc,10.850064,106.754104,9.9,42.93,120.0,1,1
2023-07-16T22:00:00.000Z,Ba Thang Hai,Quan 10,10.773261,106.669825,9.3,15.51,30.0,1,1
2023-07-17T05:00:00.000Z,Nguyen Trai,Quan 5,10.756543,106.665094,16.0,38.2,90.0,1,1
2023-08-04T15:00:00.000Z,An Duong Vuong,Quan 6,10.755625,106.643895,19.6,40.72,90.0,1,1
2023-10-01T11:00:00.000Z,Ma Lo,Binh Tan,10.762255,106.614041,15.3,28.71,60.0,1,1
2023-12-01T20:00:00.000Z,Lam Van Ben,Quan 7,10.717522,106.685385,9.8,15.86,30.0,1,1
2024-03-18T12:00:00.000Z,Le Dinh Can,Binh Tan,10.767392,106.594793,18.8,40.16,90.0,1,1
2024-07-22T11:00:00.000Z,Phan Huy Ich,Go Vap,10.830972,106.674478,8.3,14.81,30.0,1,1
2024-08-15T01:00:00.000Z,Ung Van Khiem,Binh Thanh,10.812722,106.711816,13.7,81.59,240.0,1,1
2024-08-28T19:00:00.000Z,Ta Quang Buu,Quan 8,10.743516,106.665293,10.2,43.14,120.0,1,1
2023-02-08T06:00:00.000Z,Pham Van Dong,Binh Thanh,10.820104,106.700893,10.2,16.14,30.0,1,1
2023-05-15T13:00:00.000Z,Linh Dong,Thu Duc,10.863397,106.765355,5.0,39.5,120.0,1,1
2023-11-14T04:00:00.000Z,Kha Van Can,Thu Duc,10.852816,106.754581,21.4,68.98,180.0,1,1
2023-12-12T05:00:00.000Z,Da Nam,Quan 8,10.742783,106.672287,24.4,26.08,30.0,1,1
2023-12-23T17:00:00.000Z,Vo Van Kiet,Quan 1,10.762217,106.697525,18.5,21.95,30.0,1,1
2024-01-02T20:00:00.000Z,Da Nam,Quan 8,10.740617,106.673304,15.2,64.64,180.0,1,1
2024-03-07T12:00:00.000Z,To Ky,Quan 12,10.864949,106.63037,13.6,27.52,60.0,1,1
2024-03-08T06:00:00.000Z,Ma Lo,Binh Tan,10.76326,106.614099,11.8,26.259999999999998,60.0,1,1
2024-07-04T23:00:00.000Z,Ta Quang Buu,Quan 8,10.745094,106.664754,5.0,21.5,60.0,1,1
2024-08-12T09:00:00.000Z,Vo Van Kiet,Quan 1,10.761568,106.700184,8.3,59.81,180.0,1,1
2023-01-01T17:00:00.000Z,Tan Ky Tan Quy,Binh Tan,10.790281,106.602996,30.0,48.0,90.0,1,1
2023-03-11T11:00:00.000Z,Ta Quang Buu,Quan 8,10.746141,106.665624,11.5,17.049999999999997,30.0,1,1
2023-05-02T23:00:00.000Z,Kinh Duong Vuong,Quan 6,10.745187,106.616452,5.9,13.129999999999999,30.0,1,1
2023-05-28T17:00:00.000Z,Da Nam,Quan 8,10.740004,106.674775,52.0,45.4,30.0,1,1
2023-07-01T18:00:00.000Z,Kha Van Can,Thu Duc,10.849605,106.756356,25.8,27.06,30.0,1,1
2023-07-05T03:00:00.000Z,Vo Van Kiet,Quan 1,10.761132,106.697681,26.1,45.269999999999996,90.0,1,1
2023-09-04T03:00:00.000Z,Do Xuan Hop,Thu Duc,10.833722,106.782653,10.0,43.0,120.0,1,1
2024-06-03T17:00:00.000Z,Pham The Hien,Quan 8,10.726112,106.68426,15.0,64.5,180.0,1,1
2024-06-15T09:00:00.000Z,Vo Van Ngan,Thu Duc,10.852312,106.773022,7.0,31.9,90.0,1,1
2024-06-30T11:00:00.000Z,CMT8,Quan 3,10.783245,106.680252,24.1,34.870000000000005,60.0,1,1
2024-08-10T16:00:00.000Z,CMT8,Quan 3,10.781996,106.680723,15.0,28.5,60.0,1,1
2023-02-07T02:00:00.000Z,To Ky,Quan 12,10.867983,106.632255,61.5,52.05,30.0,1,1
2023-03-26T14:00:00.000Z,Nguyen Trai,Quan 5,10.758312,106.66494,10.7,61.49,180.0,1,1
2023-04-10T13:00:00.000Z,Quang Trung,Go Vap,10.838159,106.666153,18.3,39.81,90.0,1,1
2023-09-22T09:00:00.000Z,Nguyen Van Khoi,Go Vap,10.830397,106.69317,17.0,38.9,90.0,1,1
2023-11-08T02:00:00.000Z,Le Thi Rieng,Quan 12,10.862901,106.649943,5.0,12.5,30.0,1,1
2024-01-03T01:00:00.000Z,Tran Xuan Soan,Quan 7,10.753333,106.69693,14.4,19.08,30.0,1,1
2024-02-02T11:00:00.000Z,Tam Binh,Thu Duc,10.863207,106.738166,14.6,28.22,60.0,1,1
2024-02-10T04:00:00.000Z,Kha Van Can,Thu Duc,10.850082,106.754781,14.3,19.009999999999998,30.0,1,1
2024-06-27T15:00:00.000Z,Nguyen Trai,Quan 5,10.755371,106.663607,5.0,12.5,30.0,1,1
2023-02-14T04:00:00.000Z,Pham The Hien,Quan 8,10.725642,106.682562,41.7,83.19,180.0,1,1
2023-04-30T17:00:00.000Z,Ung Van Khiem,Binh Thanh,10.810919,106.709027,11.1,79.77,240.0,1,1
2023-07-21T09:00:00.000Z,CMT8,Quan 3,10.780053,106.682175,38.2,44.74,60.0,1,1
2023-09-08T04:00:00.000Z,To Ky,Quan 12,10.866217,106.632336,31.6,40.120000000000005,60.0,1,1
2023-11-06T04:00:00.000Z,Le Van Luong,Quan 7,10.735,106.705946,29.8,56.86,120.0,1,1
2024-03-01T21:00:00.000Z,Le Thi Rieng,Quan 12,10.85951,106.649924,25.7,44.989999999999995,90.0,1,1
2024-08-21T22:00:00.000Z,Vo Van Kiet,Quan 1,10.763094,106.696799,49.3,43.51,30.0,1,1
2023-08-23T10:00:00.000Z,Hau Giang,Quan 6,10.74597,106.638966,19.1,22.37,30.0,1,1
2023-11-05T19:00:00.000Z,Do Xuan Hop,Thu Duc,10.834283,106.784281,24.1,43.870000000000005,90.0,1,1
2023-12-23T07:00:00.000Z,Kha Van Can,Thu Duc,10.850838,106.754007,79.0,82.3,90.0,1,1
2024-04-24T20:00:00.000Z,Ta Quang Buu,Quan 8,10.744518,106.665938,5.0,57.5,180.0,1,1
2024-05-23T15:00:00.000Z,Thoai Ngoc Hau,Tan Phu,10.785896,106.629293,38.9,45.23,60.0,1,1
2023-02-21T06:00:00.000Z,Thoai Ngoc Hau,Tan Phu,10.786613,106.626662,5.0,21.5,60.0,1,1
2023-03-26T10:00:00.000Z,Le Dinh Can,Binh Tan,10.767734,106.595158,10.5,25.35,60.0,1,1
2023-06-13T01:00:00.000Z,Phan Huy Ich,Go Vap,10.830244,106.672138,6.2,31.34,90.0,1,1
2023-07-28T03:00:00.000Z,Binh Long,Tan Phu,10.800504,106.615792,8.0,59.6,180.0,1,1
2023-10-25T16:00:00.000Z,Nguyen Van Khoi,Go Vap,10.827652,106.693949,23.4,52.379999999999995,120.0,1,1
2023-12-16T08:00:00.000Z,To Ky,Quan 12,10.864681,106.63166,19.7,49.79,120.0,1,1
2024-03-28T11:00:00.000Z,Pham Van Dong,Binh Thanh,10.818619,106.703891,19.9,22.93,30.0,1,1
2023-08-25T18:00:00.000Z,Lam Van Ben,Quan 7,10.719101,106.685227,24.3,26.009999999999998,30.0,1,1
2023-10-01T06:00:00.000Z,Pham Van Dong,Binh Thanh,10.818522,106.703047,31.2,39.84,60.0,1,1
2023-10-26T14:00:00.000Z,Pham The Hien,Quan 8,10.727397,106.681702,10.1,25.07,60.0,1,1
2024-04-19T12:00:00.000Z,Tran Nao,Quan 2,10.782471,106.738187,8.4,32.88,90.0,1,1
2024-05-05T14:00:00.000Z,Tran Xuan Soan,Quan 7,10.749875,106.700222,18.2,30.74,60.0,1,1
2024-06-08T11:00:00.000Z,To Ky,Quan 12,10.86641,106.631901,31.4,39.98,60.0,1,1
2024-07-03T22:00:00.000Z,To Ky,Quan 12,10.868292,106.633469,10.2,16.14,30.0,1,1
2023-01-06T18:00:00.000Z,Huynh Tan Phat,Quan 7,10.727271,106.720544,26.0,27.2,30.0,1,1
2023-03-10T02:00:00.000Z,Tan Ky Tan Quy,Binh Tan,10.789895,106.602675,19.7,22.79,30.0,1,1
2023-04-05T23:00:00.000Z,Pham The Hien,Quan 8,10.725874,106.685052,19.7,22.79,30.0,1,1
2023-04-30T13:00:00.000Z,Ma Lo,Binh Tan,10.763169,106.613787,50.2,44.14,30.0,1,1
2023-07-26T04:00:00.000Z,Quang Trung,Go Vap,10.838367,106.666493,5.0,39.5,120.0,1,1
2023-08-09T20:00:00.000Z,Xo Viet Nghe Tinh,Binh Thanh,10.807512,106.712083,28.5,37.95,60.0,1,1
2023-09-18T10:00:00.000Z,Le Thi Rieng,Quan 12,10.86335,106.646743,20.7,41.489999999999995,90.0,1,1
2023-11-15T18:00:00.000Z,To Ky,Quan 12,10.866556,106.632132,18.8,22.16,30.0,1,1
2024-01-19T22:00:00.000Z,To Ky,Quan 12,10.867311,106.630134,29.3,56.51,120.0,1,1
2024-02-22T16:00:00.000Z,Pham Van Dong,Binh Thanh,10.818148,106.703312,9.2,24.439999999999998,60.0,1,1
2024-03-21T20:00:00.000Z,Linh Dong,Thu Duc,10.862726,106.766031,14.1,27.869999999999997,60.0,1,1
2024-06-08T02:00:00.000Z,Huynh Tan Phat,Quan 7,10.729754,106.721142,18.1,39.67,90.0,1,1
2023-04-02T09:00:00.000Z,Linh Dong,Thu Duc,10.866197,106.766559,20.5,23.35,30.0,1,1
2023-06-13T00:00:00.000Z,Ba Thang Hai,Quan 10,10.772754,106.67128,10.4,16.28,30.0,1,1
2023-09-19T09:00:00.000Z,CMT8,Quan 3,10.782518,106.678547,13.3,18.310000000000002,30.0,1,1
2023-11-06T04:00:00.000Z,Tran Xuan Soan,Quan 7,10.751976,106.699958,15.8,65.06,180.0,1,1
2023-12-07T19:00:00.000Z,Nguyen Thi Thap,Quan 7,10.741541,106.713644,16.3,20.41,30.0,1,1
2024-04-15T18:00:00.000Z,Da Nam,Quan 8,10.741593,106.674575,8.3,14.81,30.0,1,1
2023-09-24T16:00:00.000Z,To Ky,Quan 12,10.86663,106.632081,20.3,32.21,60.0,1,1
2023-11-11T12:00:00.000Z,Nguyen Van Qua,Quan 12,10.853078,106.661577,42.0,65.4,120.0,1,1
2024-01-06T04:00:00.000Z,Nguyen Anh Thu,Quan 12,10.87586,106.645273,23.6,52.519999999999996,120.0,1,1
2024-06-04T01:00:00.000Z,An Duong Vuong,Quan 6,10.753099,106.645973,10.0,34.0,90.0,1,1
2024-06-10T01:00:00.000Z,Ba Thang Hai,Quan 10,10.773207,106.671798,19.0,22.299999999999997,30.0,1,1
2024-06-13T08:00:00.000Z,Nguyen Van Khoi,Go Vap,10.827199,106.695231,10.7,16.49,30.0,1,1
2024-07-01T00:00:00.000Z,No Trang Long,Binh Thanh,10.815996,106.696801,26.3,27.41,30.0,1,1
2023-02-03T23:00:00.000Z,Ba Thang Hai,Quan 10,10.774518,106.672,5.0,30.5,90.0,1,1
2023-04-27T16:00:00.000Z,Tan Ky Tan Quy,Binh Tan,10.787796,106.602125,20.9,32.629999999999995,60.0,1,1
2023-10-06T23:00:00.000Z,Le Thi Rieng,Quan 12,10.861879,106.646663,14.7,19.29,30.0,1,1
2024-08-04T06:00:00.000Z,Linh Dong,Thu Duc,10.865791,106.765693,26.7,72.69,180.0,1,1
2023-01-03T00:00:00.000Z,Nguyen Trai,Quan 5,10.756891,106.662718,51.9,54.33,60.0,1,1
2023-01-17T18:00:00.000Z,Thoai Ngoc Hau,Tan Phu,10.785066,106.626936,10.7,16.49,30.0,1,1
2023-05-22T00:00:00.000Z,Nguyen Van Qua,Quan 12,10.853015,106.660655,10.2,16.14,30.0,1,1
2023-07-02T04:00:00.000Z,Lam Van Ben,Quan 7,10.718408,106.683481,23.1,25.17,30.0,1,1
2023-12-09T14:00:00.000Z,Ung Van Khiem,Binh Thanh,10.812504,106.709307,5.0,12.5,30.0,1,1
2024-03-18T04:00:00.000Z,Da Nam,Quan 8,10.741983,106.672774,19.9,31.93,60.0,1,1
2024-05-08T08:00:00.000Z,An Duong Vuong,Quan 6,10.75417,106.642974,15.3,82.71,240.0,1,1
2024-08-02T14:00:00.000Z,Tran Xuan Soan,Quan 7,10.751207,106.699665,21.8,42.26,90.0,1,1
2023-01-19T10:00:00.000Z,Vo Van Kiet,Quan 1,10.761951,106.70027,48.8,61.16,90.0,1,1
2023-03-25T09:00:00.000Z,Lam Van Ben,Quan 7,10.720334,106.683315,15.7,19.99,30.0,1,1
2023-05-03T04:00:00.000Z,Tam Binh,Thu Duc,10.860077,106.73683,10.5,34.35,90.0,1,1
2023-07-02T01:00:00.000Z,Tan Ky Tan Quy,Binh Tan,10.787868,106.603371,19.6,31.72,60.0,1,1
2023-08-13T12:00:00.000Z,Hoa Binh,Tan Phu,10.803531,106.623655,8.7,33.089999999999996,90.0,1,1
2023-09-08T01:00:00.000Z,Le Van Luong,Quan 7,10.736679,106.705873,30.7,75.49,180.0,1,1
2023-10-26T04:00:00.000Z,Vo Van Kiet,Quan 1,10.763853,106.698764,23.9,34.73,60.0,1,1
2023-12-12T20:00:00.000Z,Nguyen Van Khoi,Go Vap,10.82711,106.694015,10.1,16.07,30.0,1,1
2024-04-28T23:00:00.000Z,Ta Quang Buu,Quan 8,10.743171,106.663951,19.2,22.439999999999998,30.0,1,1
2024-07-28T11:00:00.000Z,Pham Van Dong,Binh Thanh,10.818084,106.701762,18.3,39.81,90.0,1,1
2024-08-30T04:00:00.000Z,Kha Van Can,Thu Duc,10.85135,106.755255,25.5,71.85,180.0,1,1
2023-05-10T04:00:00.000Z,Lam Van Ben,Quan 7,10.716689,106.685549,5.8,40.06,120.0,1,1
2023-05-20T17:00:00.000Z,Nguyen Trai,Quan 5,10.755647,106.662748,10.0,25.0,60.0,1,1
2023-06-23T03:00:00.000Z,Linh Dong,Thu Duc,10.865041,106.765234,25.6,26.919999999999998,30.0,1,1
2023-08-19T10:00:00.000Z,Do Xuan Hop,Thu Duc,10.833112,106.781499,28.4,46.879999999999995,90.0,1,1
2023-10-16T01:00:00.000Z,Linh Dong,Thu Duc,10.86648,106.763633,21.7,51.19,120.0,1,1
2024-04-10T22:00:00.000Z,To Ky,Quan 12,10.867163,106.632818,24.0,25.799999999999997,30.0,1,1
2024-04-13T12:00:00.000Z,No Trang Long,Binh Thanh,10.817313,106.699452,16.6,38.620000000000005,90.0,1,1
2023-01-19T16:00:00.000Z,Phan Huy Ich,Go Vap,10.829737,106.671233,6.8,40.76,120.0,1,1
2023-02-02T17:00:00.000Z,Tran Nao,Quan 2,10.784264,106.737372,20.8,23.56,30.0,1,1
2023-03-21T23:00:00.000Z,Ta Quang Buu,Quan 8,10.746322,106.663646,6.7,22.689999999999998,60.0,1,1
2023-03-29T23:00:00.000Z,Vo Van Ngan,Thu Duc,10.849915,106.7703,23.2,34.239999999999995,60.0,1,1
2023-06-20T10:00:00.000Z,Quang Trung,Go Vap,10.838892,106.66468,21.4,50.98,120.0,1,1
2023-06-27T04:00:00.000Z,Nguyen Huu Canh,Binh Thanh,10.788811,106.719906,8.9,60.23,180.0,1,1
2023-10-14T19:00:00.000Z,Phan Huy Ich,Go Vap,10.830503,106.670768,5.0,12.5,30.0,1,1
2024-01-30T20:00:00.000Z,Vo Van Kiet,Quan 1,10.764364,106.700146,20.7,50.489999999999995,120.0,1,1
2024-08-07T18:00:00.000Z,Ung Van Khiem,Binh Thanh,10.812397,106.711334,21.7,24.189999999999998,30.0,1,1
2024-08-13T01:00:00.000Z,Kinh Duong Vuong,Quan 6,10.741609,106.615545,9.0,24.3,60.0,1,1
2023-01-07T10:00:00.000Z,Nguyen Thi Thap,Quan 7,10.741148,106.716907,19.0,31.299999999999997,60.0,1,1
2023-03-15T11:00:00.000Z,Ma Lo,Binh Tan,10.761886,106.613416,59.5,95.65,180.0,1,1
2023-09-18T23:00:00.000Z,Tran Xuan Soan,Quan 7,10.750623,106.700287,25.6,35.92,60.0,1,1
2023-10-12T04:00:00.000Z,Ung Van Khiem,Binh Thanh,10.81284,106.711343,30.0,39.0,60.0,1,1
2024-01-08T12:00:00.000Z,Le Dinh Can,Binh Tan,10.76748,106.595371,6.0,22.2,60.0,1,1
2024-05-27T17:00:00.000Z,Da Nam,Quan 8,10.743213,106.671625,19.6,40.72,90.0,1,1
2024-07-17T08:00:00.000Z,Phan Huy Ich,Go Vap,10.82778,106.671812,49.9,43.93,30.0,1,1
2024-08-11T02:00:00.000Z,Thoai Ngoc Hau,Tan Phu,10.787281,106.63014,18.6,40.019999999999996,90.0,1,1
2023-06-17T15:00:00.000Z,Da Nam,Quan 8,10.74297,106.672981,30.9,57.629999999999995,120.0,1,1
2023-08-09T21:00:00.000Z,Ta Quang Buu,Quan 8,10.744809,106.665344,9.0,24.3,60.0,1,1
2023-08-12T01:00:00.000Z,Da Nam,Quan 8,10.740673,106.675039,15.6,19.92,30.0,1,1
2023-09-26T01:00:00.000Z,Kinh Duong Vuong,Quan 6,10.744941,106.617373,18.4,48.879999999999995,120.0,1,1
2023-11-11T12:00:00.000Z,Nguyen Van Khoi,Go Vap,10.829048,106.693691,15.7,37.989999999999995,90.0,1,1
2024-02-02T19:00:00.000Z,Hoa Binh,Tan Phu,10.805405,106.621288,20.8,32.56,60.0,1,1
2024-02-15T16:00:00.000Z,Thoai Ngoc Hau,Tan Phu,10.7856,106.629637,30.0,30.0,30.0,1,1
2024-03-14T01:00:00.000Z,Tran Xuan Soan,Quan 7,10.751339,106.699044,20.1,41.07,90.0,1,1
2024-04-27T08:00:00.000Z,Hoa Binh,Tan Phu,10.805078,106.623782,21.4,23.979999999999997,30.0,1,1
2024-05-28T10:00:00.000Z,Xo Viet Nghe Tinh,Binh Thanh,10.808015,106.710969,29.5,29.65,30.0,1,1
2024-07-14T13:00:00.000Z,To Ky,Quan 12,10.868436,106.633484,29.8,29.86,30.0,1,1
2024-08-06T10:00:00.000Z,Ung Van Khiem,Binh Thanh,10.811111,106.709967,15.9,38.129999999999995,90.0,1,1
2023-03-25T13:00:00.000Z,Kha Van Can,Thu Duc,10.850849,106.752613,15.6,19.92,30.0,1,1
2023-05-15T23:00:00.000Z,No Trang Long,Binh Thanh,10.814744,106.695515,21.8,33.26,60.0,1,1
2023-07-16T07:00:00.000Z,Tan Ky Tan Quy,Binh Tan,10.78852,106.601774,21.1,50.769999999999996,120.0,1,1
2023-08-05T22:00:00.000Z,Le Dinh Can,Binh Tan,10.76561,106.595977,14.3,19.009999999999998,30.0,1,1
2023-10-02T10:00:00.000Z,An Duong Vuong,Quan 6,10.75384,106.645883,19.4,22.58,30.0,1,1
2023-10-04T13:00:00.000Z,Kinh Duong Vuong,Quan 6,10.742095,106.617412,19.7,67.78999999999999,180.0,1,1
2023-12-30T07:00:00.000Z,Lam Van Ben,Quan 7,10.717985,106.682709,15.4,64.78,180.0,1,1
2024-03-08T18:00:00.000Z,Pham The Hien,Quan 8,10.726697,106.681658,9.2,78.44,240.0,1,1
2024-08-28T10:00:00.000Z,Vo Van Kiet,Quan 1,10.762471,106.699684,8.7,33.089999999999996,90.0,1,1
2023-02-18T18:00:00.000Z,Hoa Binh,Tan Phu,10.804983,106.623697,14.2,36.94,90.0,1,1
2023-02-24T12:00:00.000Z,Xo Viet Nghe Tinh,Binh Thanh,10.808054,106.71069,11.8,26.259999999999998,60.0,1,1
2023-05-03T11:00:00.000Z,Le Thi Rieng,Quan 12,10.859541,106.646784,40.8,55.559999999999995,90.0,1,1
2023-05-31T16:00:00.000Z,Kha Van Can,Thu Duc,10.850162,106.754569,11.6,35.12,90.0,1,1
2023-07-18T17:00:00.000Z,Do Xuan Hop,Thu Duc,10.834856,106.78069,5.0,12.5,30.0,1,1
2023-08-27T20:00:00.000Z,Phan Huy Ich,Go Vap,10.827571,106.672313,40.0,37.0,30.0,1,1
2023-09-21T03:00:00.000Z,No Trang Long,Binh Thanh,10.816853,106.697752,26.6,72.62,180.0,1,1
2024-02-29T09:00:00.000Z,Nguyen Van Khoi,Go Vap,10.829053,106.691677,78.4,72.88,60.0,1,1
2024-04-03T05:00:00.000Z,Nguyen Huu Canh,Binh Thanh,10.789648,106.720719,10.8,16.56,30.0,1,1
2024-05-25T00:00:00.000Z,Vo Van Kiet,Quan 1,10.761921,106.699841,6.3,22.41,60.0,1,1
2024-06-30T04:00:00.000Z,Huynh Tan Phat,Quan 7,10.727993,106.724236,26.0,72.2,180.0,1,1
2023-01-27T10:00:00.000Z,Le Van Viet,Thu Duc,10.843755,106.790554,5.8,13.059999999999999,30.0,1,1
2023-03-14T00:00:00.000Z,Tran Xuan Soan,Quan 7,10.750223,106.699888,79.0,109.3,180.0,1,1
2023-06-02T09:00:00.000Z,No Trang Long,Binh Thanh,10.814009,106.698038,13.9,45.730000000000004,120.0,1,1
2023-09-22T00:00:00.000Z,Ung Van Khiem,Binh Thanh,10.811168,106.710461,13.6,18.52,30.0,1,1
2023-11-17T02:00:00.000Z,Phan Huy Ich,Go Vap,10.83115,106.671562,18.1,21.67,30.0,1,1
2023-12-09T12:00:00.000Z,Tan Ky Tan Quy,Binh Tan,10.788037,106.603334,5.0,12.5,30.0,1,1
2024-01-02T23:00:00.000Z,Kha Van Can,Thu Duc,10.850112,106.753718,13.7,27.589999999999996,60.0,1,1
2024-02-03T09:00:00.000Z,An Duong Vuong,Quan 6,10.753007,106.643342,19.1,31.37,60.0,1,1
2024-03-29T11:00:00.000Z,Huynh Tan Phat,Quan 7,10.729459,106.723499,26.9,36.83,60.0,1,1
2024-04-02T21:00:00.000Z,Vo Van Ngan,Thu Duc,10.850987,106.772441,21.6,33.12,60.0,1,1
2024-05-04T13:00:00.000Z,Nguyen Trai,Quan 5,10.754673,106.662516,19.4,31.58,60.0,1,1
2024-05-17T23:00:00.000Z,Tan Ky Tan Quy,Binh Tan,10.788858,106.601889,19.0,49.3,120.0,1,1
2024-07-31T22:00:00.000Z,Quang Trung,Go Vap,10.838007,106.663269,16.2,20.339999999999996,30.0,1,1
2024-08-02T03:00:00.000Z,Ung Van Khiem,Binh Thanh,10.812401,106.709424,5.8,22.06,60.0,1,1
2024-08-18T14:00:00.000Z,Nguyen Van Khoi,Go Vap,10.827355,106.692293,23.3,43.31,90.0,1,1
2023-02-28T17:00:00.000Z,Tan Ky Tan Quy,Binh Tan,10.789598,106.600639,5.1,12.57,30.0,1,1
2024-07-09T09:00:00.000Z,Le Thi Rieng,Quan 12,10.860564,106.648144,5.0,30.5,90.0,1,1
2024-08-24T13:00:00.000Z,To Ky,Quan 12,10.865876,106.630049,16.3,20.41,30.0,1,1
2023-01-06T00:00:00.000Z,Kinh Duong Vuong,Quan 6,10.741926,106.617303,15.2,64.64,180.0,1,1
2023-01-21T07:00:00.000Z,Le Dinh Can,Binh Tan,10.766318,106.595781,6.3,22.41,60.0,1,1
2023-02-04T21:00:00.000Z,Hau Giang,Quan 6,10.745901,106.638965,9.8,33.86,90.0,1,1
2023-02-16T13:00:00.000Z,Ma Lo,Binh Tan,10.76185,106.614923,9.2,24.439999999999998,60.0,1,1
2023-09-13T23:00:00.000Z,Do Xuan Hop,Thu Duc,10.834199,106.782472,20.9,68.63,180.0,1,1
2023-12-19T16:00:00.000Z,Tran Xuan Soan,Quan 7,10.750836,106.699834,28.2,37.739999999999995,60.0,1,1
2023-01-17T14:00:00.000Z,Hau Giang,Quan 6,10.747698,106.64105,39.8,54.86,90.0,1,1
2023-03-10T13:00:00.000Z,Hau Giang,Quan 6,10.747951,106.640173,25.2,35.64,60.0,1,1
2023-07-12T17:00:00.000Z,Vo Van Kiet,Quan 1,10.763764,106.69677,38.5,53.95,90.0,1,1
2024-01-07T13:00:00.000Z,Le Van Luong,Quan 7,10.737228,106.703871,41.6,47.12,60.0,1,1
2024-02-13T14:00:00.000Z,Le Thi Rieng,Quan 12,10.860034,106.646543,6.1,40.269999999999996,120.0,1,1
2024-04-10T06:00:00.000Z,Ung Van Khiem,Binh Thanh,10.811685,106.708901,10.1,34.07,90.0,1,1
2024-04-23T12:00:00.000Z,Vo Van Kiet,Quan 1,10.76199,106.698551,13.7,18.589999999999996,30.0,1,1
2024-06-03T01:00:00.000Z,To Ky,Quan 12,10.86542,106.631334,16.0,65.2,180.0,1,1
2023-05-28T03:00:00.000Z,Kha Van Can,Thu Duc,10.85339,106.753998,10.9,16.63,30.0,1,1
2023-07-17T03:00:00.000Z,Nguyen Anh Thu,Quan 12,10.877209,106.643034,9.7,60.79,180.0,1,1
2023-10-16T05:00:00.000Z,Tam Binh,Thu Duc,10.862613,106.738698,10.1,43.07,120.0,1,1
2024-02-06T05:00:00.000Z,Vo Van Ngan,Thu Duc,10.85228,106.770251,6.8,22.759999999999998,60.0,1,1
2024-05-29T04:00:00.000Z,Le Van Luong,Quan 7,10.737377,106.703782,18.5,84.95,240.0,1,1
2024-06-01T01:00:00.000Z,Nguyen Trai,Quan 5,10.757234,106.666348,8.2,23.74,60.0,1,1
2023-01-05T17:00:00.000Z,Nguyen Anh Thu,Quan 12,10.878546,106.646113,10.8,34.56,90.0,1,1
2023-01-28T15:00:00.000Z,Xo Viet Nghe Tinh,Binh Thanh,10.808821,106.709946,14.6,19.22,30.0,1,1
2023-02-09T15:00:00.000Z,Le Thi Rieng,Quan 12,10.863336,106.649828,5.0,12.5,30.0,1,1
2023-05-21T05:00:00.000Z,Le Van Luong,Quan 7,10.736089,106.705949,14.3,46.01,120.0,1,1
2023-07-18T02:00:00.000Z,Nguyen Anh Thu,Quan 12,10.876465,106.64379,30.1,48.07,90.0,1,1
2023-07-23T06:00:00.000Z,Nguyen Anh Thu,Quan 12,10.878392,106.644796,5.0,57.5,180.0,1,1
2023-08-20T17:00:00.000Z,Le Van Luong,Quan 7,10.737377,106.706533,10.5,16.35,30.0,1,1
2023-10-05T19:00:00.000Z,Nguyen Van Khoi,Go Vap,10.828688,106.694859,5.0,21.5,60.0,1,1
2023-12-03T14:00:00.000Z,Le Van Viet,Thu Duc,10.845327,106.790636,16.5,20.549999999999997,30.0,1,1
2024-07-23T04:00:00.000Z,Nguyen Van Khoi,Go Vap,10.828061,106.693211,25.3,26.71,30.0,1,1
2024-08-23T01:00:00.000Z,Ta Quang Buu,Quan 8,10.743009,106.665845,19.2,31.439999999999998,60.0,1,1
2023-03-18T08:00:00.000Z,Nguyen Anh Thu,Quan 12,10.878372,106.643287,19.8,40.86,90.0,1,1
2023-04-17T20:00:00.000Z,Xo Viet Nghe Tinh,Binh Thanh,10.80933,106.709833,12.0,26.4,60.0,1,1
2023-05-13T00:00:00.000Z,Phan Huy Ich,Go Vap,10.827707,106.673524,25.1,35.57,60.0,1,1
2023-06-03T06:00:00.000Z,Hau Giang,Quan 6,10.74699,106.64127,5.0,21.5,60.0,1,1
2023-10-02T13:00:00.000Z,Xo Viet Nghe Tinh,Binh Thanh,10.806211,106.713397,38.3,35.809999999999995,30.0,1,1
2023-10-06T14:00:00.000Z,Nguyen Trai,Quan 5,10.754564,106.663445,15.1,37.57,90.0,1,1
2024-06-21T08:00:00.000Z,CMT8,Quan 3,10.78218,106.680256,10.3,34.21,90.0,1,1
2023-01-07T09:00:00.000Z,Tran Xuan Soan,Quan 7,10.750512,106.700451,21.9,33.33,60.0,1,1
2023-01-24T18:00:00.000Z,Pham Van Dong,Binh Thanh,10.81902,106.704128,9.6,33.72,90.0,1,1
2023-03-04T01:00:00.000Z,Pham Van Dong,Binh Thanh,10.818497,106.702986,10.3,16.21,30.0,1,1
2023-04-12T14:00:00.000Z,Linh Dong,Thu Duc,10.863454,106.766377,29.3,29.509999999999998,30.0,1,1
2023-04-18T01:00:00.000Z,Tam Binh,Thu Duc,10.861526,106.738122,13.6,63.519999999999996,180.0,1,1
2023-06-05T11:00:00.000Z,Tan Ky Tan Quy,Binh Tan,10.78674,106.602859,5.8,76.06,240.0,1,1
2023-12-03T18:00:00.000Z,Hoa Binh,Tan Phu,10.805341,106.623354,11.0,16.7,30.0,1,1
2023-12-31T04:00:00.000Z,Tran Nao,Quan 2,10.785164,106.735748,8.5,14.95,30.0,1,1
2024-03-17T15:00:00.000Z,Le Van Luong,Quan 7,10.736957,106.703587,25.3,35.71,60.0,1,1
2024-03-31T04:00:00.000Z,Hau Giang,Quan 6,10.74518,106.639608,11.4,25.98,60.0,1,1
2024-04-15T06:00:00.000Z,Xo Viet Nghe Tinh,Binh Thanh,10.808033,106.71171,5.5,57.85,180.0,1,1
2023-02-10T08:00:00.000Z,Ma Lo,Binh Tan,10.764233,106.614651,25.4,71.78,180.0,1,1
2023-03-17T08:00:00.000Z,Thoai Ngoc Hau,Tan Phu,10.785808,106.62669,19.2,22.439999999999998,30.0,1,1
2023-04-13T22:00:00.000Z,An Duong Vuong,Quan 6,10.756288,106.6465,11.2,25.84,60.0,1,1
2023-06-05T09:00:00.000Z,CMT8,Quan 3,10.7811,106.682,19.3,85.51,240.0,1,1
2023-10-01T21:00:00.000Z,No Trang Long,Binh Thanh,10.816142,106.698585,39.8,81.86,180.0,1,1
2024-01-18T18:00:00.000Z,Quang Trung,Go Vap,10.8394,106.66438,9.2,24.439999999999998,60.0,1,1
2024-04-13T01:00:00.000Z,Kha Van Can,Thu Duc,10.851783,106.753757,5.0,12.5,30.0,1,1
2024-04-26T00:00:00.000Z,Linh Dong,Thu Duc,10.864114,106.766093,30.4,30.279999999999998,30.0,1,1
2024-05-19T01:00:00.000Z,Tam Binh,Thu Duc,10.862626,106.738553,8.6,24.02,60.0,1,1
2024-06-04T09:00:00.000Z,Linh Dong,Thu Duc,10.862704,106.767193,26.2,27.34,30.0,1,1
2023-02-09T15:00:00.000Z,Do Xuan Hop,Thu Duc,10.835364,106.78067,81.7,84.19,90.0,1,1
2024-02-04T10:00:00.000Z,Binh Long,Tan Phu,10.797748,106.615032,8.4,32.88,90.0,1,1
2024-02-27T07:00:00.000Z,No Trang Long,Binh Thanh,10.813919,106.699264,28.2,55.739999999999995,120.0,1,1
2024-04-07T02:00:00.000Z,Pham The Hien,Quan 8,10.728747,106.685487,9.9,33.93,90.0,1,1
2024-07-03T15:00:00.000Z,Tran Nao,Quan 2,10.78263,106.736887,6.5,31.55,90.0,1,1
2024-08-27T02:00:00.000Z,Ta Quang Buu,Quan 8,10.745537,106.665939,9.7,60.79,180.0,1,1
2023-01-15T03:00:00.000Z,Le Van Luong,Quan 7,10.738251,106.705787,39.9,63.92999999999999,120.0,1,1
2023-08-05T16:00:00.000Z,Pham The Hien,Quan 8,10.728201,106.682564,16.2,47.339999999999996,120.0,1,1
2023-11-20T10:00:00.000Z,To Ky,Quan 12,10.867499,106.631562,21.7,42.19,90.0,1,1
2024-02-28T06:00:00.000Z,Kinh Duong Vuong,Quan 6,10.741809,106.616642,48.6,43.019999999999996,30.0,1,1
2024-04-12T00:00:00.000Z,An Duong Vuong,Quan 6,10.754533,106.644247,6.7,13.69,30.0,1,1
2024-06-09T15:00:00.000Z,Linh Dong,Thu Duc,10.865092,106.765052,5.0,12.5,30.0,1,1
2023-04-13T15:00:00.000Z,Nguyen Anh Thu,Quan 12,10.875673,106.644726,48.3,60.809999999999995,90.0,1,1
2023-05-23T18:00:00.000Z,Hoa Binh,Tan Phu,10.804462,106.620551,19.6,22.72,30.0,1,1
2023-07-28T15:00:00.000Z,Ma Lo,Binh Tan,10.762281,106.615363,9.0,15.3,30.0,1,1
2023-09-07T17:00:00.000Z,Huynh Tan Phat,Quan 7,10.727519,106.720916,9.6,24.72,60.0,1,1
2023-11-21T13:00:00.000Z,Kinh Duong Vuong,Quan 6,10.742263,106.616055,8.4,32.88,90.0,1,1
2024-02-19T18:00:00.000Z,Huynh Tan Phat,Quan 7,10.727625,106.721065,16.0,83.2,240.0,1,1
2024-05-06T16:00:00.000Z,Kinh Duong Vuong,Quan 6,10.742726,106.617053,41.2,100.84,240.0,1,1
2024-07-30T15:00:00.000Z,An Duong Vuong,Quan 6,10.75596,106.642624,10.8,34.56,90.0,1,1
2023-08-28T17:00:00.000Z,Le Thi Rieng,Quan 12,10.859754,106.64933,25.0,35.5,60.0,1,1
2023-08-31T18:00:00.000Z,Xo Viet Nghe Tinh,Binh Thanh,10.808902,106.713485,11.1,16.77,30.0,1,1
2023-11-30T06:00:00.000Z,An Duong Vuong,Quan 6,10.755042,106.645476,24.0,25.799999999999997,30.0,1,1
2023-12-06T11:00:00.000Z,Pham Van Dong,Binh Thanh,10.81935,106.701624,5.0,12.5,30.0,1,1
2024-01-15T20:00:00.000Z,Ung Van Khiem,Binh Thanh,10.81024,106.70966,29.9,47.92999999999999,90.0,1,1
2024-07-06T08:00:00.000Z,Ung Van Khiem,Binh Thanh,10.812445,106.70931,38.0,44.599999999999994,60.0,1,1
2024-08-26T14:00:00.000Z,Nguyen Anh Thu,Quan 12,10.87591,106.643284,23.9,43.73,90.0,1,1
2023-04-22T15:00:00.000Z,CMT8,Quan 3,10.781137,106.681812,9.5,24.65,60.0,1,1
2023-10-03T19:00:00.000Z,Ta Quang Buu,Quan 8,10.744654,106.663237,8.7,33.089999999999996,90.0,1,1
2023-12-10T21:00:00.000Z,Nguyen Trai,Quan 5,10.756608,106.662697,28.9,74.22999999999999,180.0,1,1
2024-01-30T06:00:00.000Z,Nguyen Van Qua,Quan 12,10.855122,106.661734,13.0,18.1,30.0,1,1
2024-06-20T10:00:00.000Z,Le Thi Rieng,Quan 12,10.859769,106.648111,39.3,45.51,60.0,1,1
2024-06-30T02:00:00.000Z,Ung Van Khiem,Binh Thanh,10.810183,106.711853,11.0,34.7,90.0,1,1
2023-03-08T16:00:00.000Z,Do Xuan Hop,Thu Duc,10.831642,106.784123,18.6,22.02,30.0,1,1
2023-05-27T10:00:00.000Z,Nguyen Van Qua,Quan 12,10.854194,106.664342,31.1,48.769999999999996,90.0,1,1
2023-12-20T01:00:00.000Z,Le Dinh Can,Binh Tan,10.764563,106.598154,14.1,45.87,120.0,1,1
2024-02-17T18:00:00.000Z,Pham Van Dong,Binh Thanh,10.819171,106.702386,5.9,22.13,60.0,1,1
2024-05-22T15:00:00.000Z,Linh Dong,Thu Duc,10.863176,106.767491,19.6,22.72,30.0,1,1
2023-02-10T10:00:00.000Z,Le Van Viet,Thu Duc,10.844092,106.791479,5.0,12.5,30.0,1,1
2023-04-17T21:00:00.000Z,Nguyen Van Qua,Quan 12,10.856421,106.661402,9.0,78.3,240.0,1,1
2023-06-27T14:00:00.000Z,Lam Van Ben,Quan 7,10.72032,106.683925,14.3,28.009999999999998,60.0,1,1
2023-08-18T11:00:00.000Z,Nguyen Huu Canh,Binh Thanh,10.789666,106.721701,14.9,28.43,60.0,1,1
2023-09-28T20:00:00.000Z,Tran Nao,Quan 2,10.785046,106.73489,26.9,36.83,60.0,1,1
2023-11-04T22:00:00.000Z,Kinh Duong Vuong,Quan 6,10.743836,106.614946,40.1,37.07,30.0,1,1
2023-12-02T08:00:00.000Z,Quang Trung,Go Vap,10.838622,106.662876,10.8,16.56,30.0,1,1
2024-02-22T11:00:00.000Z,Vo Van Kiet,Quan 1,10.763703,106.699685,11.3,34.91,90.0,1,1
2024-03-03T06:00:00.000Z,Nguyen Anh Thu,Quan 12,10.8766,106.64642,8.2,14.739999999999998,30.0,1,1
2024-03-23T20:00:00.000Z,Phan Huy Ich,Go Vap,10.828087,106.67235,5.0,75.5,240.0,1,1
2024-03-29T14:00:00.000Z,Huynh Tan Phat,Quan 7,10.72669,106.720834,41.5,83.05,180.0,1,1
2024-06-10T16:00:00.000Z,Thoai Ngoc Hau,Tan Phu,10.787294,106.629712,15.8,38.06,90.0,1,1
2024-08-08T23:00:00.000Z,Vo Van Ngan,Thu Duc,10.849489,106.772816,11.5,17.049999999999997,30.0,1,1
2023-12-06T00:00:00.000Z,Le Thi Rieng,Quan 12,10.861449,106.649852,10.0,25.0,60.0,1,1
2023-12-09T01:00:00.000Z,Hau Giang,Quan 6,10.748291,106.638456,8.7,15.09,30.0,1,1
2024-06-04T14:00:00.000Z,Kinh Duong Vuong,Quan 6,10.745285,106.616941,5.4,30.78,90.0,1,1
2024-07-23T13:00:00.000Z,Vo Van Kiet,Quan 1,10.760744,106.698495,31.3,39.91,60.0,1,1
2023-01-10T08:00:00.000Z,Kinh Duong Vuong,Quan 6,10.743958,106.616802,21.3,50.91,120.0,1,1
2023-04-26T19:00:00.000Z,Pham The Hien,Quan 8,10.72621,106.681953,6.8,13.76,30.0,1,1
2023-06-18T18:00:00.000Z,Do Xuan Hop,Thu Duc,10.834394,106.783495,8.2,41.74,120.0,1,1
2023-06-20T11:00:00.000Z,Le Van Luong,Quan 7,10.737757,106.703746,20.2,32.14,60.0,1,1
2023-09-11T20:00:00.000Z,Le Dinh Can,Binh Tan,10.765177,106.596973,6.4,13.48,30.0,1,1
2023-12-09T07:00:00.000Z,CMT8,Quan 3,10.780789,106.678528,16.9,20.83,30.0,1,1
2024-01-04T17:00:00.000Z,Hau Giang,Quan 6,10.745806,106.638236,25.8,27.06,30.0,1,1
2024-01-11T21:00:00.000Z,Huynh Tan Phat,Quan 7,10.726749,106.721582,8.9,15.23,30.0,1,1
2024-01-26T08:00:00.000Z,Kha Van Can,Thu Duc,10.852241,106.754004,18.0,66.6,180.0,1,1
2023-01-11T12:00:00.000Z,Kha Van Can,Thu Duc,10.849504,106.753147,8.5,14.95,30.0,1,1
2023-05-13T02:00:00.000Z,Ba Thang Hai,Quan 10,10.776471,106.672134,30.6,39.42,60.0,1,1
2023-07-21T16:00:00.000Z,Quang Trung,Go Vap,10.838336,106.664127,9.7,15.79,30.0,1,1
2023-09-19T09:00:00.000Z,Le Van Viet,Thu Duc,10.843286,106.788871,23.7,43.59,90.0,1,1
2023-11-25T14:00:00.000Z,Tam Binh,Thu Duc,10.861726,106.738593,14.0,18.799999999999997,30.0,1,1
2024-02-24T20:00:00.000Z,To Ky,Quan 12,10.868293,106.630822,24.4,35.08,60.0,1,1
2024-06-20T19:00:00.000Z,Nguyen Anh Thu,Quan 12,10.877212,106.644303,79.6,82.72,90.0,1,1
2023-02-01T18:00:00.000Z,Pham The Hien,Quan 8,10.728129,106.682029,19.7,31.79,60.0,1,1
2023-02-15T10:00:00.000Z,Quang Trung,Go Vap,10.839613,106.663417,29.2,38.44,60.0,1,1
2023-04-01T13:00:00.000Z,Vo Van Ngan,Thu Duc,10.849719,106.771712,14.6,28.22,60.0,1,1
2023-09-04T02:00:00.000Z,CMT8,Quan 3,10.780511,106.680603,10.1,25.07,60.0,1,1
2023-11-19T22:00:00.000Z,Le Dinh Can,Binh Tan,10.764973,106.596207,26.3,36.41,60.0,1,1
2024-01-10T19:00:00.000Z,Linh Dong,Thu Duc,10.866174,106.765098,26.5,36.55,60.0,1,1
2024-01-17T19:00:00.000Z,Hoa Binh,Tan Phu,10.804236,106.621015,38.7,63.09,120.0,1,1
2024-01-19T23:00:00.000Z,Nguyen Huu Canh,Binh Thanh,10.788616,106.720045,19.6,22.72,30.0,1,1
2024-03-19T09:00:00.000Z,Hau Giang,Quan 6,10.745087,106.640043,5.2,30.64,90.0,1,1
2024-06-20T12:00:00.000Z,Nguyen Anh Thu,Quan 12,10.87601,106.644152,18.9,31.229999999999997,60.0,1,1
2024-07-23T15:00:00.000Z,Tran Xuan Soan,Quan 7,10.749627,106.698943,13.9,36.730000000000004,90.0,1,1
2024-08-16T02:00:00.000Z,Huynh Tan Phat,Quan 7,10.727968,106.723479,9.9,24.93,60.0,1,1
2023-01-24T16:00:00.000Z,Tam Binh,Thu Duc,10.863577,106.737607,11.7,26.189999999999998,60.0,1,1
2023-01-31T00:00:00.000Z,Hau Giang,Quan 6,10.747265,106.638787,6.6,58.62,180.0,1,1
2023-03-14T03:00:00.000Z,Nguyen Anh Thu,Quan 12,10.877817,106.644198,31.6,58.120000000000005,120.0,1,1
2023-08-26T20:00:00.000Z,Pham The Hien,Quan 8,10.725967,106.682714,5.9,76.13,240.0,1,1
2023-09-02T02:00:00.000Z,Phan Huy Ich,Go Vap,10.828553,106.672174,28.2,37.739999999999995,60.0,1,1
2023-09-03T23:00:00.000Z,Kha Van Can,Thu Duc,10.852027,106.75398,11.8,17.259999999999998,30.0,1,1
2023-09-26T08:00:00.000Z,Tran Nao,Quan 2,10.783108,106.735881,18.5,48.95,120.0,1,1
2023-10-13T02:00:00.000Z,Phan Huy Ich,Go Vap,10.827943,106.67151,8.2,23.74,60.0,1,1
2024-01-15T08:00:00.000Z,Vo Van Ngan,Thu Duc,10.850118,106.7724,26.2,45.34,90.0,1,1
2024-03-23T16:00:00.000Z,An Duong Vuong,Quan 6,10.756364,106.646136,14.6,19.22,30.0,1,1
2024-04-02T03:00:00.000Z,Huynh Tan Phat,Quan 7,10.727827,106.721093,21.6,33.12,60.0,1,1
2024-04-15T07:00:00.000Z,Nguyen Huu Canh,Binh Thanh,10.789919,106.721043,5.0,57.5,180.0,1,1
2024-08-03T20:00:00.000Z,Nguyen Huu Canh,Binh Thanh,10.786743,106.721588,8.4,41.88,120.0,1,1
2024-08-17T23:00:00.000Z,Tran Nao,Quan 2,10.783224,106.73735,21.9,33.33,60.0,1,1
2023-01-04T04:00:00.000Z,Thoai Ngoc Hau,Tan Phu,10.788175,106.628318,30.5,30.349999999999998,30.0,1,1
2023-01-27T01:00:00.000Z,Ma Lo,Binh Tan,10.763524,106.613534,16.4,38.48,90.0,1,1
2023-04-16T16:00:00.000Z,Nguyen Van Khoi,Go Vap,10.829004,106.692775,29.1,29.37,30.0,1,1
2023-06-08T17:00:00.000Z,Le Dinh Can,Binh Tan,10.768146,106.597552,24.9,26.429999999999996,30.0,1,1
2023-12-09T12:00:00.000Z,Ma Lo,Binh Tan,10.765476,106.614588,13.9,36.730000000000004,90.0,1,1
2024-02-28T23:00:00.000Z,Huynh Tan Phat,Quan 7,10.729333,106.722476,20.8,68.56,180.0,1,1
2024-04-20T20:00:00.000Z,Le Thi Rieng,Quan 12,10.859746,106.649114,16.1,20.27,30.0,1,1
2024-06-05T15:00:00.000Z,Huynh Tan Phat,Quan 7,10.727204,106.720733,20.1,32.07,60.0,1,1
2024-07-05T01:00:00.000Z,Ba Thang Hai,Quan 10,10.774213,106.672234,5.0,57.5,180.0,1,1
2024-07-10T09:00:00.000Z,Lam Van Ben,Quan 7,10.716537,106.684561,16.2,20.339999999999996,30.0,1,1
2023-01-04T02:00:00.000Z,Nguyen Anh Thu,Quan 12,10.876473,106.642566,23.2,43.239999999999995,90.0,1,1
2023-03-10T10:00:00.000Z,Vo Van Ngan,Thu Duc,10.851662,106.770966,14.0,45.8,120.0,1,1
2023-04-28T01:00:00.000Z,Binh Long,Tan Phu,10.800557,106.617288,8.6,42.019999999999996,120.0,1,1
2023-05-09T01:00:00.000Z,Xo Viet Nghe Tinh,Binh Thanh,10.805847,106.712855,21.0,23.7,30.0,1,1
2023-05-14T07:00:00.000Z,No Trang Long,Binh Thanh,10.816513,106.699244,5.0,21.5,60.0,1,1
2023-06-01T15:00:00.000Z,Nguyen Van Khoi,Go Vap,10.827169,106.6954,21.0,68.7,180.0,1,1
2023-12-31T14:00:00.000Z,Tran Nao,Quan 2,10.78195,106.737002,6.4,31.48,90.0,1,1
2024-01-25T19:00:00.000Z,Linh Dong,Thu Duc,10.863384,106.765525,9.1,24.369999999999997,60.0,1,1
2024-05-05T22:00:00.000Z,Nguyen Van Khoi,Go Vap,10.83038,106.692192,14.7,28.29,60.0,1,1
2024-08-18T19:00:00.000Z,Nguyen Huu Canh,Binh Thanh,10.787274,106.719597,24.3,35.01,60.0,1,1
2023-03-11T20:00:00.000Z,Ung Van Khiem,Binh Thanh,10.811199,106.710825,20.3,41.21,90.0,1,1
2023-05-27T11:00:00.000Z,An Duong Vuong,Quan 6,10.754943,106.643685,13.8,18.66,30.0,1,1
2023-05-30T04:00:00.000Z,Ma Lo,Binh Tan,10.765139,106.614067,11.2,25.84,60.0,1,1
2023-06-16T15:00:00.000Z,Tan Ky Tan Quy,Binh Tan,10.787306,106.600912,9.2,24.439999999999998,60.0,1,1
2023-06-24T09:00:00.000Z,Ta Quang Buu,Quan 8,10.746001,106.666386,21.0,68.7,180.0,1,1
2023-06-29T10:00:00.000Z,Le Dinh Can,Binh Tan,10.76762,106.595008,16.3,38.41,90.0,1,1
2023-07-31T16:00:00.000Z,An Duong Vuong,Quan 6,10.755205,106.644324,18.9,85.23,240.0,1,1
2023-08-29T03:00:00.000Z,Kinh Duong Vuong,Quan 6,10.742972,106.614377,24.0,52.8,120.0,1,1
2023-10-13T05:00:00.000Z,Nguyen Van Qua,Quan 12,10.855169,106.663487,21.0,32.7,60.0,1,1
2023-11-19T13:00:00.000Z,Vo Van Kiet,Quan 1,10.761358,106.696617,6.4,40.48,120.0,1,1
2024-03-26T11:00:00.000Z,Do Xuan Hop,Thu Duc,10.834838,106.782594,38.3,35.809999999999995,30.0,1,1
2024-06-01T18:00:00.000Z,Hau Giang,Quan 6,10.744697,106.638994,5.0,12.5,30.0,1,1
2024-06-30T01:00:00.000Z,Nguyen Anh Thu,Quan 12,10.875524,106.642573,30.4,39.28,60.0,1,1
2023-03-01T16:00:00.000Z,Ma Lo,Binh Tan,10.764116,106.614069,41.5,65.05,120.0,1,1
2023-05-10T05:00:00.000Z,Kha Van Can,Thu Duc,10.85288,106.755506,9.8,15.86,30.0,1,1
2023-05-27T22:00:00.000Z,Vo Van Ngan,Thu Duc,10.850452,106.770598,9.4,24.58,60.0,1,1
2023-06-14T10:00:00.000Z,Huynh Tan Phat,Quan 7,10.726903,106.721647,5.0,30.5,90.0,1,1
2023-07-27T13:00:00.000Z,Tran Nao,Quan 2,10.783259,106.738442,31.7,31.189999999999998,30.0,1,1
2023-09-09T01:00:00.000Z,Nguyen Van Qua,Quan 12,10.853777,106.664152,10.8,34.56,90.0,1,1
2023-11-11T09:00:00.000Z,Nguyen Van Khoi,Go Vap,10.830077,106.694443,14.7,28.29,60.0,1,1
2023-11-22T01:00:00.000Z,Tran Nao,Quan 2,10.782614,106.737336,6.0,22.2,60.0,1,1
2023-12-23T13:00:00.000Z,Huynh Tan Phat,Quan 7,10.727528,106.723666,9.5,24.65,60.0,1,1
2024-03-13T17:00:00.000Z,Nguyen Huu Canh,Binh Thanh,10.787944,106.719677,10.5,34.35,90.0,1,1
2024-05-26T08:00:00.000Z,Kinh Duong Vuong,Quan 6,10.743196,106.615058,19.8,31.86,60.0,1,1
2023-01-09T09:00:00.000Z,An Duong Vuong,Quan 6,10.752671,106.644012,15.2,46.64,120.0,1,1
2023-01-25T10:00:00.000Z,Le Thi Rieng,Quan 12,10.86205,106.648846,27.0,27.9,30.0,1,1
2023-03-27T22:00:00.000Z,CMT8,Quan 3,10.781602,106.681684,5.0,57.5,180.0,1,1
2023-06-28T17:00:00.000Z,Le Van Luong,Quan 7,10.735339,106.703738,12.0,17.4,30.0,1,1
2023-09-20T16:00:00.000Z,Le Dinh Can,Binh Tan,10.768326,106.595761,14.5,82.15,240.0,1,1
2023-09-26T16:00:00.000Z,Kha Van Can,Thu Duc,10.851873,106.75583,8.6,24.02,60.0,1,1
2024-01-25T14:00:00.000Z,Hoa Binh,Tan Phu,10.802682,106.622375,20.6,41.42,90.0,1,1
2024-03-27T12:00:00.000Z,Hau Giang,Quan 6,10.747912,106.64018,6.2,31.34,90.0,1,1
2024-04-08T19:00:00.000Z,Ma Lo,Binh Tan,10.763953,106.614404,22.0,24.4,30.0,1,1
2024-08-07T09:00:00.000Z,To Ky,Quan 12,10.866613,106.63002,41.2,37.84,30.0,1,1
2023-08-06T13:00:00.000Z,Nguyen Anh Thu,Quan 12,10.877538,106.643547,16.0,38.2,90.0,1,1
2024-04-07T14:00:00.000Z,Binh Long,Tan Phu,10.799861,106.617132,5.0,12.5,30.0,1,1
2024-04-13T07:00:00.000Z,Lam Van Ben,Quan 7,10.719801,106.685122,40.3,46.209999999999994,60.0,1,1
2024-05-31T11:00:00.000Z,Do Xuan Hop,Thu Duc,10.833038,106.781797,6.9,31.83,90.0,1,1
2023-02-27T23:00:00.000Z,Vo Van Kiet,Quan 1,10.761584,106.69961,5.4,21.78,60.0,1,1
2023-10-19T12:00:00.000Z,Le Thi Rieng,Quan 12,10.860042,106.647819,8.1,32.67,90.0,1,1
2023-11-13T16:00:00.000Z,Da Nam,Quan 8,10.743347,106.672396,9.1,33.37,90.0,1,1
2024-01-07T07:00:00.000Z,Nguyen Trai,Quan 5,10.755704,106.666244,19.0,49.3,120.0,1,1
2024-01-27T16:00:00.000Z,CMT8,Quan 3,10.780447,106.678619,18.9,40.23,90.0,1,1
2024-01-29T00:00:00.000Z,Nguyen Van Khoi,Go Vap,10.828099,106.694834,5.0,39.5,120.0,1,1
2024-05-12T14:00:00.000Z,CMT8,Quan 3,10.782323,106.680112,14.4,37.08,90.0,1,1
2023-01-30T05:00:00.000Z,Ung Van Khiem,Binh Thanh,10.810202,106.712437,19.1,22.37,30.0,1,1
2023-07-12T20:00:00.000Z,Binh Long,Tan Phu,10.799944,106.615935,51.3,62.91,90.0,1,1
2023-08-01T17:00:00.000Z,Vo Van Ngan,Thu Duc,10.849639,106.771247,5.5,39.85,120.0,1,1
2023-12-30T19:00:00.000Z,Tran Nao,Quan 2,10.784627,106.736213,16.6,29.62,60.0,1,1
2024-01-03T04:00:00.000Z,Vo Van Kiet,Quan 1,10.761365,106.698156,59.4,77.58,120.0,1,1
2024-01-13T10:00:00.000Z,Linh Dong,Thu Duc,10.86563,106.766945,23.7,88.59,240.0,1,1
2024-04-19T20:00:00.000Z,Thoai Ngoc Hau,Tan Phu,10.786862,106.627179,5.0,21.5,60.0,1,1
2024-07-06T06:00:00.000Z,Nguyen Huu Canh,Binh Thanh,10.787978,106.723271,10.8,25.56,60.0,1,1
2024-08-07T15:00:00.000Z,Hoa Binh,Tan Phu,10.804907,106.620623,6.3,31.41,90.0,1,1
2023-09-03T18:00:00.000Z,Vo Van Kiet,Quan 1,10.760556,106.69927,20.2,23.14,30.0,1,1
2023-10-08T21:00:00.000Z,Hau Giang,Quan 6,10.744932,106.63886,9.1,24.369999999999997,60.0,1,1
2023-12-09T22:00:00.000Z,Binh Long,Tan Phu,10.798482,106.616103,10.7,16.49,30.0,1,1
2024-01-01T06:00:00.000Z,Do Xuan Hop,Thu Duc,10.831599,106.78222,5.2,39.64,120.0,1,1
2024-06-25T21:00:00.000Z,Ta Quang Buu,Quan 8,10.742878,106.665487,30.1,39.07,60.0,1,1
2024-08-27T14:00:00.000Z,Quang Trung,Go Vap,10.838665,106.665963,24.3,44.01,90.0,1,1
2023-01-13T07:00:00.000Z,Nguyen Thi Thap,Quan 7,10.740017,106.714601,8.8,42.16,120.0,1,1
2023-06-07T00:00:00.000Z,Nguyen Huu Canh,Binh Thanh,10.786253,106.720944,20.8,41.56,90.0,1,1
2023-08-09T04:00:00.000Z,Ba Thang Hai,Quan 10,10.772533,106.671027,38.2,44.74,60.0,1,1
2023-10-04T10:00:00.000Z,Tran Nao,Quan 2,10.783417,106.737871,5.0,75.5,240.0,1,1
2023-11-19T23:00:00.000Z,Tran Xuan Soan,Quan 7,10.752108,106.69997,21.5,42.05,90.0,1,1
2024-05-22T09:00:00.000Z,No Trang Long,Binh Thanh,10.815725,106.696365,20.4,50.28,120.0,1,1
2024-08-07T00:00:00.000Z,Huynh Tan Phat,Quan 7,10.729095,106.72127,5.0,57.5,180.0,1,1
2023-03-27T08:00:00.000Z,Pham Van Dong,Binh Thanh,10.820486,106.702767,5.0,12.5,30.0,1,1
2023-04-05T00:00:00.000Z,Phan Huy Ich,Go Vap,10.827968,106.670913,24.4,44.08,90.0,1,1
2023-06-07T12:00:00.000Z,Phan Huy Ich,Go Vap,10.828174,106.673159,9.3,15.51,30.0,1,1
2023-12-13T18:00:00.000Z,Hau Giang,Quan 6,10.74508,106.637834,51.0,53.699999999999996,60.0,1,1
2024-05-10T11:00:00.000Z,Xo Viet Nghe Tinh,Binh Thanh,10.806691,106.710805,9.3,60.51,180.0,1,1
2024-05-17T14:00:00.000Z,Nguyen Huu Canh,Binh Thanh,10.786226,106.721136,24.5,44.15,90.0,1,1
2024-08-05T00:00:00.000Z,To Ky,Quan 12,10.86578,106.629537,6.6,22.619999999999997,60.0,1,1
2023-08-11T22:00:00.000Z,Phan Huy Ich,Go Vap,10.828618,106.673518,13.8,36.66,90.0,1,1
2023-08-26T23:00:00.000Z,Ta Quang Buu,Quan 8,10.74438,106.662613,18.9,49.23,120.0,1,1
2023-12-22T04:00:00.000Z,Pham The Hien,Quan 8,10.728616,106.684303,26.5,72.55,180.0,1,1
2024-01-05T05:00:00.000Z,Le Dinh Can,Binh Tan,10.76626,106.596502,9.6,42.72,120.0,1,1
2024-05-23T11:00:00.000Z,An Duong Vuong,Quan 6,10.755373,106.643474,5.0,21.5,60.0,1,1
2024-06-07T01:00:00.000Z,Le Dinh Can,Binh Tan,10.765913,106.598444,9.1,78.37,240.0,1,1
2024-07-07T07:00:00.000Z,Binh Long,Tan Phu,10.799094,106.617169,21.4,32.98,60.0,1,1
2024-08-02T20:00:00.000Z,Tam Binh,Thu Duc,10.860981,106.737338,9.5,15.649999999999999,30.0,1,1
2023-04-29T05:00:00.000Z,No Trang Long,Binh Thanh,10.816202,106.698322,5.0,21.5,60.0,1,1
2023-09-06T14:00:00.000Z,Kha Van Can,Thu Duc,10.851207,106.754608,8.9,24.23,60.0,1,1
2023-11-19T20:00:00.000Z,Kha Van Can,Thu Duc,10.852765,106.756143,24.8,26.36,30.0,1,1
2023-12-29T16:00:00.000Z,Nguyen Thi Thap,Quan 7,10.742884,106.716428,18.8,40.16,90.0,1,1
2024-03-23T02:00:00.000Z,Pham The Hien,Quan 8,10.729392,106.681557,5.0,21.5,60.0,1,1
2024-06-10T03:00:00.000Z,Ung Van Khiem,Binh Thanh,10.812981,106.709541,5.0,75.5,240.0,1,1
2024-07-25T19:00:00.000Z,Ung Van Khiem,Binh Thanh,10.811738,106.709027,31.1,39.769999999999996,60.0,1,1
2023-05-13T04:00:00.000Z,Nguyen Huu Canh,Binh Thanh,10.788307,106.722382,13.8,27.66,60.0,1,1
2023-05-26T09:00:00.000Z,Quang Trung,Go Vap,10.838872,106.663713,18.2,66.74,180.0,1,1
2023-05-28T05:00:00.000Z,Thoai Ngoc Hau,Tan Phu,10.786038,106.629289,32.0,58.4,120.0,1,1
2023-07-16T07:00:00.000Z,Pham Van Dong,Binh Thanh,10.819177,106.703448,23.8,43.66,90.0,1,1
2023-09-11T15:00:00.000Z,Le Dinh Can,Binh Tan,10.764569,106.596319,20.4,41.28,90.0,1,1
2024-01-07T03:00:00.000Z,Nguyen Thi Thap,Quan 7,10.742333,106.713561,19.6,22.72,30.0,1,1
2024-05-28T04:00:00.000Z,Kinh Duong Vuong,Quan 6,10.745184,106.616012,5.8,13.059999999999999,30.0,1,1
2023-01-25T09:00:00.000Z,Tam Binh,Thu Duc,10.860471,106.739163,21.6,42.12,90.0,1,1
2023-01-28T03:00:00.000Z,Binh Long,Tan Phu,10.801415,106.615495,14.3,64.01,180.0,1,1
2023-02-28T21:00:00.000Z,Quang Trung,Go Vap,10.839426,106.665534,29.8,29.86,30.0,1,1
2023-04-12T06:00:00.000Z,Vo Van Kiet,Quan 1,10.763482,106.698728,5.1,57.57,180.0,1,1
2023-04-30T22:00:00.000Z,Nguyen Huu Canh,Binh Thanh,10.787072,106.721925,32.0,76.4,180.0,1,1
2023-08-14T14:00:00.000Z,Pham Van Dong,Binh Thanh,10.81976,106.701783,8.3,41.81,120.0,1,1
2023-10-15T03:00:00.000Z,Da Nam,Quan 8,10.740385,106.674232,5.0,12.5,30.0,1,1
2023-04-14T07:00:00.000Z,Nguyen Van Khoi,Go Vap,10.830021,106.694224,21.3,68.91,180.0,1,1
2023-06-16T00:00:00.000Z,Lam Van Ben,Quan 7,10.719933,106.684199,10.8,34.56,90.0,1,1
2023-07-25T04:00:00.000Z,Tan Ky Tan Quy,Binh Tan,10.789196,106.603789,5.0,12.5,30.0,1,1
2023-07-30T12:00:00.000Z,Da Nam,Quan 8,10.742474,106.673976,49.2,61.44,90.0,1,1
2023-09-13T22:00:00.000Z,Linh Dong,Thu Duc,10.866114,106.764405,19.8,67.86,180.0,1,1
2023-11-20T08:00:00.000Z,Hau Giang,Quan 6,10.748319,106.640355,42.0,38.4,30.0,1,1
2024-01-02T05:00:00.000Z,Kinh Duong Vuong,Quan 6,10.741949,106.616122,20.1,32.07,60.0,1,1
2024-01-18T16:00:00.000Z,Hau Giang,Quan 6,10.748297,106.639112,10.2,25.14,60.0,1,1
2024-07-25T13:00:00.000Z,Le Dinh Can,Binh Tan,10.768461,106.594678,5.0,12.5,30.0,1,1
2023-02-10T05:00:00.000Z,Lam Van Ben,Quan 7,10.718262,106.685255,5.3,12.709999999999999,30.0,1,1
2023-03-31T18:00:00.000Z,Le Van Luong,Quan 7,10.7375,106.705028,19.6,31.72,60.0,1,1
2023-05-27T05:00:00.000Z,Nguyen Trai,Quan 5,10.758412,106.663474,21.6,42.12,90.0,1,1
2023-06-12T19:00:00.000Z,Nguyen Trai,Quan 5,10.754596,106.664506,6.6,31.619999999999997,90.0,1,1
2023-07-07T06:00:00.000Z,Phan Huy Ich,Go Vap,10.830686,106.671543,15.9,29.13,60.0,1,1
2023-08-26T17:00:00.000Z,Tran Xuan Soan,Quan 7,10.751472,106.697605,5.0,39.5,120.0,1,1
2023-10-18T22:00:00.000Z,Do Xuan Hop,Thu Duc,10.833212,106.781169,14.4,28.08,60.0,1,1
2023-11-07T09:00:00.000Z,Pham Van Dong,Binh Thanh,10.818329,106.703142,15.7,19.99,30.0,1,1
2023-11-23T20:00:00.000Z,CMT8,Quan 3,10.779965,106.67851,6.4,22.48,60.0,1,1
2024-05-14T10:00:00.000Z,Nguyen Huu Canh,Binh Thanh,10.788618,106.721171,14.0,45.8,120.0,1,1
2023-01-08T15:00:00.000Z,To Ky,Quan 12,10.864678,106.631835,5.0,39.5,120.0,1,1
2023-01-16T07:00:00.000Z,Ung Van Khiem,Binh Thanh,10.810849,106.709238,5.0,21.5,60.0,1,1
2023-04-21T07:00:00.000Z,Le Dinh Can,Binh Tan,10.765416,106.597705,19.1,40.370000000000005,90.0,1,1
2023-05-04T15:00:00.000Z,An Duong Vuong,Quan 6,10.753498,106.644497,6.2,58.34,180.0,1,1
2023-07-23T15:00:00.000Z,CMT8,Quan 3,10.780523,106.682405,5.0,57.5,180.0,1,1
2023-08-12T12:00:00.000Z,Do Xuan Hop,Thu Duc,10.835427,106.783494,10.8,25.56,60.0,1,1
2023-09-02T19:00:00.000Z,Tran Xuan Soan,Quan 7,10.750028,106.696606,16.5,38.55,90.0,1,1
2023-10-05T19:00:00.000Z,Tam Binh,Thu Duc,10.862908,106.738664,40.5,46.349999999999994,60.0,1,1
2023-12-15T05:00:00.000Z,Kha Van Can,Thu Duc,10.853411,106.753159,16.0,65.2,180.0,1,1
2023-12-26T12:00:00.000Z,Vo Van Ngan,Thu Duc,10.851978,106.773606,9.5,33.65,90.0,1,1
2024-01-14T11:00:00.000Z,Nguyen Van Khoi,Go Vap,10.829622,106.694585,5.0,21.5,60.0,1,1
2024-04-28T13:00:00.000Z,Nguyen Van Khoi,Go Vap,10.828859,106.691893,10.4,43.28,120.0,1,1
2024-05-28T02:00:00.000Z,Vo Van Ngan,Thu Duc,10.849407,106.772241,5.0,39.5,120.0,1,1
2024-08-25T11:00:00.000Z,Phan Huy Ich,Go Vap,10.827557,106.670881,81.9,75.33,60.0,1,1
2023-01-13T22:00:00.000Z,Nguyen Huu Canh,Binh Thanh,10.78634,106.720996,9.8,24.86,60.0,1,1
2023-01-29T11:00:00.000Z,Do Xuan Hop,Thu Duc,10.834244,106.783624,8.8,42.16,120.0,1,1
2023-03-18T16:00:00.000Z,Lam Van Ben,Quan 7,10.717513,106.68262,39.9,99.92999999999999,240.0,1,1
2023-04-15T19:00:00.000Z,To Ky,Quan 12,10.865908,106.631514,11.1,25.77,60.0,1,1
2023-05-13T23:00:00.000Z,Nguyen Anh Thu,Quan 12,10.878386,106.644661,5.7,12.99,30.0,1,1
2023-06-16T13:00:00.000Z,Nguyen Huu Canh,Binh Thanh,10.788664,106.722018,5.0,21.5,60.0,1,1
2023-07-16T20:00:00.000Z,Le Van Luong,Quan 7,10.737907,106.703686,19.7,31.79,60.0,1,1
2023-07-24T02:00:00.000Z,Binh Long,Tan Phu,10.799277,106.616954,15.7,28.99,60.0,1,1
2023-08-02T15:00:00.000Z,Pham Van Dong,Binh Thanh,10.819875,106.702633,40.0,37.0,30.0,1,1
2023-08-23T23:00:00.000Z,Pham Van Dong,Binh Thanh,10.819397,106.703814,11.1,25.77,60.0,1,1
2023-08-29T19:00:00.000Z,Nguyen Trai,Quan 5,10.756898,106.665693,11.8,17.259999999999998,30.0,1,1
2023-10-13T21:00:00.000Z,No Trang Long,Binh Thanh,10.814174,106.698763,25.7,53.989999999999995,120.0,1,1
2023-11-05T11:00:00.000Z,Da Nam,Quan 8,10.740735,106.671558,5.0,30.5,90.0,1,1
2023-11-23T22:00:00.000Z,To Ky,Quan 12,10.865518,106.629626,10.8,34.56,90.0,1,1
2023-12-31T02:00:00.000Z,Le Van Luong,Quan 7,10.736486,106.705767,51.0,62.699999999999996,90.0,1,1
2024-01-22T02:00:00.000Z,Vo Van Kiet,Quan 1,10.764088,106.69744,9.7,78.78999999999999,240.0,1,1
2024-03-18T06:00:00.000Z,Nguyen Thi Thap,Quan 7,10.742692,106.714534,5.2,21.64,60.0,1,1
2024-06-07T06:00:00.000Z,Thoai Ngoc Hau,Tan Phu,10.78625,106.630022,18.3,48.81,120.0,1,1
2024-07-16T12:00:00.000Z,Huynh Tan Phat,Quan 7,10.729353,106.723595,23.1,34.17,60.0,1,1
2024-08-16T18:00:00.000Z,Nguyen Anh Thu,Quan 12,10.875802,106.646073,9.6,78.72,240.0,1,1
2023-02-05T06:00:00.000Z,Ung Van Khiem,Binh Thanh,10.811699,106.709113,10.9,16.63,30.0,1,1
2023-03-25T18:00:00.000Z,Le Dinh Can,Binh Tan,10.765342,106.597885,24.8,35.36,60.0,1,1
2023-04-15T01:00:00.000Z,Tam Binh,Thu Duc,10.86276,106.739091,24.6,35.22,60.0,1,1
2023-04-27T12:00:00.000Z,Nguyen Van Khoi,Go Vap,10.830048,106.691632,9.5,60.65,180.0,1,1
2023-09-01T01:00:00.000Z,Pham The Hien,Quan 8,10.727754,106.683041,16.0,29.2,60.0,1,1
2023-09-26T17:00:00.000Z,Thoai Ngoc Hau,Tan Phu,10.788282,106.628528,19.9,49.93,120.0,1,1
2024-02-09T05:00:00.000Z,Hoa Binh,Tan Phu,10.806487,106.624218,16.2,65.34,180.0,1,1
2024-06-27T06:00:00.000Z,Nguyen Thi Thap,Quan 7,10.741911,106.713722,13.5,45.45,120.0,1,1
2023-03-21T04:00:00.000Z,Le Van Viet,Thu Duc,10.846143,106.79147,7.0,13.899999999999999,30.0,1,1
2023-04-04T06:00:00.000Z,Tan Ky Tan Quy,Binh Tan,10.788697,106.602286,10.7,25.49,60.0,1,1
2023-04-23T12:00:00.000Z,Nguyen Van Khoi,Go Vap,10.828557,106.695107,8.3,23.810000000000002,60.0,1,1
2023-04-29T23:00:00.000Z,Binh Long,Tan Phu,10.800524,106.616899,19.6,49.72,120.0,1,1
2023-07-26T05:00:00.000Z,CMT8,Quan 3,10.779926,106.682393,60.6,69.42,90.0,1,1
2024-01-18T18:00:00.000Z,Pham Van Dong,Binh Thanh,10.817411,106.703467,16.2,38.339999999999996,90.0,1,1
2024-04-10T09:00:00.000Z,Quang Trung,Go Vap,10.836858,106.664134,20.2,41.14,90.0,1,1
2024-04-19T01:00:00.000Z,Nguyen Huu Canh,Binh Thanh,10.788009,106.721227,80.1,74.07,60.0,1,1
2024-05-06T18:00:00.000Z,Xo Viet Nghe Tinh,Binh Thanh,10.805601,106.713393,15.9,29.13,60.0,1,1
2024-05-09T02:00:00.000Z,Nguyen Thi Thap,Quan 7,10.740728,106.715283,29.9,56.92999999999999,120.0,1,1
2024-06-04T07:00:00.000Z,Kinh Duong Vuong,Quan 6,10.745467,106.615774,10.9,79.63,240.0,1,1
2024-08-03T05:00:00.000Z,Pham Van Dong,Binh Thanh,10.817058,106.702474,5.1,12.57,30.0,1,1
2023-01-03T22:00:00.000Z,No Trang Long,Binh Thanh,10.813822,106.698408,16.7,29.689999999999998,60.0,1,1
2023-01-08T08:00:00.000Z,Linh Dong,Thu Duc,10.864164,106.76498,9.9,15.93,30.0,1,1
2023-06-01T22:00:00.000Z,Do Xuan Hop,Thu Duc,10.835026,106.783418,10.9,43.63,120.0,1,1
2023-06-19T12:00:00.000Z,Do Xuan Hop,Thu Duc,10.832072,106.782679,14.3,19.009999999999998,30.0,1,1
2023-07-11T13:00:00.000Z,Binh Long,Tan Phu,10.800521,106.617197,5.0,75.5,240.0,1,1
2023-10-18T20:00:00.000Z,Quang Trung,Go Vap,10.836173,106.664503,9.9,33.93,90.0,1,1
2024-02-11T20:00:00.000Z,Kha Van Can,Thu Duc,10.850295,106.756232,8.7,15.09,30.0,1,1
2024-02-29T18:00:00.000Z,Tan Ky Tan Quy,Binh Tan,10.789319,106.603277,40.3,46.209999999999994,60.0,1,1
2024-04-21T17:00:00.000Z,Ma Lo,Binh Tan,10.765297,106.614122,11.7,26.189999999999998,60.0,1,1
2023-01-01T16:00:00.000Z,An Duong Vuong,Quan 6,10.753612,106.646336,20.9,41.629999999999995,90.0,1,1
2023-01-23T12:00:00.000Z,Vo Van Kiet,Quan 1,10.762772,106.699705,13.3,63.31,180.0,1,1
2023-03-07T05:00:00.000Z,Xo Viet Nghe Tinh,Binh Thanh,10.808175,106.713103,15.6,28.92,60.0,1,1
2023-05-25T20:00:00.000Z,Huynh Tan Phat,Quan 7,10.728942,106.723256,14.1,27.869999999999997,60.0,1,1
2023-11-03T18:00:00.000Z,Le Thi Rieng,Quan 12,10.861659,106.647538,15.9,29.13,60.0,1,1
2024-01-03T14:00:00.000Z,Da Nam,Quan 8,10.742968,106.672959,60.7,69.49000000000001,90.0,1,1
2024-04-25T22:00:00.000Z,Le Thi Rieng,Quan 12,10.86007,106.646708,11.2,43.839999999999996,120.0,1,1
2024-05-31T17:00:00.000Z,Da Nam,Quan 8,10.741239,106.672415,25.2,26.639999999999997,30.0,1,1
2023-01-19T22:00:00.000Z,Linh Dong,Thu Duc,10.865153,106.764449,41.5,38.05,30.0,1,1
2023-02-24T22:00:00.000Z,Thoai Ngoc Hau,Tan Phu,10.78811,106.626517,50.2,53.14,60.0,1,1
2023-04-04T00:00:00.000Z,Nguyen Huu Canh,Binh Thanh,10.787502,106.721385,18.0,39.6,90.0,1,1
2023-05-10T03:00:00.000Z,Tan Ky Tan Quy,Binh Tan,10.787197,106.602927,9.9,24.93,60.0,1,1
2023-09-08T18:00:00.000Z,An Duong Vuong,Quan 6,10.755141,106.646046,10.1,25.07,60.0,1,1
2023-11-17T20:00:00.000Z,Nguyen Huu Canh,Binh Thanh,10.789561,106.721318,31.0,48.7,90.0,1,1
2024-01-18T09:00:00.000Z,Ung Van Khiem,Binh Thanh,10.811966,106.710448,13.4,27.38,60.0,1,1
2024-02-08T13:00:00.000Z,No Trang Long,Binh Thanh,10.81583,106.699426,6.3,13.41,30.0,1,1
2024-04-23T19:00:00.000Z,Vo Van Ngan,Thu Duc,10.851991,106.771901,6.3,40.41,120.0,1,1
2024-05-15T18:00:00.000Z,Kinh Duong Vuong,Quan 6,10.744822,106.616084,26.1,54.269999999999996,120.0,1,1
2024-06-08T17:00:00.000Z,Linh Dong,Thu Duc,10.866223,106.765949,9.6,15.719999999999999,30.0,1,1
2023-04-10T15:00:00.000Z,To Ky,Quan 12,10.865357,106.630058,19.5,40.65,90.0,1,1
2023-09-26T09:00:00.000Z,Phan Huy Ich,Go Vap,10.830304,106.672608,29.3,38.51,60.0,1,1
2023-09-28T02:00:00.000Z,Ma Lo,Binh Tan,10.762686,106.613256,23.9,52.73,120.0,1,1
2024-04-21T16:00:00.000Z,Nguyen Huu Canh,Binh Thanh,10.789297,106.721703,5.5,57.85,180.0,1,1
2024-05-02T05:00:00.000Z,Vo Van Ngan,Thu Duc,10.84888,106.772465,21.1,50.769999999999996,120.0,1,1
2023-01-27T14:00:00.000Z,Tran Nao,Quan 2,10.782994,106.736826,78.6,64.02,30.0,1,1
2023-01-27T21:00:00.000Z,Le Van Viet,Thu Duc,10.843476,106.789999,11.6,26.119999999999997,60.0,1,1
2023-03-16T11:00:00.000Z,Thoai Ngoc Hau,Tan Phu,10.785856,106.629013,21.2,32.839999999999996,60.0,1,1
2023-04-21T08:00:00.000Z,Le Dinh Can,Binh Tan,10.767097,106.596796,10.6,25.419999999999998,60.0,1,1
2023-05-11T21:00:00.000Z,Le Van Luong,Quan 7,10.735534,106.706888,6.9,58.83,180.0,1,1
2023-07-10T08:00:00.000Z,Ta Quang Buu,Quan 8,10.745176,106.66424,5.0,75.5,240.0,1,1
2023-10-26T19:00:00.000Z,Thoai Ngoc Hau,Tan Phu,10.786052,106.629444,5.8,22.06,60.0,1,1
2024-01-09T05:00:00.000Z,Tran Nao,Quan 2,10.783167,106.736831,31.6,40.120000000000005,60.0,1,1
2024-01-23T12:00:00.000Z,Do Xuan Hop,Thu Duc,10.833805,106.783074,5.0,30.5,90.0,1,1
2024-03-30T12:00:00.000Z,Hoa Binh,Tan Phu,10.804255,106.623529,7.0,13.899999999999999,30.0,1,1
2024-04-01T01:00:00.000Z,Nguyen Van Khoi,Go Vap,10.828196,106.694111,5.0,12.5,30.0,1,1
2024-07-20T03:00:00.000Z,Ba Thang Hai,Quan 10,10.775953,106.669985,49.9,43.93,30.0,1,1
2023-04-03T15:00:00.000Z,Huynh Tan Phat,Quan 7,10.72783,106.723455,5.7,30.99,90.0,1,1
2023-07-22T11:00:00.000Z,Xo Viet Nghe Tinh,Binh Thanh,10.80706,106.710261,38.1,53.67,90.0,1,1
2023-09-10T23:00:00.000Z,Kha Van Can,Thu Duc,10.851735,106.753244,23.6,34.519999999999996,60.0,1,1
2023-09-24T17:00:00.000Z,Nguyen Van Qua,Quan 12,10.855525,106.661013,29.8,29.86,30.0,1,1
2023-09-26T06:00:00.000Z,Ung Van Khiem,Binh Thanh,10.812881,106.712428,21.9,87.33,240.0,1,1
2024-01-15T15:00:00.000Z,Le Van Luong,Quan 7,10.736422,106.705028,9.0,60.3,180.0,1,1
2024-03-03T08:00:00.000Z,Nguyen Huu Canh,Binh Thanh,10.788708,106.720946,16.3,47.41,120.0,1,1
2024-03-10T11:00:00.000Z,Huynh Tan Phat,Quan 7,10.728543,106.72172,5.0,39.5,120.0,1,1
2023-05-14T09:00:00.000Z,Nguyen Trai,Quan 5,10.754945,106.663478,24.7,35.29,60.0,1,1
2023-06-23T09:00:00.000Z,Nguyen Thi Thap,Quan 7,10.740837,106.714096,6.4,76.48,240.0,1,1
2023-07-24T07:00:00.000Z,Ma Lo,Binh Tan,10.764693,106.612747,14.5,19.15,30.0,1,1
2023-09-19T00:00:00.000Z,Tam Binh,Thu Duc,10.862584,106.737869,15.8,38.06,90.0,1,1
2023-11-11T02:00:00.000Z,Tan Ky Tan Quy,Binh Tan,10.789846,106.602412,28.4,28.88,30.0,1,1
2023-12-12T06:00:00.000Z,Thoai Ngoc Hau,Tan Phu,10.787552,106.630381,11.7,17.189999999999998,30.0,1,1
2024-02-12T19:00:00.000Z,Huynh Tan Phat,Quan 7,10.730092,106.722351,5.0,12.5,30.0,1,1
2024-04-24T04:00:00.000Z,Quang Trung,Go Vap,10.839078,106.664185,38.4,53.879999999999995,90.0,1,1
2024-06-18T20:00:00.000Z,Ung Van Khiem,Binh Thanh,10.810362,106.712088,11.3,16.91,30.0,1,1
2023-02-19T21:00:00.000Z,Pham Van Dong,Binh Thanh,10.817031,106.70423,20.4,41.28,90.0,1,1
2023-08-04T07:00:00.000Z,Ung Van Khiem,Binh Thanh,10.813297,106.71121,80.6,92.41999999999999,120.0,1,1
2023-08-12T09:00:00.000Z,Tam Binh,Thu Duc,10.862323,106.73797,13.6,36.519999999999996,90.0,1,1
2023-08-20T07:00:00.000Z,Huynh Tan Phat,Quan 7,10.727973,106.720702,19.4,31.58,60.0,1,1
2023-12-19T17:00:00.000Z,An Duong Vuong,Quan 6,10.755126,106.644305,18.7,67.09,180.0,1,1
2024-03-30T02:00:00.000Z,Quang Trung,Go Vap,10.837219,106.664386,14.4,19.08,30.0,1,1
2024-06-29T18:00:00.000Z,Nguyen Van Khoi,Go Vap,10.826718,106.692782,6.5,40.55,120.0,1,1
2023-02-11T16:00:00.000Z,No Trang Long,Binh Thanh,10.816577,106.69625,13.0,36.1,90.0,1,1
2023-05-14T13:00:00.000Z,Ma Lo,Binh Tan,10.765381,106.615079,16.0,20.2,30.0,1,1
2023-08-30T18:00:00.000Z,Ma Lo,Binh Tan,10.763307,106.612872,10.1,25.07,60.0,1,1
2024-01-28T16:00:00.000Z,Le Van Luong,Quan 7,10.736021,106.70647,9.7,42.79,120.0,1,1
2024-02-13T22:00:00.000Z,Vo Van Kiet,Quan 1,10.763651,106.696961,13.2,18.24,30.0,1,1
2024-03-11T21:00:00.000Z,Quang Trung,Go Vap,10.836809,106.66308,10.5,34.35,90.0,1,1
2024-05-18T21:00:00.000Z,Ta Quang Buu,Quan 8,10.744056,106.666285,21.8,51.26,120.0,1,1
2024-06-12T00:00:00.000Z,Le Thi Rieng,Quan 12,10.861784,106.649244,5.9,31.13,90.0,1,1
2023-04-14T23:00:00.000Z,Phan Huy Ich,Go Vap,10.827994,106.670693,9.2,33.44,90.0,1,1
2023-05-06T09:00:00.000Z,Nguyen Van Khoi,Go Vap,10.82912,106.69234,26.3,36.41,60.0,1,1
2023-05-09T00:00:00.000Z,Le Van Luong,Quan 7,10.737521,106.704393,9.2,60.44,180.0,1,1
2023-06-16T01:00:00.000Z,Ta Quang Buu,Quan 8,10.745425,106.665722,8.6,33.019999999999996,90.0,1,1
2023-06-17T12:00:00.000Z,Le Van Luong,Quan 7,10.737458,106.706093,6.9,13.83,30.0,1,1
2023-09-05T20:00:00.000Z,Binh Long,Tan Phu,10.798176,106.614217,39.9,36.92999999999999,30.0,1,1
2023-11-05T13:00:00.000Z,Binh Long,Tan Phu,10.800322,106.615852,17.0,38.9,90.0,1,1
2024-01-27T01:00:00.000Z,Tan Ky Tan Quy,Binh Tan,10.786747,106.603789,8.4,77.88,240.0,1,1
2024-06-26T13:00:00.000Z,Nguyen Trai,Quan 5,10.756249,106.665524,19.3,40.51,90.0,1,1
2023-01-10T10:00:00.000Z,Hoa Binh,Tan Phu,10.805713,106.623961,15.0,19.5,30.0,1,1
2023-02-14T18:00:00.000Z,Quang Trung,Go Vap,10.838495,106.663064,11.5,62.05,180.0,1,1
2023-05-08T04:00:00.000Z,Hau Giang,Quan 6,10.745484,106.639466,13.4,18.38,30.0,1,1
2023-07-14T23:00:00.000Z,Le Dinh Can,Binh Tan,10.765866,106.59723,38.4,98.88,240.0,1,1
2023-08-21T02:00:00.000Z,Tran Nao,Quan 2,10.781628,106.737801,26.5,27.549999999999997,30.0,1,1
2023-09-30T09:00:00.000Z,Quang Trung,Go Vap,10.839526,106.665042,6.3,13.41,30.0,1,1
2023-11-13T23:00:00.000Z,Le Thi Rieng,Quan 12,10.860114,106.64985,28.4,37.879999999999995,60.0,1,1
2024-03-21T02:00:00.000Z,Kinh Duong Vuong,Quan 6,10.742048,106.614525,28.4,28.88,30.0,1,1
2023-04-03T21:00:00.000Z,Ma Lo,Binh Tan,10.761851,106.611972,19.8,31.86,60.0,1,1
2023-04-08T12:00:00.000Z,Vo Van Ngan,Thu Duc,10.850983,106.772426,10.8,43.56,120.0,1,1
2023-04-15T18:00:00.000Z,Ta Quang Buu,Quan 8,10.744007,106.66567,8.2,32.74,90.0,1,1
2023-06-29T14:00:00.000Z,Hoa Binh,Tan Phu,10.805059,106.624318,18.9,31.229999999999997,60.0,1,1
2023-07-25T03:00:00.000Z,Quang Trung,Go Vap,10.838924,106.663235,13.2,36.239999999999995,90.0,1,1
2023-08-28T01:00:00.000Z,Tran Xuan Soan,Quan 7,10.751742,106.698422,5.0,12.5,30.0,1,1
2023-11-30T15:00:00.000Z,Huynh Tan Phat,Quan 7,10.72776,106.724109,9.8,15.86,30.0,1,1
2024-04-23T20:00:00.000Z,No Trang Long,Binh Thanh,10.81676,106.696175,8.3,14.81,30.0,1,1
2024-04-25T21:00:00.000Z,Lam Van Ben,Quan 7,10.717332,106.685007,26.3,36.41,60.0,1,1
2024-07-16T13:00:00.000Z,Vo Van Kiet,Quan 1,10.764365,106.698884,5.2,30.64,90.0,1,1
2023-02-15T05:00:00.000Z,Le Van Viet,Thu Duc,10.843784,106.788215,14.0,63.8,180.0,1,1
2023-02-18T21:00:00.000Z,Pham The Hien,Quan 8,10.727541,106.685115,6.3,31.41,90.0,1,1
2023-02-26T11:00:00.000Z,CMT8,Quan 3,10.781039,106.679223,14.7,37.29,90.0,1,1
2023-03-04T23:00:00.000Z,Nguyen Trai,Quan 5,10.756111,106.665218,21.4,32.98,60.0,1,1
2023-03-08T12:00:00.000Z,Thoai Ngoc Hau,Tan Phu,10.785852,106.62818,15.7,37.989999999999995,90.0,1,1
2023-11-05T17:00:00.000Z,Linh Dong,Thu Duc,10.866329,106.767081,25.2,71.64,180.0,1,1
2023-12-23T11:00:00.000Z,Ung Van Khiem,Binh Thanh,10.811953,106.709029,29.4,47.58,90.0,1,1
2024-01-13T17:00:00.000Z,Le Van Viet,Thu Duc,10.844792,106.788646,5.4,39.78,120.0,1,1
2024-01-21T21:00:00.000Z,Nguyen Trai,Quan 5,10.754634,106.664797,8.5,77.95,240.0,1,1
2024-02-09T16:00:00.000Z,Nguyen Van Qua,Quan 12,10.855847,106.661917,5.0,30.5,90.0,1,1
2024-02-17T11:00:00.000Z,Nguyen Anh Thu,Quan 12,10.876821,106.645276,19.3,31.509999999999998,60.0,1,1
2024-07-20T18:00:00.000Z,Tan Ky Tan Quy,Binh Tan,10.789112,106.603369,49.7,61.79,90.0,1,1
2023-01-17T10:00:00.000Z,Nguyen Van Khoi,Go Vap,10.830168,106.69224,9.4,24.58,60.0,1,1
2023-03-15T07:00:00.000Z,Vo Van Kiet,Quan 1,10.761549,106.699705,61.3,51.91,30.0,1,1
2023-03-18T09:00:00.000Z,Thoai Ngoc Hau,Tan Phu,10.787159,106.629149,25.7,44.989999999999995,90.0,1,1
2023-04-06T07:00:00.000Z,Ma Lo,Binh Tan,10.7618,106.61386,28.9,92.22999999999999,240.0,1,1
2023-06-30T12:00:00.000Z,Nguyen Huu Canh,Binh Thanh,10.78805,106.722727,5.6,21.919999999999998,60.0,1,1
2023-07-24T05:00:00.000Z,Le Thi Rieng,Quan 12,10.861202,106.647504,5.5,75.85,240.0,1,1
2023-09-11T20:00:00.000Z,No Trang Long,Binh Thanh,10.817314,106.699125,23.6,43.519999999999996,90.0,1,1
2023-10-23T20:00:00.000Z,Pham The Hien,Quan 8,10.728261,106.68347,19.4,22.58,30.0,1,1
2023-12-29T18:00:00.000Z,Xo Viet Nghe Tinh,Binh Thanh,10.805726,106.71061,30.9,75.63,180.0,1,1
2024-05-31T15:00:00.000Z,Le Dinh Can,Binh Tan,10.76505,106.595089,5.6,30.919999999999998,90.0,1,1
2023-01-18T12:00:00.000Z,Ma Lo,Binh Tan,10.76504,106.612956,14.9,28.43,60.0,1,1
2023-02-17T01:00:00.000Z,Tam Binh,Thu Duc,10.862873,106.737207,78.6,73.02,60.0,1,1
2023-06-18T07:00:00.000Z,Linh Dong,Thu Duc,10.863844,106.766341,23.4,43.379999999999995,90.0,1,1
2023-07-06T17:00:00.000Z,Huynh Tan Phat,Quan 7,10.726523,106.724429,6.5,31.55,90.0,1,1
2023-08-09T19:00:00.000Z,Nguyen Trai,Quan 5,10.756066,106.665815,12.0,26.4,60.0,1,1
2023-08-23T06:00:00.000Z,To Ky,Quan 12,10.868019,106.633284,5.5,75.85,240.0,1,1
2023-09-04T09:00:00.000Z,Nguyen Van Qua,Quan 12,10.853019,106.664086,29.2,47.44,90.0,1,1
2023-10-10T02:00:00.000Z,Nguyen Thi Thap,Quan 7,10.74038,106.716247,28.6,38.019999999999996,60.0,1,1
2024-04-01T23:00:00.000Z,Le Thi Rieng,Quan 12,10.862529,106.649813,6.6,31.619999999999997,90.0,1,1
2024-04-29T14:00:00.000Z,Ba Thang Hai,Quan 10,10.773873,106.672442,5.7,39.99,120.0,1,1
2024-05-11T02:00:00.000Z,Nguyen Trai,Quan 5,10.757272,106.665839,40.9,37.629999999999995,30.0,1,1
2024-07-08T16:00:00.000Z,Nguyen Thi Thap,Quan 7,10.741122,106.715225,24.8,26.36,30.0,1,1
2023-05-28T07:00:00.000Z,Tran Nao,Quan 2,10.783982,106.735219,13.6,81.52,240.0,1,1
2023-07-31T05:00:00.000Z,Vo Van Kiet,Quan 1,10.761813,106.696846,19.4,31.58,60.0,1,1
2023-08-02T00:00:00.000Z,An Duong Vuong,Quan 6,10.753095,106.644591,5.0,12.5,30.0,1,1
2023-09-26T17:00:00.000Z,Xo Viet Nghe Tinh,Binh Thanh,10.805796,106.710398,5.0,57.5,180.0,1,1
2023-10-02T03:00:00.000Z,Ta Quang Buu,Quan 8,10.744718,106.662755,11.7,35.19,90.0,1,1
2024-08-19T00:00:00.000Z,Ung Van Khiem,Binh Thanh,10.812939,106.711575,14.2,36.94,90.0,1,1
2023-01-04T07:00:00.000Z,Huynh Tan Phat,Quan 7,10.72745,106.722667,6.4,13.48,30.0,1,1
2023-03-05T13:00:00.000Z,Le Dinh Can,Binh Tan,10.768452,106.596634,5.0,12.5,30.0,1,1
2023-03-18T01:00:00.000Z,Binh Long,Tan Phu,10.80111,106.61749,5.0,12.5,30.0,1,1
2023-07-05T04:00:00.000Z,No Trang Long,Binh Thanh,10.813536,106.696425,28.4,46.879999999999995,90.0,1,1
2023-10-08T22:00:00.000Z,Thoai Ngoc Hau,Tan Phu,10.784678,106.626944,29.8,38.86,60.0,1,1
2024-04-02T04:00:00.000Z,Tran Xuan Soan,Quan 7,10.75284,106.69989,41.7,47.19,60.0,1,1
2024-06-23T01:00:00.000Z,Pham The Hien,Quan 8,10.726452,106.682671,25.5,26.849999999999998,30.0,1,1
2023-01-08T05:00:00.000Z,To Ky,Quan 12,10.867283,106.632986,49.6,52.72,60.0,1,1
2023-03-06T00:00:00.000Z,Kinh Duong Vuong,Quan 6,10.74176,106.61372,13.1,27.17,60.0,1,1
2023-04-15T18:00:00.000Z,Nguyen Anh Thu,Quan 12,10.878647,106.642512,11.0,25.7,60.0,1,1
2023-04-21T01:00:00.000Z,Quang Trung,Go Vap,10.838112,106.666425,10.8,25.56,60.0,1,1
2023-04-26T20:00:00.000Z,CMT8,Quan 3,10.78265,106.679504,9.9,33.93,90.0,1,1
2023-05-02T18:00:00.000Z,Kha Van Can,Thu Duc,10.852365,106.756,6.7,22.689999999999998,60.0,1,1
2023-10-01T14:00:00.000Z,Tran Xuan Soan,Quan 7,10.750879,106.698546,8.1,32.67,90.0,1,1
2023-10-24T17:00:00.000Z,Kha Van Can,Thu Duc,10.853435,106.755515,16.1,20.27,30.0,1,1
2023-12-05T17:00:00.000Z,Nguyen Anh Thu,Quan 12,10.876167,106.644626,10.5,79.35,240.0,1,1
2023-12-25T14:00:00.000Z,Vo Van Ngan,Thu Duc,10.850358,106.772064,9.6,24.72,60.0,1,1
2024-02-04T04:00:00.000Z,Lam Van Ben,Quan 7,10.717139,106.683782,10.5,61.35,180.0,1,1
2024-07-14T16:00:00.000Z,Da Nam,Quan 8,10.740333,106.674389,29.8,47.86,90.0,1,1
2023-01-21T21:00:00.000Z,Le Van Viet,Thu Duc,10.846293,106.787774,21.1,50.769999999999996,120.0,1,1
2023-03-26T06:00:00.000Z,Vo Van Ngan,Thu Duc,10.848662,106.773803,24.8,71.36,180.0,1,1
2023-04-15T20:00:00.000Z,Hau Giang,Quan 6,10.746843,106.638282,29.9,38.92999999999999,60.0,1,1
2023-09-27T04:00:00.000Z,Da Nam,Quan 8,10.742721,106.67501,5.0,21.5,60.0,1,1
2023-10-13T08:00:00.000Z,Ma Lo,Binh Tan,10.762882,106.613636,9.5,15.649999999999999,30.0,1,1
2024-01-14T21:00:00.000Z,Xo Viet Nghe Tinh,Binh Thanh,10.805509,106.713473,26.2,27.34,30.0,1,1
2024-08-29T03:00:00.000Z,Nguyen Huu Canh,Binh Thanh,10.787452,106.722625,11.8,17.259999999999998,30.0,1,1
2023-03-20T19:00:00.000Z,Le Thi Rieng,Quan 12,10.863215,106.647156,5.0,21.5,60.0,1,1
2023-06-12T03:00:00.000Z,Vo Van Ngan,Thu Duc,10.849119,106.77315,6.2,76.34,240.0,1,1
2023-07-03T10:00:00.000Z,Le Van Viet,Thu Duc,10.843914,106.788066,11.9,26.33,60.0,1,1
2023-11-13T14:00:00.000Z,CMT8,Quan 3,10.782868,106.678722,24.3,53.01,120.0,1,1
2024-02-02T20:00:00.000Z,Tran Xuan Soan,Quan 7,10.750895,106.697812,21.2,32.839999999999996,60.0,1,1
2024-02-18T05:00:00.000Z,Tran Nao,Quan 2,10.782474,106.734603,5.0,39.5,120.0,1,1
2024-02-19T07:00:00.000Z,Le Thi Rieng,Quan 12,10.860813,106.649211,14.8,28.36,60.0,1,1
2024-05-07T12:00:00.000Z,Nguyen Van Qua,Quan 12,10.855355,106.664489,14.8,37.36,90.0,1,1
2023-01-26T07:00:00.000Z,Tan Ky Tan Quy,Binh Tan,10.789602,106.600806,5.0,39.5,120.0,1,1
2023-07-16T04:00:00.000Z,Ung Van Khiem,Binh Thanh,10.811622,106.711065,17.0,38.9,90.0,1,1
2023-12-03T19:00:00.000Z,Thoai Ngoc Hau,Tan Phu,10.787496,106.627667,5.1,21.57,60.0,1,1
2024-02-12T07:00:00.000Z,Kinh Duong Vuong,Quan 6,10.744773,106.615837,26.9,54.83,120.0,1,1
2024-02-29T13:00:00.000Z,Nguyen Van Qua,Quan 12,10.85396,106.662678,5.0,30.5,90.0,1,1
2024-03-19T10:00:00.000Z,Ta Quang Buu,Quan 8,10.745524,106.666298,5.0,21.5,60.0,1,1
2024-07-15T21:00:00.000Z,Tran Xuan Soan,Quan 7,10.750265,106.70047,19.7,22.79,30.0,1,1
2023-02-12T02:00:00.000Z,Xo Viet Nghe Tinh,Binh Thanh,10.805729,106.712001,10.6,25.419999999999998,60.0,1,1
2023-05-18T10:00:00.000Z,Nguyen Huu Canh,Binh Thanh,10.787449,106.722308,15.5,37.85,90.0,1,1
2023-09-15T01:00:00.000Z,Pham The Hien,Quan 8,10.726316,106.68452,19.6,40.72,90.0,1,1
2023-09-22T22:00:00.000Z,Nguyen Van Qua,Quan 12,10.856193,106.661484,30.6,48.42,90.0,1,1
2023-09-24T00:00:00.000Z,Xo Viet Nghe Tinh,Binh Thanh,10.808662,106.712899,11.3,16.91,30.0,1,1
2023-12-23T20:00:00.000Z,Tran Nao,Quan 2,10.784181,106.737552,13.3,18.310000000000002,30.0,1,1
2023-12-31T17:00:00.000Z,Lam Van Ben,Quan 7,10.717383,106.685126,5.0,21.5,60.0,1,1
2024-03-24T20:00:00.000Z,Ba Thang Hai,Quan 10,10.776105,106.671854,10.6,34.42,90.0,1,1
2024-04-13T06:00:00.000Z,Ba Thang Hai,Quan 10,10.773942,106.669655,5.0,12.5,30.0,1,1
2024-05-14T02:00:00.000Z,Tran Nao,Quan 2,10.781819,106.737374,11.7,26.189999999999998,60.0,1,1
2023-01-21T17:00:00.000Z,Pham The Hien,Quan 8,10.729389,106.684276,6.8,22.759999999999998,60.0,1,1
2023-04-27T19:00:00.000Z,Hoa Binh,Tan Phu,10.805338,106.623862,18.4,84.88,240.0,1,1
2023-05-30T09:00:00.000Z,Le Van Viet,Thu Duc,10.843979,106.788145,21.4,68.98,180.0,1,1
2023-06-30T18:00:00.000Z,Vo Van Kiet,Quan 1,10.763137,106.697814,6.8,22.759999999999998,60.0,1,1
2023-08-20T22:00:00.000Z,Linh Dong,Thu Duc,10.862973,106.767277,28.6,74.02,180.0,1,1
2023-09-05T08:00:00.000Z,Ung Van Khiem,Binh Thanh,10.811832,106.711688,5.0,39.5,120.0,1,1
2023-10-20T09:00:00.000Z,Kha Van Can,Thu Duc,10.852846,106.755264,5.7,30.99,90.0,1,1
2023-11-12T15:00:00.000Z,Kinh Duong Vuong,Quan 6,10.745192,106.614329,15.6,28.92,60.0,1,1
2024-01-11T04:00:00.000Z,Hau Giang,Quan 6,10.74455,106.639236,8.3,32.81,90.0,1,1
2024-04-19T17:00:00.000Z,Hau Giang,Quan 6,10.747891,106.640307,26.4,45.48,90.0,1,1
2023-10-10T10:00:00.000Z,Da Nam,Quan 8,10.740548,106.672234,6.1,31.27,90.0,1,1
2023-10-21T10:00:00.000Z,Lam Van Ben,Quan 7,10.71656,106.683133,5.8,22.06,60.0,1,1
2023-12-09T08:00:00.000Z,Linh Dong,Thu Duc,10.866372,106.76373,11.7,17.189999999999998,30.0,1,1
2024-01-03T04:00:00.000Z,Kha Van Can,Thu Duc,10.849717,106.755965,15.1,37.57,90.0,1,1
2024-02-13T16:00:00.000Z,Ung Van Khiem,Binh Thanh,10.813574,106.712013,50.4,44.279999999999994,30.0,1,1
2024-02-25T19:00:00.000Z,No Trang Long,Binh Thanh,10.813998,106.697167,9.2,24.439999999999998,60.0,1,1
2024-03-12T05:00:00.000Z,Kha Van Can,Thu Duc,10.851303,106.755505,11.5,26.049999999999997,60.0,1,1
2024-04-27T15:00:00.000Z,CMT8,Quan 3,10.781065,106.68094,31.1,30.77,30.0,1,1
2023-01-12T14:00:00.000Z,Quang Trung,Go Vap,10.83775,106.664759,14.6,37.22,90.0,1,1
2023-03-29T08:00:00.000Z,Huynh Tan Phat,Quan 7,10.726706,106.722905,5.7,21.99,60.0,1,1
2023-06-05T13:00:00.000Z,Pham The Hien,Quan 8,10.729028,106.684167,19.5,40.65,90.0,1,1
2023-08-27T16:00:00.000Z,Huynh Tan Phat,Quan 7,10.729143,106.721963,15.3,82.71,240.0,1,1
2023-10-19T16:00:00.000Z,Ta Quang Buu,Quan 8,10.745748,106.664376,15.3,28.71,60.0,1,1
2023-10-26T00:00:00.000Z,Vo Van Kiet,Quan 1,10.762722,106.699708,59.9,113.93,240.0,1,1
2024-04-08T16:00:00.000Z,Nguyen Thi Thap,Quan 7,10.739768,106.715113,8.7,42.089999999999996,120.0,1,1
2024-06-13T02:00:00.000Z,Pham The Hien,Quan 8,10.72787,106.682731,10.9,34.63,90.0,1,1
2024-07-13T14:00:00.000Z,Vo Van Kiet,Quan 1,10.764056,106.7,5.0,12.5,30.0,1,1
2023-02-19T05:00:00.000Z,Binh Long,Tan Phu,10.798965,106.616164,16.0,20.2,30.0,1,1
2023-10-12T02:00:00.000Z,An Duong Vuong,Quan 6,10.754164,106.644089,5.0,21.5,60.0,1,1
2024-05-20T07:00:00.000Z,Do Xuan Hop,Thu Duc,10.831663,106.780764,38.4,35.879999999999995,30.0,1,1
2024-07-05T03:00:00.000Z,Nguyen Thi Thap,Quan 7,10.742811,106.716021,5.5,12.85,30.0,1,1
2024-08-13T21:00:00.000Z,Kha Van Can,Thu Duc,10.850735,106.754761,14.1,27.869999999999997,60.0,1,1
2024-08-29T15:00:00.000Z,Binh Long,Tan Phu,10.801499,106.616569,11.9,35.33,90.0,1,1
2023-05-12T06:00:00.000Z,An Duong Vuong,Quan 6,10.756469,106.644072,10.4,25.28,60.0,1,1
2023-10-18T04:00:00.000Z,Huynh Tan Phat,Quan 7,10.730466,106.723116,26.2,54.34,120.0,1,1
2024-05-18T16:00:00.000Z,Ung Van Khiem,Binh Thanh,10.813517,106.712374,11.1,25.77,60.0,1,1
2024-07-02T21:00:00.000Z,Le Van Viet,Thu Duc,10.846005,106.790672,6.2,22.34,60.0,1,1
2023-01-19T09:00:00.000Z,Quang Trung,Go Vap,10.839947,106.663418,24.3,35.01,60.0,1,1
2023-01-28T18:00:00.000Z,Tam Binh,Thu Duc,10.863475,106.737947,19.0,67.3,180.0,1,1
2023-03-05T17:00:00.000Z,Da Nam,Quan 8,10.742143,106.673851,25.7,53.989999999999995,120.0,1,1
2023-03-24T13:00:00.000Z,Tran Xuan Soan,Quan 7,10.749604,106.699603,13.9,81.73,240.0,1,1
2023-04-07T01:00:00.000Z,CMT8,Quan 3,10.78303,106.679724,16.7,20.689999999999998,30.0,1,1
2023-04-20T19:00:00.000Z,Le Van Viet,Thu Duc,10.844357,106.788989,25.8,36.06,60.0,1,1
2023-05-17T03:00:00.000Z,Lam Van Ben,Quan 7,10.719926,106.684073,24.8,26.36,30.0,1,1
2023-07-19T02:00:00.000Z,Pham The Hien,Quan 8,10.727033,106.685018,5.0,21.5,60.0,1,1
2023-08-14T15:00:00.000Z,Vo Van Kiet,Quan 1,10.76148,106.700351,5.0,57.5,180.0,1,1
2023-09-22T06:00:00.000Z,Nguyen Huu Canh,Binh Thanh,10.786168,106.719766,9.3,15.51,30.0,1,1
2023-11-10T09:00:00.000Z,Hoa Binh,Tan Phu,10.802639,106.620642,25.1,26.57,30.0,1,1
2024-02-12T23:00:00.000Z,Nguyen Huu Canh,Binh Thanh,10.78671,106.721452,5.0,57.5,180.0,1,1
2024-02-25T01:00:00.000Z,Linh Dong,Thu Duc,10.864956,106.7667,28.4,46.879999999999995,90.0,1,1
2024-03-11T09:00:00.000Z,Nguyen Huu Canh,Binh Thanh,10.789846,106.72153,5.0,12.5,30.0,1,1
2024-08-22T16:00:00.000Z,Nguyen Anh Thu,Quan 12,10.879175,106.645727,21.6,42.12,90.0,1,1
2023-01-27T22:00:00.000Z,Thoai Ngoc Hau,Tan Phu,10.786378,106.627258,5.7,30.99,90.0,1,1
2023-04-19T01:00:00.000Z,Nguyen Van Khoi,Go Vap,10.826544,106.693881,6.0,13.2,30.0,1,1
2023-08-07T16:00:00.000Z,To Ky,Quan 12,10.865294,106.632412,9.7,15.79,30.0,1,1
2023-08-20T13:00:00.000Z,Da Nam,Quan 8,10.741911,106.672722,21.9,33.33,60.0,1,1
2023-10-28T12:00:00.000Z,Hau Giang,Quan 6,10.747899,106.638327,5.0,30.5,90.0,1,1
2023-12-16T11:00:00.000Z,Nguyen Trai,Quan 5,10.754707,106.662833,20.9,41.629999999999995,90.0,1,1
2024-01-24T04:00:00.000Z,Hau Giang,Quan 6,10.746923,106.640719,28.0,46.599999999999994,90.0,1,1
2024-04-05T11:00:00.000Z,Tran Nao,Quan 2,10.783925,106.734905,20.9,41.629999999999995,90.0,1,1
2024-07-03T01:00:00.000Z,Vo Van Kiet,Quan 1,10.763741,106.696562,23.3,43.31,90.0,1,1
2024-07-12T20:00:00.000Z,Binh Long,Tan Phu,10.799465,106.615342,14.3,28.009999999999998,60.0,1,1
2024-08-27T07:00:00.000Z,Tran Xuan Soan,Quan 7,10.752049,106.70023,15.3,64.71,180.0,1,1
2023-08-20T08:00:00.000Z,Nguyen Anh Thu,Quan 12,10.879075,106.644198,29.9,56.92999999999999,120.0,1,1
2023-11-23T15:00:00.000Z,Tan Ky Tan Quy,Binh Tan,10.789139,106.604016,60.7,51.49,30.0,1,1
2024-03-05T23:00:00.000Z,Kinh Duong Vuong,Quan 6,10.744732,106.61491,16.5,20.549999999999997,30.0,1,1
2024-03-17T03:00:00.000Z,Nguyen Thi Thap,Quan 7,10.74128,106.714257,9.3,15.51,30.0,1,1
2024-04-04T10:00:00.000Z,Ta Quang Buu,Quan 8,10.744341,106.662783,13.3,27.310000000000002,60.0,1,1
2024-05-18T22:00:00.000Z,Thoai Ngoc Hau,Tan Phu,10.784979,106.627456,6.1,31.27,90.0,1,1
2023-02-22T19:00:00.000Z,To Ky,Quan 12,10.868295,106.631025,11.0,16.7,30.0,1,1
2023-07-07T06:00:00.000Z,Kinh Duong Vuong,Quan 6,10.74405,106.615598,6.4,22.48,60.0,1,1
2023-09-17T23:00:00.000Z,Do Xuan Hop,Thu Duc,10.834162,106.78225,25.0,26.5,30.0,1,1
2023-11-14T21:00:00.000Z,Hau Giang,Quan 6,10.747451,106.641019,26.1,72.27,180.0,1,1
2024-03-05T04:00:00.000Z,Linh Dong,Thu Duc,10.863164,106.766845,10.6,16.419999999999998,30.0,1,1
2024-04-21T20:00:00.000Z,To Ky,Quan 12,10.865643,106.630659,31.1,48.769999999999996,90.0,1,1
2024-07-23T18:00:00.000Z,Pham The Hien,Quan 8,10.726125,106.683188,14.2,36.94,90.0,1,1
2024-08-01T14:00:00.000Z,Ta Quang Buu,Quan 8,10.742549,106.664317,6.4,31.48,90.0,1,1
2023-01-10T05:00:00.000Z,Hoa Binh,Tan Phu,10.805463,106.623243,29.9,74.92999999999999,180.0,1,1
2023-03-18T10:00:00.000Z,Ung Van Khiem,Binh Thanh,10.810057,106.712067,23.2,43.239999999999995,90.0,1,1
2023-04-08T07:00:00.000Z,Nguyen Thi Thap,Quan 7,10.742941,106.716285,9.5,42.65,120.0,1,1
2023-09-04T08:00:00.000Z,Kha Van Can,Thu Duc,10.850667,106.756419,11.8,80.26,240.0,1,1
2023-11-21T04:00:00.000Z,Ung Van Khiem,Binh Thanh,10.811192,106.709377,8.1,23.669999999999998,60.0,1,1
2024-01-07T07:00:00.000Z,Vo Van Kiet,Quan 1,10.763029,106.697836,16.7,47.69,120.0,1,1
2024-01-17T02:00:00.000Z,Le Van Luong,Quan 7,10.736432,106.705326,25.2,35.64,60.0,1,1
2024-01-17T08:00:00.000Z,To Ky,Quan 12,10.86714,106.632399,5.0,57.5,180.0,1,1
2024-02-23T03:00:00.000Z,Linh Dong,Thu Duc,10.863914,106.765039,10.9,25.63,60.0,1,1
2024-08-14T09:00:00.000Z,Pham The Hien,Quan 8,10.72927,106.684144,15.4,37.78,90.0,1,1
2023-02-22T08:00:00.000Z,Nguyen Anh Thu,Quan 12,10.878532,106.645911,9.0,15.3,30.0,1,1
2023-09-05T19:00:00.000Z,Ta Quang Buu,Quan 8,10.742697,106.662678,24.1,43.870000000000005,90.0,1,1
2023-10-22T11:00:00.000Z,Hoa Binh,Tan Phu,10.806072,106.62292,20.5,32.35,60.0,1,1
2024-04-17T18:00:00.000Z,Ung Van Khiem,Binh Thanh,10.810027,106.712322,29.5,47.65,90.0,1,1
2024-06-03T03:00:00.000Z,Tran Nao,Quan 2,10.784636,106.737157,8.2,23.74,60.0,1,1
2024-07-04T07:00:00.000Z,Kinh Duong Vuong,Quan 6,10.743335,106.614309,18.0,30.6,60.0,1,1
2023-01-14T09:00:00.000Z,Da Nam,Quan 8,10.739647,106.672715,5.0,21.5,60.0,1,1
2023-04-09T16:00:00.000Z,Nguyen Van Khoi,Go Vap,10.827127,106.694884,18.4,39.879999999999995,90.0,1,1
2023-09-11T13:00:00.000Z,Kha Van Can,Thu Duc,10.851439,106.755673,14.5,82.15,240.0,1,1
2023-10-05T04:00:00.000Z,Vo Van Kiet,Quan 1,10.760942,106.699698,19.5,40.65,90.0,1,1
2023-12-27T05:00:00.000Z,Le Thi Rieng,Quan 12,10.860129,106.650403,5.3,75.71,240.0,1,1
2024-01-30T22:00:00.000Z,Tan Ky Tan Quy,Binh Tan,10.787778,106.601786,10.1,16.07,30.0,1,1
2024-05-19T04:00:00.000Z,Tan Ky Tan Quy,Binh Tan,10.789076,106.602089,14.1,36.87,90.0,1,1
2023-02-16T05:00:00.000Z,Ta Quang Buu,Quan 8,10.746414,106.664739,9.0,42.3,120.0,1,1
2023-09-13T20:00:00.000Z,Phan Huy Ich,Go Vap,10.830148,106.672009,15.1,28.57,60.0,1,1
2024-01-09T13:00:00.000Z,Ta Quang Buu,Quan 8,10.745564,106.663537,20.7,41.489999999999995,90.0,1,1
2024-03-06T07:00:00.000Z,Nguyen Van Khoi,Go Vap,10.828673,106.694562,61.9,97.33,180.0,1,1
2024-05-27T17:00:00.000Z,To Ky,Quan 12,10.867858,106.632313,5.4,21.78,60.0,1,1
2024-06-15T14:00:00.000Z,Tan Ky Tan Quy,Binh Tan,10.787444,106.603701,5.0,21.5,60.0,1,1
2024-06-18T07:00:00.000Z,An Duong Vuong,Quan 6,10.754745,106.646423,31.1,39.769999999999996,60.0,1,1
2023-02-13T20:00:00.000Z,Pham Van Dong,Binh Thanh,10.817233,106.70222,25.9,36.129999999999995,60.0,1,1
2023-04-27T21:00:00.000Z,Ta Quang Buu,Quan 8,10.743478,106.665132,11.7,35.19,90.0,1,1
2023-06-16T05:00:00.000Z,Huynh Tan Phat,Quan 7,10.728772,106.721865,23.4,25.38,30.0,1,1
2023-07-12T04:00:00.000Z,Phan Huy Ich,Go Vap,10.830073,106.672439,9.3,42.51,120.0,1,1
2023-09-12T06:00:00.000Z,Ma Lo,Binh Tan,10.761996,106.613418,20.7,23.49,30.0,1,1
2023-09-18T04:00:00.000Z,Phan Huy Ich,Go Vap,10.830683,106.672062,15.0,19.5,30.0,1,1
2023-10-01T11:00:00.000Z,Nguyen Anh Thu,Quan 12,10.877122,106.644667,6.0,13.2,30.0,1,1
2024-02-25T13:00:00.000Z,Da Nam,Quan 8,10.739552,106.673539,20.1,41.07,90.0,1,1
2024-03-19T21:00:00.000Z,Nguyen Trai,Quan 5,10.7566,106.665603,21.4,32.98,60.0,1,1
2024-07-17T23:00:00.000Z,Pham Van Dong,Binh Thanh,10.818047,106.70162,14.8,19.36,30.0,1,1
2024-08-13T16:00:00.000Z,Tran Nao,Quan 2,10.78309,106.736992,8.8,78.16,240.0,1,1
2023-03-11T06:00:00.000Z,Huynh Tan Phat,Quan 7,10.727227,106.720556,13.7,36.589999999999996,90.0,1,1
2023-08-18T00:00:00.000Z,Nguyen Van Khoi,Go Vap,10.828478,106.693797,19.3,22.509999999999998,30.0,1,1
2024-02-16T13:00:00.000Z,Nguyen Van Khoi,Go Vap,10.827122,106.694735,13.8,18.66,30.0,1,1
2024-04-06T11:00:00.000Z,An Duong Vuong,Quan 6,10.756012,106.645264,16.8,29.759999999999998,60.0,1,1
2023-02-09T14:00:00.000Z,No Trang Long,Binh Thanh,10.816552,106.69655,18.3,30.810000000000002,60.0,1,1
2023-03-14T14:00:00.000Z,An Duong Vuong,Quan 6,10.753249,106.646454,39.3,54.51,90.0,1,1
2023-07-05T23:00:00.000Z,Le Dinh Can,Binh Tan,10.765959,106.597197,23.1,43.17,90.0,1,1
2023-07-30T13:00:00.000Z,Ung Van Khiem,Binh Thanh,10.812951,106.709184,26.5,36.55,60.0,1,1
2023-12-08T08:00:00.000Z,Nguyen Trai,Quan 5,10.75705,106.663495,8.6,33.019999999999996,90.0,1,1
2023-12-26T16:00:00.000Z,Tam Binh,Thu Duc,10.861223,106.74013,20.7,68.49,180.0,1,1
2024-01-01T01:00:00.000Z,Da Nam,Quan 8,10.741421,106.674367,14.6,37.22,90.0,1,1
2024-01-29T01:00:00.000Z,Le Thi Rieng,Quan 12,10.862807,106.646955,16.2,29.339999999999996,60.0,1,1
2024-02-04T13:00:00.000Z,CMT8,Quan 3,10.783449,106.679102,29.0,47.3,90.0,1,1
2024-02-17T03:00:00.000Z,Le Van Viet,Thu Duc,10.844987,106.790231,41.1,46.769999999999996,60.0,1,1
2023-01-22T12:00:00.000Z,Tran Xuan Soan,Quan 7,10.753053,106.700337,5.5,12.85,30.0,1,1
2023-04-10T14:00:00.000Z,Nguyen Van Qua,Quan 12,10.853706,106.660624,11.4,25.98,60.0,1,1
2023-08-03T18:00:00.000Z,Nguyen Thi Thap,Quan 7,10.740479,106.715074,14.1,27.869999999999997,60.0,1,1
2023-11-14T00:00:00.000Z,Le Van Luong,Quan 7,10.738034,106.704043,10.4,79.28,240.0,1,1
2023-12-18T05:00:00.000Z,Hau Giang,Quan 6,10.746285,106.638842,24.9,44.42999999999999,90.0,1,1
2024-01-29T22:00:00.000Z,Tran Xuan Soan,Quan 7,10.751529,106.698197,5.0,57.5,180.0,1,1
2024-04-12T23:00:00.000Z,Vo Van Ngan,Thu Duc,10.850574,106.773238,39.6,36.72,30.0,1,1
2024-04-29T09:00:00.000Z,Ba Thang Hai,Quan 10,10.775888,106.669659,26.0,36.2,60.0,1,1
2024-08-07T14:00:00.000Z,Vo Van Ngan,Thu Duc,10.852214,106.772813,5.0,21.5,60.0,1,1
2023-04-13T23:00:00.000Z,Thoai Ngoc Hau,Tan Phu,10.786627,106.627399,26.1,36.269999999999996,60.0,1,1
2023-07-09T15:00:00.000Z,Ta Quang Buu,Quan 8,10.745065,106.666496,6.1,31.27,90.0,1,1
2023-08-26T03:00:00.000Z,Do Xuan Hop,Thu Duc,10.834862,106.784333,23.6,70.52,180.0,1,1
2023-10-06T22:00:00.000Z,Binh Long,Tan Phu,10.801424,106.615695,41.5,56.05,90.0,1,1
2023-10-27T12:00:00.000Z,An Duong Vuong,Quan 6,10.754426,106.645346,19.7,22.79,30.0,1,1
2023-11-19T10:00:00.000Z,Huynh Tan Phat,Quan 7,10.72805,106.721954,20.3,32.21,60.0,1,1
2024-01-19T20:00:00.000Z,Pham Van Dong,Binh Thanh,10.81773,106.702894,5.0,12.5,30.0,1,1
2024-07-02T23:00:00.000Z,Linh Dong,Thu Duc,10.864726,106.767197,6.7,22.689999999999998,60.0,1,1
2023-04-06T17:00:00.000Z,Ba Thang Hai,Quan 10,10.77341,106.669765,8.6,33.019999999999996,90.0,1,1
2023-06-18T02:00:00.000Z,Ta Quang Buu,Quan 8,10.744313,106.662522,81.5,111.05,180.0,1,1
2023-07-11T12:00:00.000Z,Kinh Duong Vuong,Quan 6,10.74227,106.616255,24.1,43.870000000000005,90.0,1,1
2023-09-18T04:00:00.000Z,Nguyen Anh Thu,Quan 12,10.877087,106.645699,6.6,13.62,30.0,1,1
2023-10-12T23:00:00.000Z,Vo Van Ngan,Thu Duc,10.851646,106.772287,28.4,37.879999999999995,60.0,1,1
2023-10-25T09:00:00.000Z,Thoai Ngoc Hau,Tan Phu,10.788439,106.628499,8.7,24.09,60.0,1,1
2023-11-28T07:00:00.000Z,Vo Van Ngan,Thu Duc,10.851454,106.772768,11.5,26.049999999999997,60.0,1,1
2024-02-26T14:00:00.000Z,CMT8,Quan 3,10.779873,106.680076,16.2,83.34,240.0,1,1
2024-03-13T17:00:00.000Z,Thoai Ngoc Hau,Tan Phu,10.784666,106.628476,15.5,37.85,90.0,1,1
2024-03-29T23:00:00.000Z,Ung Van Khiem,Binh Thanh,10.811427,106.710297,23.8,25.66,30.0,1,1
2023-08-08T13:00:00.000Z,Ung Van Khiem,Binh Thanh,10.811963,106.71115,26.4,27.479999999999997,30.0,1,1
2023-09-24T12:00:00.000Z,Pham The Hien,Quan 8,10.726726,106.68164,16.2,29.339999999999996,60.0,1,1
2024-02-04T22:00:00.000Z,Binh Long,Tan Phu,10.798337,106.614741,8.5,23.95,60.0,1,1
2024-02-16T05:00:00.000Z,Le Dinh Can,Binh Tan,10.766368,106.595983,11.8,26.259999999999998,60.0,1,1
2024-06-14T13:00:00.000Z,Hau Giang,Quan 6,10.747098,106.637875,11.4,79.98,240.0,1,1
2023-02-09T23:00:00.000Z,An Duong Vuong,Quan 6,10.754262,106.643487,14.3,37.01,90.0,1,1
2023-03-03T14:00:00.000Z,Ta Quang Buu,Quan 8,10.743312,106.666138,23.4,43.379999999999995,90.0,1,1
2023-05-16T17:00:00.000Z,Nguyen Van Khoi,Go Vap,10.826506,106.692882,10.0,25.0,60.0,1,1
2023-07-18T12:00:00.000Z,Xo Viet Nghe Tinh,Binh Thanh,10.807167,106.711224,5.2,21.64,60.0,1,1
2023-02-14T13:00:00.000Z,Nguyen Trai,Quan 5,10.756444,106.664245,5.0,30.5,90.0,1,1
2023-02-16T01:00:00.000Z,Tran Nao,Quan 2,10.782181,106.737398,14.3,46.01,120.0,1,1
2023-02-28T11:00:00.000Z,Tam Binh,Thu Duc,10.862891,106.73835,29.1,29.37,30.0,1,1
2023-10-02T23:00:00.000Z,Hau Giang,Quan 6,10.747918,106.638816,20.4,68.28,180.0,1,1
2024-02-17T05:00:00.000Z,Ta Quang Buu,Quan 8,10.74383,106.66423,40.0,82.0,180.0,1,1
2024-03-05T00:00:00.000Z,Hau Giang,Quan 6,10.745627,106.640001,16.1,38.269999999999996,90.0,1,1
2024-03-14T18:00:00.000Z,Le Thi Rieng,Quan 12,10.862494,106.647624,20.1,41.07,90.0,1,1
2024-08-10T23:00:00.000Z,Huynh Tan Phat,Quan 7,10.72934,106.72177,15.7,37.989999999999995,90.0,1,1
2024-08-11T01:00:00.000Z,Le Dinh Can,Binh Tan,10.765545,106.598308,48.5,51.949999999999996,60.0,1,1
2023-02-20T12:00:00.000Z,Tam Binh,Thu Duc,10.862063,106.738426,40.0,46.0,60.0,1,1
2023-06-28T01:00:00.000Z,Do Xuan Hop,Thu Duc,10.831912,106.781084,20.1,23.07,30.0,1,1
2023-09-21T20:00:00.000Z,Huynh Tan Phat,Quan 7,10.728022,106.721166,5.5,30.85,90.0,1,1
2023-11-05T19:00:00.000Z,Nguyen Huu Canh,Binh Thanh,10.786037,106.721169,20.3,32.21,60.0,1,1
2024-01-05T16:00:00.000Z,Linh Dong,Thu Duc,10.863274,106.766704,18.2,21.74,30.0,1,1
2024-03-06T13:00:00.000Z,Hau Giang,Quan 6,10.745392,106.641277,25.4,53.78,120.0,1,1
2024-03-17T05:00:00.000Z,Tran Xuan Soan,Quan 7,10.749946,106.699639,5.0,21.5,60.0,1,1
2024-08-16T06:00:00.000Z,Quang Trung,Go Vap,10.839725,106.664915,38.3,80.81,180.0,1,1
2023-09-03T10:00:00.000Z,Binh Long,Tan Phu,10.798895,106.616367,10.7,16.49,30.0,1,1
2023-10-06T09:00:00.000Z,Ung Van Khiem,Binh Thanh,10.812732,106.710364,6.1,13.27,30.0,1,1
2024-03-11T21:00:00.000Z,Quang Trung,Go Vap,10.83617,106.663405,5.0,30.5,90.0,1,1
2024-05-31T13:00:00.000Z,Tran Xuan Soan,Quan 7,10.751846,106.700159,6.4,13.48,30.0,1,1
2023-02-01T21:00:00.000Z,Huynh Tan Phat,Quan 7,10.729796,106.721527,10.0,16.0,30.0,1,1
2023-04-21T07:00:00.000Z,To Ky,Quan 12,10.865799,106.631651,5.0,57.5,180.0,1,1
2023-11-18T21:00:00.000Z,To Ky,Quan 12,10.867969,106.63262,16.6,38.620000000000005,90.0,1,1
2023-11-29T01:00:00.000Z,Nguyen Van Qua,Quan 12,10.854637,106.662007,16.0,47.2,120.0,1,1
2024-01-10T14:00:00.000Z,Nguyen Van Qua,Quan 12,10.855271,106.6606,10.2,25.14,60.0,1,1
2024-05-12T00:00:00.000Z,Tan Ky Tan Quy,Binh Tan,10.789233,106.604234,24.2,43.94,90.0,1,1
2024-06-14T15:00:00.000Z,Le Van Viet,Thu Duc,10.846209,106.790666,29.1,29.37,30.0,1,1
2023-05-01T21:00:00.000Z,Xo Viet Nghe Tinh,Binh Thanh,10.807991,106.713072,15.5,28.85,60.0,1,1
2023-07-27T11:00:00.000Z,Xo Viet Nghe Tinh,Binh Thanh,10.808643,106.712465,14.2,36.94,90.0,1,1
2023-09-18T06:00:00.000Z,Ung Van Khiem,Binh Thanh,10.810143,106.710142,26.7,45.69,90.0,1,1
2023-11-28T17:00:00.000Z,Pham Van Dong,Binh Thanh,10.819839,106.701123,28.2,73.74,180.0,1,1
2024-01-03T22:00:00.000Z,Phan Huy Ich,Go Vap,10.830843,106.672922,19.1,40.370000000000005,90.0,1,1
2024-01-31T07:00:00.000Z,Le Dinh Can,Binh Tan,10.766153,106.598004,5.4,39.78,120.0,1,1
2024-02-16T12:00:00.000Z,Le Van Viet,Thu Duc,10.8441,106.789216,5.0,12.5,30.0,1,1
2024-02-26T07:00:00.000Z,Binh Long,Tan Phu,10.80077,106.61524,6.9,22.83,60.0,1,1
2024-07-25T10:00:00.000Z,Linh Dong,Thu Duc,10.863651,106.765427,29.5,29.65,30.0,1,1
2024-08-02T23:00:00.000Z,Nguyen Van Qua,Quan 12,10.85615,106.663202,25.6,71.92,180.0,1,1
2023-02-17T03:00:00.000Z,Ba Thang Hai,Quan 10,10.776156,106.671705,20.5,50.35,120.0,1,1
2023-03-05T11:00:00.000Z,Kinh Duong Vuong,Quan 6,10.742917,106.614252,11.2,16.84,30.0,1,1
2023-03-25T23:00:00.000Z,Kinh Duong Vuong,Quan 6,10.743959,106.614351,21.0,41.7,90.0,1,1
2023-04-04T05:00:00.000Z,Quang Trung,Go Vap,10.836932,106.662751,5.0,12.5,30.0,1,1
2023-11-26T00:00:00.000Z,An Duong Vuong,Quan 6,10.754972,106.643643,18.2,30.74,60.0,1,1
2023-12-27T07:00:00.000Z,Nguyen Thi Thap,Quan 7,10.742442,106.713981,20.4,23.279999999999998,30.0,1,1
2024-04-07T23:00:00.000Z,Tran Xuan Soan,Quan 7,10.74964,106.697171,10.1,16.07,30.0,1,1
2024-06-06T00:00:00.000Z,Ung Van Khiem,Binh Thanh,10.813109,106.712382,5.0,12.5,30.0,1,1
2024-06-08T15:00:00.000Z,Da Nam,Quan 8,10.74156,106.67377,20.9,41.629999999999995,90.0,1,1
2024-06-14T12:00:00.000Z,Ta Quang Buu,Quan 8,10.743361,106.663153,5.0,39.5,120.0,1,1
2023-02-20T20:00:00.000Z,Hoa Binh,Tan Phu,10.803727,106.622227,40.4,64.28,120.0,1,1
2023-06-16T09:00:00.000Z,Le Van Viet,Thu Duc,10.845383,106.788425,5.4,21.78,60.0,1,1
2023-07-01T23:00:00.000Z,Binh Long,Tan Phu,10.797733,106.616618,11.3,16.91,30.0,1,1
2023-12-25T12:00:00.000Z,Hau Giang,Quan 6,10.745906,106.641268,16.6,20.62,30.0,1,1
2024-07-27T11:00:00.000Z,Kinh Duong Vuong,Quan 6,10.744977,106.614936,14.9,28.43,60.0,1,1
2024-08-01T06:00:00.000Z,Le Van Viet,Thu Duc,10.846238,106.791222,9.8,60.86,180.0,1,1
2023-03-22T08:00:00.000Z,Pham Van Dong,Binh Thanh,10.818498,106.702586,26.2,45.34,90.0,1,1
2023-06-11T21:00:00.000Z,Thoai Ngoc Hau,Tan Phu,10.786932,106.626984,5.0,21.5,60.0,1,1
2023-08-11T00:00:00.000Z,To Ky,Quan 12,10.865953,106.629511,21.7,42.19,90.0,1,1
2023-09-14T16:00:00.000Z,Xo Viet Nghe Tinh,Binh Thanh,10.807322,106.711646,8.2,32.74,90.0,1,1
2024-01-13T15:00:00.000Z,Le Van Viet,Thu Duc,10.843431,106.789415,16.5,29.549999999999997,60.0,1,1
2024-01-16T11:00:00.000Z,Vo Van Kiet,Quan 1,10.761065,106.698487,14.3,46.01,120.0,1,1
2024-01-31T08:00:00.000Z,Xo Viet Nghe Tinh,Binh Thanh,10.806632,106.709777,13.5,45.45,120.0,1,1
2024-03-29T18:00:00.000Z,Lam Van Ben,Quan 7,10.718822,106.684007,11.9,17.33,30.0,1,1
2024-05-28T09:00:00.000Z,Nguyen Huu Canh,Binh Thanh,10.788228,106.723143,5.3,12.709999999999999,30.0,1,1
2024-06-30T00:00:00.000Z,Nguyen Trai,Quan 5,10.755282,106.66414,23.4,34.379999999999995,60.0,1,1
2024-08-06T06:00:00.000Z,Huynh Tan Phat,Quan 7,10.72701,106.721391,23.3,34.31,60.0,1,1
2023-02-12T01:00:00.000Z,Le Dinh Can,Binh Tan,10.767702,106.596466,28.8,29.16,30.0,1,1
2023-03-25T16:00:00.000Z,Vo Van Kiet,Quan 1,10.763648,106.698967,25.7,35.989999999999995,60.0,1,1
2023-06-09T20:00:00.000Z,An Duong Vuong,Quan 6,10.754898,106.645998,39.0,36.3,30.0,1,1
2023-08-02T16:00:00.000Z,Da Nam,Quan 8,10.74087,106.672654,38.9,81.22999999999999,180.0,1,1
2023-08-07T11:00:00.000Z,Thoai Ngoc Hau,Tan Phu,10.787216,106.628625,20.3,32.21,60.0,1,1
2023-11-28T16:00:00.000Z,Vo Van Ngan,Thu Duc,10.851733,106.773547,28.9,29.229999999999997,30.0,1,1
2023-12-24T07:00:00.000Z,To Ky,Quan 12,10.865049,106.631933,40.1,46.07,60.0,1,1
2024-02-11T05:00:00.000Z,Tam Binh,Thu Duc,10.861359,106.738407,14.1,63.87,180.0,1,1
2024-03-01T09:00:00.000Z,Do Xuan Hop,Thu Duc,10.832541,106.784286,5.0,39.5,120.0,1,1
2024-04-10T18:00:00.000Z,Kha Van Can,Thu Duc,10.849767,106.753506,24.6,53.22,120.0,1,1
2024-05-31T02:00:00.000Z,Le Dinh Can,Binh Tan,10.766413,106.595418,31.7,40.19,60.0,1,1
2023-05-12T00:00:00.000Z,An Duong Vuong,Quan 6,10.754626,106.643187,16.8,20.759999999999998,30.0,1,1
2023-05-26T16:00:00.000Z,No Trang Long,Binh Thanh,10.81414,106.697572,15.1,19.57,30.0,1,1
2023-06-24T23:00:00.000Z,Huynh Tan Phat,Quan 7,10.727281,106.723048,25.7,35.989999999999995,60.0,1,1
2023-07-20T14:00:00.000Z,Kinh Duong Vuong,Quan 6,10.743932,106.614908,10.3,16.21,30.0,1,1
2023-09-08T12:00:00.000Z,Nguyen Anh Thu,Quan 12,10.876958,106.645248,24.5,26.15,30.0,1,1
2023-12-24T05:00:00.000Z,Ma Lo,Binh Tan,10.762535,106.614883,16.0,65.2,180.0,1,1
2024-01-29T17:00:00.000Z,Le Van Viet,Thu Duc,10.845622,106.790152,9.6,24.72,60.0,1,1
2024-02-15T11:00:00.000Z,Kha Van Can,Thu Duc,10.850992,106.754715,6.6,13.62,30.0,1,1
2024-02-24T12:00:00.000Z,Kinh Duong Vuong,Quan 6,10.742186,106.616884,16.3,47.41,120.0,1,1
2024-06-13T04:00:00.000Z,Nguyen Anh Thu,Quan 12,10.878579,106.646469,14.9,37.43,90.0,1,1
2024-06-20T01:00:00.000Z,Hoa Binh,Tan Phu,10.804084,106.62172,16.3,29.41,60.0,1,1
2024-06-29T14:00:00.000Z,Kha Van Can,Thu Duc,10.849725,106.754168,24.3,26.009999999999998,30.0,1,1
2023-02-05T06:00:00.000Z,An Duong Vuong,Quan 6,10.756043,106.644895,16.1,20.27,30.0,1,1
2023-03-31T07:00:00.000Z,Xo Viet Nghe Tinh,Binh Thanh,10.808747,106.71254,24.4,26.08,30.0,1,1
2023-06-05T07:00:00.000Z,Kinh Duong Vuong,Quan 6,10.743445,106.615021,5.0,21.5,60.0,1,1
2023-06-13T19:00:00.000Z,Le Van Viet,Thu Duc,10.845966,106.790295,61.3,78.91,120.0,1,1
2023-08-29T23:00:00.000Z,Pham Van Dong,Binh Thanh,10.820375,106.702795,26.1,54.269999999999996,120.0,1,1
2023-11-09T19:00:00.000Z,Ba Thang Hai,Quan 10,10.776363,106.671117,11.7,17.189999999999998,30.0,1,1
2023-12-10T20:00:00.000Z,Le Van Luong,Quan 7,10.736235,106.707132,5.0,12.5,30.0,1,1
2024-01-04T05:00:00.000Z,Tran Nao,Quan 2,10.782272,106.736014,5.0,12.5,30.0,1,1
2024-04-07T20:00:00.000Z,Pham Van Dong,Binh Thanh,10.817155,106.703219,19.8,31.86,60.0,1,1
2024-04-28T12:00:00.000Z,Le Dinh Can,Binh Tan,10.766355,106.597261,29.1,38.370000000000005,60.0,1,1
2024-08-02T19:00:00.000Z,Tam Binh,Thu Duc,10.862788,106.738166,10.2,34.14,90.0,1,1
2023-03-05T14:00:00.000Z,Xo Viet Nghe Tinh,Binh Thanh,10.808844,106.710619,5.0,21.5,60.0,1,1
2023-04-05T04:00:00.000Z,Nguyen Van Khoi,Go Vap,10.827774,106.694862,23.7,25.59,30.0,1,1
2023-04-26T05:00:00.000Z,CMT8,Quan 3,10.780594,106.679733,25.8,27.06,30.0,1,1
2023-05-21T21:00:00.000Z,No Trang Long,Binh Thanh,10.814583,106.69777,30.1,39.07,60.0,1,1
2024-02-01T14:00:00.000Z,Vo Van Kiet,Quan 1,10.761381,106.698367,5.0,30.5,90.0,1,1
2024-03-14T11:00:00.000Z,Nguyen Van Qua,Quan 12,10.854712,106.663116,51.1,71.77,120.0,1,1
2024-04-08T16:00:00.000Z,Vo Van Ngan,Thu Duc,10.848909,106.772243,14.8,28.36,60.0,1,1
2024-06-09T03:00:00.000Z,Da Nam,Quan 8,10.743338,106.674985,6.6,76.62,240.0,1,1
2024-07-05T20:00:00.000Z,Thoai Ngoc Hau,Tan Phu,10.787135,106.627036,31.3,39.91,60.0,1,1
2023-03-29T17:00:00.000Z,Da Nam,Quan 8,10.73985,106.673458,10.2,25.14,60.0,1,1
2023-10-30T16:00:00.000Z,Le Dinh Can,Binh Tan,10.76635,106.596179,8.2,59.74,180.0,1,1
2024-03-10T06:00:00.000Z,To Ky,Quan 12,10.868319,106.632408,31.6,76.12,180.0,1,1
2024-08-12T22:00:00.000Z,Kinh Duong Vuong,Quan 6,10.741664,106.616609,59.2,68.44,90.0,1,1
2024-08-26T09:00:00.000Z,Nguyen Huu Canh,Binh Thanh,10.787049,106.721204,11.1,43.769999999999996,120.0,1,1
2023-01-02T18:00:00.000Z,Kha Van Can,Thu Duc,10.850347,106.752572,13.8,36.66,90.0,1,1
2023-01-25T21:00:00.000Z,Tran Xuan Soan,Quan 7,10.749974,106.699142,49.1,43.37,30.0,1,1
2023-03-25T06:00:00.000Z,Ma Lo,Binh Tan,10.763528,106.612757,14.8,19.36,30.0,1,1
2023-04-05T14:00:00.000Z,Tam Binh,Thu Duc,10.861636,106.736847,5.8,31.06,90.0,1,1
2023-08-26T07:00:00.000Z,Tran Nao,Quan 2,10.785398,106.736168,10.2,25.14,60.0,1,1
2023-09-26T00:00:00.000Z,Vo Van Kiet,Quan 1,10.761845,106.697211,23.7,34.59,60.0,1,1
2023-10-29T03:00:00.000Z,Nguyen Van Qua,Quan 12,10.8545,106.661813,21.1,68.77,180.0,1,1
2023-11-23T06:00:00.000Z,To Ky,Quan 12,10.866601,106.630771,40.6,46.42,60.0,1,1
2023-12-11T06:00:00.000Z,CMT8,Quan 3,10.782273,106.681758,20.2,50.14,120.0,1,1
2024-01-22T06:00:00.000Z,Tam Binh,Thu Duc,10.861495,106.738562,21.4,68.98,180.0,1,1
2024-04-19T13:00:00.000Z,Lam Van Ben,Quan 7,10.718535,106.684074,8.0,32.6,90.0,1,1
2024-05-23T10:00:00.000Z,Vo Van Ngan,Thu Duc,10.848697,106.771209,21.7,42.19,90.0,1,1
2024-06-07T08:00:00.000Z,Ba Thang Hai,Quan 10,10.774465,106.672212,78.7,73.09,60.0,1,1
2024-07-23T07:00:00.000Z,Xo Viet Nghe Tinh,Binh Thanh,10.806881,106.713094,5.0,30.5,90.0,1,1
2023-01-31T22:00:00.000Z,Nguyen Anh Thu,Quan 12,10.877858,106.644321,5.0,12.5,30.0,1,1
2023-03-19T00:00:00.000Z,Pham The Hien,Quan 8,10.727683,106.683968,9.5,60.65,180.0,1,1
2023-07-10T04:00:00.000Z,Le Van Viet,Thu Duc,10.844086,106.791095,21.5,33.05,60.0,1,1
2023-07-26T11:00:00.000Z,Ung Van Khiem,Binh Thanh,10.810216,106.710799,15.9,65.13,180.0,1,1
2023-10-05T22:00:00.000Z,Huynh Tan Phat,Quan 7,10.72936,106.72062,30.6,30.419999999999998,30.0,1,1
2023-12-02T22:00:00.000Z,Linh Dong,Thu Duc,10.866275,106.76671,11.6,26.119999999999997,60.0,1,1
2024-06-29T05:00:00.000Z,Vo Van Ngan,Thu Duc,10.850557,106.771422,25.4,26.779999999999998,30.0,1,1
2024-08-11T06:00:00.000Z,Ba Thang Hai,Quan 10,10.773959,106.672136,5.5,30.85,90.0,1,1
2023-07-06T14:00:00.000Z,Le Van Viet,Thu Duc,10.8452,106.789838,41.5,38.05,30.0,1,1
2024-01-06T07:00:00.000Z,Hau Giang,Quan 6,10.744996,106.641205,20.5,32.35,60.0,1,1
2024-08-22T06:00:00.000Z,Hau Giang,Quan 6,10.74776,106.638027,30.8,57.56,120.0,1,1
2024-08-27T05:00:00.000Z,Le Van Viet,Thu Duc,10.845658,106.789721,11.6,44.12,120.0,1,1
2023-01-06T21:00:00.000Z,Nguyen Anh Thu,Quan 12,10.878342,106.645042,9.3,24.509999999999998,60.0,1,1
2023-08-22T04:00:00.000Z,Lam Van Ben,Quan 7,10.718752,106.684623,8.3,23.810000000000002,60.0,1,1
2023-10-18T23:00:00.000Z,Le Thi Rieng,Quan 12,10.862287,106.648566,13.9,36.730000000000004,90.0,1,1
2023-12-31T07:00:00.000Z,Pham Van Dong,Binh Thanh,10.818279,106.701364,8.6,24.02,60.0,1,1
2024-02-12T03:00:00.000Z,An Duong Vuong,Quan 6,10.753694,106.646183,8.5,14.95,30.0,1,1
2024-04-04T18:00:00.000Z,Nguyen Thi Thap,Quan 7,10.741505,106.716951,18.6,22.02,30.0,1,1
2024-06-05T19:00:00.000Z,Hau Giang,Quan 6,10.748268,106.63836,24.7,26.29,30.0,1,1
2024-08-14T17:00:00.000Z,Nguyen Anh Thu,Quan 12,10.877293,106.646132,15.1,46.57,120.0,1,1
2024-04-21T17:00:00.000Z,Nguyen Van Khoi,Go Vap,10.827934,106.692161,8.0,14.6,30.0,1,1
2024-04-28T15:00:00.000Z,Le Van Viet,Thu Duc,10.846127,106.790496,5.0,12.5,30.0,1,1
2024-06-14T00:00:00.000Z,To Ky,Quan 12,10.866855,106.632277,5.0,30.5,90.0,1,1
2024-07-30T19:00:00.000Z,Ung Van Khiem,Binh Thanh,10.8107,106.708921,10.1,25.07,60.0,1,1
2024-08-22T03:00:00.000Z,Nguyen Trai,Quan 5,10.754866,106.66631,16.6,83.62,240.0,1,1
2024-08-22T13:00:00.000Z,Nguyen Anh Thu,Quan 12,10.878123,106.645228,16.2,29.339999999999996,60.0,1,1
2023-03-24T13:00:00.000Z,No Trang Long,Binh Thanh,10.81637,106.699298,39.9,45.92999999999999,60.0,1,1
2023-03-29T23:00:00.000Z,Huynh Tan Phat,Quan 7,10.727139,106.724254,15.4,64.78,180.0,1,1
2023-05-26T04:00:00.000Z,Nguyen Thi Thap,Quan 7,10.741916,106.715084,13.1,36.17,90.0,1,1
2023-07-18T19:00:00.000Z,Da Nam,Quan 8,10.743358,106.671771,14.9,28.43,60.0,1,1
2023-08-22T10:00:00.000Z,Nguyen Thi Thap,Quan 7,10.739676,106.714147,11.9,17.33,30.0,1,1
2023-09-25T09:00:00.000Z,Pham The Hien,Quan 8,10.727778,106.683566,5.7,12.99,30.0,1,1
2024-03-05T00:00:00.000Z,Hoa Binh,Tan Phu,10.804384,106.622761,24.8,44.36,90.0,1,1
2024-03-17T19:00:00.000Z,Kinh Duong Vuong,Quan 6,10.742209,106.616212,15.6,37.92,90.0,1,1
2024-08-30T11:00:00.000Z,Le Dinh Can,Binh Tan,10.767212,106.595999,25.4,53.78,120.0,1,1
2023-02-03T23:00:00.000Z,Huynh Tan Phat,Quan 7,10.730413,106.722355,5.0,21.5,60.0,1,1
2023-02-18T06:00:00.000Z,Nguyen Van Qua,Quan 12,10.855134,106.663875,41.6,56.12,90.0,1,1
2023-02-20T16:00:00.000Z,Pham The Hien,Quan 8,10.728335,106.682745,13.9,45.730000000000004,120.0,1,1
2023-02-27T13:00:00.000Z,Le Dinh Can,Binh Tan,10.765136,106.595101,41.1,37.769999999999996,30.0,1,1
2023-04-30T00:00:00.000Z,Phan Huy Ich,Go Vap,10.831144,106.673479,18.6,31.02,60.0,1,1
2023-05-02T21:00:00.000Z,Vo Van Ngan,Thu Duc,10.849599,106.771184,18.2,30.74,60.0,1,1
2023-07-19T03:00:00.000Z,Ba Thang Hai,Quan 10,10.775339,106.671527,39.4,63.58,120.0,1,1
2023-08-28T22:00:00.000Z,Thoai Ngoc Hau,Tan Phu,10.786458,106.627832,13.0,18.1,30.0,1,1
2023-09-25T17:00:00.000Z,Quang Trung,Go Vap,10.837435,106.664885,31.7,40.19,60.0,1,1
2023-10-21T00:00:00.000Z,Huynh Tan Phat,Quan 7,10.73024,106.722772,16.1,47.269999999999996,120.0,1,1
2023-11-23T22:00:00.000Z,Do Xuan Hop,Thu Duc,10.832174,106.782549,5.0,12.5,30.0,1,1
2024-01-21T22:00:00.000Z,Pham Van Dong,Binh Thanh,10.819049,106.701351,23.6,52.519999999999996,120.0,1,1
2024-07-22T23:00:00.000Z,Tam Binh,Thu Duc,10.861512,106.739713,20.0,41.0,90.0,1,1
2023-03-11T01:00:00.000Z,Vo Van Ngan,Thu Duc,10.852215,106.772833,5.9,13.129999999999999,30.0,1,1
2023-08-15T20:00:00.000Z,Lam Van Ben,Quan 7,10.719594,106.682503,10.5,34.35,90.0,1,1
2023-09-13T11:00:00.000Z,Le Thi Rieng,Quan 12,10.861347,106.648978,5.0,57.5,180.0,1,1
2023-10-16T02:00:00.000Z,Nguyen Thi Thap,Quan 7,10.741027,106.716884,10.6,16.419999999999998,30.0,1,1
2023-11-05T22:00:00.000Z,Kha Van Can,Thu Duc,10.850178,106.756447,23.1,43.17,90.0,1,1
2024-01-07T04:00:00.000Z,Ma Lo,Binh Tan,10.765208,106.614,16.7,29.689999999999998,60.0,1,1
2024-02-26T02:00:00.000Z,Le Van Viet,Thu Duc,10.844213,106.788192,21.0,50.7,120.0,1,1
2024-06-03T18:00:00.000Z,Nguyen Van Khoi,Go Vap,10.829598,106.69386,6.3,31.41,90.0,1,1
2024-07-03T05:00:00.000Z,Tan Ky Tan Quy,Binh Tan,10.789579,106.601794,26.3,36.41,60.0,1,1
2023-03-05T21:00:00.000Z,To Ky,Quan 12,10.867436,106.63281,16.5,38.55,90.0,1,1
2023-05-23T01:00:00.000Z,Da Nam,Quan 8,10.741353,106.674479,16.9,29.83,60.0,1,1
2023-06-18T15:00:00.000Z,Ba Thang Hai,Quan 10,10.77505,106.668703,14.9,28.43,60.0,1,1
2023-08-15T03:00:00.000Z,Nguyen Van Qua,Quan 12,10.85537,106.663196,18.3,30.810000000000002,60.0,1,1
2023-09-05T04:00:00.000Z,CMT8,Quan 3,10.781002,106.679365,15.6,19.92,30.0,1,1
2023-09-28T03:00:00.000Z,Linh Dong,Thu Duc,10.863804,106.765911,14.7,37.29,90.0,1,1
2024-05-04T04:00:00.000Z,Linh Dong,Thu Duc,10.862595,106.764701,13.9,18.73,30.0,1,1
2024-05-16T13:00:00.000Z,Hoa Binh,Tan Phu,10.803427,106.620561,14.1,45.87,120.0,1,1
2024-07-06T11:00:00.000Z,Ma Lo,Binh Tan,10.761814,106.615421,20.0,68.0,180.0,1,1
