flood_id,timestamp,street,district,lat,lng,depth_cm,duration_min,flood_level,traffic_impact,rainfall_trigger_mm,source,verified
FLD01467,2023-01-01 02:53:11,Linh Dong,Thu Duc,10.864646,106.767115,14.0,60,light,clear,20.5,IoT_sensor,False
FLD00390,2023-01-01 09:22:20,An Duong Vuong,Quan 6,10.753612,106.646336,20.9,90,moderate,slow,45.5,user_report,True
FLD02289,2023-01-01 10:16:09,Tan Ky Tan Quy,Binh Tan,10.790281,106.602996,30.0,90,severe,blocked,37.3,user_report,True
FLD01748,2023-01-01 12:01:34,Nguyen Trai,Quan 5,10.756476,106.664718,21.3,120,moderate,slow,51.9,IoT_sensor,True
FLD02111,2023-01-01 19:42:32,Le Thi Rieng,Quan 12,10.861844,106.646576,61.8,60,severe,blocked,130.4,user_report,False
FLD00891,2023-01-02 08:57:25,Tam Binh,Thu Duc,10.861055,106.74029,11.1,90,light,clear,20.7,IoT_sensor,True
FLD00712,2023-01-02 11:11:13,Kha Van Can,Thu Duc,10.850347,106.752572,13.8,90,light,clear,15.9,traffic_camera,True
FLD01886,2023-01-02 12:08:07,CMT8,Quan 3,10.78032,106.679116,5.0,90,light,clear,12.1,traffic_camera,False
FLD01380,2023-01-02 14:08:55,Le Dinh Can,Binh Tan,10.765443,106.594616,18.7,60,moderate,slow,30.3,IoT_sensor,True
FLD00776,2023-01-02 17:36:27,Nguyen Trai,Quan 5,10.756891,106.662718,51.9,60,severe,blocked,69.5,monitoring_station,True
FLD01652,2023-01-02 20:21:36,No Trang Long,Binh Thanh,10.815172,106.698293,14.2,90,light,clear,32.3,traffic_camera,True
FLD00091,2023-01-03 10:28:44,Huynh Tan Phat,Quan 7,10.728645,106.722987,7.0,90,light,clear,16.3,IoT_sensor,False
FLD01991,2023-01-03 11:53:21,Nguyen Trai,Quan 5,10.75605,106.666168,11.7,180,light,clear,28.5,user_report,True
FLD00354,2023-01-03 15:40:26,No Trang Long,Binh Thanh,10.813822,106.698408,16.7,60,moderate,slow,18.3,user_report,True
FLD01452,2023-01-03 19:47:43,Nguyen Anh Thu,Quan 12,10.876473,106.642566,23.2,90,moderate,slow,24.3,user_report,True
FLD00087,2023-01-03 21:11:11,Thoai Ngoc Hau,Tan Phu,10.788175,106.628318,30.5,30,severe,blocked,68.8,monitoring_station,True
FLD02199,2023-01-04 00:36:18,Huynh Tan Phat,Quan 7,10.72745,106.722667,6.4,30,light,clear,7.1,user_report,True
FLD00995,2023-01-04 12:50:33,Phan Huy Ich,Go Vap,10.82751,106.672974,11.9,60,light,clear,23.1,IoT_sensor,True
FLD02113,2023-01-05 02:57:04,No Trang Long,Binh Thanh,10.815534,106.695873,11.4,60,light,clear,19.1,user_report,False
FLD00067,2023-01-05 10:43:57,Nguyen Anh Thu,Quan 12,10.878546,106.646113,10.8,90,light,clear,20.0,traffic_camera,True
FLD01682,2023-01-05 17:25:15,Kinh Duong Vuong,Quan 6,10.741926,106.617303,15.2,180,moderate,slow,23.8,IoT_sensor,True
FLD00922,2023-01-06 05:33:48,CMT8,Quan 3,10.782319,106.680072,19.7,90,moderate,slow,15.8,IoT_sensor,True
FLD01241,2023-01-06 10:25:35,Ta Quang Buu,Quan 8,10.746327,106.664822,30.9,120,severe,blocked,61.9,IoT_sensor,False
FLD02278,2023-01-06 11:34:25,Huynh Tan Phat,Quan 7,10.727271,106.720544,26.0,30,moderate,slow,58.0,user_report,True
FLD02179,2023-01-06 14:19:10,Nguyen Anh Thu,Quan 12,10.878342,106.645042,9.3,60,light,clear,13.9,monitoring_station,True
FLD00086,2023-01-06 15:07:07,Quang Trung,Go Vap,10.838361,106.665898,8.1,30,light,clear,9.8,user_report,True
FLD00869,2023-01-07 02:31:21,Tran Xuan Soan,Quan 7,10.750512,106.700451,21.9,60,moderate,slow,39.0,user_report,True
FLD01823,2023-01-07 03:00:09,Le Thi Rieng,Quan 12,10.861618,106.649118,24.9,30,moderate,slow,48.0,monitoring_station,False
FLD00735,2023-01-07 03:28:34,Nguyen Thi Thap,Quan 7,10.741148,106.716907,19.0,60,moderate,slow,47.0,IoT_sensor,True
FLD00376,2023-01-07 03:48:26,Nguyen Van Khoi,Go Vap,10.828727,106.692311,39.8,240,severe,blocked,90.5,IoT_sensor,False
FLD01512,2023-01-07 22:29:40,To Ky,Quan 12,10.867283,106.632986,49.6,60,severe,blocked,80.7,traffic_camera,True
FLD01911,2023-01-07 23:10:49,Pham Van Dong,Binh Thanh,10.820081,106.700831,28.3,90,moderate,slow,32.8,IoT_sensor,False
FLD02094,2023-01-08 01:22:20,Phan Huy Ich,Go Vap,10.830644,106.672483,38.4,60,severe,blocked,72.6,user_report,True
FLD02302,2023-01-08 01:53:11,Linh Dong,Thu Duc,10.864164,106.76498,9.9,30,light,clear,17.0,IoT_sensor,True
FLD01646,2023-01-08 08:41:55,To Ky,Quan 12,10.864678,106.631835,5.0,120,light,clear,8.4,traffic_camera,True
FLD00665,2023-01-09 02:39:29,An Duong Vuong,Quan 6,10.752671,106.644012,15.2,120,moderate,slow,29.4,IoT_sensor,True
FLD02003,2023-01-09 03:18:29,Xo Viet Nghe Tinh,Binh Thanh,10.807201,106.709502,15.7,60,moderate,slow,18.7,traffic_camera,False
FLD00767,2023-01-09 10:03:53,To Ky,Quan 12,10.866411,106.632768,21.8,60,moderate,slow,43.2,user_report,True
FLD01070,2023-01-09 21:44:14,To Ky,Quan 12,10.867079,106.629597,40.6,120,severe,blocked,48.5,traffic_camera,True
FLD01931,2023-01-09 22:14:17,Hoa Binh,Tan Phu,10.805463,106.623243,29.9,180,moderate,slow,31.6,monitoring_station,True
FLD00567,2023-01-10 01:51:10,Kinh Duong Vuong,Quan 6,10.743958,106.616802,21.3,120,moderate,slow,27.7,user_report,True
FLD02322,2023-01-10 03:28:17,Hoa Binh,Tan Phu,10.805713,106.623961,15.0,30,moderate,slow,18.0,user_report,True
FLD00786,2023-01-10 03:52:24,Vo Van Ngan,Thu Duc,10.849411,106.773974,18.9,60,moderate,slow,40.7,user_report,True
FLD01473,2023-01-10 18:17:27,Phan Huy Ich,Go Vap,10.828402,106.671856,15.8,30,moderate,slow,22.3,monitoring_station,True
FLD00320,2023-01-11 05:44:36,Kha Van Can,Thu Duc,10.849504,106.753147,8.5,30,light,clear,12.6,IoT_sensor,True
FLD00734,2023-01-11 14:15:58,Nguyen Anh Thu,Quan 12,10.876384,106.642934,5.0,30,light,clear,4.9,user_report,False
FLD02353,2023-01-11 23:18:49,Nguyen Anh Thu,Quan 12,10.876828,106.645537,25.3,30,moderate,slow,24.6,monitoring_station,True
FLD00582,2023-01-12 07:01:07,Quang Trung,Go Vap,10.83775,106.664759,14.6,90,light,clear,16.3,user_report,True
FLD00607,2023-01-12 08:19:48,Le Thi Rieng,Quan 12,10.859721,106.649739,8.3,90,light,clear,8.1,IoT_sensor,False
FLD00117,2023-01-13 00:25:55,Nguyen Thi Thap,Quan 7,10.740017,106.714601,8.8,120,light,clear,10.7,monitoring_station,True
FLD01073,2023-01-13 12:25:56,Thoai Ngoc Hau,Tan Phu,10.787538,106.627556,24.7,30,moderate,slow,36.4,traffic_camera,True
FLD01085,2023-01-13 15:08:50,Nguyen Huu Canh,Binh Thanh,10.78634,106.720996,9.8,60,light,clear,18.7,IoT_sensor,True
FLD01111,2023-01-14 02:11:57,Da Nam,Quan 8,10.739647,106.672715,5.0,60,light,clear,10.0,user_report,True
FLD00016,2023-01-14 20:45:14,Le Van Luong,Quan 7,10.738251,106.705787,39.9,120,severe,blocked,64.9,IoT_sensor,True
FLD01101,2023-01-15 03:21:32,Hau Giang,Quan 6,10.745511,106.638807,24.3,120,moderate,slow,45.6,IoT_sensor,False
FLD00604,2023-01-15 21:21:24,Thoai Ngoc Hau,Tan Phu,10.785317,106.630276,15.6,60,moderate,slow,14.9,user_report,False
FLD01093,2023-01-16 00:29:17,Ung Van Khiem,Binh Thanh,10.810849,106.709238,5.0,60,light,clear,12.2,monitoring_station,True
FLD00979,2023-01-16 10:10:38,Linh Dong,Thu Duc,10.866295,106.764753,31.5,120,severe,blocked,56.6,traffic_camera,False
FLD00942,2023-01-16 12:58:05,Hau Giang,Quan 6,10.744577,106.638197,8.9,120,light,clear,11.4,IoT_sensor,False
FLD01272,2023-01-16 14:17:53,Thoai Ngoc Hau,Tan Phu,10.785969,106.626853,24.0,90,moderate,slow,53.4,user_report,False
FLD01634,2023-01-17 03:38:33,Nguyen Van Khoi,Go Vap,10.830168,106.69224,9.4,60,light,clear,10.4,user_report,True
FLD00308,2023-01-17 07:15:28,Hau Giang,Quan 6,10.747698,106.64105,39.8,90,severe,blocked,98.9,monitoring_station,True
FLD02032,2023-01-17 07:20:58,Tran Nao,Quan 2,10.785245,106.735572,29.9,60,moderate,slow,41.2,traffic_camera,False
FLD00947,2023-01-17 08:06:10,Le Van Luong,Quan 7,10.737783,106.706279,19.5,240,moderate,slow,20.1,IoT_sensor,False
FLD02286,2023-01-17 11:30:53,Thoai Ngoc Hau,Tan Phu,10.785066,106.626936,10.7,30,light,clear,11.0,IoT_sensor,True
FLD01935,2023-01-17 21:18:45,Do Xuan Hop,Thu Duc,10.832763,106.780594,6.1,30,light,clear,10.7,user_report,True
FLD02282,2023-01-18 00:24:53,Le Van Luong,Quan 7,10.736918,106.705425,5.0,180,light,clear,4.9,monitoring_station,True
FLD02399,2023-01-18 05:04:41,Ma Lo,Binh Tan,10.76504,106.612956,14.9,60,light,clear,22.3,user_report,True
FLD02264,2023-01-18 06:09:12,Vo Van Kiet,Quan 1,10.762458,106.700241,14.8,90,light,clear,15.2,user_report,False
FLD00047,2023-01-18 15:09:38,Pham The Hien,Quan 8,10.725645,106.681522,8.6,120,light,clear,20.2,IoT_sensor,True
FLD02056,2023-01-19 02:22:15,Quang Trung,Go Vap,10.839947,106.663418,24.3,60,moderate,slow,43.1,traffic_camera,True
FLD02276,2023-01-19 03:36:19,Vo Van Kiet,Quan 1,10.761951,106.70027,48.8,90,severe,blocked,53.6,user_report,True
FLD01199,2023-01-19 09:02:20,Phan Huy Ich,Go Vap,10.829737,106.671233,6.8,120,light,clear,16.6,user_report,True
FLD01767,2023-01-19 11:25:46,Hau Giang,Quan 6,10.748272,106.640035,23.0,90,moderate,slow,33.1,IoT_sensor,True
FLD00610,2023-01-19 15:18:06,Linh Dong,Thu Duc,10.865153,106.764449,41.5,30,severe,blocked,85.8,IoT_sensor,True
FLD00471,2023-01-20 21:59:36,No Trang Long,Binh Thanh,10.815648,106.698121,26.1,30,moderate,slow,37.9,IoT_sensor,False
FLD01785,2023-01-21 00:07:37,Le Dinh Can,Binh Tan,10.766318,106.595781,6.3,60,light,clear,5.5,IoT_sensor,True
FLD01427,2023-01-21 04:08:33,Ung Van Khiem,Binh Thanh,10.810168,106.710971,38.9,30,severe,blocked,59.4,user_report,False
FLD01197,2023-01-21 07:01:33,Tam Binh,Thu Duc,10.861906,106.739477,9.7,90,light,clear,13.3,IoT_sensor,False
FLD01788,2023-01-21 10:14:22,Pham The Hien,Quan 8,10.729389,106.684276,6.8,60,light,clear,6.4,IoT_sensor,True
FLD02072,2023-01-21 14:24:20,Le Van Viet,Thu Duc,10.846293,106.787774,21.1,120,moderate,slow,48.5,IoT_sensor,True
FLD00748,2023-01-22 00:28:10,Nguyen Thi Thap,Quan 7,10.742684,106.713893,11.0,90,light,clear,18.9,monitoring_station,False
FLD01806,2023-01-22 05:31:41,Tran Xuan Soan,Quan 7,10.753053,106.700337,5.5,30,light,clear,11.9,monitoring_station,True
FLD00728,2023-01-22 14:27:09,Vo Van Kiet,Quan 1,10.760814,106.69714,15.9,60,moderate,slow,19.2,monitoring_station,False
FLD00845,2023-01-22 18:09:48,Tan Ky Tan Quy,Binh Tan,10.786761,106.601791,60.1,90,severe,blocked,148.8,monitoring_station,False
FLD01486,2023-01-23 00:13:33,No Trang Long,Binh Thanh,10.816957,106.696538,21.7,180,moderate,slow,44.8,IoT_sensor,False
FLD00925,2023-01-23 05:13:25,Vo Van Kiet,Quan 1,10.762772,106.699705,13.3,180,light,clear,15.5,monitoring_station,True
FLD01043,2023-01-23 16:01:36,Tam Binh,Thu Duc,10.863379,106.738711,16.5,120,moderate,slow,13.6,IoT_sensor,True
FLD00572,2023-01-24 09:22:52,Tam Binh,Thu Duc,10.863577,106.737607,11.7,60,light,clear,27.2,monitoring_station,True
FLD00147,2023-01-24 10:24:17,Nguyen Van Khoi,Go Vap,10.828363,106.691522,20.3,30,moderate,slow,45.6,user_report,True
FLD02324,2023-01-24 11:55:57,Pham Van Dong,Binh Thanh,10.81902,106.704128,9.6,90,light,clear,17.1,IoT_sensor,True
FLD01275,2023-01-24 15:27:12,Da Nam,Quan 8,10.742882,106.673995,5.0,30,light,clear,11.3,IoT_sensor,False
FLD01320,2023-01-24 15:29:37,Le Van Viet,Thu Duc,10.844258,106.789092,5.5,90,light,clear,9.9,monitoring_station,False
FLD02368,2023-01-24 22:42:36,Quang Trung,Go Vap,10.83912,106.664214,30.9,60,severe,blocked,58.3,user_report,False
FLD02055,2023-01-25 02:34:03,Tam Binh,Thu Duc,10.860471,106.739163,21.6,90,moderate,slow,46.4,IoT_sensor,True
FLD02222,2023-01-25 03:02:51,Le Thi Rieng,Quan 12,10.86205,106.648846,27.0,30,moderate,slow,49.0,IoT_sensor,True
FLD01787,2023-01-25 04:30:45,Xo Viet Nghe Tinh,Binh Thanh,10.8065,106.713399,25.1,60,moderate,slow,47.7,IoT_sensor,True
FLD01845,2023-01-25 14:17:34,Tran Xuan Soan,Quan 7,10.749974,106.699142,49.1,30,severe,blocked,70.0,monitoring_station,True
FLD02251,2023-01-26 00:31:35,Tan Ky Tan Quy,Binh Tan,10.789602,106.600806,5.0,120,light,clear,12.0,user_report,True
FLD00481,2023-01-26 03:18:13,Da Nam,Quan 8,10.743181,106.671907,5.0,90,light,clear,10.3,IoT_sensor,False
FLD00051,2023-01-26 17:58:45,Nguyen Huu Canh,Binh Thanh,10.787834,106.722636,30.8,30,severe,blocked,34.2,IoT_sensor,False
FLD01537,2023-01-26 18:29:59,Ma Lo,Binh Tan,10.763524,106.613534,16.4,90,moderate,slow,35.6,monitoring_station,True
FLD00886,2023-01-27 00:58:31,An Duong Vuong,Quan 6,10.755856,106.646333,18.6,60,moderate,slow,39.5,IoT_sensor,False
FLD00363,2023-01-27 03:05:34,Le Van Viet,Thu Duc,10.843755,106.790554,5.8,30,light,clear,8.0,user_report,True
FLD01233,2023-01-27 04:39:42,Thoai Ngoc Hau,Tan Phu,10.784878,106.629169,23.2,90,moderate,slow,35.6,IoT_sensor,False
FLD02119,2023-01-27 07:02:56,Tran Nao,Quan 2,10.782994,106.736826,78.6,30,severe,blocked,160.9,IoT_sensor,True
FLD01962,2023-01-27 13:46:48,Hau Giang,Quan 6,10.745393,106.638862,5.0,30,light,clear,10.3,IoT_sensor,True
FLD01432,2023-01-27 14:33:46,Le Van Viet,Thu Duc,10.843476,106.789999,11.6,60,light,clear,25.6,user_report,True
FLD00004,2023-01-27 15:11:04,Thoai Ngoc Hau,Tan Phu,10.786378,106.627258,5.7,90,light,clear,7.7,traffic_camera,True
FLD00141,2023-01-27 20:36:11,Binh Long,Tan Phu,10.801415,106.615495,14.3,180,light,clear,31.0,user_report,True
FLD01604,2023-01-28 04:32:49,Kinh Duong Vuong,Quan 6,10.74408,106.614002,23.6,90,moderate,slow,47.3,IoT_sensor,True
FLD00238,2023-01-28 07:22:28,An Duong Vuong,Quan 6,10.754237,106.645568,14.3,120,light,clear,32.0,monitoring_station,False
FLD00855,2023-01-28 08:36:00,Xo Viet Nghe Tinh,Binh Thanh,10.808821,106.709946,14.6,30,light,clear,26.2,IoT_sensor,True
FLD00630,2023-01-28 11:45:46,Tam Binh,Thu Duc,10.863475,106.737947,19.0,180,moderate,slow,42.1,user_report,True
FLD01913,2023-01-28 14:33:18,Pham The Hien,Quan 8,10.728354,106.682647,5.0,120,light,clear,6.0,IoT_sensor,True
FLD00867,2023-01-29 04:08:39,Do Xuan Hop,Thu Duc,10.834244,106.783624,8.8,120,light,clear,14.3,IoT_sensor,True
FLD01514,2023-01-29 12:09:28,Vo Van Kiet,Quan 1,10.763918,106.700272,20.9,60,moderate,slow,33.0,monitoring_station,True
FLD01303,2023-01-29 13:08:30,Kinh Duong Vuong,Quan 6,10.743009,106.617357,5.0,90,light,clear,5.5,user_report,False
FLD01037,2023-01-29 17:29:17,Le Van Luong,Quan 7,10.736693,106.705814,5.0,90,light,clear,11.0,user_report,True
FLD01808,2023-01-29 22:04:43,Ung Van Khiem,Binh Thanh,10.810202,106.712437,19.1,30,moderate,slow,45.7,IoT_sensor,True
FLD02081,2023-01-30 17:46:39,Hau Giang,Quan 6,10.747265,106.638787,6.6,180,light,clear,5.3,traffic_camera,True
FLD00489,2023-01-30 18:50:15,Tan Ky Tan Quy,Binh Tan,10.789486,106.600578,13.7,120,light,clear,29.1,IoT_sensor,False
FLD00573,2023-01-31 15:26:22,Nguyen Anh Thu,Quan 12,10.877858,106.644321,5.0,30,light,clear,4.0,IoT_sensor,True
FLD01817,2023-02-01 08:02:04,Nguyen Van Khoi,Go Vap,10.827301,106.692752,19.6,120,moderate,slow,33.1,IoT_sensor,False
FLD00048,2023-02-01 09:47:32,Vo Van Ngan,Thu Duc,10.852211,106.773088,21.2,30,moderate,slow,19.0,monitoring_station,False
FLD01599,2023-02-01 11:58:27,Pham The Hien,Quan 8,10.728129,106.682029,19.7,60,moderate,slow,40.5,monitoring_station,True
FLD00242,2023-02-01 14:11:16,Huynh Tan Phat,Quan 7,10.729796,106.721527,10.0,30,light,clear,17.6,IoT_sensor,True
FLD01907,2023-02-02 10:54:22,Tran Nao,Quan 2,10.784264,106.737372,20.8,30,moderate,slow,42.5,IoT_sensor,True
FLD01617,2023-02-02 12:50:09,CMT8,Quan 3,10.780085,106.679711,16.3,90,moderate,slow,13.9,user_report,False
FLD00031,2023-02-03 16:19:47,Ba Thang Hai,Quan 10,10.774518,106.672,5.0,90,light,clear,7.3,user_report,True
FLD00599,2023-02-03 16:54:05,Huynh Tan Phat,Quan 7,10.730413,106.722355,5.0,60,light,clear,8.8,traffic_camera,True
FLD02244,2023-02-04 09:27:24,No Trang Long,Binh Thanh,10.815974,106.698646,15.9,60,moderate,slow,37.4,IoT_sensor,False
FLD02393,2023-02-04 11:04:06,Le Van Luong,Quan 7,10.734693,106.707285,5.9,60,light,clear,5.5,IoT_sensor,True
FLD00609,2023-02-04 14:56:43,Hau Giang,Quan 6,10.745901,106.638965,9.8,90,light,clear,8.3,traffic_camera,True
FLD00305,2023-02-04 17:14:52,An Duong Vuong,Quan 6,10.753942,106.645631,20.3,30,moderate,slow,22.3,monitoring_station,False
FLD01759,2023-02-04 21:29:58,Nguyen Van Qua,Quan 12,10.856293,106.663281,40.4,30,severe,blocked,41.3,user_report,False
FLD01884,2023-02-04 23:24:45,An Duong Vuong,Quan 6,10.756043,106.644895,16.1,30,moderate,slow,31.6,traffic_camera,True
FLD01077,2023-02-04 23:39:39,Ung Van Khiem,Binh Thanh,10.811699,106.709113,10.9,30,light,clear,15.8,user_report,True
FLD00525,2023-02-05 04:14:22,Tran Xuan Soan,Quan 7,10.750846,106.699717,5.0,60,light,clear,9.2,IoT_sensor,True
FLD00064,2023-02-05 07:55:08,Nguyen Van Khoi,Go Vap,10.829908,106.693519,10.2,60,light,clear,16.5,monitoring_station,False
FLD00178,2023-02-06 02:48:08,Ma Lo,Binh Tan,10.76206,106.614211,18.8,30,moderate,slow,23.5,monitoring_station,False
FLD01684,2023-02-06 12:51:56,Vo Van Kiet,Quan 1,10.761966,106.698529,10.5,30,light,clear,12.9,IoT_sensor,False
FLD02246,2023-02-06 16:48:47,Vo Van Kiet,Quan 1,10.762045,106.699976,60.9,120,severe,blocked,52.8,traffic_camera,False
FLD00300,2023-02-06 19:17:16,To Ky,Quan 12,10.867983,106.632255,61.5,30,severe,blocked,52.6,monitoring_station,True
FLD01506,2023-02-06 22:01:26,Phan Huy Ich,Go Vap,10.830361,106.67059,51.7,30,severe,blocked,128.6,user_report,False
FLD01694,2023-02-07 03:35:55,Nguyen Van Khoi,Go Vap,10.827462,106.692142,10.3,30,light,clear,10.9,monitoring_station,False
FLD00264,2023-02-07 06:48:02,Vo Van Ngan,Thu Duc,10.8491,106.773488,14.8,60,light,clear,18.2,IoT_sensor,True
FLD02328,2023-02-07 22:00:59,Vo Van Ngan,Thu Duc,10.850572,106.771161,11.6,30,light,clear,16.0,user_report,False
FLD01893,2023-02-07 22:50:34,To Ky,Quan 12,10.867292,106.633479,5.9,60,light,clear,6.1,monitoring_station,True
FLD00348,2023-02-07 23:51:59,Pham Van Dong,Binh Thanh,10.820104,106.700893,10.2,30,light,clear,24.5,user_report,True
FLD01253,2023-02-08 00:17:48,Tran Xuan Soan,Quan 7,10.751917,106.698507,8.5,30,light,clear,11.2,IoT_sensor,True
FLD01843,2023-02-08 08:43:34,Hoa Binh,Tan Phu,10.80455,106.621992,25.0,180,moderate,slow,32.4,user_report,True
FLD01177,2023-02-08 10:48:01,Nguyen Van Khoi,Go Vap,10.82839,106.691783,25.5,60,moderate,slow,40.1,monitoring_station,True
FLD01114,2023-02-08 13:15:54,Ma Lo,Binh Tan,10.763807,106.614505,8.5,180,light,clear,19.5,IoT_sensor,True
FLD01081,2023-02-08 16:19:01,Quang Trung,Go Vap,10.836705,106.662808,10.4,180,light,clear,15.0,IoT_sensor,False
FLD00558,2023-02-09 01:07:37,Nguyen Trai,Quan 5,10.758016,106.665018,14.9,90,light,clear,35.2,IoT_sensor,False
FLD01040,2023-02-09 07:05:45,No Trang Long,Binh Thanh,10.816552,106.69655,18.3,60,moderate,slow,34.3,IoT_sensor,True
FLD01109,2023-02-09 08:31:09,Le Thi Rieng,Quan 12,10.863336,106.649828,5.0,30,light,clear,9.1,traffic_camera,True
FLD02311,2023-02-09 08:53:37,Do Xuan Hop,Thu Duc,10.835364,106.78067,81.7,90,severe,blocked,202.7,IoT_sensor,True
FLD00678,2023-02-09 13:36:45,Binh Long,Tan Phu,10.800841,106.615219,15.6,30,moderate,slow,17.7,user_report,False
FLD01649,2023-02-09 16:16:24,An Duong Vuong,Quan 6,10.754262,106.643487,14.3,90,light,clear,15.5,IoT_sensor,True
FLD01047,2023-02-09 22:31:26,Lam Van Ben,Quan 7,10.718262,106.685255,5.3,30,light,clear,11.3,user_report,True
FLD01707,2023-02-09 22:50:02,Quang Trung,Go Vap,10.839501,106.662716,21.6,120,moderate,slow,28.2,user_report,True
FLD01026,2023-02-10 01:55:29,Ma Lo,Binh Tan,10.764233,106.614651,25.4,180,moderate,slow,33.5,IoT_sensor,True
FLD01243,2023-02-10 02:42:40,Nguyen Van Qua,Quan 12,10.852969,106.663143,11.8,60,light,clear,16.5,IoT_sensor,True
FLD00516,2023-02-10 03:44:18,Le Van Viet,Thu Duc,10.844092,106.791479,5.0,30,light,clear,8.0,IoT_sensor,True
FLD01212,2023-02-10 06:12:50,Tam Binh,Thu Duc,10.862628,106.739109,18.1,120,moderate,slow,36.3,traffic_camera,True
FLD01781,2023-02-10 08:30:56,Le Van Viet,Thu Duc,10.843933,106.788716,41.3,30,severe,blocked,51.3,IoT_sensor,False
FLD01992,2023-02-10 15:41:27,Tran Xuan Soan,Quan 7,10.751477,106.696958,24.7,60,moderate,slow,60.4,IoT_sensor,True
FLD02106,2023-02-11 09:57:54,No Trang Long,Binh Thanh,10.816577,106.69625,13.0,90,light,clear,13.8,IoT_sensor,True
FLD01507,2023-02-11 13:45:49,Pham Van Dong,Binh Thanh,10.818047,106.703984,24.5,90,moderate,slow,37.2,user_report,True
FLD00676,2023-02-11 18:08:56,Le Dinh Can,Binh Tan,10.767702,106.596466,28.8,30,moderate,slow,27.1,user_report,True
FLD01062,2023-02-11 19:54:38,Xo Viet Nghe Tinh,Binh Thanh,10.805729,106.712001,10.6,60,light,clear,20.6,user_report,True
FLD01202,2023-02-13 13:23:36,Pham Van Dong,Binh Thanh,10.817233,106.70222,25.9,60,moderate,slow,62.9,IoT_sensor,True
FLD00883,2023-02-13 16:04:30,Vo Van Ngan,Thu Duc,10.852117,106.772621,15.4,60,moderate,slow,23.2,traffic_camera,True
FLD01182,2023-02-13 21:00:43,Binh Long,Tan Phu,10.800644,106.617408,51.6,60,severe,blocked,102.5,IoT_sensor,False
FLD01423,2023-02-13 21:11:27,Pham The Hien,Quan 8,10.725642,106.682562,41.7,180,severe,blocked,84.2,IoT_sensor,True
FLD00256,2023-02-14 06:35:49,Nguyen Trai,Quan 5,10.756444,106.664245,5.0,90,light,clear,10.4,traffic_camera,True
FLD01795,2023-02-14 11:31:04,Quang Trung,Go Vap,10.838495,106.663064,11.5,180,light,clear,12.7,traffic_camera,True
FLD00524,2023-02-14 21:50:35,Tran Nao,Quan 2,10.782879,106.736861,24.0,90,moderate,slow,42.3,traffic_camera,True
FLD01331,2023-02-14 22:56:45,Le Van Viet,Thu Duc,10.843784,106.788215,14.0,180,light,clear,16.8,user_report,True
FLD01104,2023-02-15 03:18:35,Quang Trung,Go Vap,10.839613,106.663417,29.2,60,moderate,slow,61.5,IoT_sensor,True
FLD00971,2023-02-15 18:50:07,Tran Nao,Quan 2,10.782181,106.737398,14.3,120,light,clear,11.6,user_report,True
FLD01965,2023-02-15 22:55:28,Ta Quang Buu,Quan 8,10.746414,106.664739,9.0,120,light,clear,7.3,IoT_sensor,True
FLD01281,2023-02-16 02:24:44,Ta Quang Buu,Quan 8,10.745409,106.662922,21.1,90,moderate,slow,18.7,user_report,True
FLD02051,2023-02-16 06:44:31,Ma Lo,Binh Tan,10.76185,106.614923,9.2,60,light,clear,14.9,monitoring_station,True
FLD02030,2023-02-16 18:29:09,Tam Binh,Thu Duc,10.862873,106.737207,78.6,60,severe,blocked,101.7,IoT_sensor,True
FLD01585,2023-02-16 20:31:39,Ba Thang Hai,Quan 10,10.776156,106.671705,20.5,120,moderate,slow,38.4,monitoring_station,True
FLD01254,2023-02-16 21:02:18,No Trang Long,Binh Thanh,10.816839,106.696945,29.1,240,moderate,slow,44.8,traffic_camera,True
FLD00865,2023-02-17 00:33:46,Quang Trung,Go Vap,10.839386,106.664662,10.0,30,light,clear,24.4,IoT_sensor,True
FLD00881,2023-02-17 02:16:30,Tran Nao,Quan 2,10.783729,106.73478,8.7,60,light,clear,17.2,IoT_sensor,True
FLD01681,2023-02-17 11:20:23,Huynh Tan Phat,Quan 7,10.726725,106.721499,23.2,120,moderate,slow,40.7,user_report,True
FLD00574,2023-02-17 11:35:46,Xo Viet Nghe Tinh,Binh Thanh,10.806965,106.712485,81.8,30,severe,blocked,155.7,IoT_sensor,False
FLD00777,2023-02-17 23:30:56,Ba Thang Hai,Quan 10,10.775853,106.67144,5.0,60,light,clear,8.4,traffic_camera,False
FLD00940,2023-02-17 23:53:15,Nguyen Van Qua,Quan 12,10.855134,106.663875,41.6,90,severe,blocked,98.3,user_report,True
FLD00663,2023-02-18 11:29:03,Hoa Binh,Tan Phu,10.804983,106.623697,14.2,90,light,clear,30.0,IoT_sensor,True
FLD02075,2023-02-18 14:17:46,Pham The Hien,Quan 8,10.727541,106.685115,6.3,90,light,clear,12.2,traffic_camera,True
FLD01606,2023-02-18 22:53:13,Binh Long,Tan Phu,10.798965,106.616164,16.0,30,moderate,slow,20.1,IoT_sensor,True
FLD02162,2023-02-19 03:34:39,Da Nam,Quan 8,10.740472,106.675366,6.3,60,light,clear,6.1,IoT_sensor,False
FLD01352,2023-02-19 07:25:26,Thoai Ngoc Hau,Tan Phu,10.785654,106.62872,17.0,60,moderate,slow,28.6,user_report,False
FLD00626,2023-02-19 10:09:50,Phan Huy Ich,Go Vap,10.830175,106.67155,9.7,30,light,clear,8.9,IoT_sensor,True
FLD00809,2023-02-19 14:23:02,Pham Van Dong,Binh Thanh,10.817031,106.70423,20.4,90,moderate,slow,19.3,user_report,True
FLD00203,2023-02-20 05:57:12,Tam Binh,Thu Duc,10.862063,106.738426,40.0,60,severe,blocked,82.2,user_report,True
FLD01231,2023-02-20 09:18:09,Pham The Hien,Quan 8,10.728335,106.682745,13.9,120,light,clear,27.3,user_report,True
FLD01885,2023-02-20 10:00:03,Vo Van Ngan,Thu Duc,10.852069,106.770348,9.6,30,light,clear,20.1,user_report,False
FLD00407,2023-02-20 10:12:19,Pham The Hien,Quan 8,10.72906,106.684218,5.0,180,light,clear,5.8,IoT_sensor,False
FLD00569,2023-02-20 13:35:57,Hoa Binh,Tan Phu,10.803727,106.622227,40.4,120,severe,blocked,67.1,IoT_sensor,True
FLD00850,2023-02-20 23:43:50,Thoai Ngoc Hau,Tan Phu,10.786613,106.626662,5.0,60,light,clear,11.0,user_report,True
FLD02101,2023-02-21 11:53:57,Huynh Tan Phat,Quan 7,10.729222,106.720587,11.9,120,light,clear,12.3,monitoring_station,True
FLD00633,2023-02-21 20:19:17,Vo Van Ngan,Thu Duc,10.851916,106.770215,16.4,90,moderate,slow,16.6,IoT_sensor,False
FLD01355,2023-02-22 01:34:14,Nguyen Anh Thu,Quan 12,10.878532,106.645911,9.0,30,light,clear,11.1,IoT_sensor,True
FLD00299,2023-02-22 12:27:53,To Ky,Quan 12,10.868295,106.631025,11.0,30,light,clear,13.6,user_report,True
FLD02047,2023-02-22 13:10:04,Nguyen Van Qua,Quan 12,10.85482,106.662674,6.7,180,light,clear,11.2,user_report,True
FLD00160,2023-02-22 18:01:29,An Duong Vuong,Quan 6,10.756409,106.643445,5.0,240,light,clear,8.4,IoT_sensor,False
FLD00841,2023-02-23 00:45:53,Tan Ky Tan Quy,Binh Tan,10.7903,106.600803,28.1,90,moderate,slow,69.1,traffic_camera,True
FLD01949,2023-02-23 10:37:37,Le Van Viet,Thu Duc,10.845168,106.788142,9.4,90,light,clear,10.6,IoT_sensor,False
FLD01975,2023-02-23 14:24:12,An Duong Vuong,Quan 6,10.753565,106.646398,14.2,30,light,clear,16.5,IoT_sensor,False
FLD01889,2023-02-24 05:55:23,Xo Viet Nghe Tinh,Binh Thanh,10.808054,106.71069,11.8,60,light,clear,25.4,IoT_sensor,True
FLD01932,2023-02-24 15:21:16,Thoai Ngoc Hau,Tan Phu,10.78811,106.626517,50.2,60,severe,blocked,42.6,user_report,True
FLD01706,2023-02-24 21:42:59,Vo Van Kiet,Quan 1,10.76241,106.699177,13.0,60,light,clear,16.8,user_report,False
FLD00257,2023-02-26 04:12:46,CMT8,Quan 3,10.781039,106.679223,14.7,90,light,clear,36.6,monitoring_station,True
FLD00310,2023-02-26 06:19:44,Ung Van Khiem,Binh Thanh,10.811542,106.711843,8.9,90,light,clear,15.3,user_report,False
FLD00906,2023-02-26 09:01:08,Le Dinh Can,Binh Tan,10.767985,106.595359,15.1,90,moderate,slow,28.1,monitoring_station,False
FLD01371,2023-02-26 11:34:25,Linh Dong,Thu Duc,10.86602,106.766701,15.9,90,moderate,slow,38.3,IoT_sensor,True
FLD00936,2023-02-26 20:47:31,Phan Huy Ich,Go Vap,10.83066,106.671436,11.4,90,light,clear,15.8,traffic_camera,True
FLD02370,2023-02-27 00:04:15,Nguyen Huu Canh,Binh Thanh,10.78928,106.720633,51.8,180,severe,blocked,86.4,monitoring_station,True
FLD01595,2023-02-27 06:12:01,Le Dinh Can,Binh Tan,10.765136,106.595101,41.1,30,severe,blocked,41.7,traffic_camera,True
FLD00145,2023-02-27 12:59:00,Le Thi Rieng,Quan 12,10.86053,106.649807,5.9,60,light,clear,10.4,IoT_sensor,False
FLD00750,2023-02-27 16:13:36,Vo Van Kiet,Quan 1,10.761584,106.69961,5.4,60,light,clear,10.7,user_report,True
FLD00660,2023-02-27 16:37:45,Vo Van Ngan,Thu Duc,10.850877,106.770591,14.0,60,light,clear,31.1,user_report,True
FLD01775,2023-02-27 21:35:57,Nguyen Anh Thu,Quan 12,10.878333,106.64284,16.5,30,moderate,slow,14.1,traffic_camera,True
FLD01500,2023-02-27 22:28:25,Hoa Binh,Tan Phu,10.805154,106.621036,21.3,60,moderate,slow,25.4,user_report,True
FLD00457,2023-02-28 01:17:38,No Trang Long,Binh Thanh,10.816583,106.697501,20.9,180,moderate,slow,28.1,user_report,False
FLD01878,2023-02-28 04:10:54,Tam Binh,Thu Duc,10.862891,106.73835,29.1,30,moderate,slow,67.5,IoT_sensor,True
FLD00804,2023-02-28 04:38:11,Nguyen Van Qua,Quan 12,10.854428,106.663886,9.5,90,light,clear,13.5,monitoring_station,True
FLD00129,2023-02-28 10:13:17,Tan Ky Tan Quy,Binh Tan,10.789598,106.600639,5.1,30,light,clear,4.1,IoT_sensor,True
FLD00013,2023-02-28 14:32:12,Quang Trung,Go Vap,10.839426,106.665534,29.8,30,moderate,slow,53.2,IoT_sensor,True
FLD01714,2023-03-01 00:31:35,Ta Quang Buu,Quan 8,10.745713,106.663376,18.1,120,moderate,slow,34.9,monitoring_station,False
FLD00227,2023-03-01 01:38:44,Da Nam,Quan 8,10.742029,106.675217,38.1,90,severe,blocked,48.9,monitoring_station,False
FLD01457,2023-03-01 07:37:49,Tran Xuan Soan,Quan 7,10.751652,106.699015,5.0,30,light,clear,8.6,monitoring_station,False
FLD00827,2023-03-01 09:40:06,Ma Lo,Binh Tan,10.764116,106.614069,41.5,120,severe,blocked,44.1,user_report,True
FLD01995,2023-03-02 04:49:12,Tran Xuan Soan,Quan 7,10.751079,106.700105,21.8,120,moderate,slow,36.2,user_report,False
FLD01103,2023-03-02 10:40:01,Nguyen Thi Thap,Quan 7,10.742223,106.715497,50.7,30,severe,blocked,84.4,monitoring_station,True
FLD01515,2023-03-02 12:07:18,Pham The Hien,Quan 8,10.726023,106.684456,23.9,30,moderate,slow,53.9,IoT_sensor,True
FLD00739,2023-03-02 18:32:21,Quang Trung,Go Vap,10.838678,106.6646,5.0,180,light,clear,9.6,IoT_sensor,False
FLD01503,2023-03-03 07:27:57,Ta Quang Buu,Quan 8,10.743312,106.666138,23.4,90,moderate,slow,50.0,user_report,True
FLD01814,2023-03-03 13:06:34,To Ky,Quan 12,10.867616,106.632483,18.6,30,moderate,slow,34.1,IoT_sensor,False
FLD01946,2023-03-03 18:22:22,Pham Van Dong,Binh Thanh,10.818497,106.702986,10.3,30,light,clear,22.7,IoT_sensor,True
FLD01574,2023-03-04 01:12:41,Le Dinh Can,Binh Tan,10.765561,106.596964,10.2,120,light,clear,21.6,user_report,False
FLD01715,2023-03-04 12:40:01,Le Dinh Can,Binh Tan,10.767301,106.595564,10.0,240,light,clear,13.3,user_report,False
FLD00229,2023-03-04 13:34:24,Tran Nao,Quan 2,10.785282,106.735563,9.9,240,light,clear,10.1,user_report,True
FLD02091,2023-03-04 16:41:18,Nguyen Trai,Quan 5,10.756111,106.665218,21.4,60,moderate,slow,37.1,IoT_sensor,True
FLD01620,2023-03-05 00:51:28,Pham Van Dong,Binh Thanh,10.817728,106.703424,11.1,60,light,clear,21.3,user_report,False
FLD01701,2023-03-05 01:29:34,Kha Van Can,Thu Duc,10.852435,106.752742,21.5,60,moderate,slow,32.4,user_report,True
FLD01141,2023-03-05 04:41:14,Kinh Duong Vuong,Quan 6,10.742917,106.614252,11.2,30,light,clear,25.2,user_report,True
FLD01277,2023-03-05 06:53:31,Le Dinh Can,Binh Tan,10.768452,106.596634,5.0,30,light,clear,7.1,user_report,True
FLD00466,2023-03-05 07:32:00,Xo Viet Nghe Tinh,Binh Thanh,10.808844,106.710619,5.0,60,light,clear,10.2,IoT_sensor,True
FLD01669,2023-03-05 10:32:54,Da Nam,Quan 8,10.742143,106.673851,25.7,120,moderate,slow,31.7,user_report,True
FLD00274,2023-03-05 14:19:53,To Ky,Quan 12,10.867436,106.63281,16.5,90,moderate,slow,29.8,IoT_sensor,True
FLD00097,2023-03-05 14:32:36,Binh Long,Tan Phu,10.797593,106.617417,31.5,120,severe,blocked,36.1,IoT_sensor,False
FLD00211,2023-03-05 17:30:58,Kinh Duong Vuong,Quan 6,10.74176,106.61372,13.1,60,light,clear,25.1,IoT_sensor,True
FLD01035,2023-03-05 22:56:47,Nguyen Anh Thu,Quan 12,10.875882,106.645461,13.7,180,light,clear,18.8,monitoring_station,False
FLD00921,2023-03-06 06:29:08,To Ky,Quan 12,10.868297,106.631336,5.0,180,light,clear,6.1,IoT_sensor,False
FLD00565,2023-03-06 08:21:33,Nguyen Van Qua,Quan 12,10.854154,106.663636,18.7,90,moderate,slow,16.6,IoT_sensor,False
FLD01939,2023-03-06 18:53:29,Nguyen Van Khoi,Go Vap,10.829143,106.691888,38.2,60,severe,blocked,78.3,traffic_camera,True
FLD01235,2023-03-06 22:25:22,Xo Viet Nghe Tinh,Binh Thanh,10.808175,106.713103,15.6,60,moderate,slow,22.1,IoT_sensor,True
FLD00140,2023-03-07 07:13:26,Nguyen Trai,Quan 5,10.756604,106.666487,5.5,30,light,clear,11.5,monitoring_station,False
FLD01807,2023-03-07 12:30:33,Le Van Viet,Thu Duc,10.846913,106.79147,39.1,90,severe,blocked,85.6,IoT_sensor,False
FLD00627,2023-03-07 14:53:13,Phan Huy Ich,Go Vap,10.829991,106.67141,5.3,60,light,clear,11.3,monitoring_station,True
FLD00765,2023-03-08 02:23:56,Vo Van Kiet,Quan 1,10.762202,106.697557,5.6,60,light,clear,13.4,monitoring_station,False
FLD01709,2023-03-08 02:59:10,Ma Lo,Binh Tan,10.763962,106.611995,31.3,30,severe,blocked,36.9,user_report,True
FLD02167,2023-03-08 05:16:17,Thoai Ngoc Hau,Tan Phu,10.785852,106.62818,15.7,90,moderate,slow,30.0,IoT_sensor,True
FLD01628,2023-03-08 07:13:53,Xo Viet Nghe Tinh,Binh Thanh,10.806899,106.710506,15.4,30,moderate,slow,38.3,IoT_sensor,True
FLD01239,2023-03-08 09:40:03,Do Xuan Hop,Thu Duc,10.831642,106.784123,18.6,30,moderate,slow,38.6,IoT_sensor,True
FLD00578,2023-03-08 14:48:29,Nguyen Huu Canh,Binh Thanh,10.786681,106.721337,14.4,120,light,clear,17.8,user_report,True
FLD01414,2023-03-09 13:22:06,Huynh Tan Phat,Quan 7,10.726898,106.721475,6.5,90,light,clear,12.4,IoT_sensor,False
FLD02273,2023-03-09 14:50:00,Lam Van Ben,Quan 7,10.719322,106.685387,31.1,90,severe,blocked,46.9,user_report,True
FLD02318,2023-03-09 17:52:38,Tan Ky Tan Quy,Binh Tan,10.787846,106.601345,5.0,30,light,clear,6.4,IoT_sensor,False
FLD01284,2023-03-09 19:03:32,Tan Ky Tan Quy,Binh Tan,10.789895,106.602675,19.7,30,moderate,slow,39.9,traffic_camera,True
FLD00498,2023-03-10 03:01:44,Vo Van Ngan,Thu Duc,10.851662,106.770966,14.0,120,light,clear,22.1,traffic_camera,True
FLD00588,2023-03-10 06:28:50,Hau Giang,Quan 6,10.747951,106.640173,25.2,60,moderate,slow,34.4,user_report,True
FLD01017,2023-03-10 14:33:58,Tam Binh,Thu Duc,10.861846,106.73693,9.4,60,light,clear,15.0,traffic_camera,False
FLD01482,2023-03-10 17:45:42,Tran Nao,Quan 2,10.781736,106.735128,30.8,30,severe,blocked,29.7,IoT_sensor,True
FLD02161,2023-03-10 18:39:17,Vo Van Ngan,Thu Duc,10.852215,106.772833,5.9,30,light,clear,13.7,user_report,True
FLD01538,2023-03-10 19:56:19,Pham The Hien,Quan 8,10.726333,106.685007,20.9,90,moderate,slow,20.9,user_report,False
FLD02373,2023-03-10 21:31:28,An Duong Vuong,Quan 6,10.755935,106.643834,5.0,120,light,clear,9.4,user_report,True
FLD00169,2023-03-10 22:39:14,Da Nam,Quan 8,10.740665,106.673618,29.1,30,moderate,slow,30.9,traffic_camera,True
FLD01880,2023-03-10 22:52:12,Lam Van Ben,Quan 7,10.717575,106.68308,21.3,90,moderate,slow,53.0,user_report,False
FLD00469,2023-03-10 23:58:19,Huynh Tan Phat,Quan 7,10.727227,106.720556,13.7,90,light,clear,33.7,IoT_sensor,True
FLD02332,2023-03-11 04:26:17,Ta Quang Buu,Quan 8,10.746141,106.665624,11.5,30,light,clear,16.5,monitoring_station,True
FLD01306,2023-03-11 13:58:52,Ung Van Khiem,Binh Thanh,10.811199,106.710825,20.3,90,moderate,slow,49.4,user_report,True
FLD00720,2023-03-11 22:28:57,To Ky,Quan 12,10.866361,106.632974,6.2,60,light,clear,8.6,IoT_sensor,False
FLD01490,2023-03-12 15:47:03,Hoa Binh,Tan Phu,10.803697,106.624024,11.2,30,light,clear,14.2,user_report,True
FLD01221,2023-03-13 17:31:14,Tran Xuan Soan,Quan 7,10.750223,106.699888,79.0,180,severe,blocked,159.2,user_report,True
FLD01304,2023-03-13 20:11:07,Nguyen Anh Thu,Quan 12,10.877817,106.644198,31.6,120,severe,blocked,44.7,monitoring_station,True
FLD00109,2023-03-14 07:46:00,An Duong Vuong,Quan 6,10.753249,106.646454,39.3,90,severe,blocked,58.2,user_report,True
FLD00600,2023-03-14 10:43:23,Hau Giang,Quan 6,10.745305,106.639037,14.2,60,light,clear,12.3,user_report,True
FLD02307,2023-03-15 00:45:37,Vo Van Kiet,Quan 1,10.761549,106.699705,61.3,30,severe,blocked,132.8,IoT_sensor,True
FLD01762,2023-03-15 04:33:21,Ma Lo,Binh Tan,10.761886,106.613416,59.5,180,severe,blocked,145.8,IoT_sensor,True
FLD01000,2023-03-15 15:25:55,Tran Nao,Quan 2,10.781619,106.734536,16.9,90,moderate,slow,20.6,monitoring_station,True
FLD01054,2023-03-16 03:44:58,Lam Van Ben,Quan 7,10.718087,106.686287,24.0,90,moderate,slow,58.2,user_report,False
FLD00738,2023-03-16 04:55:17,Thoai Ngoc Hau,Tan Phu,10.785856,106.629013,21.2,60,moderate,slow,46.4,IoT_sensor,True
FLD01593,2023-03-16 22:39:47,Binh Long,Tan Phu,10.79923,106.615045,16.3,60,moderate,slow,29.7,IoT_sensor,True
FLD00813,2023-03-17 01:50:49,Thoai Ngoc Hau,Tan Phu,10.785808,106.62669,19.2,30,moderate,slow,47.0,monitoring_station,True
FLD01459,2023-03-17 14:13:08,Nguyen Trai,Quan 5,10.754938,106.663334,21.2,60,moderate,slow,21.2,user_report,False
FLD01019,2023-03-17 18:16:03,Binh Long,Tan Phu,10.80111,106.61749,5.0,30,light,clear,4.2,user_report,True
FLD00796,2023-03-18 01:06:39,Nguyen Anh Thu,Quan 12,10.878372,106.643287,19.8,90,moderate,slow,47.2,monitoring_station,True
FLD01044,2023-03-18 02:35:50,Thoai Ngoc Hau,Tan Phu,10.787159,106.629149,25.7,90,moderate,slow,54.8,monitoring_station,True
FLD02172,2023-03-18 03:45:40,Ung Van Khiem,Binh Thanh,10.810057,106.712067,23.2,90,moderate,slow,26.8,IoT_sensor,True
FLD01385,2023-03-18 07:20:59,Pham The Hien,Quan 8,10.726352,106.684432,6.4,120,light,clear,6.4,IoT_sensor,True
FLD00897,2023-03-18 08:55:05,Pham The Hien,Quan 8,10.727455,106.681535,59.7,60,severe,blocked,93.3,IoT_sensor,False
FLD00108,2023-03-18 09:41:12,Lam Van Ben,Quan 7,10.717513,106.68262,39.9,240,severe,blocked,69.5,IoT_sensor,True
FLD01317,2023-03-18 17:18:36,Pham The Hien,Quan 8,10.727683,106.683968,9.5,180,light,clear,12.8,IoT_sensor,True
FLD02144,2023-03-18 20:59:41,Le Van Luong,Quan 7,10.73842,106.704747,11.5,90,light,clear,26.1,traffic_camera,False
FLD02139,2023-03-19 03:50:16,Hau Giang,Quan 6,10.74541,106.639549,8.8,30,light,clear,14.8,IoT_sensor,False
FLD01631,2023-03-19 14:19:59,Tran Nao,Quan 2,10.785182,106.735401,21.5,120,moderate,slow,43.5,traffic_camera,True
FLD00670,2023-03-20 01:15:21,Phan Huy Ich,Go Vap,10.829324,106.670998,28.6,30,moderate,slow,31.3,traffic_camera,True
FLD00196,2023-03-20 03:00:24,Le Thi Rieng,Quan 12,10.85986,106.64698,51.6,180,severe,blocked,56.1,IoT_sensor,True
FLD01921,2023-03-20 05:39:18,Phan Huy Ich,Go Vap,10.829217,106.672094,18.8,240,moderate,slow,15.4,IoT_sensor,False
FLD01464,2023-03-20 12:10:21,Le Thi Rieng,Quan 12,10.863215,106.647156,5.0,60,light,clear,12.2,IoT_sensor,True
FLD00835,2023-03-20 17:49:04,CMT8,Quan 3,10.78219,106.679951,13.2,90,light,clear,22.1,user_report,False
FLD00636,2023-03-20 18:06:08,Nguyen Van Khoi,Go Vap,10.830026,106.694102,6.1,30,light,clear,14.1,IoT_sensor,False
FLD00441,2023-03-20 20:59:33,Le Thi Rieng,Quan 12,10.861228,106.647073,19.1,60,moderate,slow,31.4,IoT_sensor,True
FLD01513,2023-03-20 21:11:42,Le Van Viet,Thu Duc,10.846143,106.79147,7.0,30,light,clear,12.9,user_report,True
FLD00005,2023-03-20 23:48:52,Hoa Binh,Tan Phu,10.803749,106.623829,13.9,90,light,clear,30.8,IoT_sensor,True
FLD00401,2023-03-21 01:19:29,Huynh Tan Phat,Quan 7,10.727296,106.721403,13.9,180,light,clear,14.5,IoT_sensor,True
FLD00220,2023-03-21 07:15:10,Vo Van Ngan,Thu Duc,10.849361,106.773438,8.7,30,light,clear,20.9,user_report,False
FLD01786,2023-03-21 11:38:12,Ma Lo,Binh Tan,10.764302,106.614284,13.3,60,light,clear,12.1,IoT_sensor,True
FLD00025,2023-03-21 16:23:40,Ta Quang Buu,Quan 8,10.746322,106.663646,6.7,60,light,clear,10.9,IoT_sensor,True
FLD00700,2023-03-22 01:25:37,Pham Van Dong,Binh Thanh,10.818498,106.702586,26.2,90,moderate,slow,63.9,IoT_sensor,True
FLD01892,2023-03-22 05:11:08,Lam Van Ben,Quan 7,10.719514,106.686356,31.0,30,severe,blocked,53.4,user_report,True
FLD02268,2023-03-22 23:24:54,Nguyen Thi Thap,Quan 7,10.741932,106.715534,10.8,120,light,clear,14.0,traffic_camera,False
FLD00711,2023-03-23 01:49:53,Le Van Viet,Thu Duc,10.843644,106.788331,21.0,120,moderate,slow,36.7,IoT_sensor,False
FLD00434,2023-03-23 03:58:16,Pham The Hien,Quan 8,10.728174,106.684752,8.6,120,light,clear,14.6,user_report,True
FLD01024,2023-03-24 00:06:41,Ba Thang Hai,Quan 10,10.773149,106.672411,5.0,90,light,clear,12.4,traffic_camera,False
FLD00450,2023-03-24 06:02:02,No Trang Long,Binh Thanh,10.81637,106.699298,39.9,60,severe,blocked,49.9,IoT_sensor,True
FLD00889,2023-03-24 06:40:18,Tran Xuan Soan,Quan 7,10.749604,106.699603,13.9,240,light,clear,32.3,user_report,True
FLD00715,2023-03-24 23:14:53,Ma Lo,Binh Tan,10.763528,106.612757,14.8,30,light,clear,26.9,traffic_camera,True
FLD00675,2023-03-24 23:22:21,To Ky,Quan 12,10.867003,106.630931,38.2,30,severe,blocked,83.2,IoT_sensor,True
FLD00657,2023-03-25 00:05:30,Le Thi Rieng,Quan 12,10.860557,106.648878,8.5,240,light,clear,14.4,IoT_sensor,True
FLD01252,2023-03-25 02:14:04,Lam Van Ben,Quan 7,10.720334,106.683315,15.7,30,moderate,slow,21.1,IoT_sensor,True
FLD02013,2023-03-25 04:53:45,Quang Trung,Go Vap,10.838012,106.66454,10.8,90,light,clear,18.0,IoT_sensor,True
FLD01919,2023-03-25 06:40:02,Kha Van Can,Thu Duc,10.850849,106.752613,15.6,30,moderate,slow,37.6,user_report,True
FLD01994,2023-03-25 07:39:38,Pham Van Dong,Binh Thanh,10.818248,106.704462,14.0,180,light,clear,29.1,traffic_camera,True
FLD01637,2023-03-25 09:46:38,Vo Van Kiet,Quan 1,10.763648,106.698967,25.7,60,moderate,slow,42.6,user_report,True
FLD00133,2023-03-25 10:11:12,Pham The Hien,Quan 8,10.726269,106.682383,19.8,60,moderate,slow,48.7,monitoring_station,False
FLD02271,2023-03-25 11:03:06,Le Dinh Can,Binh Tan,10.765342,106.597885,24.8,60,moderate,slow,37.2,IoT_sensor,True
FLD01650,2023-03-25 16:46:26,Kinh Duong Vuong,Quan 6,10.743959,106.614351,21.0,90,moderate,slow,47.3,IoT_sensor,True
FLD00125,2023-03-25 21:39:35,Ma Lo,Binh Tan,10.762205,106.613194,24.1,180,moderate,slow,23.9,user_report,False
FLD01364,2023-03-25 23:04:44,Vo Van Ngan,Thu Duc,10.848662,106.773803,24.8,180,moderate,slow,42.2,user_report,True
FLD02248,2023-03-26 03:54:10,Le Dinh Can,Binh Tan,10.767734,106.595158,10.5,60,light,clear,23.8,traffic_camera,True
FLD00118,2023-03-26 07:14:47,Nguyen Trai,Quan 5,10.758312,106.66494,10.7,180,light,clear,18.4,IoT_sensor,True
FLD01712,2023-03-26 14:25:10,Huynh Tan Phat,Quan 7,10.727063,106.722218,6.8,90,light,clear,14.1,monitoring_station,True
FLD01426,2023-03-27 01:43:58,Pham Van Dong,Binh Thanh,10.820486,106.702767,5.0,30,light,clear,6.5,traffic_camera,True
FLD00928,2023-03-27 15:36:57,CMT8,Quan 3,10.781602,106.681684,5.0,180,light,clear,10.9,monitoring_station,True
FLD01069,2023-03-27 19:08:11,Lam Van Ben,Quan 7,10.719303,106.683399,18.7,90,moderate,slow,38.6,traffic_camera,False
FLD02142,2023-03-28 04:11:25,Ung Van Khiem,Binh Thanh,10.812757,106.710407,14.8,120,light,clear,17.8,IoT_sensor,False
FLD00885,2023-03-28 06:46:53,Nguyen Van Khoi,Go Vap,10.829894,106.691849,10.8,90,light,clear,23.6,IoT_sensor,True
FLD02165,2023-03-28 17:51:50,Nguyen Van Qua,Quan 12,10.853732,106.664359,18.6,180,moderate,slow,40.3,user_report,True
FLD01036,2023-03-29 01:25:25,Huynh Tan Phat,Quan 7,10.726706,106.722905,5.7,60,light,clear,9.6,user_report,True
FLD00608,2023-03-29 04:44:20,Pham Van Dong,Binh Thanh,10.817331,106.703232,5.1,30,light,clear,4.6,user_report,False
FLD02386,2023-03-29 06:14:00,Le Van Luong,Quan 7,10.735532,106.704519,23.5,240,moderate,slow,46.2,IoT_sensor,False
FLD01184,2023-03-29 08:37:51,Nguyen Van Qua,Quan 12,10.853028,106.663307,9.1,90,light,clear,14.3,monitoring_station,True
FLD01370,2023-03-29 10:56:36,Da Nam,Quan 8,10.73985,106.673458,10.2,60,light,clear,20.1,user_report,True
FLD01333,2023-03-29 16:05:35,Vo Van Ngan,Thu Duc,10.849915,106.7703,23.2,60,moderate,slow,42.9,monitoring_station,True
FLD02079,2023-03-29 16:55:18,Huynh Tan Phat,Quan 7,10.727139,106.724254,15.4,180,moderate,slow,16.4,user_report,True
FLD02197,2023-03-29 21:03:04,Le Dinh Can,Binh Tan,10.767302,106.595684,5.0,60,light,clear,5.5,IoT_sensor,False
FLD00358,2023-03-31 00:47:47,Xo Viet Nghe Tinh,Binh Thanh,10.808747,106.71254,24.4,30,moderate,slow,33.2,IoT_sensor,True
FLD02245,2023-03-31 10:52:40,Phan Huy Ich,Go Vap,10.831169,106.673515,14.0,90,light,clear,27.6,traffic_camera,True
FLD00690,2023-03-31 11:24:55,Le Van Luong,Quan 7,10.7375,106.705028,19.6,60,moderate,slow,43.9,IoT_sensor,True
FLD00053,2023-04-01 06:01:18,Vo Van Ngan,Thu Duc,10.849719,106.771712,14.6,60,light,clear,15.0,IoT_sensor,True
FLD00338,2023-04-02 02:56:38,Linh Dong,Thu Duc,10.866197,106.766559,20.5,30,moderate,slow,38.5,IoT_sensor,True
FLD00650,2023-04-02 11:03:42,Quang Trung,Go Vap,10.839454,106.662595,31.8,30,severe,blocked,67.9,IoT_sensor,False
FLD01461,2023-04-02 22:47:26,Vo Van Ngan,Thu Duc,10.852136,106.773259,14.0,90,light,clear,20.7,monitoring_station,True
FLD01055,2023-04-03 03:39:42,Pham Van Dong,Binh Thanh,10.817349,106.703263,18.3,30,moderate,slow,18.0,IoT_sensor,False
FLD02395,2023-04-03 08:57:41,Huynh Tan Phat,Quan 7,10.72783,106.723455,5.7,90,light,clear,12.5,IoT_sensor,True
FLD00011,2023-04-03 14:32:17,Ma Lo,Binh Tan,10.761851,106.611972,19.8,60,moderate,slow,37.1,IoT_sensor,True
FLD01392,2023-04-03 17:56:59,Nguyen Huu Canh,Binh Thanh,10.787502,106.721385,18.0,90,moderate,slow,19.9,IoT_sensor,True
FLD00825,2023-04-03 21:25:27,CMT8,Quan 3,10.780146,106.680898,9.1,60,light,clear,10.2,user_report,False
FLD01156,2023-04-03 22:07:06,Ma Lo,Binh Tan,10.764089,106.612568,15.3,30,moderate,slow,32.6,IoT_sensor,True
FLD02065,2023-04-03 22:23:51,Quang Trung,Go Vap,10.836932,106.662751,5.0,30,light,clear,6.6,IoT_sensor,True
FLD00513,2023-04-03 23:06:23,Tan Ky Tan Quy,Binh Tan,10.788697,106.602286,10.7,60,light,clear,13.8,IoT_sensor,True
FLD00059,2023-04-04 09:31:09,Ba Thang Hai,Quan 10,10.773744,106.671251,18.5,60,moderate,slow,46.1,traffic_camera,False
FLD01375,2023-04-04 14:34:06,CMT8,Quan 3,10.780518,106.681633,5.0,30,light,clear,11.4,IoT_sensor,False
FLD00309,2023-04-04 17:53:23,Phan Huy Ich,Go Vap,10.827968,106.670913,24.4,90,moderate,slow,30.3,user_report,True
FLD01367,2023-04-04 21:30:06,Le Thi Rieng,Quan 12,10.862837,106.649122,16.5,60,moderate,slow,23.8,user_report,True
FLD01766,2023-04-04 21:31:52,Nguyen Van Khoi,Go Vap,10.827774,106.694862,23.7,30,moderate,slow,38.7,IoT_sensor,True
FLD00394,2023-04-04 21:39:22,Da Nam,Quan 8,10.741384,106.67342,11.6,60,light,clear,13.7,monitoring_station,True
FLD00201,2023-04-05 07:31:40,Tam Binh,Thu Duc,10.861636,106.736847,5.8,90,light,clear,5.4,user_report,True
FLD00050,2023-04-05 08:52:04,Binh Long,Tan Phu,10.797718,106.615965,23.8,60,moderate,slow,58.7,user_report,True
FLD00079,2023-04-05 12:12:11,Le Van Viet,Thu Duc,10.844905,106.791479,29.1,90,moderate,slow,62.1,monitoring_station,True
FLD02293,2023-04-05 15:01:10,Da Nam,Quan 8,10.739755,106.674738,16.4,240,moderate,slow,28.0,user_report,False
FLD00254,2023-04-05 16:40:13,Pham The Hien,Quan 8,10.725874,106.685052,19.7,30,moderate,slow,39.3,IoT_sensor,True
FLD00454,2023-04-05 23:52:19,Phan Huy Ich,Go Vap,10.831193,106.672657,14.5,60,light,clear,19.2,user_report,True
FLD00477,2023-04-06 00:20:59,Ma Lo,Binh Tan,10.7618,106.61386,28.9,240,moderate,slow,27.3,user_report,True
FLD00683,2023-04-06 06:41:23,Nguyen Trai,Quan 5,10.758174,106.665433,5.6,90,light,clear,11.8,user_report,True
FLD01773,2023-04-06 08:07:36,Do Xuan Hop,Thu Duc,10.832893,106.783703,8.5,120,light,clear,15.8,user_report,False
FLD02061,2023-04-06 10:47:38,Ba Thang Hai,Quan 10,10.77341,106.669765,8.6,90,light,clear,19.1,monitoring_station,True
FLD02145,2023-04-06 10:57:32,Le Thi Rieng,Quan 12,10.862014,106.648242,5.5,90,light,clear,12.1,IoT_sensor,False
FLD01262,2023-04-06 18:26:07,CMT8,Quan 3,10.78303,106.679724,16.7,30,moderate,slow,36.8,IoT_sensor,True
FLD00803,2023-04-07 03:58:59,Nguyen Van Khoi,Go Vap,10.830455,106.692712,5.6,30,light,clear,7.5,IoT_sensor,True
FLD00287,2023-04-07 09:03:38,Ung Van Khiem,Binh Thanh,10.810307,106.709279,21.4,30,moderate,slow,18.1,traffic_camera,False
FLD01270,2023-04-07 13:48:54,Ma Lo,Binh Tan,10.763558,106.61366,6.5,30,light,clear,13.2,IoT_sensor,False
FLD00187,2023-04-07 16:28:37,Ta Quang Buu,Quan 8,10.745497,106.663651,19.8,180,moderate,slow,40.9,user_report,False
FLD02163,2023-04-08 00:55:48,Nguyen Thi Thap,Quan 7,10.742941,106.716285,9.5,120,light,clear,8.8,IoT_sensor,True
FLD00304,2023-04-08 02:15:52,Nguyen Anh Thu,Quan 12,10.87734,106.643226,28.0,60,moderate,slow,38.3,user_report,True
FLD02305,2023-04-08 05:27:16,Vo Van Ngan,Thu Duc,10.850983,106.772426,10.8,120,light,clear,26.7,user_report,True
FLD01057,2023-04-08 08:01:44,Pham Van Dong,Binh Thanh,10.817942,106.701721,14.0,120,light,clear,33.4,IoT_sensor,False
FLD01522,2023-04-08 09:36:16,Tran Xuan Soan,Quan 7,10.751586,106.696993,9.0,30,light,clear,11.9,monitoring_station,True
FLD00701,2023-04-09 09:24:49,Nguyen Van Khoi,Go Vap,10.827127,106.694884,18.4,90,moderate,slow,25.6,monitoring_station,True
FLD01984,2023-04-10 06:54:59,Quang Trung,Go Vap,10.838159,106.666153,18.3,90,moderate,slow,40.0,monitoring_station,True
FLD00231,2023-04-10 07:15:43,Nguyen Van Qua,Quan 12,10.853706,106.660624,11.4,60,light,clear,28.0,user_report,True
FLD00152,2023-04-10 08:12:42,To Ky,Quan 12,10.865357,106.630058,19.5,90,moderate,slow,30.9,IoT_sensor,True
FLD01255,2023-04-10 10:31:54,Pham The Hien,Quan 8,10.728069,106.683501,15.0,120,moderate,slow,34.3,user_report,False
FLD01322,2023-04-10 13:46:17,No Trang Long,Binh Thanh,10.815328,106.696621,9.0,60,light,clear,8.7,traffic_camera,True
FLD01920,2023-04-11 16:00:18,Hoa Binh,Tan Phu,10.805213,106.621936,41.9,30,severe,blocked,45.9,traffic_camera,True
FLD01119,2023-04-11 23:47:38,Vo Van Kiet,Quan 1,10.763482,106.698728,5.1,180,light,clear,11.0,IoT_sensor,True
FLD02059,2023-04-12 07:27:51,Linh Dong,Thu Duc,10.863454,106.766377,29.3,30,moderate,slow,63.7,IoT_sensor,True
FLD01444,2023-04-12 22:44:54,No Trang Long,Binh Thanh,10.816316,106.698647,11.5,60,light,clear,19.8,monitoring_station,True
FLD00823,2023-04-13 03:21:55,CMT8,Quan 3,10.780346,106.68156,15.2,30,moderate,slow,27.0,traffic_camera,True
FLD01341,2023-04-13 08:26:32,Nguyen Anh Thu,Quan 12,10.875673,106.644726,48.3,90,severe,blocked,51.6,user_report,True
FLD00832,2023-04-13 15:10:48,An Duong Vuong,Quan 6,10.756288,106.6465,11.2,60,light,clear,12.0,IoT_sensor,True
FLD02338,2023-04-13 16:38:08,Thoai Ngoc Hau,Tan Phu,10.786627,106.627399,26.1,60,moderate,slow,27.7,user_report,True
FLD00934,2023-04-14 00:39:38,Nguyen Van Khoi,Go Vap,10.830021,106.694224,21.3,180,moderate,slow,23.9,monitoring_station,True
FLD01416,2023-04-14 02:58:06,Pham The Hien,Quan 8,10.726859,106.685146,21.4,30,moderate,slow,29.6,monitoring_station,True
FLD01605,2023-04-14 04:55:37,Ta Quang Buu,Quan 8,10.745676,106.666146,19.3,90,moderate,slow,35.8,user_report,False
FLD01238,2023-04-14 16:32:26,Phan Huy Ich,Go Vap,10.827994,106.670693,9.2,90,light,clear,9.6,IoT_sensor,True
FLD01544,2023-04-14 18:57:08,Tam Binh,Thu Duc,10.86276,106.739091,24.6,60,moderate,slow,43.1,IoT_sensor,True
FLD00040,2023-04-15 03:28:57,Vo Van Ngan,Thu Duc,10.850469,106.772398,15.3,60,moderate,slow,32.1,user_report,False
FLD01319,2023-04-15 11:21:35,Ta Quang Buu,Quan 8,10.744007,106.66567,8.2,90,light,clear,6.6,user_report,True
FLD02133,2023-04-15 11:29:24,Nguyen Anh Thu,Quan 12,10.878647,106.642512,11.0,60,light,clear,20.6,IoT_sensor,True
FLD01542,2023-04-15 12:56:26,To Ky,Quan 12,10.865908,106.631514,11.1,60,light,clear,12.6,user_report,True
FLD00137,2023-04-15 13:14:43,Hau Giang,Quan 6,10.746843,106.638282,29.9,60,moderate,slow,26.9,traffic_camera,True
FLD00710,2023-04-16 09:11:04,Nguyen Van Khoi,Go Vap,10.829004,106.692775,29.1,30,moderate,slow,33.3,traffic_camera,True
FLD02312,2023-04-16 11:17:04,Nguyen Trai,Quan 5,10.757699,106.666194,21.6,30,moderate,slow,38.9,IoT_sensor,False
FLD00332,2023-04-17 00:43:21,Xo Viet Nghe Tinh,Binh Thanh,10.807696,106.710141,8.4,90,light,clear,10.2,IoT_sensor,True
FLD02015,2023-04-17 13:07:38,Xo Viet Nghe Tinh,Binh Thanh,10.80933,106.709833,12.0,60,light,clear,22.5,IoT_sensor,True
FLD00561,2023-04-17 14:21:38,Nguyen Van Qua,Quan 12,10.856421,106.661402,9.0,240,light,clear,19.9,IoT_sensor,True
FLD01417,2023-04-17 18:54:11,Tam Binh,Thu Duc,10.861526,106.738122,13.6,180,light,clear,16.3,monitoring_station,True
FLD02238,2023-04-17 22:46:39,CMT8,Quan 3,10.78141,106.680098,5.9,90,light,clear,5.2,user_report,False
FLD00306,2023-04-18 13:43:30,Le Thi Rieng,Quan 12,10.859823,106.650028,10.0,30,light,clear,20.3,IoT_sensor,False
FLD00266,2023-04-18 18:45:24,Nguyen Van Khoi,Go Vap,10.826544,106.693881,6.0,30,light,clear,12.5,user_report,True
FLD00810,2023-04-18 19:24:49,An Duong Vuong,Quan 6,10.755816,106.643078,23.5,90,moderate,slow,33.5,IoT_sensor,True
FLD02221,2023-04-19 13:00:45,Nguyen Van Qua,Quan 12,10.855889,106.663183,5.7,30,light,clear,12.4,monitoring_station,True
FLD02215,2023-04-19 15:16:54,Nguyen Anh Thu,Quan 12,10.876848,106.642694,5.0,60,light,clear,9.8,traffic_camera,True
FLD01470,2023-04-20 05:53:22,Ung Van Khiem,Binh Thanh,10.810827,106.708942,24.8,90,moderate,slow,47.4,user_report,False
FLD01587,2023-04-20 12:34:24,Le Van Viet,Thu Duc,10.844357,106.788989,25.8,60,moderate,slow,45.1,IoT_sensor,True
FLD01067,2023-04-20 18:18:00,Quang Trung,Go Vap,10.838112,106.666425,10.8,60,light,clear,26.0,IoT_sensor,True
FLD01986,2023-04-21 00:02:46,To Ky,Quan 12,10.865799,106.631651,5.0,180,light,clear,8.1,IoT_sensor,True
FLD01974,2023-04-21 00:55:51,Le Dinh Can,Binh Tan,10.765416,106.597705,19.1,90,moderate,slow,29.0,traffic_camera,True
FLD00453,2023-04-21 01:17:44,Le Dinh Can,Binh Tan,10.767097,106.596796,10.6,60,light,clear,9.0,IoT_sensor,True
FLD01633,2023-04-21 06:17:37,Do Xuan Hop,Thu Duc,10.831567,106.781297,29.8,60,moderate,slow,57.1,traffic_camera,True
FLD01791,2023-04-21 16:01:13,Ta Quang Buu,Quan 8,10.746035,106.663702,11.8,30,light,clear,21.8,IoT_sensor,False
FLD01969,2023-04-21 16:54:14,Tran Nao,Quan 2,10.785463,106.736332,19.2,60,moderate,slow,22.4,user_report,False
FLD00847,2023-04-21 20:45:23,Le Dinh Can,Binh Tan,10.764721,106.598291,29.3,90,moderate,slow,30.3,IoT_sensor,True
FLD01697,2023-04-21 23:18:34,Vo Van Ngan,Thu Duc,10.851734,106.770495,21.5,30,moderate,slow,48.8,monitoring_station,False
FLD00878,2023-04-22 02:12:39,Ba Thang Hai,Quan 10,10.776319,106.66925,39.2,60,severe,blocked,94.3,user_report,True
FLD01466,2023-04-22 08:06:12,CMT8,Quan 3,10.781137,106.681812,9.5,60,light,clear,21.1,monitoring_station,True
FLD01465,2023-04-22 13:08:12,No Trang Long,Binh Thanh,10.814629,106.699414,19.1,30,moderate,slow,17.8,IoT_sensor,False
FLD00173,2023-04-22 14:22:50,Da Nam,Quan 8,10.74322,106.673492,5.0,60,light,clear,6.0,IoT_sensor,False
FLD01429,2023-04-23 01:25:43,Ba Thang Hai,Quan 10,10.773561,106.671225,16.5,30,moderate,slow,30.4,IoT_sensor,False
FLD01458,2023-04-23 03:59:23,CMT8,Quan 3,10.782053,106.68075,14.5,180,light,clear,16.5,traffic_camera,True
FLD01840,2023-04-23 05:47:19,Nguyen Van Khoi,Go Vap,10.828557,106.695107,8.3,60,light,clear,16.2,traffic_camera,True
FLD02073,2023-04-23 11:50:20,Le Van Viet,Thu Duc,10.845003,106.78867,15.3,30,moderate,slow,29.5,user_report,True
FLD00873,2023-04-23 19:52:42,To Ky,Quan 12,10.867465,106.631951,14.0,120,light,clear,17.0,IoT_sensor,False
FLD01268,2023-04-25 06:41:01,Quang Trung,Go Vap,10.839075,106.664536,5.0,120,light,clear,12.1,user_report,False
FLD00153,2023-04-25 14:13:01,Nguyen Anh Thu,Quan 12,10.875823,106.645107,8.4,180,light,clear,18.3,IoT_sensor,False
FLD00170,2023-04-25 22:40:11,CMT8,Quan 3,10.780594,106.679733,25.8,30,moderate,slow,41.6,IoT_sensor,True
FLD01927,2023-04-26 08:17:12,Ung Van Khiem,Binh Thanh,10.811082,106.710696,5.0,90,light,clear,5.2,user_report,True
FLD01032,2023-04-26 09:28:55,Pham The Hien,Quan 8,10.728314,106.68183,30.2,60,severe,blocked,45.0,IoT_sensor,False
FLD01955,2023-04-26 12:28:02,Pham The Hien,Quan 8,10.72621,106.681953,6.8,30,light,clear,11.7,user_report,True
FLD00548,2023-04-26 13:15:08,CMT8,Quan 3,10.78265,106.679504,9.9,90,light,clear,20.7,IoT_sensor,True
FLD01639,2023-04-27 05:46:45,Nguyen Van Khoi,Go Vap,10.830048,106.691632,9.5,180,light,clear,20.6,traffic_camera,True
FLD02038,2023-04-27 09:42:43,Tan Ky Tan Quy,Binh Tan,10.787796,106.602125,20.9,60,moderate,slow,42.8,user_report,True
FLD01641,2023-04-27 12:30:15,CMT8,Quan 3,10.779843,106.681565,9.1,90,light,clear,11.9,user_report,False
FLD01108,2023-04-27 12:49:35,Hoa Binh,Tan Phu,10.805338,106.623862,18.4,240,moderate,slow,34.8,IoT_sensor,True
FLD01934,2023-04-27 14:11:59,Ta Quang Buu,Quan 8,10.743478,106.665132,11.7,90,light,clear,28.4,user_report,True
FLD01174,2023-04-27 18:17:28,Ba Thang Hai,Quan 10,10.774776,106.670558,19.7,30,moderate,slow,26.6,monitoring_station,False
FLD01948,2023-04-27 18:51:08,Binh Long,Tan Phu,10.800557,106.617288,8.6,120,light,clear,9.6,user_report,True
FLD00322,2023-04-28 17:35:25,Quang Trung,Go Vap,10.836816,106.664992,60.5,90,severe,blocked,57.5,traffic_camera,False
FLD02183,2023-04-28 22:57:52,No Trang Long,Binh Thanh,10.816202,106.698322,5.0,60,light,clear,11.7,user_report,True
FLD01600,2023-04-28 23:46:47,Nguyen Trai,Quan 5,10.758027,106.66375,18.5,60,moderate,slow,38.0,monitoring_station,False
FLD01337,2023-04-29 08:59:21,To Ky,Quan 12,10.866627,106.63239,21.1,30,moderate,slow,48.0,IoT_sensor,True
FLD00321,2023-04-29 09:24:55,Nguyen Huu Canh,Binh Thanh,10.786433,106.720007,14.3,60,light,clear,12.0,IoT_sensor,False
FLD00206,2023-04-29 16:45:54,Binh Long,Tan Phu,10.800524,106.616899,19.6,120,moderate,slow,45.9,IoT_sensor,True
FLD00640,2023-04-29 17:00:37,Phan Huy Ich,Go Vap,10.831144,106.673479,18.6,60,moderate,slow,16.6,IoT_sensor,True
FLD02046,2023-04-30 01:53:51,Lam Van Ben,Quan 7,10.719254,106.684038,10.7,120,light,clear,25.2,IoT_sensor,True
FLD00218,2023-04-30 06:51:50,Ma Lo,Binh Tan,10.763169,106.613787,50.2,30,severe,blocked,92.5,monitoring_station,True
FLD01695,2023-04-30 10:07:13,Da Nam,Quan 8,10.741446,106.672544,18.7,30,moderate,slow,24.7,IoT_sensor,False
FLD00023,2023-04-30 10:22:28,Ung Van Khiem,Binh Thanh,10.810919,106.709027,11.1,240,light,clear,11.6,user_report,True
FLD00214,2023-04-30 10:57:03,Le Dinh Can,Binh Tan,10.764684,106.595909,40.0,60,severe,blocked,56.5,user_report,True
FLD00176,2023-04-30 15:25:40,Nguyen Huu Canh,Binh Thanh,10.787072,106.721925,32.0,180,severe,blocked,42.7,monitoring_station,True
FLD00269,2023-04-30 17:36:51,Da Nam,Quan 8,10.739995,106.672292,13.4,30,light,clear,12.3,user_report,False
FLD00267,2023-04-30 20:05:36,Tran Nao,Quan 2,10.784512,106.73807,8.8,30,light,clear,16.0,user_report,False
FLD01929,2023-05-01 02:57:10,Le Thi Rieng,Quan 12,10.86191,106.647602,8.5,120,light,clear,19.8,IoT_sensor,True
FLD01474,2023-05-01 14:41:22,Xo Viet Nghe Tinh,Binh Thanh,10.807991,106.713072,15.5,60,moderate,slow,33.0,IoT_sensor,True
FLD01091,2023-05-02 08:44:15,Phan Huy Ich,Go Vap,10.829295,106.672043,5.0,180,light,clear,11.8,monitoring_station,True
FLD00331,2023-05-02 11:40:47,Kha Van Can,Thu Duc,10.852365,106.756,6.7,60,light,clear,12.8,monitoring_station,True
FLD02175,2023-05-02 14:39:29,Vo Van Ngan,Thu Duc,10.849599,106.771184,18.2,60,moderate,slow,27.1,IoT_sensor,True
FLD01971,2023-05-02 16:50:00,Kinh Duong Vuong,Quan 6,10.745187,106.616452,5.9,30,light,clear,9.3,monitoring_station,True
FLD01052,2023-05-02 21:44:50,Tam Binh,Thu Duc,10.860077,106.73683,10.5,90,light,clear,20.4,IoT_sensor,True
FLD01451,2023-05-03 00:29:30,Tran Nao,Quan 2,10.7829,106.734509,15.2,60,moderate,slow,27.4,traffic_camera,False
FLD01068,2023-05-03 04:24:05,Le Thi Rieng,Quan 12,10.859541,106.646784,40.8,90,severe,blocked,36.2,IoT_sensor,True
FLD00555,2023-05-04 02:04:00,Tan Ky Tan Quy,Binh Tan,10.787394,106.601174,5.0,120,light,clear,7.0,user_report,True
FLD01951,2023-05-04 08:40:22,An Duong Vuong,Quan 6,10.753498,106.644497,6.2,180,light,clear,11.4,user_report,True
FLD02147,2023-05-04 14:46:30,Vo Van Ngan,Thu Duc,10.851078,106.772904,6.7,30,light,clear,16.7,IoT_sensor,False
FLD00431,2023-05-04 20:14:05,Ta Quang Buu,Quan 8,10.74258,106.664174,5.0,240,light,clear,4.0,IoT_sensor,False
FLD01090,2023-05-05 00:08:30,Phan Huy Ich,Go Vap,10.831368,106.671198,16.1,60,moderate,slow,30.1,IoT_sensor,True
FLD00709,2023-05-05 07:41:44,Pham Van Dong,Binh Thanh,10.819134,106.703512,11.5,60,light,clear,23.0,user_report,False
FLD01431,2023-05-05 09:16:35,Vo Van Ngan,Thu Duc,10.852176,106.773396,19.3,30,moderate,slow,25.9,user_report,False
FLD00654,2023-05-05 11:02:17,Le Van Luong,Quan 7,10.735132,106.706871,11.1,240,light,clear,9.7,user_report,True
FLD01116,2023-05-05 16:36:51,CMT8,Quan 3,10.783349,106.681322,20.6,60,moderate,slow,38.8,user_report,True
FLD00333,2023-05-06 02:55:58,Nguyen Van Khoi,Go Vap,10.82912,106.69234,26.3,60,moderate,slow,46.2,user_report,True
FLD00506,2023-05-06 05:06:21,Linh Dong,Thu Duc,10.863502,106.766484,19.1,30,moderate,slow,15.3,user_report,True
FLD02235,2023-05-06 10:08:28,No Trang Long,Binh Thanh,10.816238,106.698525,5.0,30,light,clear,6.8,monitoring_station,False
FLD00973,2023-05-06 19:40:37,Nguyen Anh Thu,Quan 12,10.877882,106.642906,5.0,60,light,clear,7.3,IoT_sensor,True
FLD00463,2023-05-07 01:59:05,Do Xuan Hop,Thu Duc,10.831578,106.782117,14.1,120,light,clear,26.6,IoT_sensor,True
FLD00132,2023-05-07 16:40:16,Pham Van Dong,Binh Thanh,10.818094,106.704462,23.5,30,moderate,slow,25.8,IoT_sensor,False
FLD01739,2023-05-07 18:13:36,Tran Xuan Soan,Quan 7,10.75222,106.699593,29.3,30,moderate,slow,34.7,user_report,False
FLD00296,2023-05-07 21:15:22,Hau Giang,Quan 6,10.745484,106.639466,13.4,30,light,clear,19.8,monitoring_station,True
FLD01288,2023-05-08 04:43:17,Da Nam,Quan 8,10.741023,106.673404,13.9,180,light,clear,21.0,user_report,True
FLD00795,2023-05-08 13:29:53,Ba Thang Hai,Quan 10,10.776318,106.669272,27.0,90,moderate,slow,55.8,monitoring_station,False
FLD02130,2023-05-08 17:17:34,Le Van Luong,Quan 7,10.737521,106.704393,9.2,180,light,clear,18.3,IoT_sensor,True
FLD00698,2023-05-08 18:43:48,Xo Viet Nghe Tinh,Binh Thanh,10.805847,106.712855,21.0,30,moderate,slow,26.4,monitoring_station,True
FLD01660,2023-05-09 14:09:26,Phan Huy Ich,Go Vap,10.827553,106.672447,16.7,90,moderate,slow,36.0,IoT_sensor,True
FLD00184,2023-05-09 17:54:59,CMT8,Quan 3,10.781108,106.679399,24.1,60,moderate,slow,24.8,IoT_sensor,False
FLD01489,2023-05-09 20:01:14,Tan Ky Tan Quy,Binh Tan,10.787197,106.602927,9.9,60,light,clear,9.2,user_report,True
FLD00265,2023-05-09 21:12:38,Lam Van Ben,Quan 7,10.716689,106.685549,5.8,120,light,clear,6.1,IoT_sensor,True
FLD02351,2023-05-09 22:29:39,Kha Van Can,Thu Duc,10.85288,106.755506,9.8,30,light,clear,14.9,IoT_sensor,True
FLD02069,2023-05-10 04:09:39,Le Dinh Can,Binh Tan,10.76772,106.595411,19.6,60,moderate,slow,23.1,IoT_sensor,True
FLD00788,2023-05-10 11:09:05,Kha Van Can,Thu Duc,10.852205,106.753554,9.3,60,light,clear,20.7,user_report,False
FLD00842,2023-05-11 14:41:17,Le Van Luong,Quan 7,10.735534,106.706888,6.9,180,light,clear,5.7,IoT_sensor,True
FLD01373,2023-05-11 17:51:01,An Duong Vuong,Quan 6,10.754626,106.643187,16.8,30,moderate,slow,41.8,traffic_camera,True
FLD01005,2023-05-11 23:23:13,An Duong Vuong,Quan 6,10.756469,106.644072,10.4,60,light,clear,13.0,IoT_sensor,True
FLD01388,2023-05-11 23:34:19,Ta Quang Buu,Quan 8,10.744322,106.664063,5.0,60,light,clear,9.5,monitoring_station,False
FLD01386,2023-05-12 01:29:47,Le Thi Rieng,Quan 12,10.863364,106.648391,8.1,90,light,clear,15.5,user_report,True
FLD00962,2023-05-12 07:34:56,An Duong Vuong,Quan 6,10.753614,106.646469,8.7,60,light,clear,13.3,user_report,True
FLD00405,2023-05-12 17:17:29,Phan Huy Ich,Go Vap,10.827707,106.673524,25.1,60,moderate,slow,54.9,IoT_sensor,True
FLD01002,2023-05-12 19:43:16,Ba Thang Hai,Quan 10,10.776471,106.672134,30.6,60,severe,blocked,66.9,user_report,True
FLD02346,2023-05-12 21:09:47,Le Van Viet,Thu Duc,10.845124,106.789405,14.2,30,light,clear,11.6,monitoring_station,True
FLD01630,2023-05-12 21:47:34,Nguyen Huu Canh,Binh Thanh,10.788307,106.722382,13.8,60,light,clear,33.4,user_report,True
FLD02096,2023-05-13 16:46:13,Nguyen Anh Thu,Quan 12,10.878386,106.644661,5.7,30,light,clear,8.4,IoT_sensor,True
FLD00568,2023-05-14 00:24:43,No Trang Long,Binh Thanh,10.816513,106.699244,5.0,60,light,clear,5.5,monitoring_station,True
FLD01033,2023-05-14 01:41:11,Kha Van Can,Thu Duc,10.850974,106.753479,8.4,180,light,clear,8.1,user_report,False
FLD01152,2023-05-14 02:59:30,Nguyen Trai,Quan 5,10.754945,106.663478,24.7,60,moderate,slow,29.6,traffic_camera,True
FLD01842,2023-05-14 03:48:46,Phan Huy Ich,Go Vap,10.827621,106.6734,6.1,120,light,clear,13.3,IoT_sensor,False
FLD00923,2023-05-14 06:11:20,Ma Lo,Binh Tan,10.765381,106.615079,16.0,30,moderate,slow,31.0,user_report,True
FLD01220,2023-05-14 16:31:38,Ma Lo,Binh Tan,10.764346,106.612387,15.3,60,moderate,slow,16.2,IoT_sensor,True
FLD02372,2023-05-14 22:25:08,An Duong Vuong,Quan 6,10.756082,106.645282,5.4,90,light,clear,4.7,user_report,True
FLD02086,2023-05-15 02:32:14,Tam Binh,Thu Duc,10.860712,106.736722,5.0,30,light,clear,8.9,IoT_sensor,False
FLD02108,2023-05-15 05:09:01,Thoai Ngoc Hau,Tan Phu,10.786168,106.628816,18.8,30,moderate,slow,18.9,monitoring_station,True
FLD02223,2023-05-15 06:25:22,Linh Dong,Thu Duc,10.863397,106.765355,5.0,120,light,clear,8.3,IoT_sensor,True
FLD01475,2023-05-15 16:20:15,No Trang Long,Binh Thanh,10.814744,106.695515,21.8,60,moderate,slow,28.9,traffic_camera,True
FLD00422,2023-05-15 16:58:53,Nguyen Huu Canh,Binh Thanh,10.789113,106.721161,8.1,30,light,clear,15.5,user_report,True
FLD02361,2023-05-15 17:11:06,Hau Giang,Quan 6,10.748445,106.638216,16.4,60,moderate,slow,16.5,user_report,True
FLD00861,2023-05-15 17:32:31,An Duong Vuong,Quan 6,10.753569,106.646111,20.2,90,moderate,slow,44.0,IoT_sensor,False
FLD01770,2023-05-15 23:36:28,CMT8,Quan 3,10.781808,106.681432,13.3,240,light,clear,10.7,IoT_sensor,False
FLD01308,2023-05-16 10:20:27,Nguyen Van Khoi,Go Vap,10.826506,106.692882,10.0,60,light,clear,11.8,user_report,True
FLD01579,2023-05-16 14:40:55,Vo Van Kiet,Quan 1,10.764011,106.699148,25.1,30,moderate,slow,33.9,IoT_sensor,True
FLD00858,2023-05-16 20:39:38,Lam Van Ben,Quan 7,10.719926,106.684073,24.8,30,moderate,slow,22.2,monitoring_station,True
FLD01981,2023-05-16 22:30:43,Xo Viet Nghe Tinh,Binh Thanh,10.80558,106.711328,18.6,60,moderate,slow,34.8,IoT_sensor,False
FLD00528,2023-05-18 01:45:10,No Trang Long,Binh Thanh,10.814956,106.69743,15.5,120,moderate,slow,17.6,IoT_sensor,True
FLD01968,2023-05-18 03:37:45,Nguyen Huu Canh,Binh Thanh,10.787449,106.722308,15.5,90,moderate,slow,27.2,user_report,True
FLD02149,2023-05-18 06:47:07,Kinh Duong Vuong,Quan 6,10.744743,106.614414,30.6,60,severe,blocked,27.3,monitoring_station,False
FLD02089,2023-05-19 02:42:11,Tran Nao,Quan 2,10.783809,106.737526,9.7,60,light,clear,8.0,monitoring_station,False
FLD00822,2023-05-19 15:35:56,Kha Van Can,Thu Duc,10.851649,106.753519,31.6,60,severe,blocked,79.0,IoT_sensor,False
FLD01251,2023-05-20 10:32:18,Nguyen Trai,Quan 5,10.755647,106.662748,10.0,60,light,clear,22.9,user_report,True
FLD01018,2023-05-20 22:23:27,Le Van Luong,Quan 7,10.736089,106.705949,14.3,120,light,clear,25.5,user_report,True
FLD00019,2023-05-20 23:16:57,Tran Nao,Quan 2,10.785312,106.735664,5.2,60,light,clear,11.3,monitoring_station,True
FLD00915,2023-05-21 08:43:07,Linh Dong,Thu Duc,10.86458,106.766174,11.7,90,light,clear,11.6,monitoring_station,False
FLD00649,2023-05-21 14:03:26,No Trang Long,Binh Thanh,10.814583,106.69777,30.1,60,severe,blocked,43.4,IoT_sensor,True
FLD01389,2023-05-21 16:51:16,Tran Nao,Quan 2,10.781686,106.737317,10.9,30,light,clear,25.1,IoT_sensor,True
FLD00967,2023-05-21 17:15:00,Nguyen Van Qua,Quan 12,10.853015,106.660655,10.2,30,light,clear,16.4,IoT_sensor,True
FLD01409,2023-05-22 18:23:11,Da Nam,Quan 8,10.741353,106.674479,16.9,60,moderate,slow,17.6,IoT_sensor,True
FLD01753,2023-05-23 11:16:24,Hoa Binh,Tan Phu,10.804462,106.620551,19.6,30,moderate,slow,32.2,user_report,True
FLD01181,2023-05-25 04:32:54,No Trang Long,Binh Thanh,10.816038,106.698044,6.4,90,light,clear,8.4,IoT_sensor,False
FLD01895,2023-05-25 06:52:20,Quang Trung,Go Vap,10.839234,106.664769,26.7,60,moderate,slow,66.0,IoT_sensor,True
FLD02116,2023-05-25 13:14:15,Huynh Tan Phat,Quan 7,10.728942,106.723256,14.1,60,light,clear,21.4,user_report,True
FLD01852,2023-05-25 16:18:52,Binh Long,Tan Phu,10.80118,106.616766,16.8,180,moderate,slow,24.0,IoT_sensor,True
FLD02203,2023-05-25 18:25:33,Ma Lo,Binh Tan,10.764537,106.615234,30.6,180,severe,blocked,40.3,user_report,False
FLD00285,2023-05-25 21:21:07,Nguyen Thi Thap,Quan 7,10.741916,106.715084,13.1,90,light,clear,27.1,user_report,True
FLD01721,2023-05-26 02:03:01,Quang Trung,Go Vap,10.838872,106.663713,18.2,180,moderate,slow,23.8,IoT_sensor,True
FLD01864,2023-05-26 09:57:37,No Trang Long,Binh Thanh,10.81414,106.697572,15.1,30,moderate,slow,34.1,user_report,True
FLD00856,2023-05-26 14:29:31,Ung Van Khiem,Binh Thanh,10.810724,106.710352,5.1,90,light,clear,7.8,user_report,True
FLD01900,2023-05-26 20:58:19,Tan Ky Tan Quy,Binh Tan,10.786513,106.602249,21.4,240,moderate,slow,35.4,IoT_sensor,False
FLD01740,2023-05-26 22:43:54,Nguyen Trai,Quan 5,10.758412,106.663474,21.6,90,moderate,slow,46.6,IoT_sensor,True
FLD01783,2023-05-27 03:59:57,Nguyen Van Qua,Quan 12,10.854194,106.664342,31.1,90,severe,blocked,76.8,IoT_sensor,True
FLD00408,2023-05-27 04:59:24,An Duong Vuong,Quan 6,10.754943,106.643685,13.8,30,light,clear,24.5,IoT_sensor,True
FLD01237,2023-05-27 05:13:52,Ma Lo,Binh Tan,10.765125,106.613416,8.7,240,light,clear,20.7,monitoring_station,False
FLD02323,2023-05-27 08:13:04,No Trang Long,Binh Thanh,10.814904,106.698863,18.0,90,moderate,slow,38.6,user_report,True
FLD02060,2023-05-27 13:12:14,Quang Trung,Go Vap,10.837295,106.66532,25.2,120,moderate,slow,25.5,user_report,False
FLD00564,2023-05-27 15:17:43,Vo Van Ngan,Thu Duc,10.850452,106.770598,9.4,60,light,clear,23.2,user_report,True
FLD00907,2023-05-27 15:20:48,Nguyen Trai,Quan 5,10.757188,106.665253,9.6,90,light,clear,11.3,IoT_sensor,True
FLD00677,2023-05-27 20:05:28,Kha Van Can,Thu Duc,10.85339,106.753998,10.9,30,light,clear,20.1,IoT_sensor,True
FLD01567,2023-05-27 22:27:23,Thoai Ngoc Hau,Tan Phu,10.786038,106.629289,32.0,120,severe,blocked,67.4,IoT_sensor,True
FLD01107,2023-05-28 00:17:55,Tran Nao,Quan 2,10.783982,106.735219,13.6,240,light,clear,11.1,IoT_sensor,True
FLD01282,2023-05-28 00:59:20,Huynh Tan Phat,Quan 7,10.728211,106.723888,13.7,120,light,clear,30.6,monitoring_station,True
FLD01651,2023-05-28 06:22:13,Hau Giang,Quan 6,10.745009,106.639259,14.0,90,light,clear,14.8,IoT_sensor,True
FLD00898,2023-05-28 10:57:42,Da Nam,Quan 8,10.740004,106.674775,52.0,30,severe,blocked,48.4,user_report,True
FLD01611,2023-05-29 05:37:30,Le Van Viet,Thu Duc,10.845485,106.790186,16.6,30,moderate,slow,27.1,traffic_camera,False
FLD00121,2023-05-29 11:26:21,Da Nam,Quan 8,10.74255,106.673422,41.7,120,severe,blocked,86.2,traffic_camera,False
FLD01205,2023-05-29 11:51:47,Linh Dong,Thu Duc,10.864526,106.765311,23.9,180,moderate,slow,21.3,user_report,False
FLD02156,2023-05-29 16:33:01,Kinh Duong Vuong,Quan 6,10.743243,106.615573,23.7,90,moderate,slow,51.3,monitoring_station,True
FLD00736,2023-05-29 21:23:25,Ma Lo,Binh Tan,10.765139,106.614067,11.2,60,light,clear,17.1,IoT_sensor,True
FLD01539,2023-05-29 22:02:15,Nguyen Thi Thap,Quan 7,10.743152,106.714766,14.9,60,light,clear,16.6,IoT_sensor,True
FLD01896,2023-05-29 22:50:21,Tam Binh,Thu Duc,10.860996,106.73658,9.2,60,light,clear,10.0,IoT_sensor,False
FLD00315,2023-05-30 01:12:05,Binh Long,Tan Phu,10.800235,106.616073,25.9,30,moderate,slow,41.1,user_report,False
FLD00106,2023-05-30 02:49:08,Le Van Viet,Thu Duc,10.843979,106.788145,21.4,180,moderate,slow,36.4,IoT_sensor,True
FLD02355,2023-05-30 12:02:01,Ma Lo,Binh Tan,10.763669,106.615226,25.4,90,moderate,slow,20.4,IoT_sensor,False
FLD01360,2023-05-30 13:19:40,Ba Thang Hai,Quan 10,10.775941,106.670746,51.1,90,severe,blocked,85.5,IoT_sensor,False
FLD00864,2023-05-31 03:03:29,Huynh Tan Phat,Quan 7,10.727306,106.723327,6.8,90,light,clear,7.8,IoT_sensor,False
FLD01704,2023-05-31 09:47:38,Kha Van Can,Thu Duc,10.850162,106.754569,11.6,90,light,clear,28.6,IoT_sensor,True
FLD01258,2023-05-31 14:50:19,Da Nam,Quan 8,10.742268,106.671677,9.3,60,light,clear,9.8,monitoring_station,True
FLD01140,2023-05-31 16:57:01,Ung Van Khiem,Binh Thanh,10.811203,106.710197,11.7,120,light,clear,10.7,traffic_camera,True
FLD00186,2023-05-31 21:10:42,Ta Quang Buu,Quan 8,10.743013,106.665623,8.2,120,light,clear,15.2,IoT_sensor,False
FLD01642,2023-05-31 23:22:47,Lam Van Ben,Quan 7,10.716949,106.684162,38.0,90,severe,blocked,67.7,user_report,False
FLD02103,2023-06-01 00:41:38,Binh Long,Tan Phu,10.800227,106.613976,11.5,90,light,clear,23.9,user_report,False
FLD00949,2023-06-01 04:52:23,CMT8,Quan 3,10.780868,106.680517,5.0,30,light,clear,6.7,IoT_sensor,False
FLD00419,2023-06-01 04:53:24,Nguyen Thi Thap,Quan 7,10.743259,106.717345,6.2,60,light,clear,11.9,IoT_sensor,True
FLD00415,2023-06-01 08:15:03,Nguyen Van Khoi,Go Vap,10.827169,106.6954,21.0,180,moderate,slow,37.3,traffic_camera,True
FLD00575,2023-06-01 14:23:09,Nguyen Thi Thap,Quan 7,10.739694,106.714268,10.9,90,light,clear,9.6,monitoring_station,True
FLD00294,2023-06-01 15:36:40,Do Xuan Hop,Thu Duc,10.835026,106.783418,10.9,120,light,clear,24.7,user_report,True
FLD00918,2023-06-01 16:42:24,Nguyen Van Khoi,Go Vap,10.829164,106.695358,25.3,60,moderate,slow,55.8,IoT_sensor,False
FLD01693,2023-06-01 19:34:24,Linh Dong,Thu Duc,10.866068,106.767352,24.1,90,moderate,slow,23.0,monitoring_station,False
FLD00462,2023-06-01 23:48:24,Tran Nao,Quan 2,10.781784,106.736304,14.8,60,light,clear,12.0,user_report,False
FLD01724,2023-06-02 02:20:39,No Trang Long,Binh Thanh,10.814009,106.698038,13.9,120,light,clear,25.8,IoT_sensor,True
FLD00526,2023-06-02 05:49:14,Nguyen Van Qua,Quan 12,10.856137,106.663484,19.6,60,moderate,slow,27.1,traffic_camera,True
FLD01163,2023-06-02 12:37:09,CMT8,Quan 3,10.781793,106.681569,29.5,30,moderate,slow,36.4,user_report,True
FLD02265,2023-06-02 23:23:10,Hau Giang,Quan 6,10.74699,106.64127,5.0,60,light,clear,11.0,user_report,True
FLD01717,2023-06-04 01:58:24,Tan Ky Tan Quy,Binh Tan,10.789195,106.602744,11.8,120,light,clear,16.6,IoT_sensor,True
FLD01228,2023-06-04 02:21:57,Ba Thang Hai,Quan 10,10.773362,106.669525,5.0,180,light,clear,6.7,IoT_sensor,False
FLD00433,2023-06-04 21:38:21,Kinh Duong Vuong,Quan 6,10.742744,106.6151,5.7,60,light,clear,13.5,user_report,True
FLD00314,2023-06-04 21:49:24,Vo Van Ngan,Thu Duc,10.851456,106.771861,39.2,90,severe,blocked,95.1,IoT_sensor,False
FLD01481,2023-06-05 00:17:18,Kinh Duong Vuong,Quan 6,10.743445,106.615021,5.0,60,light,clear,7.9,user_report,True
FLD00416,2023-06-05 01:12:53,Tam Binh,Thu Duc,10.862043,106.736861,21.2,60,moderate,slow,23.8,IoT_sensor,False
FLD00119,2023-06-05 02:31:13,CMT8,Quan 3,10.7811,106.682,19.3,240,moderate,slow,37.9,IoT_sensor,True
FLD02376,2023-06-05 02:32:04,Nguyen Trai,Quan 5,10.755154,106.663082,25.9,120,moderate,slow,34.4,IoT_sensor,False
FLD00325,2023-06-05 04:27:24,Tan Ky Tan Quy,Binh Tan,10.78674,106.602859,5.8,240,light,clear,6.2,IoT_sensor,True
FLD00326,2023-06-05 06:03:25,Pham The Hien,Quan 8,10.729028,106.684167,19.5,90,moderate,slow,22.5,user_report,True
FLD00984,2023-06-05 07:43:27,To Ky,Quan 12,10.865328,106.630356,20.2,30,moderate,slow,49.0,monitoring_station,True
FLD01918,2023-06-06 14:58:19,Tam Binh,Thu Duc,10.86297,106.736542,16.0,90,moderate,slow,20.5,IoT_sensor,False
FLD01136,2023-06-06 17:27:19,Nguyen Huu Canh,Binh Thanh,10.786253,106.720944,20.8,90,moderate,slow,42.7,user_report,True
FLD01193,2023-06-06 21:30:31,Le Thi Rieng,Quan 12,10.862659,106.646611,14.4,60,light,clear,20.8,user_report,False
FLD01922,2023-06-06 21:36:47,Le Thi Rieng,Quan 12,10.863145,106.647769,5.0,60,light,clear,7.9,user_report,False
FLD01438,2023-06-07 02:57:34,Nguyen Anh Thu,Quan 12,10.877564,106.64355,15.4,120,moderate,slow,24.8,user_report,True
FLD02066,2023-06-07 05:30:13,Phan Huy Ich,Go Vap,10.828174,106.673159,9.3,30,light,clear,22.0,IoT_sensor,True
FLD01797,2023-06-07 10:47:12,Quang Trung,Go Vap,10.839691,106.665458,41.0,90,severe,blocked,52.7,user_report,False
FLD00570,2023-06-07 20:55:18,Kha Van Can,Thu Duc,10.850699,106.753201,13.2,60,light,clear,31.1,IoT_sensor,False
FLD01735,2023-06-08 08:01:42,Do Xuan Hop,Thu Duc,10.832707,106.783465,38.8,30,severe,blocked,89.8,IoT_sensor,True
FLD02272,2023-06-08 10:35:50,Le Dinh Can,Binh Tan,10.768146,106.597552,24.9,30,moderate,slow,26.6,IoT_sensor,True
FLD01672,2023-06-09 04:34:11,Da Nam,Quan 8,10.742979,106.674709,51.4,120,severe,blocked,90.4,user_report,False
FLD00022,2023-06-09 13:49:25,An Duong Vuong,Quan 6,10.754898,106.645998,39.0,30,severe,blocked,41.4,monitoring_station,True
FLD01064,2023-06-09 14:01:03,Xo Viet Nghe Tinh,Binh Thanh,10.808352,106.709754,5.2,30,light,clear,5.2,user_report,True
FLD01226,2023-06-10 00:13:45,Binh Long,Tan Phu,10.799712,106.616891,80.1,120,severe,blocked,134.7,traffic_camera,True
FLD02031,2023-06-10 10:11:40,Thoai Ngoc Hau,Tan Phu,10.786298,106.629796,5.0,180,light,clear,10.6,IoT_sensor,True
FLD02164,2023-06-10 22:48:43,No Trang Long,Binh Thanh,10.814772,106.698982,9.9,120,light,clear,24.7,IoT_sensor,False
FLD01736,2023-06-11 05:54:00,Nguyen Trai,Quan 5,10.756597,106.663036,14.8,90,light,clear,20.0,user_report,True
FLD01517,2023-06-11 14:26:52,Thoai Ngoc Hau,Tan Phu,10.786932,106.626984,5.0,60,light,clear,12.1,IoT_sensor,True
FLD01505,2023-06-11 20:55:15,Vo Van Ngan,Thu Duc,10.849119,106.77315,6.2,240,light,clear,8.4,IoT_sensor,True
FLD01010,2023-06-11 21:51:04,Le Thi Rieng,Quan 12,10.86039,106.64739,25.1,60,moderate,slow,43.2,user_report,True
FLD00877,2023-06-12 00:47:35,Ma Lo,Binh Tan,10.764124,106.613836,20.1,180,moderate,slow,21.2,IoT_sensor,True
FLD00818,2023-06-12 04:43:31,Huynh Tan Phat,Quan 7,10.727237,106.720866,10.6,60,light,clear,24.6,monitoring_station,False
FLD00833,2023-06-12 12:26:31,Nguyen Trai,Quan 5,10.754596,106.664506,6.6,90,light,clear,10.9,IoT_sensor,True
FLD01904,2023-06-12 17:29:17,Ba Thang Hai,Quan 10,10.772754,106.67128,10.4,30,light,clear,9.2,monitoring_station,True
FLD02067,2023-06-12 18:47:36,Phan Huy Ich,Go Vap,10.830244,106.672138,6.2,90,light,clear,14.8,traffic_camera,True
FLD00975,2023-06-13 09:17:33,Huynh Tan Phat,Quan 7,10.729965,106.721449,21.0,90,moderate,slow,32.8,IoT_sensor,False
FLD01324,2023-06-13 12:53:00,Le Van Viet,Thu Duc,10.845966,106.790295,61.3,120,severe,blocked,151.5,user_report,True
FLD02274,2023-06-13 12:59:05,Hau Giang,Quan 6,10.747806,106.640476,38.2,90,severe,blocked,50.6,traffic_camera,False
FLD02097,2023-06-13 21:16:16,Linh Dong,Thu Duc,10.864987,106.765049,13.2,30,light,clear,21.8,user_report,True
FLD01731,2023-06-14 03:27:46,Huynh Tan Phat,Quan 7,10.726903,106.721647,5.0,90,light,clear,10.8,IoT_sensor,True
FLD01076,2023-06-14 06:34:50,Ma Lo,Binh Tan,10.761881,106.612109,39.2,30,severe,blocked,88.5,IoT_sensor,False
FLD00426,2023-06-14 14:39:12,Le Van Luong,Quan 7,10.736381,106.704661,11.7,90,light,clear,21.7,user_report,True
FLD00224,2023-06-14 15:00:05,Nguyen Van Qua,Quan 12,10.854588,106.661619,18.2,60,moderate,slow,28.2,IoT_sensor,True
FLD01771,2023-06-15 08:22:04,Pham Van Dong,Binh Thanh,10.816546,106.701628,15.6,60,moderate,slow,18.7,user_report,True
FLD02195,2023-06-15 17:25:05,Lam Van Ben,Quan 7,10.719933,106.684199,10.8,90,light,clear,19.0,monitoring_station,True
FLD00539,2023-06-15 18:40:00,Ta Quang Buu,Quan 8,10.745425,106.665722,8.6,90,light,clear,18.2,IoT_sensor,True
FLD01944,2023-06-15 22:41:44,Huynh Tan Phat,Quan 7,10.728772,106.721865,23.4,30,moderate,slow,57.0,user_report,True
FLD00092,2023-06-16 02:20:50,Le Van Viet,Thu Duc,10.845383,106.788425,5.4,60,light,clear,12.0,user_report,True
FLD01569,2023-06-16 02:51:03,Nguyen Thi Thap,Quan 7,10.740829,106.715839,14.1,60,light,clear,26.6,user_report,False
FLD01049,2023-06-16 04:04:10,Ta Quang Buu,Quan 8,10.74363,106.664671,5.3,180,light,clear,6.9,user_report,True
FLD00423,2023-06-16 06:46:35,Nguyen Huu Canh,Binh Thanh,10.788664,106.722018,5.0,60,light,clear,4.2,IoT_sensor,True
FLD01819,2023-06-16 07:24:50,Le Dinh Can,Binh Tan,10.764702,106.595899,30.6,90,severe,blocked,33.1,monitoring_station,True
FLD00583,2023-06-16 08:50:43,Tan Ky Tan Quy,Binh Tan,10.787306,106.600912,9.2,60,light,clear,17.6,user_report,True
FLD00371,2023-06-17 04:22:29,Thoai Ngoc Hau,Tan Phu,10.785669,106.628583,5.0,60,light,clear,8.5,IoT_sensor,False
FLD01851,2023-06-17 05:52:53,Le Van Luong,Quan 7,10.737458,106.706093,6.9,30,light,clear,13.3,user_report,True
FLD02239,2023-06-17 08:45:40,Da Nam,Quan 8,10.74297,106.672981,30.9,120,severe,blocked,64.7,IoT_sensor,True
FLD00671,2023-06-17 19:54:36,Ta Quang Buu,Quan 8,10.744313,106.662522,81.5,180,severe,blocked,95.7,IoT_sensor,True
FLD01420,2023-06-18 00:29:12,Linh Dong,Thu Duc,10.863844,106.766341,23.4,90,moderate,slow,38.8,user_report,True
FLD00622,2023-06-18 03:08:18,Ba Thang Hai,Quan 10,10.7744,106.670627,5.3,90,light,clear,8.0,traffic_camera,True
FLD00165,2023-06-18 08:42:54,Ba Thang Hai,Quan 10,10.77505,106.668703,14.9,60,light,clear,26.9,IoT_sensor,True
FLD00594,2023-06-18 11:53:07,Do Xuan Hop,Thu Duc,10.834394,106.783495,8.2,120,light,clear,10.7,user_report,True
FLD02209,2023-06-19 05:33:17,Do Xuan Hop,Thu Duc,10.832072,106.782679,14.3,30,light,clear,27.2,IoT_sensor,True
FLD01323,2023-06-19 07:58:03,Tran Nao,Quan 2,10.784905,106.73818,20.5,120,moderate,slow,37.5,IoT_sensor,False
FLD01098,2023-06-19 22:37:22,Ung Van Khiem,Binh Thanh,10.812993,106.711595,8.5,90,light,clear,10.1,IoT_sensor,False
FLD00425,2023-06-20 03:13:11,Quang Trung,Go Vap,10.838892,106.66468,21.4,120,moderate,slow,36.7,user_report,True
FLD01835,2023-06-20 04:22:22,Le Van Luong,Quan 7,10.737757,106.703746,20.2,60,moderate,slow,45.4,user_report,True
FLD01509,2023-06-20 13:42:31,Thoai Ngoc Hau,Tan Phu,10.786389,106.629635,9.1,90,light,clear,15.4,user_report,False
FLD00058,2023-06-20 14:40:55,Quang Trung,Go Vap,10.839426,106.663989,8.7,60,light,clear,7.2,user_report,False
FLD00112,2023-06-20 18:50:24,Le Van Luong,Quan 7,10.738187,106.704777,5.0,30,light,clear,9.4,IoT_sensor,True
FLD01203,2023-06-21 12:23:14,CMT8,Quan 3,10.779668,106.679752,20.8,60,moderate,slow,32.0,user_report,False
FLD00905,2023-06-21 19:38:31,Vo Van Ngan,Thu Duc,10.849326,106.773305,9.1,60,light,clear,16.3,user_report,True
FLD01615,2023-06-21 20:25:45,Tam Binh,Thu Duc,10.863167,106.740409,40.5,60,severe,blocked,98.0,traffic_camera,False
FLD00541,2023-06-22 20:16:42,Linh Dong,Thu Duc,10.865041,106.765234,25.6,30,moderate,slow,30.8,IoT_sensor,True
FLD00495,2023-06-23 02:23:59,Nguyen Thi Thap,Quan 7,10.740837,106.714096,6.4,240,light,clear,12.3,user_report,True
FLD01621,2023-06-23 22:17:44,Linh Dong,Thu Duc,10.863046,106.766118,19.8,180,moderate,slow,41.9,traffic_camera,False
FLD02206,2023-06-24 02:39:11,Ta Quang Buu,Quan 8,10.746001,106.666386,21.0,180,moderate,slow,18.8,IoT_sensor,True
FLD00652,2023-06-24 16:47:54,Huynh Tan Phat,Quan 7,10.727281,106.723048,25.7,60,moderate,slow,51.8,monitoring_station,True
FLD01224,2023-06-25 10:01:37,Hau Giang,Quan 6,10.746223,106.641238,50.3,60,severe,blocked,51.9,IoT_sensor,True
FLD01274,2023-06-26 03:56:44,Nguyen Van Khoi,Go Vap,10.828096,106.692865,30.9,60,severe,blocked,67.6,IoT_sensor,False
FLD02269,2023-06-26 05:44:46,Ma Lo,Binh Tan,10.761647,106.612691,11.3,90,light,clear,25.5,monitoring_station,True
FLD02062,2023-06-26 21:28:28,No Trang Long,Binh Thanh,10.81601,106.696573,15.9,60,moderate,slow,29.0,IoT_sensor,True
FLD01201,2023-06-26 21:47:35,Nguyen Huu Canh,Binh Thanh,10.788811,106.719906,8.9,180,light,clear,16.0,IoT_sensor,True
FLD01874,2023-06-27 00:00:14,Nguyen Trai,Quan 5,10.758344,106.665254,13.2,90,light,clear,25.7,traffic_camera,True
FLD02204,2023-06-27 07:22:56,Lam Van Ben,Quan 7,10.72032,106.683925,14.3,60,light,clear,35.2,traffic_camera,True
FLD01061,2023-06-27 18:04:07,Do Xuan Hop,Thu Duc,10.831912,106.781084,20.1,30,moderate,slow,20.0,traffic_camera,True
FLD02088,2023-06-28 10:06:28,Le Van Luong,Quan 7,10.735339,106.703738,12.0,30,light,clear,28.7,IoT_sensor,True
FLD01441,2023-06-28 10:37:36,Vo Van Kiet,Quan 1,10.760636,106.696778,5.0,30,light,clear,11.0,IoT_sensor,False
FLD02364,2023-06-29 03:55:00,Le Dinh Can,Binh Tan,10.76762,106.595008,16.3,90,moderate,slow,39.7,user_report,True
FLD00102,2023-06-29 05:20:29,Linh Dong,Thu Duc,10.862787,106.764051,26.5,180,moderate,slow,65.5,traffic_camera,False
FLD02192,2023-06-29 07:04:37,Hoa Binh,Tan Phu,10.805059,106.624318,18.9,60,moderate,slow,35.4,traffic_camera,True
FLD01060,2023-06-29 14:36:20,Da Nam,Quan 8,10.741891,106.6726,18.4,240,moderate,slow,28.6,traffic_camera,True
FLD00824,2023-06-29 17:23:21,Nguyen Thi Thap,Quan 7,10.741346,106.713886,5.4,90,light,clear,6.2,monitoring_station,False
FLD01330,2023-06-29 20:57:53,Tan Ky Tan Quy,Binh Tan,10.786915,106.601461,14.3,120,light,clear,34.3,IoT_sensor,True
FLD01410,2023-06-30 05:42:59,Nguyen Huu Canh,Binh Thanh,10.78805,106.722727,5.6,60,light,clear,13.4,user_report,True
FLD00976,2023-06-30 11:40:22,Vo Van Kiet,Quan 1,10.763137,106.697814,6.8,60,light,clear,8.1,user_report,True
FLD00664,2023-06-30 17:46:14,Vo Van Ngan,Thu Duc,10.84988,106.770641,5.1,240,light,clear,6.0,traffic_camera,False
FLD00598,2023-06-30 21:08:58,Hau Giang,Quan 6,10.745256,106.638452,18.9,120,moderate,slow,37.5,IoT_sensor,False
FLD01460,2023-07-01 11:23:52,Kha Van Can,Thu Duc,10.849605,106.756356,25.8,30,moderate,slow,53.5,IoT_sensor,True
FLD01659,2023-07-01 16:50:58,Binh Long,Tan Phu,10.797733,106.616618,11.3,30,light,clear,9.6,traffic_camera,True
FLD00074,2023-07-01 18:11:08,Tan Ky Tan Quy,Binh Tan,10.787868,106.603371,19.6,60,moderate,slow,21.9,monitoring_station,True
FLD01211,2023-07-01 21:44:56,Lam Van Ben,Quan 7,10.718408,106.683481,23.1,30,moderate,slow,30.7,IoT_sensor,True
FLD02299,2023-07-02 00:40:16,Tam Binh,Thu Duc,10.862684,106.740216,30.7,60,severe,blocked,46.0,IoT_sensor,False
FLD01332,2023-07-02 19:10:45,Nguyen Anh Thu,Quan 12,10.878928,106.643949,5.0,180,light,clear,11.8,user_report,True
FLD01292,2023-07-03 03:14:34,Le Van Viet,Thu Duc,10.843914,106.788066,11.9,60,light,clear,23.2,user_report,True
FLD02014,2023-07-03 04:31:24,Le Thi Rieng,Quan 12,10.860926,106.650364,11.9,60,light,clear,9.7,user_report,True
FLD01820,2023-07-03 09:55:38,Pham Van Dong,Binh Thanh,10.81799,106.703105,11.4,30,light,clear,15.9,user_report,True
FLD00554,2023-07-03 15:03:26,Pham Van Dong,Binh Thanh,10.819032,106.701259,38.9,60,severe,blocked,51.4,IoT_sensor,True
FLD01122,2023-07-04 11:52:59,No Trang Long,Binh Thanh,10.817246,106.698726,6.9,30,light,clear,17.0,IoT_sensor,False
FLD00725,2023-07-04 19:23:17,Tran Xuan Soan,Quan 7,10.750711,106.696606,49.8,30,severe,blocked,68.8,IoT_sensor,False
FLD00994,2023-07-04 20:29:37,Vo Van Kiet,Quan 1,10.761132,106.697681,26.1,90,moderate,slow,53.0,IoT_sensor,True
FLD01536,2023-07-04 21:00:52,No Trang Long,Binh Thanh,10.813536,106.696425,28.4,90,moderate,slow,54.5,IoT_sensor,True
FLD00103,2023-07-05 02:46:31,Ma Lo,Binh Tan,10.762513,106.612141,13.4,120,light,clear,23.1,user_report,True
FLD02320,2023-07-05 16:44:05,Le Dinh Can,Binh Tan,10.765959,106.597197,23.1,90,moderate,slow,37.4,IoT_sensor,True
FLD01142,2023-07-06 00:10:22,Hoa Binh,Tan Phu,10.804253,106.624322,24.9,30,moderate,slow,48.3,traffic_camera,False
FLD01200,2023-07-06 07:24:22,Le Van Viet,Thu Duc,10.8452,106.789838,41.5,30,severe,blocked,75.1,IoT_sensor,True
FLD00800,2023-07-06 10:13:22,Huynh Tan Phat,Quan 7,10.726523,106.724429,6.5,90,light,clear,9.3,user_report,True
FLD00198,2023-07-06 23:31:22,Phan Huy Ich,Go Vap,10.830686,106.671543,15.9,60,moderate,slow,25.4,IoT_sensor,True
FLD00954,2023-07-06 23:43:55,Kinh Duong Vuong,Quan 6,10.74405,106.615598,6.4,60,light,clear,9.9,IoT_sensor,True
FLD01393,2023-07-07 19:18:23,No Trang Long,Binh Thanh,10.81571,106.695832,39.2,60,severe,blocked,75.6,monitoring_station,True
FLD00298,2023-07-08 01:11:15,Da Nam,Quan 8,10.742915,106.672114,14.9,120,light,clear,20.6,user_report,False
FLD01445,2023-07-08 01:13:28,Da Nam,Quan 8,10.741312,106.673921,15.3,90,moderate,slow,31.9,IoT_sensor,True
FLD01149,2023-07-08 13:16:16,Ung Van Khiem,Binh Thanh,10.813352,106.710679,21.1,240,moderate,slow,51.0,IoT_sensor,True
FLD01784,2023-07-08 17:48:29,Tran Xuan Soan,Quan 7,10.75098,106.69789,26.1,60,moderate,slow,29.4,user_report,True
FLD01987,2023-07-08 22:55:13,Kha Van Can,Thu Duc,10.850064,106.754104,9.9,120,light,clear,22.2,user_report,True
FLD01610,2023-07-09 08:58:15,Ta Quang Buu,Quan 8,10.745065,106.666496,6.1,90,light,clear,14.1,monitoring_station,True
FLD02004,2023-07-09 21:07:55,Le Van Viet,Thu Duc,10.844086,106.791095,21.5,60,moderate,slow,51.1,IoT_sensor,True
FLD01930,2023-07-09 21:37:34,Ung Van Khiem,Binh Thanh,10.813176,106.711447,16.0,60,moderate,slow,32.7,IoT_sensor,False
FLD02225,2023-07-09 23:12:54,An Duong Vuong,Quan 6,10.753578,106.645388,5.8,60,light,clear,9.6,IoT_sensor,False
FLD00260,2023-07-10 01:09:51,Quang Trung,Go Vap,10.836277,106.663181,5.0,90,light,clear,7.1,monitoring_station,True
FLD00932,2023-07-10 01:58:30,Ta Quang Buu,Quan 8,10.745176,106.66424,5.0,240,light,clear,7.6,user_report,True
FLD01839,2023-07-10 08:50:49,Tran Xuan Soan,Quan 7,10.75053,106.696557,26.9,120,moderate,slow,31.2,IoT_sensor,True
FLD01592,2023-07-11 01:02:21,Kha Van Can,Thu Duc,10.849636,106.752756,6.9,30,light,clear,12.8,IoT_sensor,True
FLD02188,2023-07-11 05:21:05,Kinh Duong Vuong,Quan 6,10.74227,106.616255,24.1,90,moderate,slow,22.3,IoT_sensor,True
FLD01078,2023-07-11 06:21:01,Binh Long,Tan Phu,10.800521,106.617197,5.0,240,light,clear,6.6,IoT_sensor,True
FLD01890,2023-07-11 13:52:37,Linh Dong,Thu Duc,10.86444,106.766161,6.9,90,light,clear,5.8,monitoring_station,False
FLD02083,2023-07-11 21:40:13,Phan Huy Ich,Go Vap,10.830073,106.672439,9.3,120,light,clear,7.8,traffic_camera,True
FLD00924,2023-07-12 05:25:41,Le Van Luong,Quan 7,10.735723,106.705214,5.0,30,light,clear,11.8,user_report,False
FLD00244,2023-07-12 10:51:37,Vo Van Kiet,Quan 1,10.763764,106.69677,38.5,90,severe,blocked,34.7,user_report,True
FLD00342,2023-07-12 13:20:48,Binh Long,Tan Phu,10.799944,106.615935,51.3,90,severe,blocked,120.1,monitoring_station,True
FLD00090,2023-07-12 19:53:56,Ta Quang Buu,Quan 8,10.744529,106.666467,30.4,30,severe,blocked,60.1,IoT_sensor,True
FLD01479,2023-07-13 01:58:17,Nguyen Anh Thu,Quan 12,10.876788,106.64383,15.7,30,moderate,slow,17.2,monitoring_station,True
FLD00089,2023-07-13 02:56:21,Pham Van Dong,Binh Thanh,10.819332,106.703454,5.0,60,light,clear,5.4,IoT_sensor,False
FLD00540,2023-07-14 05:18:10,An Duong Vuong,Quan 6,10.754522,106.646045,6.8,60,light,clear,5.7,user_report,True
FLD01765,2023-07-14 16:07:05,Le Dinh Can,Binh Tan,10.765866,106.59723,38.4,240,severe,blocked,53.4,IoT_sensor,True
FLD01924,2023-07-14 17:27:45,Vo Van Kiet,Quan 1,10.760917,106.697588,9.5,240,light,clear,19.1,IoT_sensor,False
FLD01662,2023-07-15 02:02:01,Nguyen Trai,Quan 5,10.756647,106.665419,29.1,30,moderate,slow,26.0,IoT_sensor,False
FLD02306,2023-07-15 07:36:14,Kinh Duong Vuong,Quan 6,10.742501,106.617128,30.2,30,severe,blocked,29.7,IoT_sensor,False
FLD00345,2023-07-15 08:01:30,Le Thi Rieng,Quan 12,10.862064,106.649204,8.7,240,light,clear,21.1,IoT_sensor,False
FLD02374,2023-07-15 21:58:49,Ung Van Khiem,Binh Thanh,10.811622,106.711065,17.0,90,moderate,slow,37.0,user_report,True
FLD00398,2023-07-15 23:17:21,Le Van Luong,Quan 7,10.737668,106.705107,11.3,60,light,clear,10.5,user_report,False
FLD02134,2023-07-16 00:00:23,CMT8,Quan 3,10.781592,106.682138,11.8,120,light,clear,29.1,IoT_sensor,True
FLD01310,2023-07-16 00:17:05,Pham Van Dong,Binh Thanh,10.819177,106.703448,23.8,90,moderate,slow,45.4,user_report,True
FLD01912,2023-07-16 00:47:11,Tan Ky Tan Quy,Binh Tan,10.78852,106.601774,21.1,120,moderate,slow,50.8,user_report,True
FLD01680,2023-07-16 06:30:18,Lam Van Ben,Quan 7,10.717241,106.683201,13.6,120,light,clear,24.0,user_report,False
FLD00559,2023-07-16 13:21:03,Le Van Luong,Quan 7,10.737907,106.703686,19.7,60,moderate,slow,16.6,user_report,True
FLD01521,2023-07-16 15:42:02,Ba Thang Hai,Quan 10,10.773261,106.669825,9.3,30,light,clear,9.2,user_report,True
FLD01405,2023-07-16 20:33:28,Nguyen Anh Thu,Quan 12,10.877209,106.643034,9.7,180,light,clear,13.1,IoT_sensor,True
FLD02063,2023-07-16 22:34:49,Nguyen Trai,Quan 5,10.756543,106.665094,16.0,90,moderate,slow,31.3,IoT_sensor,True
FLD00078,2023-07-17 19:24:04,Nguyen Anh Thu,Quan 12,10.876465,106.64379,30.1,90,severe,blocked,57.5,user_report,True
FLD01581,2023-07-18 00:53:51,CMT8,Quan 3,10.780288,106.680283,24.4,180,moderate,slow,52.5,IoT_sensor,True
FLD01848,2023-07-18 05:56:46,Xo Viet Nghe Tinh,Binh Thanh,10.807167,106.711224,5.2,60,light,clear,11.3,traffic_camera,True
FLD01608,2023-07-18 10:05:49,Do Xuan Hop,Thu Duc,10.834856,106.78069,5.0,30,light,clear,10.8,IoT_sensor,True
FLD02359,2023-07-18 12:52:42,Da Nam,Quan 8,10.743358,106.671771,14.9,60,light,clear,24.5,IoT_sensor,True
FLD01883,2023-07-18 15:53:16,Pham The Hien,Quan 8,10.728029,106.682069,8.7,180,light,clear,21.5,monitoring_station,False
FLD00723,2023-07-18 19:25:30,Phan Huy Ich,Go Vap,10.829855,106.672801,16.5,120,moderate,slow,39.6,IoT_sensor,True
FLD01125,2023-07-18 19:55:41,Pham The Hien,Quan 8,10.727033,106.685018,5.0,60,light,clear,12.1,IoT_sensor,True
FLD00808,2023-07-18 20:51:13,Ba Thang Hai,Quan 10,10.775339,106.671527,39.4,120,severe,blocked,32.9,traffic_camera,True
FLD00036,2023-07-19 02:48:54,CMT8,Quan 3,10.780813,106.680642,10.7,60,light,clear,25.2,traffic_camera,True
FLD01025,2023-07-19 07:27:13,Le Dinh Can,Binh Tan,10.767627,106.596061,10.7,30,light,clear,26.7,monitoring_station,False
FLD00384,2023-07-19 11:38:49,Huynh Tan Phat,Quan 7,10.729629,106.72425,25.8,90,moderate,slow,22.2,IoT_sensor,False
FLD00144,2023-07-20 04:35:52,Nguyen Trai,Quan 5,10.755883,106.664014,15.3,60,moderate,slow,26.7,user_report,True
FLD01720,2023-07-20 07:33:22,Kinh Duong Vuong,Quan 6,10.743932,106.614908,10.3,30,light,clear,22.7,IoT_sensor,True
FLD00577,2023-07-20 09:11:24,Nguyen Huu Canh,Binh Thanh,10.7887,106.723021,16.6,90,moderate,slow,32.5,user_report,True
FLD02148,2023-07-20 11:10:34,Vo Van Kiet,Quan 1,10.763106,106.698584,23.6,120,moderate,slow,53.3,traffic_camera,False
FLD00015,2023-07-20 13:20:05,Le Van Viet,Thu Duc,10.844387,106.789864,5.0,90,light,clear,11.9,IoT_sensor,True
FLD00978,2023-07-20 14:48:21,Da Nam,Quan 8,10.741699,106.671595,13.7,60,light,clear,15.9,IoT_sensor,False
FLD00946,2023-07-20 17:56:40,Hau Giang,Quan 6,10.745151,106.639702,15.0,240,moderate,slow,26.3,IoT_sensor,False
FLD00085,2023-07-21 02:05:45,CMT8,Quan 3,10.780053,106.682175,38.2,60,severe,blocked,40.3,user_report,True
FLD01508,2023-07-21 07:12:13,Kha Van Can,Thu Duc,10.85344,106.75593,6.8,90,light,clear,15.0,user_report,True
FLD00784,2023-07-21 09:10:17,Quang Trung,Go Vap,10.838336,106.664127,9.7,30,light,clear,21.9,IoT_sensor,True
FLD01443,2023-07-22 04:01:35,Xo Viet Nghe Tinh,Binh Thanh,10.80706,106.710261,38.1,90,severe,blocked,61.2,IoT_sensor,True
FLD00871,2023-07-22 16:05:33,Tam Binh,Thu Duc,10.861075,106.736779,9.0,90,light,clear,12.2,user_report,False
FLD00246,2023-07-22 17:40:45,Nguyen Van Qua,Quan 12,10.85443,106.664189,13.6,30,light,clear,21.4,traffic_camera,False
FLD00770,2023-07-22 23:32:13,Nguyen Anh Thu,Quan 12,10.878392,106.644796,5.0,180,light,clear,12.3,IoT_sensor,True
FLD00470,2023-07-23 08:28:57,CMT8,Quan 3,10.780523,106.682405,5.0,180,light,clear,5.5,user_report,True
FLD02093,2023-07-23 19:46:42,Binh Long,Tan Phu,10.799277,106.616954,15.7,60,moderate,slow,15.8,IoT_sensor,True
FLD01209,2023-07-23 21:53:00,Le Van Viet,Thu Duc,10.843919,106.789584,23.4,120,moderate,slow,53.0,monitoring_station,False
FLD00590,2023-07-23 22:49:37,Le Thi Rieng,Quan 12,10.861202,106.647504,5.5,240,light,clear,6.1,IoT_sensor,True
FLD02362,2023-07-24 00:19:53,Ma Lo,Binh Tan,10.764693,106.612747,14.5,30,light,clear,23.8,IoT_sensor,True
FLD00838,2023-07-24 10:59:45,An Duong Vuong,Quan 6,10.754703,106.643721,5.0,180,light,clear,9.5,IoT_sensor,False
FLD01530,2023-07-24 13:34:41,Pham The Hien,Quan 8,10.726976,106.683237,11.8,60,light,clear,19.9,user_report,False
FLD00794,2023-07-24 16:34:49,Linh Dong,Thu Duc,10.865413,106.765904,23.4,120,moderate,slow,32.2,user_report,False
FLD01271,2023-07-24 19:28:06,Thoai Ngoc Hau,Tan Phu,10.784702,106.627624,11.0,120,light,clear,13.9,IoT_sensor,True
FLD00312,2023-07-24 20:34:27,Quang Trung,Go Vap,10.838924,106.663235,13.2,90,light,clear,16.1,IoT_sensor,True
FLD01291,2023-07-24 21:47:38,Tan Ky Tan Quy,Binh Tan,10.789196,106.603789,5.0,30,light,clear,6.9,monitoring_station,True
FLD01754,2023-07-25 08:53:44,Tran Nao,Quan 2,10.782257,106.736062,9.9,120,light,clear,22.9,user_report,False
FLD02173,2023-07-25 21:07:09,Quang Trung,Go Vap,10.838367,106.666493,5.0,120,light,clear,8.0,IoT_sensor,True
FLD00512,2023-07-25 22:07:40,CMT8,Quan 3,10.779926,106.682393,60.6,90,severe,blocked,136.8,IoT_sensor,True
FLD02170,2023-07-26 04:03:23,Ung Van Khiem,Binh Thanh,10.810216,106.710799,15.9,180,moderate,slow,33.9,monitoring_station,True
FLD00761,2023-07-26 06:21:08,Linh Dong,Thu Duc,10.866482,106.764984,18.3,30,moderate,slow,20.9,IoT_sensor,False
FLD01396,2023-07-26 11:02:30,Thoai Ngoc Hau,Tan Phu,10.78846,106.628355,26.8,60,moderate,slow,40.6,IoT_sensor,True
FLD01831,2023-07-26 11:56:50,An Duong Vuong,Quan 6,10.754979,106.646436,26.3,90,moderate,slow,64.4,IoT_sensor,False
FLD00372,2023-07-26 19:18:27,Le Van Viet,Thu Duc,10.845358,106.790595,23.6,30,moderate,slow,45.8,user_report,False
FLD01502,2023-07-26 19:30:56,Le Van Luong,Quan 7,10.735395,106.704547,5.0,90,light,clear,11.1,user_report,True
FLD02033,2023-07-27 02:04:29,Nguyen Anh Thu,Quan 12,10.878484,106.645458,23.8,90,moderate,slow,27.4,IoT_sensor,True
FLD02017,2023-07-27 04:26:47,Xo Viet Nghe Tinh,Binh Thanh,10.808643,106.712465,14.2,90,light,clear,34.8,user_report,True
FLD00208,2023-07-27 06:15:50,Tran Nao,Quan 2,10.783259,106.738442,31.7,30,severe,blocked,70.2,user_report,True
FLD00714,2023-07-27 11:21:23,Kha Van Can,Thu Duc,10.85108,106.754367,15.7,120,moderate,slow,13.2,IoT_sensor,True
FLD02242,2023-07-27 11:46:11,No Trang Long,Binh Thanh,10.81394,106.697414,6.0,180,light,clear,6.0,traffic_camera,False
FLD00681,2023-07-27 18:08:56,Le Van Viet,Thu Duc,10.84415,106.790065,5.0,30,light,clear,8.5,IoT_sensor,True
FLD01804,2023-07-27 18:21:43,Le Dinh Can,Binh Tan,10.764559,106.595559,13.4,240,light,clear,30.8,user_report,False
FLD01594,2023-07-27 20:45:52,Binh Long,Tan Phu,10.800504,106.615792,8.0,180,light,clear,18.1,traffic_camera,True
FLD00521,2023-07-27 21:54:37,Le Van Luong,Quan 7,10.737414,106.705386,27.0,60,moderate,slow,42.4,IoT_sensor,False
FLD02231,2023-07-27 22:02:06,Tran Nao,Quan 2,10.782157,106.73612,20.7,30,moderate,slow,36.2,traffic_camera,False
FLD00381,2023-07-28 02:23:25,Thoai Ngoc Hau,Tan Phu,10.788197,106.629786,19.6,30,moderate,slow,18.6,user_report,False
FLD01597,2023-07-28 05:16:24,Le Dinh Can,Binh Tan,10.768121,106.596464,38.5,30,severe,blocked,49.4,IoT_sensor,True
FLD02168,2023-07-28 08:50:36,Ma Lo,Binh Tan,10.762281,106.615363,9.0,30,light,clear,22.2,IoT_sensor,True
FLD00987,2023-07-28 13:59:56,Le Thi Rieng,Quan 12,10.859691,106.648894,21.7,90,moderate,slow,35.8,IoT_sensor,True
FLD00963,2023-07-28 17:14:54,Tran Xuan Soan,Quan 7,10.749768,106.697898,5.6,60,light,clear,10.2,user_report,False
FLD00641,2023-07-28 17:45:46,Quang Trung,Go Vap,10.839205,106.666003,14.7,60,light,clear,20.5,user_report,False
FLD02176,2023-07-29 08:40:34,CMT8,Quan 3,10.780702,106.679649,5.0,60,light,clear,4.3,IoT_sensor,False
FLD00686,2023-07-30 04:24:39,Vo Van Kiet,Quan 1,10.764462,106.699327,21.9,60,moderate,slow,33.5,IoT_sensor,True
FLD01941,2023-07-30 05:52:33,Da Nam,Quan 8,10.742474,106.673976,49.2,90,severe,blocked,78.7,user_report,True
FLD00409,2023-07-30 06:39:03,Ung Van Khiem,Binh Thanh,10.812951,106.709184,26.5,60,moderate,slow,33.7,user_report,True
FLD00634,2023-07-30 08:39:39,Kha Van Can,Thu Duc,10.852857,106.75273,5.0,120,light,clear,7.5,user_report,False
FLD00494,2023-07-30 17:14:42,Nguyen Thi Thap,Quan 7,10.741025,106.715457,5.0,180,light,clear,4.9,traffic_camera,True
FLD01666,2023-07-30 20:56:15,Nguyen Van Qua,Quan 12,10.85389,106.660911,26.5,90,moderate,slow,34.9,IoT_sensor,False
FLD00591,2023-07-30 22:50:26,Vo Van Kiet,Quan 1,10.761813,106.696846,19.4,60,moderate,slow,45.8,IoT_sensor,True
FLD02041,2023-07-31 09:01:42,An Duong Vuong,Quan 6,10.755205,106.644324,18.9,240,moderate,slow,15.8,IoT_sensor,True
FLD02125,2023-07-31 22:35:39,Le Van Luong,Quan 7,10.736624,106.704496,9.1,90,light,clear,20.3,IoT_sensor,False
FLD02291,2023-08-01 01:08:30,Hau Giang,Quan 6,10.748395,106.640485,20.4,90,moderate,slow,17.2,user_report,True
FLD01113,2023-08-01 10:59:27,Vo Van Ngan,Thu Duc,10.849639,106.771247,5.5,120,light,clear,11.2,IoT_sensor,True
FLD01498,2023-08-01 17:27:33,An Duong Vuong,Quan 6,10.753095,106.644591,5.0,30,light,clear,11.4,IoT_sensor,True
FLD00406,2023-08-01 19:49:50,Le Van Luong,Quan 7,10.735313,106.704771,9.0,120,light,clear,10.4,IoT_sensor,True
FLD01368,2023-08-02 08:15:50,Pham Van Dong,Binh Thanh,10.819875,106.702633,40.0,30,severe,blocked,77.9,user_report,True
FLD00292,2023-08-02 09:47:50,Da Nam,Quan 8,10.74087,106.672654,38.9,180,severe,blocked,59.1,user_report,True
FLD01023,2023-08-03 04:27:30,Nguyen Thi Thap,Quan 7,10.743282,106.715023,6.4,90,light,clear,7.8,IoT_sensor,False
FLD00830,2023-08-03 08:46:45,CMT8,Quan 3,10.780914,106.680343,8.7,120,light,clear,9.6,user_report,False
FLD01910,2023-08-03 11:13:35,Nguyen Thi Thap,Quan 7,10.740479,106.715074,14.1,60,light,clear,32.1,IoT_sensor,True
FLD00288,2023-08-03 12:05:01,Nguyen Van Khoi,Go Vap,10.830073,106.69411,14.3,30,light,clear,21.2,user_report,False
FLD01764,2023-08-04 00:16:29,Ung Van Khiem,Binh Thanh,10.813297,106.71121,80.6,120,severe,blocked,123.0,IoT_sensor,True
FLD02036,2023-08-04 08:13:19,An Duong Vuong,Quan 6,10.755625,106.643895,19.6,90,moderate,slow,26.8,IoT_sensor,True
FLD02169,2023-08-05 09:27:57,Pham The Hien,Quan 8,10.728201,106.682564,16.2,120,moderate,slow,32.5,IoT_sensor,True
FLD01377,2023-08-05 14:58:30,To Ky,Quan 12,10.865999,106.629875,16.1,30,moderate,slow,23.2,IoT_sensor,True
FLD01818,2023-08-05 15:32:05,Le Dinh Can,Binh Tan,10.76561,106.595977,14.3,30,light,clear,23.6,IoT_sensor,True
FLD00774,2023-08-05 22:18:53,Le Van Luong,Quan 7,10.735193,106.705891,5.3,60,light,clear,9.3,IoT_sensor,True
FLD01943,2023-08-06 06:40:16,Nguyen Anh Thu,Quan 12,10.877538,106.643547,16.0,90,moderate,slow,34.0,user_report,True
FLD00790,2023-08-07 04:14:42,Thoai Ngoc Hau,Tan Phu,10.787216,106.628625,20.3,60,moderate,slow,49.3,IoT_sensor,True
FLD02071,2023-08-07 07:30:47,CMT8,Quan 3,10.783073,106.679068,5.8,60,light,clear,8.5,user_report,True
FLD00687,2023-08-07 09:13:10,To Ky,Quan 12,10.865294,106.632412,9.7,30,light,clear,21.1,user_report,True
FLD00207,2023-08-07 21:02:23,Tran Xuan Soan,Quan 7,10.753461,106.698607,9.1,60,light,clear,16.3,IoT_sensor,False
FLD02008,2023-08-08 06:19:48,Do Xuan Hop,Thu Duc,10.835453,106.784069,9.8,120,light,clear,15.9,IoT_sensor,True
FLD02080,2023-08-08 06:59:31,Ung Van Khiem,Binh Thanh,10.811963,106.71115,26.4,30,moderate,slow,52.7,user_report,True
FLD00139,2023-08-08 08:11:26,Tran Xuan Soan,Quan 7,10.753219,106.696899,5.0,60,light,clear,5.7,user_report,False
FLD01670,2023-08-08 17:34:13,Tan Ky Tan Quy,Binh Tan,10.786722,106.602067,13.7,30,light,clear,11.2,monitoring_station,False
FLD01309,2023-08-08 21:23:00,Ba Thang Hai,Quan 10,10.772533,106.671027,38.2,60,severe,blocked,76.0,user_report,True
FLD02104,2023-08-09 12:41:56,Nguyen Trai,Quan 5,10.756066,106.665815,12.0,60,light,clear,16.0,IoT_sensor,True
FLD01673,2023-08-09 13:31:15,Xo Viet Nghe Tinh,Binh Thanh,10.807512,106.712083,28.5,60,moderate,slow,49.2,traffic_camera,True
FLD01555,2023-08-09 14:32:08,Ta Quang Buu,Quan 8,10.744809,106.665344,9.0,60,light,clear,11.0,user_report,True
FLD01283,2023-08-09 20:05:50,Pham Van Dong,Binh Thanh,10.81994,106.702806,20.4,60,moderate,slow,39.0,IoT_sensor,True
FLD01298,2023-08-10 12:37:21,Ta Quang Buu,Quan 8,10.743296,106.663575,14.8,120,light,clear,33.1,traffic_camera,False
FLD02099,2023-08-10 17:21:07,To Ky,Quan 12,10.866836,106.632317,6.6,60,light,clear,15.4,user_report,False
FLD01729,2023-08-10 17:23:34,To Ky,Quan 12,10.865953,106.629511,21.7,90,moderate,slow,44.0,monitoring_station,True
FLD01572,2023-08-11 10:45:17,Linh Dong,Thu Duc,10.862704,106.765116,40.6,120,severe,blocked,63.3,IoT_sensor,False
FLD01167,2023-08-11 11:38:18,Le Van Viet,Thu Duc,10.843339,106.787569,5.0,90,light,clear,10.4,monitoring_station,True
FLD01048,2023-08-11 15:32:18,Phan Huy Ich,Go Vap,10.828618,106.673518,13.8,90,light,clear,29.1,user_report,True
FLD02263,2023-08-11 18:47:08,Da Nam,Quan 8,10.740673,106.675039,15.6,30,moderate,slow,24.7,IoT_sensor,True
FLD02146,2023-08-12 02:26:24,Tam Binh,Thu Duc,10.862323,106.73797,13.6,90,light,clear,16.6,IoT_sensor,True
FLD01624,2023-08-12 05:33:15,Do Xuan Hop,Thu Duc,10.835427,106.783494,10.8,60,light,clear,19.9,IoT_sensor,True
FLD00646,2023-08-12 08:31:58,An Duong Vuong,Quan 6,10.755675,106.643701,25.1,30,moderate,slow,50.7,user_report,True
FLD01990,2023-08-12 13:06:49,Thoai Ngoc Hau,Tan Phu,10.786076,106.628875,24.0,240,moderate,slow,36.2,user_report,True
FLD00828,2023-08-13 03:53:07,Tam Binh,Thu Duc,10.863823,106.738654,15.0,30,moderate,slow,22.7,IoT_sensor,True
FLD01214,2023-08-13 05:22:30,Hoa Binh,Tan Phu,10.803531,106.623655,8.7,90,light,clear,20.2,traffic_camera,True
FLD00317,2023-08-14 07:44:09,Pham Van Dong,Binh Thanh,10.81976,106.701783,8.3,120,light,clear,12.0,IoT_sensor,True
FLD00579,2023-08-14 08:37:09,Vo Van Kiet,Quan 1,10.76148,106.700351,5.0,180,light,clear,4.6,IoT_sensor,True
FLD00920,2023-08-14 20:30:53,Xo Viet Nghe Tinh,Binh Thanh,10.807073,106.711517,16.0,180,moderate,slow,25.7,IoT_sensor,True
FLD01247,2023-08-14 20:54:17,Nguyen Van Qua,Quan 12,10.85537,106.663196,18.3,60,moderate,slow,22.4,IoT_sensor,True
FLD01690,2023-08-15 13:44:58,Lam Van Ben,Quan 7,10.719594,106.682503,10.5,90,light,clear,16.5,IoT_sensor,True
FLD00916,2023-08-15 16:59:55,Nguyen Trai,Quan 5,10.755119,106.662792,6.8,240,light,clear,16.4,IoT_sensor,True
FLD00547,2023-08-15 23:26:49,Kha Van Can,Thu Duc,10.853019,106.754398,21.7,60,moderate,slow,23.3,IoT_sensor,True
FLD01656,2023-08-16 01:39:25,Le Dinh Can,Binh Tan,10.765535,106.596128,10.6,90,light,clear,16.1,IoT_sensor,True
FLD02261,2023-08-17 00:31:59,Hau Giang,Quan 6,10.748382,106.638626,14.4,30,light,clear,13.7,IoT_sensor,True
FLD00661,2023-08-17 02:34:18,Huynh Tan Phat,Quan 7,10.727888,106.722323,5.0,30,light,clear,7.1,user_report,True
FLD01565,2023-08-17 17:24:54,Nguyen Van Khoi,Go Vap,10.828478,106.693797,19.3,30,moderate,slow,31.7,IoT_sensor,True
FLD00831,2023-08-18 04:28:56,Nguyen Huu Canh,Binh Thanh,10.789666,106.721701,14.9,60,light,clear,34.9,IoT_sensor,True
FLD00098,2023-08-18 07:17:42,Tran Nao,Quan 2,10.783137,106.736907,21.6,60,moderate,slow,39.6,IoT_sensor,True
FLD01827,2023-08-18 22:42:02,Vo Van Ngan,Thu Duc,10.851567,106.772916,10.6,60,light,clear,10.7,IoT_sensor,True
FLD00703,2023-08-19 03:10:05,Do Xuan Hop,Thu Duc,10.833112,106.781499,28.4,90,moderate,slow,63.6,IoT_sensor,True
FLD00695,2023-08-19 05:04:30,Do Xuan Hop,Thu Duc,10.834104,106.780943,28.8,60,moderate,slow,67.7,IoT_sensor,False
FLD00879,2023-08-19 08:00:44,Phan Huy Ich,Go Vap,10.830993,106.674102,25.0,60,moderate,slow,26.0,traffic_camera,True
FLD01957,2023-08-19 11:49:03,Phan Huy Ich,Go Vap,10.827783,106.671271,10.7,180,light,clear,25.7,IoT_sensor,True
FLD00275,2023-08-20 00:55:01,Huynh Tan Phat,Quan 7,10.727973,106.720702,19.4,60,moderate,slow,39.4,monitoring_station,True
FLD00272,2023-08-20 01:34:50,Ba Thang Hai,Quan 10,10.774117,106.670832,5.0,60,light,clear,8.9,user_report,True
FLD01647,2023-08-20 01:35:54,Nguyen Anh Thu,Quan 12,10.879075,106.644198,29.9,120,moderate,slow,28.9,monitoring_station,True
FLD02135,2023-08-20 06:03:30,Da Nam,Quan 8,10.741911,106.672722,21.9,60,moderate,slow,18.6,IoT_sensor,True
FLD00197,2023-08-20 07:09:44,Linh Dong,Thu Duc,10.865024,106.767029,58.3,30,severe,blocked,104.1,monitoring_station,False
FLD00754,2023-08-20 10:38:00,Le Van Luong,Quan 7,10.737377,106.706533,10.5,30,light,clear,17.4,user_report,True
FLD00729,2023-08-20 15:19:37,Linh Dong,Thu Duc,10.862973,106.767277,28.6,180,moderate,slow,44.9,IoT_sensor,True
FLD00965,2023-08-20 19:14:49,Tran Nao,Quan 2,10.781628,106.737801,26.5,30,moderate,slow,56.4,IoT_sensor,True
FLD00171,2023-08-21 12:28:22,Le Dinh Can,Binh Tan,10.76776,106.596293,15.8,30,moderate,slow,33.7,user_report,False
FLD01803,2023-08-21 15:11:26,Pham Van Dong,Binh Thanh,10.820436,106.700888,11.6,30,light,clear,12.9,monitoring_station,True
FLD02377,2023-08-21 21:35:42,Lam Van Ben,Quan 7,10.718752,106.684623,8.3,60,light,clear,7.4,monitoring_station,True
FLD00043,2023-08-22 01:24:10,CMT8,Quan 3,10.783447,106.681371,20.2,180,moderate,slow,32.6,monitoring_station,True
FLD01217,2023-08-22 03:10:09,Ung Van Khiem,Binh Thanh,10.81222,106.710468,39.5,120,severe,blocked,96.8,traffic_camera,False
FLD01112,2023-08-22 03:44:19,Nguyen Thi Thap,Quan 7,10.739676,106.714147,11.9,30,light,clear,24.2,IoT_sensor,True
FLD01958,2023-08-22 04:36:23,Nguyen Van Khoi,Go Vap,10.829667,106.693727,21.9,90,moderate,slow,50.7,IoT_sensor,False
FLD01928,2023-08-22 23:52:59,To Ky,Quan 12,10.868019,106.633284,5.5,240,light,clear,9.3,user_report,True
FLD00035,2023-08-23 03:13:33,Hau Giang,Quan 6,10.74597,106.638966,19.1,30,moderate,slow,28.8,user_report,True
FLD00459,2023-08-23 05:31:30,Kinh Duong Vuong,Quan 6,10.744425,106.616007,78.6,60,severe,blocked,169.6,user_report,False
FLD01700,2023-08-23 14:19:39,Quang Trung,Go Vap,10.839342,106.665053,11.2,30,light,clear,21.8,IoT_sensor,True
FLD01993,2023-08-23 16:58:55,Pham Van Dong,Binh Thanh,10.819397,106.703814,11.1,60,light,clear,9.1,IoT_sensor,True
FLD02196,2023-08-23 23:20:48,Kha Van Can,Thu Duc,10.851548,106.755012,9.3,120,light,clear,10.2,IoT_sensor,True
FLD01727,2023-08-25 08:50:07,Hau Giang,Quan 6,10.747295,106.639011,23.9,90,moderate,slow,49.5,IoT_sensor,True
FLD00597,2023-08-25 11:01:55,Lam Van Ben,Quan 7,10.719101,106.685227,24.3,30,moderate,slow,20.7,traffic_camera,True
FLD01551,2023-08-25 20:30:18,Do Xuan Hop,Thu Duc,10.834862,106.784333,23.6,180,moderate,slow,54.0,IoT_sensor,True
FLD00268,2023-08-26 00:48:28,Tran Nao,Quan 2,10.785398,106.736168,10.2,60,light,clear,24.3,IoT_sensor,True
FLD00124,2023-08-26 03:47:35,Kha Van Can,Thu Duc,10.853423,106.752779,78.8,30,severe,blocked,146.1,IoT_sensor,False
FLD01816,2023-08-26 10:53:07,Tran Xuan Soan,Quan 7,10.751472,106.697605,5.0,120,light,clear,7.1,traffic_camera,True
FLD02208,2023-08-26 13:21:28,Pham The Hien,Quan 8,10.725967,106.682714,5.9,240,light,clear,6.2,user_report,True
FLD01950,2023-08-26 13:38:11,Le Van Viet,Thu Duc,10.846551,106.78751,5.0,60,light,clear,4.5,IoT_sensor,False
FLD00429,2023-08-26 16:53:50,Ta Quang Buu,Quan 8,10.74438,106.662613,18.9,120,moderate,slow,37.8,IoT_sensor,True
FLD01207,2023-08-26 17:48:03,Le Thi Rieng,Quan 12,10.859706,106.64928,24.2,30,moderate,slow,30.4,user_report,True
FLD00917,2023-08-26 21:24:11,Thoai Ngoc Hau,Tan Phu,10.785302,106.629567,5.0,30,light,clear,11.1,user_report,True
FLD01347,2023-08-26 22:11:18,Nguyen Van Khoi,Go Vap,10.829155,106.691833,18.8,180,moderate,slow,41.2,traffic_camera,True
FLD01777,2023-08-27 09:10:28,Huynh Tan Phat,Quan 7,10.729143,106.721963,15.3,240,moderate,slow,31.7,IoT_sensor,True
FLD01344,2023-08-27 09:20:09,Huynh Tan Phat,Quan 7,10.727084,106.722195,14.6,60,light,clear,33.2,IoT_sensor,True
FLD00190,2023-08-27 12:07:22,CMT8,Quan 3,10.780636,106.681651,19.9,240,moderate,slow,29.9,IoT_sensor,False
FLD00076,2023-08-27 13:26:59,Phan Huy Ich,Go Vap,10.827571,106.672313,40.0,30,severe,blocked,36.6,IoT_sensor,True
FLD02082,2023-08-27 17:46:13,Le Dinh Can,Binh Tan,10.766136,106.595887,23.1,60,moderate,slow,35.8,traffic_camera,False
FLD00373,2023-08-27 18:25:30,Tran Xuan Soan,Quan 7,10.751742,106.698422,5.0,30,light,clear,8.2,IoT_sensor,True
FLD01290,2023-08-28 00:32:22,Phan Huy Ich,Go Vap,10.83093,106.671079,5.0,30,light,clear,6.0,user_report,False
FLD00895,2023-08-28 01:57:48,Tan Ky Tan Quy,Binh Tan,10.787719,106.603339,26.6,90,moderate,slow,47.9,traffic_camera,True
FLD01750,2023-08-28 10:02:58,Le Thi Rieng,Quan 12,10.859754,106.64933,25.0,60,moderate,slow,31.3,user_report,True
FLD01278,2023-08-28 11:30:00,Binh Long,Tan Phu,10.799448,106.613515,15.1,60,moderate,slow,34.8,user_report,True
FLD00083,2023-08-28 15:05:00,Thoai Ngoc Hau,Tan Phu,10.786458,106.627832,13.0,30,light,clear,10.4,monitoring_station,True
FLD00131,2023-08-28 20:16:27,Kinh Duong Vuong,Quan 6,10.742972,106.614377,24.0,120,moderate,slow,49.8,user_report,True
FLD00095,2023-08-29 03:56:44,Xo Viet Nghe Tinh,Binh Thanh,10.80915,106.710349,18.6,240,moderate,slow,21.2,IoT_sensor,False
FLD01683,2023-08-29 12:10:28,Nguyen Trai,Quan 5,10.756898,106.665693,11.8,30,light,clear,26.2,traffic_camera,True
FLD01041,2023-08-29 16:55:38,Pham Van Dong,Binh Thanh,10.820375,106.702795,26.1,120,moderate,slow,24.6,monitoring_station,True
FLD02007,2023-08-30 01:42:53,Kha Van Can,Thu Duc,10.85236,106.756332,25.9,30,moderate,slow,61.5,user_report,True
FLD01491,2023-08-30 11:26:28,Ma Lo,Binh Tan,10.763307,106.612872,10.1,60,light,clear,25.1,monitoring_station,True
FLD01437,2023-08-30 21:49:22,Le Van Viet,Thu Duc,10.846053,106.788892,16.0,240,moderate,slow,21.6,IoT_sensor,True
FLD02400,2023-08-30 22:30:16,Nguyen Trai,Quan 5,10.756383,106.664416,29.4,60,moderate,slow,53.1,monitoring_station,False
FLD00281,2023-08-31 05:09:13,Kha Van Can,Thu Duc,10.852816,106.755025,10.5,180,light,clear,24.7,IoT_sensor,False
FLD01419,2023-08-31 05:16:15,Da Nam,Quan 8,10.740822,106.671562,14.1,90,light,clear,22.5,IoT_sensor,True
FLD00499,2023-08-31 11:55:06,Xo Viet Nghe Tinh,Binh Thanh,10.808902,106.713485,11.1,30,light,clear,18.9,IoT_sensor,True
FLD02240,2023-08-31 18:12:29,Pham The Hien,Quan 8,10.727754,106.683041,16.0,60,moderate,slow,13.8,monitoring_station,True
FLD00787,2023-09-01 00:45:45,Ba Thang Hai,Quan 10,10.775527,106.671483,41.2,120,severe,blocked,47.5,monitoring_station,True
FLD00927,2023-09-01 08:43:07,Quang Trung,Go Vap,10.838043,106.665008,23.7,90,moderate,slow,33.3,user_report,False
FLD00760,2023-09-01 15:18:22,Huynh Tan Phat,Quan 7,10.730462,106.723391,5.0,90,light,clear,11.6,traffic_camera,True
FLD02157,2023-09-01 15:54:48,Ta Quang Buu,Quan 8,10.74575,106.666155,19.9,60,moderate,slow,44.9,IoT_sensor,False
FLD01914,2023-09-01 16:53:04,Da Nam,Quan 8,10.742481,106.673568,16.8,120,moderate,slow,38.7,IoT_sensor,False
FLD00263,2023-09-01 19:54:27,Phan Huy Ich,Go Vap,10.828553,106.672174,28.2,60,moderate,slow,54.5,monitoring_station,True
FLD01145,2023-09-02 12:40:37,Tran Xuan Soan,Quan 7,10.750028,106.696606,16.5,90,moderate,slow,16.7,user_report,True
FLD00185,2023-09-02 22:41:18,Tan Ky Tan Quy,Binh Tan,10.79017,106.603904,8.1,30,light,clear,17.3,user_report,True
FLD00232,2023-09-03 03:40:01,Binh Long,Tan Phu,10.798895,106.616367,10.7,30,light,clear,13.4,user_report,True
FLD01257,2023-09-03 11:15:49,Vo Van Kiet,Quan 1,10.760556,106.69927,20.2,30,moderate,slow,23.8,IoT_sensor,True
FLD01448,2023-09-03 14:16:10,Binh Long,Tan Phu,10.799986,106.613885,8.5,30,light,clear,16.9,IoT_sensor,False
FLD01494,2023-09-03 16:42:47,Kha Van Can,Thu Duc,10.852027,106.75398,11.8,30,light,clear,10.7,monitoring_station,True
FLD01861,2023-09-03 19:45:31,CMT8,Quan 3,10.780511,106.680603,10.1,60,light,clear,18.5,user_report,True
FLD02020,2023-09-03 20:51:09,Do Xuan Hop,Thu Duc,10.833722,106.782653,10.0,120,light,clear,10.4,user_report,True
FLD00783,2023-09-04 01:21:06,Kha Van Can,Thu Duc,10.850667,106.756419,11.8,240,light,clear,16.0,IoT_sensor,True
FLD00476,2023-09-04 02:05:19,Nguyen Van Qua,Quan 12,10.853019,106.664086,29.2,90,moderate,slow,41.0,IoT_sensor,True
FLD00307,2023-09-04 16:53:42,Tam Binh,Thu Duc,10.860402,106.737763,30.8,90,severe,blocked,58.8,user_report,False
FLD01087,2023-09-04 21:38:33,CMT8,Quan 3,10.781002,106.679365,15.6,30,moderate,slow,29.4,user_report,True
FLD01516,2023-09-05 01:35:59,Ung Van Khiem,Binh Thanh,10.811832,106.711688,5.0,120,light,clear,10.5,user_report,True
FLD00010,2023-09-05 01:59:49,Kinh Duong Vuong,Quan 6,10.742145,106.615504,23.7,30,moderate,slow,48.1,IoT_sensor,True
FLD01131,2023-09-05 12:10:34,Ta Quang Buu,Quan 8,10.742697,106.662678,24.1,90,moderate,slow,44.3,monitoring_station,True
FLD01936,2023-09-05 13:01:32,Binh Long,Tan Phu,10.798176,106.614217,39.9,30,severe,blocked,53.3,user_report,True
FLD01074,2023-09-05 17:22:01,Pham The Hien,Quan 8,10.726616,106.685367,6.0,240,light,clear,14.2,traffic_camera,False
FLD00324,2023-09-05 19:14:40,Kinh Duong Vuong,Quan 6,10.74212,106.614476,15.8,30,moderate,slow,30.7,user_report,True
FLD02084,2023-09-06 07:19:36,Kha Van Can,Thu Duc,10.851207,106.754608,8.9,60,light,clear,18.3,IoT_sensor,True
FLD02002,2023-09-07 05:49:04,Kha Van Can,Thu Duc,10.853221,106.75486,16.6,120,moderate,slow,32.4,IoT_sensor,False
FLD01871,2023-09-07 10:18:30,Huynh Tan Phat,Quan 7,10.727519,106.720916,9.6,60,light,clear,21.0,user_report,True
FLD02336,2023-09-07 15:43:49,Ung Van Khiem,Binh Thanh,10.810267,106.711618,25.2,120,moderate,slow,62.4,user_report,False
FLD00894,2023-09-07 15:47:02,Nguyen Huu Canh,Binh Thanh,10.788198,106.722269,29.8,180,moderate,slow,60.1,IoT_sensor,False
FLD02085,2023-09-07 18:27:59,Le Van Luong,Quan 7,10.736679,106.705873,30.7,180,severe,blocked,47.1,user_report,True
FLD00623,2023-09-07 21:30:02,To Ky,Quan 12,10.866217,106.632336,31.6,60,severe,blocked,28.4,user_report,True
FLD00680,2023-09-08 05:51:37,Nguyen Anh Thu,Quan 12,10.876958,106.645248,24.5,30,moderate,slow,19.6,monitoring_station,True
FLD01456,2023-09-08 06:02:18,Tan Ky Tan Quy,Binh Tan,10.787008,106.602161,19.5,90,moderate,slow,26.9,monitoring_station,False
FLD01716,2023-09-08 11:40:54,An Duong Vuong,Quan 6,10.755141,106.646046,10.1,60,light,clear,12.6,traffic_camera,True
FLD01909,2023-09-08 17:45:37,Lam Van Ben,Quan 7,10.716928,106.683046,28.3,90,moderate,slow,38.3,user_report,False
FLD00996,2023-09-08 18:27:38,Nguyen Van Qua,Quan 12,10.853777,106.664152,10.8,90,light,clear,11.7,IoT_sensor,True
FLD00210,2023-09-08 19:59:59,Tran Nao,Quan 2,10.783285,106.735411,24.3,60,moderate,slow,27.2,IoT_sensor,False
FLD01897,2023-09-09 01:09:56,Le Dinh Can,Binh Tan,10.767694,106.595946,15.2,30,moderate,slow,33.5,monitoring_station,True
FLD00892,2023-09-09 05:07:51,Kha Van Can,Thu Duc,10.851865,106.753959,9.9,60,light,clear,24.1,user_report,True
FLD02178,2023-09-09 22:55:11,Nguyen Anh Thu,Quan 12,10.876109,106.645779,5.3,240,light,clear,6.2,traffic_camera,True
FLD01462,2023-09-10 06:11:14,Hoa Binh,Tan Phu,10.803113,106.621641,16.5,30,moderate,slow,19.0,IoT_sensor,False
FLD00337,2023-09-10 06:18:44,Ma Lo,Binh Tan,10.762516,106.61242,11.4,90,light,clear,24.4,IoT_sensor,True
FLD01176,2023-09-10 11:42:49,Pham The Hien,Quan 8,10.726056,106.683794,14.9,60,light,clear,27.3,user_report,False
FLD01655,2023-09-10 16:00:05,Le Dinh Can,Binh Tan,10.766111,106.594863,28.2,30,moderate,slow,51.4,IoT_sensor,False
FLD00689,2023-09-10 16:21:01,Kha Van Can,Thu Duc,10.851735,106.753244,23.6,60,moderate,slow,39.2,traffic_camera,True
FLD02330,2023-09-11 06:21:17,Kha Van Can,Thu Duc,10.851439,106.755673,14.5,240,light,clear,14.0,monitoring_station,True
FLD00357,2023-09-11 08:32:46,Ta Quang Buu,Quan 8,10.745663,106.664861,5.0,30,light,clear,7.0,IoT_sensor,True
FLD01345,2023-09-11 08:43:06,Le Dinh Can,Binh Tan,10.764569,106.596319,20.4,90,moderate,slow,19.9,user_report,True
FLD01129,2023-09-11 13:03:48,No Trang Long,Binh Thanh,10.817314,106.699125,23.6,90,moderate,slow,40.5,IoT_sensor,True
FLD01738,2023-09-11 13:39:59,Le Dinh Can,Binh Tan,10.765177,106.596973,6.4,30,light,clear,13.7,user_report,True
FLD01296,2023-09-11 16:31:58,Nguyen Huu Canh,Binh Thanh,10.787825,106.722178,9.6,90,light,clear,19.1,user_report,False
FLD02200,2023-09-11 23:31:46,Ma Lo,Binh Tan,10.761996,106.613418,20.7,30,moderate,slow,22.0,user_report,True
FLD00237,2023-09-12 06:27:16,Huynh Tan Phat,Quan 7,10.730463,106.724214,9.3,30,light,clear,10.6,IoT_sensor,False
FLD00647,2023-09-12 15:45:43,Phan Huy Ich,Go Vap,10.828965,106.671134,9.6,90,light,clear,19.4,monitoring_station,True
FLD02011,2023-09-12 18:45:09,Phan Huy Ich,Go Vap,10.827949,106.672291,10.6,30,light,clear,12.2,IoT_sensor,True
FLD01372,2023-09-13 04:49:31,Le Thi Rieng,Quan 12,10.861347,106.648978,5.0,180,light,clear,11.4,IoT_sensor,True
FLD01529,2023-09-13 13:26:52,Phan Huy Ich,Go Vap,10.830148,106.672009,15.1,60,moderate,slow,28.9,IoT_sensor,True
FLD01826,2023-09-13 15:24:49,Linh Dong,Thu Duc,10.866114,106.764405,19.8,180,moderate,slow,28.6,user_report,True
FLD01206,2023-09-13 16:05:57,Do Xuan Hop,Thu Duc,10.834199,106.782472,20.9,180,moderate,slow,39.1,IoT_sensor,True
FLD01923,2023-09-14 08:52:21,Le Van Luong,Quan 7,10.736528,106.707062,31.7,90,severe,blocked,35.9,IoT_sensor,False
FLD01774,2023-09-14 09:29:45,Xo Viet Nghe Tinh,Binh Thanh,10.807322,106.711646,8.2,90,light,clear,16.3,IoT_sensor,True
FLD00199,2023-09-14 12:46:19,Pham Van Dong,Binh Thanh,10.81956,106.701731,11.4,60,light,clear,25.7,user_report,True
FLD01552,2023-09-14 15:58:32,Nguyen Trai,Quan 5,10.756225,106.66318,18.9,120,moderate,slow,24.6,monitoring_station,True
FLD01376,2023-09-14 16:13:30,Nguyen Huu Canh,Binh Thanh,10.789003,106.722512,24.3,90,moderate,slow,27.2,IoT_sensor,True
FLD01400,2023-09-14 18:57:45,Pham The Hien,Quan 8,10.726316,106.68452,19.6,90,moderate,slow,46.3,traffic_camera,True
FLD00303,2023-09-15 00:52:07,Vo Van Kiet,Quan 1,10.763639,106.697047,16.2,60,moderate,slow,17.6,IoT_sensor,False
FLD01640,2023-09-15 01:32:54,Phan Huy Ich,Go Vap,10.827805,106.672473,10.1,90,light,clear,11.6,IoT_sensor,False
FLD01590,2023-09-15 06:13:27,Da Nam,Quan 8,10.739836,106.673964,8.1,30,light,clear,13.1,monitoring_station,False
FLD01175,2023-09-15 08:52:49,Nguyen Van Khoi,Go Vap,10.826847,106.694607,16.3,90,moderate,slow,24.7,monitoring_station,True
FLD00188,2023-09-15 13:18:29,Ma Lo,Binh Tan,10.765153,106.612487,10.0,60,light,clear,14.7,user_report,False
FLD00410,2023-09-16 19:59:49,Tran Nao,Quan 2,10.783026,106.734656,13.7,30,light,clear,33.1,IoT_sensor,True
FLD00225,2023-09-16 20:09:54,Vo Van Ngan,Thu Duc,10.850326,106.771576,19.5,90,moderate,slow,16.1,IoT_sensor,True
FLD00487,2023-09-16 20:19:39,To Ky,Quan 12,10.866386,106.632868,11.6,30,light,clear,15.6,user_report,True
FLD01159,2023-09-16 22:07:56,Kinh Duong Vuong,Quan 6,10.745485,106.614423,18.0,90,moderate,slow,29.5,IoT_sensor,True
FLD00585,2023-09-17 09:27:28,Da Nam,Quan 8,10.739699,106.672812,10.6,90,light,clear,24.4,IoT_sensor,True
FLD01779,2023-09-17 12:10:01,Do Xuan Hop,Thu Duc,10.834329,106.784483,18.9,60,moderate,slow,15.2,IoT_sensor,True
FLD01801,2023-09-17 16:14:41,Do Xuan Hop,Thu Duc,10.834162,106.78225,25.0,30,moderate,slow,50.0,IoT_sensor,True
FLD00460,2023-09-17 21:02:48,Phan Huy Ich,Go Vap,10.830683,106.672062,15.0,30,moderate,slow,33.8,user_report,True
FLD01430,2023-09-17 21:03:14,Nguyen Anh Thu,Quan 12,10.877087,106.645699,6.6,30,light,clear,14.0,IoT_sensor,True
FLD01737,2023-09-17 23:19:59,Ung Van Khiem,Binh Thanh,10.810143,106.710142,26.7,90,moderate,slow,40.9,IoT_sensor,True
FLD01728,2023-09-18 03:36:43,Le Thi Rieng,Quan 12,10.86335,106.646743,20.7,90,moderate,slow,25.3,monitoring_station,True
FLD01742,2023-09-18 16:08:09,Tran Xuan Soan,Quan 7,10.750623,106.700287,25.6,60,moderate,slow,55.4,IoT_sensor,True
FLD01045,2023-09-18 17:24:25,Tam Binh,Thu Duc,10.862584,106.737869,15.8,90,moderate,slow,16.0,user_report,True
FLD01307,2023-09-19 02:04:26,CMT8,Quan 3,10.782518,106.678547,13.3,30,light,clear,12.2,traffic_camera,True
FLD01346,2023-09-19 02:14:37,Le Van Viet,Thu Duc,10.843286,106.788871,23.7,90,moderate,slow,34.3,IoT_sensor,True
FLD02070,2023-09-19 07:24:20,Nguyen Huu Canh,Binh Thanh,10.78833,106.723474,18.1,180,moderate,slow,39.0,monitoring_station,False
FLD01280,2023-09-19 19:37:53,To Ky,Quan 12,10.868094,106.632667,10.3,60,light,clear,23.3,IoT_sensor,True
FLD00084,2023-09-20 05:55:25,Kinh Duong Vuong,Quan 6,10.744233,106.614413,26.4,60,moderate,slow,32.0,IoT_sensor,True
FLD01230,2023-09-20 09:43:21,Le Dinh Can,Binh Tan,10.768326,106.595761,14.5,240,light,clear,33.1,IoT_sensor,True
FLD00387,2023-09-20 20:38:18,No Trang Long,Binh Thanh,10.816853,106.697752,26.6,180,moderate,slow,41.3,user_report,True
FLD00708,2023-09-21 00:11:04,Pham Van Dong,Binh Thanh,10.819315,106.701637,10.2,90,light,clear,9.1,monitoring_station,False
FLD01769,2023-09-21 13:55:14,Huynh Tan Phat,Quan 7,10.728022,106.721166,5.5,90,light,clear,12.1,monitoring_station,True
FLD01003,2023-09-21 17:15:03,Vo Van Kiet,Quan 1,10.761846,106.70017,20.1,120,moderate,slow,16.9,monitoring_station,True
FLD00062,2023-09-21 17:42:12,Ung Van Khiem,Binh Thanh,10.811168,106.710461,13.6,30,light,clear,11.9,traffic_camera,True
FLD00939,2023-09-21 19:51:04,Linh Dong,Thu Duc,10.866396,106.764291,18.4,120,moderate,slow,17.6,traffic_camera,True
FLD02230,2023-09-21 23:47:54,Nguyen Huu Canh,Binh Thanh,10.786168,106.719766,9.3,30,light,clear,11.1,traffic_camera,True
FLD01526,2023-09-22 01:29:29,An Duong Vuong,Quan 6,10.755037,106.644675,26.3,120,moderate,slow,37.6,user_report,False
FLD01146,2023-09-22 02:57:50,Nguyen Van Khoi,Go Vap,10.830397,106.69317,17.0,90,moderate,slow,23.6,monitoring_station,True
FLD00182,2023-09-22 15:43:29,Nguyen Van Qua,Quan 12,10.856193,106.661484,30.6,90,severe,blocked,45.9,traffic_camera,True
FLD02123,2023-09-22 17:28:42,Huynh Tan Phat,Quan 7,10.726785,106.723211,8.5,60,light,clear,13.8,user_report,True
FLD01016,2023-09-22 17:46:44,Nguyen Van Khoi,Go Vap,10.828306,106.692971,38.9,90,severe,blocked,78.6,IoT_sensor,True
FLD00704,2023-09-23 14:26:16,Hoa Binh,Tan Phu,10.803848,106.621104,40.0,60,severe,blocked,57.8,user_report,True
FLD00509,2023-09-23 17:13:13,Xo Viet Nghe Tinh,Binh Thanh,10.808662,106.712899,11.3,30,light,clear,10.5,user_report,True
FLD02110,2023-09-24 00:07:26,Nguyen Huu Canh,Binh Thanh,10.788623,106.72197,21.2,60,moderate,slow,34.1,monitoring_station,True
FLD00519,2023-09-24 05:06:51,Pham The Hien,Quan 8,10.726726,106.68164,16.2,60,moderate,slow,20.5,monitoring_station,True
FLD00730,2023-09-24 09:53:51,To Ky,Quan 12,10.86663,106.632081,20.3,60,moderate,slow,47.2,user_report,True
FLD01328,2023-09-24 10:43:02,Nguyen Van Qua,Quan 12,10.855525,106.661013,29.8,30,moderate,slow,66.6,traffic_camera,True
FLD01439,2023-09-24 16:25:06,No Trang Long,Binh Thanh,10.814558,106.697126,8.5,30,light,clear,20.0,user_report,True
FLD01404,2023-09-25 02:22:26,Pham The Hien,Quan 8,10.727778,106.683566,5.7,30,light,clear,9.7,monitoring_station,True
FLD00172,2023-09-25 03:18:34,Linh Dong,Thu Duc,10.865507,106.764755,9.4,30,light,clear,13.8,user_report,True
FLD01007,2023-09-25 10:01:06,Quang Trung,Go Vap,10.837435,106.664885,31.7,60,severe,blocked,35.9,monitoring_station,True
FLD00427,2023-09-25 10:20:21,Quang Trung,Go Vap,10.838611,106.664933,18.2,120,moderate,slow,35.7,IoT_sensor,True
FLD02219,2023-09-25 17:50:19,Vo Van Kiet,Quan 1,10.761845,106.697211,23.7,60,moderate,slow,32.0,user_report,True
FLD01899,2023-09-25 18:16:31,Kinh Duong Vuong,Quan 6,10.744941,106.617373,18.4,120,moderate,slow,24.5,user_report,True
FLD02214,2023-09-25 23:00:32,Ung Van Khiem,Binh Thanh,10.812881,106.712428,21.9,240,moderate,slow,20.9,user_report,True
FLD02325,2023-09-26 01:12:15,Xo Viet Nghe Tinh,Binh Thanh,10.80929,106.711372,14.9,30,light,clear,34.3,monitoring_station,False
FLD01870,2023-09-26 01:54:22,Tran Nao,Quan 2,10.783108,106.735881,18.5,120,moderate,slow,30.1,monitoring_station,True
FLD02335,2023-09-26 02:47:12,Phan Huy Ich,Go Vap,10.830304,106.672608,29.3,60,moderate,slow,73.2,user_report,True
FLD00785,2023-09-26 08:34:47,Tam Binh,Thu Duc,10.86379,106.738208,5.0,30,light,clear,10.9,IoT_sensor,True
FLD01285,2023-09-26 09:56:21,Kha Van Can,Thu Duc,10.851873,106.75583,8.6,60,light,clear,17.6,user_report,True
FLD01297,2023-09-26 10:29:02,Thoai Ngoc Hau,Tan Phu,10.788282,106.628528,19.9,120,moderate,slow,23.2,IoT_sensor,True
FLD01124,2023-09-26 10:37:00,Xo Viet Nghe Tinh,Binh Thanh,10.805796,106.710398,5.0,180,light,clear,7.8,user_report,True
FLD01603,2023-09-26 21:46:37,Da Nam,Quan 8,10.742721,106.67501,5.0,60,light,clear,6.9,user_report,True
FLD02304,2023-09-27 02:38:44,Nguyen Van Qua,Quan 12,10.853069,106.664492,24.2,60,moderate,slow,26.7,traffic_camera,True
FLD02120,2023-09-27 19:28:11,Ma Lo,Binh Tan,10.762686,106.613256,23.9,120,moderate,slow,43.4,IoT_sensor,True
FLD00484,2023-09-27 19:38:44,Linh Dong,Thu Duc,10.866309,106.764756,8.3,90,light,clear,19.2,IoT_sensor,True
FLD01418,2023-09-27 20:20:28,Linh Dong,Thu Duc,10.863804,106.765911,14.7,90,light,clear,15.0,user_report,True
FLD00339,2023-09-28 13:07:39,Tran Nao,Quan 2,10.785046,106.73489,26.9,60,moderate,slow,63.5,user_report,True
FLD02078,2023-09-29 14:34:19,Thoai Ngoc Hau,Tan Phu,10.786475,106.6283,5.0,60,light,clear,11.6,IoT_sensor,False
FLD01982,2023-09-29 17:55:02,Kinh Duong Vuong,Quan 6,10.742956,106.61718,18.3,60,moderate,slow,31.2,monitoring_station,False
FLD00656,2023-09-30 02:32:42,Quang Trung,Go Vap,10.839526,106.665042,6.3,30,light,clear,13.6,IoT_sensor,True
FLD00933,2023-09-30 04:58:53,Lam Van Ben,Quan 7,10.719683,106.684515,18.2,60,moderate,slow,38.0,user_report,False
FLD01557,2023-09-30 09:20:19,Nguyen Thi Thap,Quan 7,10.740968,106.716782,26.8,120,moderate,slow,38.7,IoT_sensor,True
FLD00209,2023-09-30 23:23:23,Pham Van Dong,Binh Thanh,10.818522,106.703047,31.2,60,severe,blocked,54.0,IoT_sensor,True
FLD02109,2023-10-01 02:21:47,Kha Van Can,Thu Duc,10.850042,106.754685,6.3,60,light,clear,8.7,IoT_sensor,True
FLD02340,2023-10-01 04:51:07,Ma Lo,Binh Tan,10.762255,106.614041,15.3,60,moderate,slow,12.6,user_report,True
FLD02141,2023-10-01 04:54:01,Nguyen Anh Thu,Quan 12,10.877122,106.644667,6.0,30,light,clear,4.9,IoT_sensor,True
FLD01336,2023-10-01 07:44:12,Tran Xuan Soan,Quan 7,10.750879,106.698546,8.1,90,light,clear,18.9,user_report,True
FLD01166,2023-10-01 14:53:43,No Trang Long,Binh Thanh,10.816142,106.698585,39.8,180,severe,blocked,55.1,monitoring_station,True
FLD00002,2023-10-01 20:01:53,Ta Quang Buu,Quan 8,10.744718,106.662755,11.7,90,light,clear,18.2,monitoring_station,True
FLD01487,2023-10-02 02:34:55,Tran Xuan Soan,Quan 7,10.751483,106.700479,8.1,90,light,clear,9.9,IoT_sensor,False
FLD00222,2023-10-02 03:15:51,An Duong Vuong,Quan 6,10.75384,106.645883,19.4,30,moderate,slow,40.4,user_report,True
FLD00744,2023-10-02 05:58:31,To Ky,Quan 12,10.864993,106.632387,6.6,120,light,clear,8.4,user_report,True
FLD02217,2023-10-02 06:03:34,Xo Viet Nghe Tinh,Binh Thanh,10.806211,106.713397,38.3,30,severe,blocked,87.2,IoT_sensor,True
FLD02224,2023-10-02 16:00:18,Hau Giang,Quan 6,10.747918,106.638816,20.4,180,moderate,slow,24.7,monitoring_station,True
FLD00445,2023-10-03 12:58:36,Ta Quang Buu,Quan 8,10.744654,106.663237,8.7,90,light,clear,19.6,IoT_sensor,True
FLD00029,2023-10-03 23:15:47,Huynh Tan Phat,Quan 7,10.728878,106.721085,8.9,90,light,clear,8.7,monitoring_station,True
FLD00533,2023-10-04 03:14:29,Tran Nao,Quan 2,10.783417,106.737871,5.0,240,light,clear,5.5,IoT_sensor,True
FLD01266,2023-10-04 06:07:13,Kinh Duong Vuong,Quan 6,10.742095,106.617412,19.7,180,moderate,slow,43.8,user_report,True
FLD01758,2023-10-04 21:44:38,Vo Van Kiet,Quan 1,10.760942,106.699698,19.5,90,moderate,slow,44.7,IoT_sensor,True
FLD00782,2023-10-05 04:32:35,Kha Van Can,Thu Duc,10.852141,106.75329,5.5,30,light,clear,12.7,user_report,False
FLD00167,2023-10-05 06:46:25,Tran Nao,Quan 2,10.782984,106.7362,30.5,60,severe,blocked,59.2,user_report,False
FLD02190,2023-10-05 11:11:02,Pham Van Dong,Binh Thanh,10.820347,106.701711,19.0,30,moderate,slow,41.9,IoT_sensor,False
FLD00122,2023-10-05 12:33:01,Pham Van Dong,Binh Thanh,10.817375,106.703764,10.6,60,light,clear,19.0,IoT_sensor,True
FLD00872,2023-10-05 12:33:39,Nguyen Van Khoi,Go Vap,10.828688,106.694859,5.0,60,light,clear,5.8,IoT_sensor,True
FLD01066,2023-10-05 12:49:40,Tam Binh,Thu Duc,10.862908,106.738664,40.5,60,severe,blocked,44.9,user_report,True
FLD02344,2023-10-05 15:14:20,Huynh Tan Phat,Quan 7,10.72936,106.72062,30.6,30,severe,blocked,34.7,IoT_sensor,True
FLD01970,2023-10-06 02:16:56,Ung Van Khiem,Binh Thanh,10.812732,106.710364,6.1,30,light,clear,15.2,traffic_camera,True
FLD00535,2023-10-06 07:59:08,Nguyen Trai,Quan 5,10.754564,106.663445,15.1,90,moderate,slow,36.2,user_report,True
FLD01997,2023-10-06 15:50:54,Binh Long,Tan Phu,10.801424,106.615695,41.5,90,severe,blocked,94.9,traffic_camera,True
FLD01102,2023-10-06 16:49:41,Le Thi Rieng,Quan 12,10.861879,106.646663,14.7,30,light,clear,16.9,monitoring_station,True
FLD01901,2023-10-06 22:04:00,Le Van Luong,Quan 7,10.736178,106.703672,15.9,30,moderate,slow,20.4,monitoring_station,False
FLD01265,2023-10-06 23:49:23,Hoa Binh,Tan Phu,10.803669,106.621848,14.3,60,light,clear,28.6,IoT_sensor,True
FLD01627,2023-10-07 00:53:49,Da Nam,Quan 8,10.742105,106.673893,18.6,180,moderate,slow,41.3,IoT_sensor,False
FLD02174,2023-10-07 02:00:41,Da Nam,Quan 8,10.742969,106.671946,41.5,240,severe,blocked,93.7,monitoring_station,True
FLD00233,2023-10-07 19:51:10,An Duong Vuong,Quan 6,10.752656,106.644478,11.4,90,light,clear,26.6,IoT_sensor,True
FLD01564,2023-10-08 14:05:00,Hau Giang,Quan 6,10.744932,106.63886,9.1,60,light,clear,16.2,IoT_sensor,True
FLD01004,2023-10-08 15:36:24,Thoai Ngoc Hau,Tan Phu,10.784678,106.626944,29.8,60,moderate,slow,52.2,traffic_camera,True
FLD02005,2023-10-09 00:36:08,Le Thi Rieng,Quan 12,10.863461,106.646577,5.1,90,light,clear,12.1,user_report,True
FLD00241,2023-10-09 06:17:27,Nguyen Trai,Quan 5,10.755811,106.66451,9.7,180,light,clear,22.5,IoT_sensor,True
FLD01130,2023-10-09 19:37:25,Nguyen Thi Thap,Quan 7,10.74038,106.716247,28.6,60,moderate,slow,66.0,IoT_sensor,True
FLD02027,2023-10-10 03:50:25,Da Nam,Quan 8,10.740548,106.672234,6.1,90,light,clear,14.5,user_report,True
FLD01137,2023-10-10 04:30:48,Ba Thang Hai,Quan 10,10.773209,106.669938,24.3,60,moderate,slow,29.7,monitoring_station,False
FLD00418,2023-10-10 11:28:51,Pham Van Dong,Binh Thanh,10.817808,106.700854,9.0,60,light,clear,9.7,traffic_camera,False
FLD01800,2023-10-10 13:56:48,Phan Huy Ich,Go Vap,10.82879,106.673041,14.2,90,light,clear,24.2,user_report,False
FLD00350,2023-10-11 09:18:51,Ung Van Khiem,Binh Thanh,10.810735,106.708503,6.3,90,light,clear,12.7,user_report,False
FLD02398,2023-10-11 19:30:58,An Duong Vuong,Quan 6,10.754164,106.644089,5.0,60,light,clear,11.3,IoT_sensor,True
FLD01092,2023-10-11 21:07:24,Ung Van Khiem,Binh Thanh,10.81284,106.711343,30.0,60,severe,blocked,64.5,user_report,True
FLD02382,2023-10-12 03:58:38,Kinh Duong Vuong,Quan 6,10.742131,106.61591,5.5,30,light,clear,11.3,monitoring_station,False
FLD01369,2023-10-12 09:37:25,Ung Van Khiem,Binh Thanh,10.810722,106.710851,29.9,60,moderate,slow,42.3,IoT_sensor,True
FLD01881,2023-10-12 16:05:08,Vo Van Ngan,Thu Duc,10.851646,106.772287,28.4,60,moderate,slow,52.3,user_report,True
FLD00101,2023-10-12 19:08:08,Phan Huy Ich,Go Vap,10.827943,106.67151,8.2,60,light,clear,15.7,traffic_camera,True
FLD00329,2023-10-12 20:35:42,Le Van Luong,Quan 7,10.737689,106.707379,14.3,30,light,clear,17.5,IoT_sensor,False
FLD00717,2023-10-12 22:25:40,Nguyen Van Qua,Quan 12,10.855169,106.663487,21.0,60,moderate,slow,34.3,IoT_sensor,True
FLD00250,2023-10-13 01:47:46,Ma Lo,Binh Tan,10.762882,106.613636,9.5,30,light,clear,17.7,IoT_sensor,True
FLD01398,2023-10-13 02:42:05,Phan Huy Ich,Go Vap,10.827738,106.672381,5.0,90,light,clear,9.4,monitoring_station,True
FLD01906,2023-10-13 06:04:55,Ma Lo,Binh Tan,10.764039,106.61321,15.2,180,moderate,slow,27.2,traffic_camera,False
FLD01609,2023-10-13 14:11:45,No Trang Long,Binh Thanh,10.814174,106.698763,25.7,120,moderate,slow,42.4,IoT_sensor,True
FLD01030,2023-10-13 14:25:12,Tam Binh,Thu Duc,10.862485,106.738904,31.6,180,severe,blocked,65.9,IoT_sensor,False
FLD00096,2023-10-13 15:20:04,Tran Xuan Soan,Quan 7,10.752632,106.69878,26.5,60,moderate,slow,54.6,user_report,False
FLD02212,2023-10-14 04:22:38,Nguyen Thi Thap,Quan 7,10.739645,106.717217,5.0,30,light,clear,5.9,monitoring_station,False
FLD01696,2023-10-14 12:24:57,Phan Huy Ich,Go Vap,10.830503,106.670768,5.0,30,light,clear,4.9,IoT_sensor,True
FLD00839,2023-10-14 20:34:08,Da Nam,Quan 8,10.740385,106.674232,5.0,30,light,clear,9.7,monitoring_station,True
FLD00718,2023-10-14 23:59:32,CMT8,Quan 3,10.780566,106.680724,20.0,90,moderate,slow,41.1,IoT_sensor,True
FLD01118,2023-10-15 12:02:37,Nguyen Huu Canh,Binh Thanh,10.787586,106.72334,29.9,120,moderate,slow,53.0,IoT_sensor,False
FLD01006,2023-10-15 18:21:17,Linh Dong,Thu Duc,10.86648,106.763633,21.7,120,moderate,slow,51.6,monitoring_station,True
FLD01685,2023-10-15 19:01:14,Nguyen Thi Thap,Quan 7,10.741027,106.716884,10.6,30,light,clear,15.7,user_report,True
FLD00017,2023-10-15 21:09:26,Le Thi Rieng,Quan 12,10.863085,106.647061,9.3,60,light,clear,7.8,IoT_sensor,False
FLD00648,2023-10-15 22:53:41,Tam Binh,Thu Duc,10.862613,106.738698,10.1,120,light,clear,13.2,user_report,True
FLD00055,2023-10-16 06:32:38,Thoai Ngoc Hau,Tan Phu,10.785765,106.62965,10.3,90,light,clear,19.6,user_report,True
FLD01013,2023-10-16 12:16:38,Hau Giang,Quan 6,10.746937,106.64134,16.4,30,moderate,slow,30.4,user_report,False
FLD01876,2023-10-16 17:12:47,Phan Huy Ich,Go Vap,10.828818,106.671929,10.7,180,light,clear,22.9,IoT_sensor,True
FLD02042,2023-10-16 21:44:50,Ma Lo,Binh Tan,10.765304,106.612729,5.0,60,light,clear,9.1,user_report,True
FLD00347,2023-10-16 23:06:37,Tran Xuan Soan,Quan 7,10.750825,106.698317,5.7,60,light,clear,6.1,IoT_sensor,True
FLD00926,2023-10-17 04:42:55,Nguyen Trai,Quan 5,10.757812,106.662938,10.6,30,light,clear,12.3,user_report,True
FLD01675,2023-10-17 16:45:47,Ta Quang Buu,Quan 8,10.743801,106.665541,15.9,90,moderate,slow,22.6,IoT_sensor,True
FLD00286,2023-10-17 17:15:06,Huynh Tan Phat,Quan 7,10.729807,106.722681,5.6,240,light,clear,9.8,IoT_sensor,False
FLD01829,2023-10-17 20:37:32,Tam Binh,Thu Duc,10.861438,106.737603,5.0,60,light,clear,9.9,monitoring_station,False
FLD00851,2023-10-17 21:15:23,Huynh Tan Phat,Quan 7,10.730466,106.723116,26.2,120,moderate,slow,45.5,IoT_sensor,True
FLD00515,2023-10-17 22:18:50,Nguyen Van Qua,Quan 12,10.852712,106.661861,9.1,60,light,clear,11.5,IoT_sensor,True
FLD00659,2023-10-18 02:06:02,Hau Giang,Quan 6,10.745738,106.638497,26.3,180,moderate,slow,65.4,IoT_sensor,True
FLD01809,2023-10-18 13:24:09,Quang Trung,Go Vap,10.836173,106.664503,9.9,90,light,clear,15.7,user_report,True
FLD00523,2023-10-18 15:46:05,Do Xuan Hop,Thu Duc,10.833212,106.781169,14.4,60,light,clear,18.8,IoT_sensor,True
FLD01260,2023-10-18 16:51:12,Le Thi Rieng,Quan 12,10.862287,106.648566,13.9,90,light,clear,18.8,IoT_sensor,True
FLD01833,2023-10-18 16:55:10,Nguyen Van Qua,Quan 12,10.854283,106.663676,59.0,120,severe,blocked,60.3,IoT_sensor,False
FLD01973,2023-10-19 05:03:58,Le Thi Rieng,Quan 12,10.860042,106.647819,8.1,90,light,clear,19.3,user_report,True
FLD02117,2023-10-19 09:37:24,Ta Quang Buu,Quan 8,10.745748,106.664376,15.3,60,moderate,slow,20.5,IoT_sensor,True
FLD00616,2023-10-19 15:11:30,Da Nam,Quan 8,10.74066,106.675386,6.8,60,light,clear,12.4,user_report,True
FLD01798,2023-10-19 18:06:25,Phan Huy Ich,Go Vap,10.828201,106.671602,5.0,30,light,clear,10.8,user_report,False
FLD01383,2023-10-20 02:19:15,Kha Van Can,Thu Duc,10.852846,106.755264,5.7,90,light,clear,8.9,monitoring_station,True
FLD02136,2023-10-20 17:25:21,Tan Ky Tan Quy,Binh Tan,10.788775,106.604044,5.0,90,light,clear,10.1,IoT_sensor,False
FLD02052,2023-10-20 17:49:36,Huynh Tan Phat,Quan 7,10.73024,106.722772,16.1,120,moderate,slow,30.2,user_report,True
FLD01722,2023-10-20 19:56:39,Le Dinh Can,Binh Tan,10.767684,106.598212,5.4,240,light,clear,13.5,IoT_sensor,True
FLD00215,2023-10-21 01:51:53,To Ky,Quan 12,10.867347,106.629911,5.0,90,light,clear,10.6,user_report,False
FLD01847,2023-10-21 03:25:38,Lam Van Ben,Quan 7,10.71656,106.683133,5.8,60,light,clear,5.7,user_report,True
FLD00696,2023-10-21 04:09:25,Ma Lo,Binh Tan,10.764853,106.611799,11.5,30,light,clear,23.0,IoT_sensor,True
FLD01668,2023-10-21 04:22:56,Da Nam,Quan 8,10.740889,106.67492,24.7,180,moderate,slow,56.1,IoT_sensor,True
FLD01865,2023-10-21 05:43:40,No Trang Long,Binh Thanh,10.815223,106.697861,8.1,90,light,clear,15.4,IoT_sensor,True
FLD01964,2023-10-22 04:00:06,Hoa Binh,Tan Phu,10.806072,106.62292,20.5,60,moderate,slow,31.1,traffic_camera,True
FLD00549,2023-10-22 06:18:14,Tran Xuan Soan,Quan 7,10.749713,106.698881,5.0,90,light,clear,5.6,user_report,False
FLD00393,2023-10-22 12:08:06,Vo Van Kiet,Quan 1,10.761413,106.698869,5.0,60,light,clear,10.0,IoT_sensor,False
FLD01198,2023-10-22 17:53:16,Tam Binh,Thu Duc,10.862951,106.737049,15.5,60,moderate,slow,38.5,IoT_sensor,False
FLD02185,2023-10-22 21:17:09,Vo Van Ngan,Thu Duc,10.849377,106.772907,10.9,30,light,clear,14.5,IoT_sensor,False
FLD01151,2023-10-23 01:24:41,Nguyen Trai,Quan 5,10.757219,106.662808,20.7,90,moderate,slow,35.6,monitoring_station,True
FLD01454,2023-10-23 13:21:12,Pham The Hien,Quan 8,10.728261,106.68347,19.4,30,moderate,slow,42.8,monitoring_station,True
FLD01313,2023-10-23 14:34:14,Nguyen Huu Canh,Binh Thanh,10.787301,106.722638,20.6,30,moderate,slow,32.4,IoT_sensor,False
FLD01022,2023-10-23 21:34:52,Ba Thang Hai,Quan 10,10.77635,106.670288,5.3,30,light,clear,8.7,IoT_sensor,True
FLD01293,2023-10-24 02:32:22,Ung Van Khiem,Binh Thanh,10.810306,106.71012,16.1,90,moderate,slow,39.5,traffic_camera,False
FLD01020,2023-10-24 10:55:12,Kha Van Can,Thu Duc,10.853435,106.755515,16.1,30,moderate,slow,15.6,IoT_sensor,True
FLD01772,2023-10-24 17:14:13,Vo Van Ngan,Thu Duc,10.852053,106.772877,25.3,30,moderate,slow,29.9,user_report,True
FLD01837,2023-10-25 02:06:03,Thoai Ngoc Hau,Tan Phu,10.788439,106.628499,8.7,60,light,clear,12.9,monitoring_station,True
FLD01933,2023-10-25 09:29:43,Nguyen Van Khoi,Go Vap,10.827652,106.693949,23.4,120,moderate,slow,38.3,monitoring_station,True
FLD01311,2023-10-25 13:28:28,Tran Xuan Soan,Quan 7,10.75246,106.699197,8.7,60,light,clear,13.0,monitoring_station,True
FLD00070,2023-10-25 17:41:55,Vo Van Kiet,Quan 1,10.762722,106.699708,59.9,240,severe,blocked,128.7,IoT_sensor,True
FLD00693,2023-10-25 21:08:24,Vo Van Kiet,Quan 1,10.763853,106.698764,23.9,60,moderate,slow,36.2,IoT_sensor,True
FLD02194,2023-10-26 05:54:04,Tran Xuan Soan,Quan 7,10.751155,106.699069,11.0,30,light,clear,12.7,user_report,False
FLD01250,2023-10-26 07:42:18,Pham The Hien,Quan 8,10.727397,106.681702,10.1,60,light,clear,12.2,monitoring_station,True
FLD00797,2023-10-26 08:41:22,Vo Van Ngan,Thu Duc,10.848523,106.770462,5.0,60,light,clear,9.5,user_report,True
FLD01117,2023-10-26 12:20:42,Thoai Ngoc Hau,Tan Phu,10.786052,106.629444,5.8,60,light,clear,6.3,monitoring_station,True
FLD01761,2023-10-26 19:54:01,Le Thi Rieng,Quan 12,10.862538,106.64686,9.0,120,light,clear,22.0,IoT_sensor,False
FLD01824,2023-10-27 05:38:35,An Duong Vuong,Quan 6,10.754426,106.645346,19.7,30,moderate,slow,39.9,traffic_camera,True
FLD00142,2023-10-28 03:39:46,Le Thi Rieng,Quan 12,10.860273,106.646913,49.5,60,severe,blocked,50.4,user_report,True
FLD01678,2023-10-28 05:06:26,Hau Giang,Quan 6,10.747899,106.638327,5.0,90,light,clear,6.0,user_report,True
FLD00706,2023-10-28 20:49:48,Nguyen Van Qua,Quan 12,10.8545,106.661813,21.1,180,moderate,slow,32.4,monitoring_station,True
FLD01287,2023-10-28 20:51:59,Huynh Tan Phat,Quan 7,10.727368,106.720951,24.3,60,moderate,slow,59.6,monitoring_station,False
FLD00446,2023-10-29 03:25:35,Phan Huy Ich,Go Vap,10.827672,106.672761,5.0,90,light,clear,5.5,IoT_sensor,False
FLD02319,2023-10-29 09:27:27,Tran Xuan Soan,Quan 7,10.750363,106.698396,10.2,60,light,clear,24.3,monitoring_station,True
FLD00438,2023-10-30 05:32:48,Nguyen Van Khoi,Go Vap,10.827243,106.692264,9.4,90,light,clear,9.0,user_report,True
FLD00279,2023-10-30 09:29:40,Le Dinh Can,Binh Tan,10.76635,106.596179,8.2,180,light,clear,14.0,traffic_camera,True
FLD00396,2023-10-30 22:53:22,Ma Lo,Binh Tan,10.762238,106.615393,40.5,60,severe,blocked,67.1,user_report,False
FLD01493,2023-10-31 02:34:51,Vo Van Ngan,Thu Duc,10.850093,106.77334,9.2,60,light,clear,19.5,IoT_sensor,True
FLD01187,2023-10-31 06:50:54,Xo Viet Nghe Tinh,Binh Thanh,10.808993,106.711422,31.3,120,severe,blocked,53.3,user_report,False
FLD00219,2023-11-02 01:47:02,Tan Ky Tan Quy,Binh Tan,10.787749,106.604378,23.3,90,moderate,slow,37.4,monitoring_station,True
FLD01075,2023-11-02 11:37:48,Ta Quang Buu,Quan 8,10.744124,106.664793,14.6,30,light,clear,29.1,user_report,True
FLD00829,2023-11-03 03:51:01,Lam Van Ben,Quan 7,10.720125,106.686311,23.5,90,moderate,slow,41.7,user_report,True
FLD01382,2023-11-03 09:24:52,Phan Huy Ich,Go Vap,10.829228,106.671404,5.0,60,light,clear,11.2,IoT_sensor,True
FLD02342,2023-11-03 11:22:45,Le Thi Rieng,Quan 12,10.861659,106.647538,15.9,60,moderate,slow,30.4,monitoring_station,True
FLD01399,2023-11-03 14:18:09,Kinh Duong Vuong,Quan 6,10.744489,106.617328,25.6,180,moderate,slow,36.4,monitoring_station,True
FLD01908,2023-11-03 17:55:50,Phan Huy Ich,Go Vap,10.82762,106.673406,9.5,60,light,clear,19.6,user_report,False
FLD02000,2023-11-04 08:19:49,Tam Binh,Thu Duc,10.861697,106.736905,27.0,60,moderate,slow,56.6,monitoring_station,False
FLD02378,2023-11-04 08:22:59,Le Van Viet,Thu Duc,10.846928,106.790616,5.0,60,light,clear,7.5,traffic_camera,True
FLD00953,2023-11-04 15:20:51,Kinh Duong Vuong,Quan 6,10.743836,106.614946,40.1,30,severe,blocked,74.5,IoT_sensor,True
FLD00639,2023-11-05 01:20:53,Nguyen Van Khoi,Go Vap,10.829539,106.694512,11.8,240,light,clear,10.2,traffic_camera,True
FLD01390,2023-11-05 01:30:32,Vo Van Kiet,Quan 1,10.762537,106.69949,30.7,30,severe,blocked,38.0,IoT_sensor,True
FLD01979,2023-11-05 02:36:01,Binh Long,Tan Phu,10.799285,106.614978,14.7,120,light,clear,27.3,user_report,True
FLD01157,2023-11-05 02:46:45,Nguyen Trai,Quan 5,10.754834,106.662571,5.0,60,light,clear,12.2,IoT_sensor,True
FLD00662,2023-11-05 04:15:04,Da Nam,Quan 8,10.740735,106.671558,5.0,90,light,clear,4.6,user_report,True
FLD01547,2023-11-05 06:21:28,Binh Long,Tan Phu,10.800322,106.615852,17.0,90,moderate,slow,25.1,user_report,True
FLD01638,2023-11-05 10:03:35,Linh Dong,Thu Duc,10.866329,106.767081,25.2,180,moderate,slow,35.5,monitoring_station,True
FLD02077,2023-11-05 12:17:34,Do Xuan Hop,Thu Duc,10.834283,106.784281,24.1,90,moderate,slow,36.4,IoT_sensor,True
FLD01134,2023-11-05 12:26:51,Nguyen Huu Canh,Binh Thanh,10.786037,106.721169,20.3,60,moderate,slow,25.1,IoT_sensor,True
FLD00162,2023-11-05 12:47:59,Ung Van Khiem,Binh Thanh,10.811751,106.712283,21.5,180,moderate,slow,20.5,IoT_sensor,True
FLD01191,2023-11-05 15:15:37,Kha Van Can,Thu Duc,10.850178,106.756447,23.1,90,moderate,slow,29.5,IoT_sensor,True
FLD01242,2023-11-05 21:20:48,Tran Xuan Soan,Quan 7,10.751976,106.699958,15.8,180,moderate,slow,18.7,user_report,True
FLD01540,2023-11-05 21:38:58,Le Van Luong,Quan 7,10.735,106.705946,29.8,120,moderate,slow,46.1,IoT_sensor,True
FLD01110,2023-11-06 00:20:11,Kha Van Can,Thu Duc,10.850924,106.754287,9.3,60,light,clear,13.3,IoT_sensor,True
FLD00245,2023-11-06 08:56:20,Huynh Tan Phat,Quan 7,10.727793,106.722851,10.7,30,light,clear,24.8,traffic_camera,True
FLD01545,2023-11-06 09:19:23,Le Thi Rieng,Quan 12,10.862198,106.646556,6.7,60,light,clear,10.6,IoT_sensor,True
FLD00742,2023-11-07 02:09:22,Pham Van Dong,Binh Thanh,10.818329,106.703142,15.7,30,moderate,slow,36.4,IoT_sensor,True
FLD00380,2023-11-07 19:02:09,Le Thi Rieng,Quan 12,10.862901,106.649943,5.0,30,light,clear,10.7,user_report,True
FLD00488,2023-11-07 19:49:31,Ba Thang Hai,Quan 10,10.774576,106.671114,8.6,90,light,clear,9.8,user_report,False
FLD01436,2023-11-08 13:37:47,Ma Lo,Binh Tan,10.763889,106.613705,11.8,30,light,clear,10.7,user_report,True
FLD00546,2023-11-08 15:13:08,Le Dinh Can,Binh Tan,10.765796,106.59776,18.9,30,moderate,slow,27.6,user_report,False
FLD00081,2023-11-08 17:47:10,Hau Giang,Quan 6,10.744762,106.63932,13.1,240,light,clear,11.4,IoT_sensor,True
FLD01391,2023-11-08 19:45:29,Vo Van Kiet,Quan 1,10.761459,106.699164,8.4,30,light,clear,14.6,IoT_sensor,False
FLD00726,2023-11-08 20:33:05,Nguyen Huu Canh,Binh Thanh,10.786687,106.719992,5.0,240,light,clear,4.4,user_report,True
FLD00157,2023-11-09 05:33:13,Le Thi Rieng,Quan 12,10.862869,106.650274,48.4,120,severe,blocked,107.0,user_report,False
FLD01763,2023-11-09 12:58:23,Ba Thang Hai,Quan 10,10.776363,106.671117,11.7,30,light,clear,11.3,traffic_camera,True
FLD00204,2023-11-09 21:38:18,Nguyen Van Khoi,Go Vap,10.826881,106.691502,14.9,240,light,clear,16.5,user_report,True
FLD01732,2023-11-10 02:28:53,Hoa Binh,Tan Phu,10.802639,106.620642,25.1,30,moderate,slow,40.7,user_report,True
FLD00020,2023-11-10 03:42:49,Nguyen Van Khoi,Go Vap,10.830067,106.694494,11.7,30,light,clear,18.0,IoT_sensor,False
FLD00082,2023-11-10 18:45:11,Huynh Tan Phat,Quan 7,10.727328,106.721708,8.2,30,light,clear,7.4,IoT_sensor,True
FLD02043,2023-11-10 19:02:54,Tan Ky Tan Quy,Binh Tan,10.789846,106.602412,28.4,30,moderate,slow,67.1,IoT_sensor,True
FLD01705,2023-11-11 02:23:33,Nguyen Van Khoi,Go Vap,10.830077,106.694443,14.7,60,light,clear,15.8,IoT_sensor,True
FLD01618,2023-11-11 05:03:23,Nguyen Van Qua,Quan 12,10.853078,106.661577,42.0,120,severe,blocked,71.3,user_report,True
FLD01469,2023-11-11 05:09:57,Nguyen Van Khoi,Go Vap,10.829048,106.693691,15.7,90,moderate,slow,28.1,IoT_sensor,True
FLD01562,2023-11-11 16:34:07,Tran Nao,Quan 2,10.783027,106.736248,8.5,30,light,clear,9.8,IoT_sensor,False
FLD00360,2023-11-12 03:05:45,Linh Dong,Thu Duc,10.863788,106.767093,5.0,30,light,clear,6.4,traffic_camera,True
FLD00436,2023-11-12 08:53:44,Kinh Duong Vuong,Quan 6,10.745192,106.614329,15.6,60,moderate,slow,35.5,IoT_sensor,True
FLD00467,2023-11-12 15:18:08,Tran Nao,Quan 2,10.781923,106.736958,6.5,30,light,clear,7.5,IoT_sensor,False
FLD00057,2023-11-13 07:51:16,CMT8,Quan 3,10.782868,106.678722,24.3,120,moderate,slow,24.2,user_report,True
FLD01301,2023-11-13 09:10:38,Kha Van Can,Thu Duc,10.850905,106.755871,5.0,90,light,clear,4.5,user_report,True
FLD01810,2023-11-13 09:31:46,Da Nam,Quan 8,10.743347,106.672396,9.1,90,light,clear,13.9,IoT_sensor,True
FLD00392,2023-11-13 16:20:51,Le Thi Rieng,Quan 12,10.860114,106.64985,28.4,60,moderate,slow,43.6,user_report,True
FLD00740,2023-11-13 17:15:49,Le Van Luong,Quan 7,10.738034,106.704043,10.4,240,light,clear,15.8,monitoring_station,True
FLD02050,2023-11-13 21:44:33,Kha Van Can,Thu Duc,10.852816,106.754581,21.4,180,moderate,slow,44.3,traffic_camera,True
FLD00136,2023-11-14 07:50:03,Linh Dong,Thu Duc,10.866078,106.766085,10.3,90,light,clear,8.3,IoT_sensor,True
FLD00290,2023-11-14 14:31:32,Kha Van Can,Thu Duc,10.850905,106.756047,23.1,30,moderate,slow,27.6,user_report,True
FLD00980,2023-11-14 14:57:52,Hau Giang,Quan 6,10.747451,106.641019,26.1,180,moderate,slow,38.6,IoT_sensor,True
FLD01361,2023-11-14 20:36:27,Nguyen Thi Thap,Quan 7,10.739599,106.713709,20.1,60,moderate,slow,20.4,IoT_sensor,False
FLD00319,2023-11-15 07:22:55,Nguyen Trai,Quan 5,10.756986,106.664331,13.5,60,light,clear,32.2,user_report,True
FLD01825,2023-11-15 07:37:24,Thoai Ngoc Hau,Tan Phu,10.787828,106.630118,8.5,30,light,clear,17.7,IoT_sensor,True
FLD00033,2023-11-15 10:36:10,Ma Lo,Binh Tan,10.765111,106.615418,6.3,30,light,clear,6.1,traffic_camera,False
FLD01477,2023-11-15 11:30:07,To Ky,Quan 12,10.866556,106.632132,18.8,30,moderate,slow,28.9,IoT_sensor,True
FLD02329,2023-11-15 18:36:09,Huynh Tan Phat,Quan 7,10.726762,106.724288,5.9,90,light,clear,9.1,user_report,True
FLD01891,2023-11-16 19:13:37,Phan Huy Ich,Go Vap,10.83115,106.671562,18.1,30,moderate,slow,18.3,monitoring_station,True
FLD00821,2023-11-17 04:37:08,Linh Dong,Thu Duc,10.862557,106.764364,25.2,30,moderate,slow,29.8,IoT_sensor,True
FLD00778,2023-11-17 13:36:01,Nguyen Huu Canh,Binh Thanh,10.789561,106.721318,31.0,90,severe,blocked,56.3,traffic_camera,True
FLD01972,2023-11-18 06:58:07,Le Thi Rieng,Quan 12,10.862613,106.647957,14.8,60,light,clear,18.2,traffic_camera,True
FLD02257,2023-11-18 14:04:21,To Ky,Quan 12,10.867969,106.63262,16.6,90,moderate,slow,17.8,user_report,True
FLD00461,2023-11-18 14:46:38,Nguyen Huu Canh,Binh Thanh,10.78774,106.721163,5.0,60,light,clear,4.3,IoT_sensor,True
FLD02390,2023-11-18 20:28:55,Linh Dong,Thu Duc,10.863641,106.767043,29.0,90,moderate,slow,61.1,user_report,False
FLD02006,2023-11-18 23:50:42,Kha Van Can,Thu Duc,10.84953,106.755963,8.3,60,light,clear,18.2,monitoring_station,False
FLD00542,2023-11-19 03:20:03,Huynh Tan Phat,Quan 7,10.72805,106.721954,20.3,60,moderate,slow,23.9,user_report,True
FLD02159,2023-11-19 06:54:28,Vo Van Kiet,Quan 1,10.761358,106.696617,6.4,120,light,clear,11.8,user_report,True
FLD00860,2023-11-19 13:31:33,Kha Van Can,Thu Duc,10.852765,106.756143,24.8,30,moderate,slow,41.2,IoT_sensor,True
FLD01300,2023-11-19 15:45:42,Le Dinh Can,Binh Tan,10.764973,106.596207,26.3,60,moderate,slow,30.3,monitoring_station,True
FLD00028,2023-11-19 16:59:23,Tran Xuan Soan,Quan 7,10.752108,106.69997,21.5,90,moderate,slow,30.9,IoT_sensor,True
FLD02255,2023-11-20 01:12:22,Hau Giang,Quan 6,10.748319,106.640355,42.0,30,severe,blocked,84.0,traffic_camera,True
FLD00993,2023-11-20 01:40:50,Binh Long,Tan Phu,10.798053,106.613969,26.8,30,moderate,slow,41.4,IoT_sensor,False
FLD02297,2023-11-20 03:26:33,To Ky,Quan 12,10.867499,106.631562,21.7,90,moderate,slow,28.4,user_report,True
FLD01059,2023-11-20 06:35:51,Linh Dong,Thu Duc,10.863919,106.76693,10.2,90,light,clear,16.7,traffic_camera,False
FLD01318,2023-11-20 12:48:17,Hau Giang,Quan 6,10.745906,106.640637,42.0,120,severe,blocked,59.7,monitoring_station,True
FLD00876,2023-11-20 21:18:05,Ung Van Khiem,Binh Thanh,10.811192,106.709377,8.1,60,light,clear,7.3,user_report,True
FLD00365,2023-11-21 06:46:06,Kinh Duong Vuong,Quan 6,10.742263,106.616055,8.4,90,light,clear,10.7,IoT_sensor,True
FLD00335,2023-11-21 18:03:29,Tran Nao,Quan 2,10.782614,106.737336,6.0,60,light,clear,12.6,monitoring_station,True
FLD01495,2023-11-22 00:58:36,Huynh Tan Phat,Quan 7,10.726719,106.722499,10.3,30,light,clear,18.5,monitoring_station,True
FLD00666,2023-11-22 01:57:51,Xo Viet Nghe Tinh,Binh Thanh,10.807005,106.711823,13.4,90,light,clear,31.4,traffic_camera,True
FLD00318,2023-11-22 23:32:55,To Ky,Quan 12,10.866601,106.630771,40.6,60,severe,blocked,64.1,user_report,True
FLD02352,2023-11-23 02:15:01,Tam Binh,Thu Duc,10.860555,106.739748,16.3,30,moderate,slow,14.4,monitoring_station,False
FLD00464,2023-11-23 04:24:39,An Duong Vuong,Quan 6,10.754722,106.644947,16.8,90,moderate,slow,21.9,traffic_camera,False
FLD00149,2023-11-23 04:25:54,Tam Binh,Thu Duc,10.861498,106.736904,51.9,120,severe,blocked,94.0,IoT_sensor,False
FLD00811,2023-11-23 08:11:22,Tan Ky Tan Quy,Binh Tan,10.789139,106.604016,60.7,30,severe,blocked,114.9,traffic_camera,True
FLD00848,2023-11-23 13:36:33,CMT8,Quan 3,10.779965,106.67851,6.4,60,light,clear,14.8,user_report,True
FLD02356,2023-11-23 15:23:41,To Ky,Quan 12,10.865518,106.629626,10.8,90,light,clear,21.4,IoT_sensor,True
FLD01520,2023-11-23 15:42:59,Do Xuan Hop,Thu Duc,10.832174,106.782549,5.0,30,light,clear,10.1,IoT_sensor,True
FLD00282,2023-11-24 06:00:40,Nguyen Anh Thu,Quan 12,10.877009,106.64255,20.8,30,moderate,slow,37.3,traffic_camera,False
FLD01578,2023-11-24 13:35:47,Nguyen Anh Thu,Quan 12,10.879363,106.642696,41.5,90,severe,blocked,41.2,monitoring_station,False
FLD01339,2023-11-24 20:42:58,Nguyen Van Khoi,Go Vap,10.828731,106.692933,20.0,30,moderate,slow,30.9,IoT_sensor,False
FLD01327,2023-11-25 07:04:34,Tam Binh,Thu Duc,10.861726,106.738593,14.0,30,light,clear,26.2,IoT_sensor,True
FLD01875,2023-11-25 17:06:45,An Duong Vuong,Quan 6,10.754972,106.643643,18.2,60,moderate,slow,21.2,user_report,True
FLD01828,2023-11-26 12:00:18,Ta Quang Buu,Quan 8,10.743852,106.663518,13.4,90,light,clear,31.1,monitoring_station,False
FLD02028,2023-11-28 00:27:55,Vo Van Ngan,Thu Duc,10.851454,106.772768,11.5,60,light,clear,19.6,user_report,True
FLD00673,2023-11-28 09:08:49,Vo Van Ngan,Thu Duc,10.851733,106.773547,28.9,30,moderate,slow,29.7,IoT_sensor,True
FLD00155,2023-11-28 10:21:18,Pham Van Dong,Binh Thanh,10.819839,106.701123,28.2,180,moderate,slow,28.2,monitoring_station,True
FLD01394,2023-11-28 18:39:21,Nguyen Van Qua,Quan 12,10.854637,106.662007,16.0,120,moderate,slow,15.0,IoT_sensor,True
FLD00449,2023-11-29 01:16:02,Tam Binh,Thu Duc,10.86177,106.739514,5.0,60,light,clear,7.2,monitoring_station,False
FLD01121,2023-11-29 08:04:14,Le Van Viet,Thu Duc,10.845536,106.790975,23.6,60,moderate,slow,23.0,user_report,True
FLD02249,2023-11-29 11:21:01,Nguyen Van Khoi,Go Vap,10.828196,106.693428,20.9,30,moderate,slow,35.8,IoT_sensor,True
FLD00194,2023-11-29 23:22:36,An Duong Vuong,Quan 6,10.755042,106.645476,24.0,30,moderate,slow,58.3,IoT_sensor,True
FLD00447,2023-11-30 08:15:57,Huynh Tan Phat,Quan 7,10.72776,106.724109,9.8,30,light,clear,11.5,user_report,True
FLD01719,2023-11-30 09:02:40,Hau Giang,Quan 6,10.744942,106.638704,21.6,60,moderate,slow,29.0,user_report,False
FLD00772,2023-11-30 12:28:13,Nguyen Van Qua,Quan 12,10.856061,106.662882,19.5,120,moderate,slow,39.3,user_report,True
FLD00056,2023-11-30 21:06:53,Tran Xuan Soan,Quan 7,10.753184,106.698515,15.5,60,moderate,slow,31.8,user_report,False
FLD01879,2023-12-01 12:19:26,Le Thi Rieng,Quan 12,10.859505,106.646953,16.1,120,moderate,slow,20.2,IoT_sensor,True
FLD01832,2023-12-01 13:26:22,Lam Van Ben,Quan 7,10.717522,106.685385,9.8,30,light,clear,18.9,user_report,True
FLD01190,2023-12-01 14:07:12,Nguyen Trai,Quan 5,10.756959,106.663683,20.7,120,moderate,slow,34.1,IoT_sensor,True
FLD01236,2023-12-01 15:04:46,Quang Trung,Go Vap,10.836339,106.66566,18.3,240,moderate,slow,25.7,IoT_sensor,True
FLD00248,2023-12-02 01:01:51,Quang Trung,Go Vap,10.838622,106.662876,10.8,30,light,clear,20.6,IoT_sensor,True
FLD00952,2023-12-02 15:30:54,Linh Dong,Thu Duc,10.866275,106.76671,11.6,60,light,clear,24.9,user_report,True
FLD00126,2023-12-02 17:28:56,Nguyen Van Qua,Quan 12,10.852881,106.663411,15.7,90,moderate,slow,39.2,traffic_camera,True
FLD02207,2023-12-03 07:45:19,Le Van Viet,Thu Duc,10.845327,106.790636,16.5,30,moderate,slow,29.1,traffic_camera,True
FLD00234,2023-12-03 11:45:47,Hoa Binh,Tan Phu,10.805341,106.623354,11.0,30,light,clear,26.3,monitoring_station,True
FLD01983,2023-12-03 12:33:05,Thoai Ngoc Hau,Tan Phu,10.787496,106.627667,5.1,60,light,clear,6.1,user_report,True
FLD01598,2023-12-03 18:04:46,Ma Lo,Binh Tan,10.763129,106.612836,15.8,30,moderate,slow,29.9,IoT_sensor,True
FLD00018,2023-12-03 20:29:43,Nguyen Thi Thap,Quan 7,10.739931,106.717164,5.7,60,light,clear,11.6,user_report,False
FLD02158,2023-12-04 07:43:44,Huynh Tan Phat,Quan 7,10.727855,106.724131,13.4,120,light,clear,19.4,user_report,False
FLD00356,2023-12-04 10:42:34,Huynh Tan Phat,Quan 7,10.729098,106.724213,5.0,180,light,clear,11.8,monitoring_station,False
FLD00756,2023-12-04 20:57:05,Kha Van Can,Thu Duc,10.852591,106.754605,5.0,90,light,clear,7.2,user_report,False
FLD00745,2023-12-05 10:55:35,Nguyen Anh Thu,Quan 12,10.876167,106.644626,10.5,240,light,clear,16.6,IoT_sensor,True
FLD01575,2023-12-05 17:21:16,Le Thi Rieng,Quan 12,10.861449,106.649852,10.0,60,light,clear,15.8,monitoring_station,True
FLD02048,2023-12-06 02:41:23,Xo Viet Nghe Tinh,Binh Thanh,10.809488,106.710354,30.4,30,severe,blocked,35.5,traffic_camera,True
FLD00653,2023-12-06 04:53:21,Pham Van Dong,Binh Thanh,10.81935,106.701624,5.0,30,light,clear,9.2,user_report,True
FLD00534,2023-12-06 06:16:55,Thoai Ngoc Hau,Tan Phu,10.786134,106.628879,13.8,30,light,clear,30.2,user_report,False
FLD00759,2023-12-06 11:08:06,Lam Van Ben,Quan 7,10.71753,106.686395,6.4,90,light,clear,10.5,user_report,True
FLD00563,2023-12-06 15:03:07,Kinh Duong Vuong,Quan 6,10.74293,106.614605,5.0,30,light,clear,8.4,traffic_camera,True
FLD01723,2023-12-06 22:34:26,Lam Van Ben,Quan 7,10.717152,106.683575,5.0,30,light,clear,12.5,user_report,True
FLD00437,2023-12-07 12:21:31,Nguyen Thi Thap,Quan 7,10.741541,106.713644,16.3,30,moderate,slow,27.8,traffic_camera,True
FLD00699,2023-12-07 22:09:16,Le Van Viet,Thu Duc,10.846631,106.791464,16.9,60,moderate,slow,34.2,monitoring_station,False
FLD01589,2023-12-08 01:05:06,Kha Van Can,Thu Duc,10.850568,106.756451,40.6,90,severe,blocked,96.7,IoT_sensor,True
FLD01532,2023-12-08 01:32:30,Nguyen Trai,Quan 5,10.75705,106.663495,8.6,90,light,clear,19.5,IoT_sensor,True
FLD00989,2023-12-08 18:50:23,Hau Giang,Quan 6,10.748291,106.638456,8.7,30,light,clear,18.6,traffic_camera,True
FLD01926,2023-12-08 20:07:41,Le Thi Rieng,Quan 12,10.861001,106.647416,26.7,90,moderate,slow,28.1,user_report,True
FLD00382,2023-12-09 00:24:37,CMT8,Quan 3,10.780789,106.678528,16.9,30,moderate,slow,29.7,IoT_sensor,True
FLD00323,2023-12-09 01:01:54,Linh Dong,Thu Duc,10.866372,106.76373,11.7,30,light,clear,16.9,traffic_camera,True
FLD00817,2023-12-09 05:15:09,Tan Ky Tan Quy,Binh Tan,10.788037,106.603334,5.0,30,light,clear,8.9,traffic_camera,True
FLD01295,2023-12-09 05:26:26,Ma Lo,Binh Tan,10.765476,106.614588,13.9,90,light,clear,26.6,IoT_sensor,True
FLD00361,2023-12-09 06:47:54,Ma Lo,Binh Tan,10.765018,106.61339,39.2,30,severe,blocked,54.4,user_report,False
FLD00161,2023-12-09 07:18:49,Ung Van Khiem,Binh Thanh,10.812504,106.709307,5.0,30,light,clear,11.8,user_report,True
FLD00297,2023-12-09 07:34:43,An Duong Vuong,Quan 6,10.754095,106.644388,28.3,90,moderate,slow,52.2,user_report,True
FLD00508,2023-12-09 14:57:36,Nguyen Trai,Quan 5,10.755151,106.663957,23.1,90,moderate,slow,30.4,user_report,False
FLD01496,2023-12-09 15:36:18,Binh Long,Tan Phu,10.798482,106.616103,10.7,30,light,clear,22.0,IoT_sensor,True
FLD01120,2023-12-09 17:00:30,Tam Binh,Thu Duc,10.862623,106.739737,20.9,60,moderate,slow,21.4,IoT_sensor,False
FLD02267,2023-12-09 23:01:27,Tran Nao,Quan 2,10.781928,106.736335,40.3,90,severe,blocked,59.1,user_report,True
FLD00893,2023-12-10 07:05:40,Linh Dong,Thu Duc,10.865848,106.764181,8.0,120,light,clear,13.1,IoT_sensor,True
FLD01150,2023-12-10 07:21:58,Ung Van Khiem,Binh Thanh,10.811887,106.711221,11.3,60,light,clear,19.8,user_report,False
FLD00692,2023-12-10 13:12:05,Le Van Luong,Quan 7,10.736235,106.707132,5.0,30,light,clear,6.6,user_report,True
FLD01648,2023-12-10 14:43:52,Nguyen Trai,Quan 5,10.756608,106.662697,28.9,180,moderate,slow,52.3,IoT_sensor,True
FLD01086,2023-12-10 23:37:25,CMT8,Quan 3,10.782273,106.681758,20.2,120,moderate,slow,20.2,IoT_sensor,True
FLD02310,2023-12-11 19:04:59,Kha Van Can,Thu Duc,10.851514,106.753771,31.0,30,severe,blocked,62.3,IoT_sensor,True
FLD00775,2023-12-11 22:54:07,Da Nam,Quan 8,10.742783,106.672287,24.4,30,moderate,slow,42.8,traffic_camera,True
FLD00217,2023-12-11 23:45:45,Thoai Ngoc Hau,Tan Phu,10.787552,106.630381,11.7,30,light,clear,28.3,traffic_camera,True
FLD02394,2023-12-12 13:31:19,Nguyen Van Khoi,Go Vap,10.82711,106.694015,10.1,30,light,clear,24.7,user_report,True
FLD02107,2023-12-13 11:26:42,Hau Giang,Quan 6,10.74508,106.637834,51.0,60,severe,blocked,55.3,user_report,True
FLD00834,2023-12-13 12:09:23,Nguyen Trai,Quan 5,10.756986,106.664835,9.8,60,light,clear,23.9,user_report,False
FLD01543,2023-12-13 12:38:30,Nguyen Huu Canh,Binh Thanh,10.789547,106.721416,81.6,90,severe,blocked,192.8,IoT_sensor,False
FLD00843,2023-12-14 00:00:19,Lam Van Ben,Quan 7,10.718258,106.683985,25.2,60,moderate,slow,62.9,IoT_sensor,True
FLD00645,2023-12-14 05:27:58,Da Nam,Quan 8,10.742321,106.674821,15.4,120,moderate,slow,25.6,user_report,False
FLD01576,2023-12-14 07:45:34,Kinh Duong Vuong,Quan 6,10.744843,106.613734,11.7,30,light,clear,18.1,IoT_sensor,False
FLD01504,2023-12-14 22:04:47,Kha Van Can,Thu Duc,10.853411,106.753159,16.0,180,moderate,slow,37.3,IoT_sensor,True
FLD00553,2023-12-15 14:04:58,Vo Van Ngan,Thu Duc,10.849333,106.773248,5.0,180,light,clear,7.5,user_report,True
FLD02057,2023-12-15 22:42:09,Xo Viet Nghe Tinh,Binh Thanh,10.805859,106.713195,25.9,240,moderate,slow,34.5,user_report,True
FLD00857,2023-12-16 01:44:57,To Ky,Quan 12,10.864681,106.63166,19.7,120,moderate,slow,23.7,IoT_sensor,True
FLD01841,2023-12-16 04:42:19,Nguyen Trai,Quan 5,10.754707,106.662833,20.9,90,moderate,slow,49.0,IoT_sensor,True
FLD01155,2023-12-17 09:08:26,To Ky,Quan 12,10.86772,106.63321,15.6,60,moderate,slow,23.0,IoT_sensor,False
FLD00792,2023-12-17 12:10:47,Da Nam,Quan 8,10.741302,106.674162,12.0,60,light,clear,27.0,user_report,True
FLD01106,2023-12-17 22:35:44,Hau Giang,Quan 6,10.746285,106.638842,24.9,90,moderate,slow,51.4,user_report,True
FLD00587,2023-12-18 00:31:50,Tan Ky Tan Quy,Binh Tan,10.788014,106.601299,18.7,90,moderate,slow,24.6,traffic_camera,False
FLD01338,2023-12-18 08:36:43,Vo Van Kiet,Quan 1,10.762918,106.69803,6.2,180,light,clear,6.2,IoT_sensor,True
FLD02155,2023-12-18 17:58:24,Hoa Binh,Tan Phu,10.804655,106.62268,6.4,60,light,clear,15.2,user_report,False
FLD02253,2023-12-19 09:30:23,Tran Xuan Soan,Quan 7,10.750836,106.699834,28.2,60,moderate,slow,25.3,user_report,True
FLD00346,2023-12-19 10:21:08,An Duong Vuong,Quan 6,10.755126,106.644305,18.7,180,moderate,slow,23.1,IoT_sensor,True
FLD01315,2023-12-19 18:46:39,Le Dinh Can,Binh Tan,10.764563,106.598154,14.1,120,light,clear,33.4,user_report,True
FLD00955,2023-12-21 08:18:24,Le Thi Rieng,Quan 12,10.861208,106.648142,29.8,30,moderate,slow,57.3,monitoring_station,True
FLD00753,2023-12-21 10:58:12,Quang Trung,Go Vap,10.83742,106.665392,16.9,60,moderate,slow,24.9,IoT_sensor,True
FLD00737,2023-12-21 11:20:39,Nguyen Van Qua,Quan 12,10.85567,106.661552,10.8,90,light,clear,24.8,IoT_sensor,True
FLD01632,2023-12-21 21:23:01,Pham The Hien,Quan 8,10.728616,106.684303,26.5,180,moderate,slow,53.9,IoT_sensor,True
FLD00969,2023-12-22 01:33:17,Ung Van Khiem,Binh Thanh,10.812027,106.712201,13.2,120,light,clear,26.9,user_report,False
FLD01096,2023-12-22 01:51:14,Lam Van Ben,Quan 7,10.717165,106.6862,6.7,30,light,clear,5.4,IoT_sensor,False
FLD02392,2023-12-23 00:27:58,Kha Van Can,Thu Duc,10.850838,106.754007,79.0,90,severe,blocked,124.7,IoT_sensor,True
FLD00815,2023-12-23 04:58:08,Ung Van Khiem,Binh Thanh,10.811953,106.709029,29.4,90,moderate,slow,68.6,IoT_sensor,True
FLD02360,2023-12-23 06:12:07,Huynh Tan Phat,Quan 7,10.727528,106.723666,9.5,60,light,clear,23.4,monitoring_station,True
FLD02138,2023-12-23 10:12:18,Vo Van Kiet,Quan 1,10.762217,106.697525,18.5,30,moderate,slow,37.3,user_report,True
FLD00981,2023-12-23 10:32:39,Pham The Hien,Quan 8,10.725861,106.683772,21.8,30,moderate,slow,19.8,traffic_camera,True
FLD00063,2023-12-23 13:24:28,Tran Nao,Quan 2,10.784181,106.737552,13.3,30,light,clear,25.1,monitoring_station,True
FLD00727,2023-12-23 22:27:30,Ma Lo,Binh Tan,10.762535,106.614883,16.0,180,moderate,slow,37.9,IoT_sensor,True
FLD02380,2023-12-23 23:30:54,Tan Ky Tan Quy,Binh Tan,10.790336,106.600877,11.1,60,light,clear,10.5,user_report,False
FLD02132,2023-12-24 00:38:20,To Ky,Quan 12,10.865049,106.631933,40.1,60,severe,blocked,96.2,monitoring_station,True
FLD01977,2023-12-24 03:44:47,Thoai Ngoc Hau,Tan Phu,10.786818,106.62981,20.0,180,moderate,slow,17.4,IoT_sensor,False
FLD01105,2023-12-24 21:16:49,Tam Binh,Thu Duc,10.862195,106.736518,14.2,30,light,clear,17.2,monitoring_station,True
FLD00862,2023-12-25 05:41:54,Hau Giang,Quan 6,10.745906,106.641268,16.6,30,moderate,slow,23.1,IoT_sensor,True
FLD02281,2023-12-25 07:17:02,Vo Van Ngan,Thu Duc,10.850358,106.772064,9.6,60,light,clear,14.9,IoT_sensor,True
FLD01789,2023-12-26 05:56:04,Vo Van Ngan,Thu Duc,10.851978,106.773606,9.5,90,light,clear,10.1,IoT_sensor,True
FLD02285,2023-12-26 08:45:22,Ma Lo,Binh Tan,10.764651,106.612934,20.6,180,moderate,slow,19.2,user_report,True
FLD00456,2023-12-26 09:00:16,Tam Binh,Thu Duc,10.861223,106.74013,20.7,180,moderate,slow,39.7,IoT_sensor,True
FLD01051,2023-12-26 22:24:53,Le Thi Rieng,Quan 12,10.860129,106.650403,5.3,240,light,clear,4.5,monitoring_station,True
FLD01378,2023-12-26 22:34:52,Ba Thang Hai,Quan 10,10.774611,106.669327,21.2,90,moderate,slow,50.7,IoT_sensor,False
FLD01244,2023-12-27 00:51:42,Nguyen Thi Thap,Quan 7,10.742442,106.713981,20.4,30,moderate,slow,22.1,IoT_sensor,True
FLD02367,2023-12-27 01:41:57,Nguyen Van Khoi,Go Vap,10.830016,106.694956,11.3,60,light,clear,15.3,traffic_camera,False
FLD00912,2023-12-27 14:38:11,Ba Thang Hai,Quan 10,10.774215,106.672393,9.5,60,light,clear,17.9,IoT_sensor,False
FLD01534,2023-12-27 22:56:50,No Trang Long,Binh Thanh,10.816313,106.698271,5.0,60,light,clear,12.2,user_report,True
FLD00497,2023-12-27 22:57:20,To Ky,Quan 12,10.864662,106.631483,22.0,30,moderate,slow,28.0,traffic_camera,True
FLD01169,2023-12-28 11:28:27,Huynh Tan Phat,Quan 7,10.728235,106.724349,41.6,90,severe,blocked,67.3,IoT_sensor,False
FLD00781,2023-12-28 17:28:30,Vo Van Kiet,Quan 1,10.761416,106.69734,15.4,60,moderate,slow,35.9,user_report,True
FLD02321,2023-12-29 01:27:11,Ung Van Khiem,Binh Thanh,10.812476,106.711008,8.2,120,light,clear,15.2,user_report,True
FLD02241,2023-12-29 08:38:41,Phan Huy Ich,Go Vap,10.830713,106.671706,50.6,60,severe,blocked,119.0,user_report,True
FLD01326,2023-12-29 09:19:34,Le Van Luong,Quan 7,10.735937,106.706393,5.5,180,light,clear,12.8,user_report,False
FLD01299,2023-12-29 09:32:58,Nguyen Thi Thap,Quan 7,10.742884,106.716428,18.8,90,moderate,slow,23.4,IoT_sensor,True
FLD02387,2023-12-29 10:58:39,Do Xuan Hop,Thu Duc,10.833761,106.78418,20.9,90,moderate,slow,49.6,IoT_sensor,True
FLD02012,2023-12-29 11:29:18,Xo Viet Nghe Tinh,Binh Thanh,10.805726,106.71061,30.9,180,severe,blocked,43.1,user_report,True
FLD00383,2023-12-29 12:19:31,To Ky,Quan 12,10.867216,106.632526,8.8,30,light,clear,20.2,IoT_sensor,True
FLD00490,2023-12-30 00:33:54,Lam Van Ben,Quan 7,10.717985,106.682709,15.4,180,moderate,slow,35.2,IoT_sensor,True
FLD00166,2023-12-30 12:18:33,Tran Nao,Quan 2,10.784627,106.736213,16.6,60,moderate,slow,36.5,IoT_sensor,True
FLD00543,2023-12-30 17:24:20,Do Xuan Hop,Thu Duc,10.83428,106.782075,20.4,60,moderate,slow,45.6,monitoring_station,True
FLD01527,2023-12-30 18:40:11,Pham Van Dong,Binh Thanh,10.817174,106.702807,20.9,90,moderate,slow,47.3,monitoring_station,True
FLD01563,2023-12-30 19:34:49,Le Van Luong,Quan 7,10.736486,106.705767,51.0,90,severe,blocked,103.2,user_report,True
FLD00351,2023-12-30 21:43:39,Tran Nao,Quan 2,10.785164,106.735748,8.5,30,light,clear,7.8,IoT_sensor,True
FLD00691,2023-12-31 00:03:09,Pham Van Dong,Binh Thanh,10.818279,106.701364,8.6,60,light,clear,9.7,user_report,True
FLD01844,2023-12-31 07:28:12,Tran Nao,Quan 2,10.78195,106.737002,6.4,90,light,clear,7.7,IoT_sensor,True
FLD01857,2023-12-31 10:50:56,Lam Van Ben,Quan 7,10.717383,106.685126,5.0,60,light,clear,9.3,IoT_sensor,True
FLD01011,2023-12-31 18:30:25,Da Nam,Quan 8,10.741421,106.674367,14.6,90,light,clear,19.5,traffic_camera,True
FLD02009,2023-12-31 22:54:39,CMT8,Quan 3,10.781179,106.679985,50.7,240,severe,blocked,60.0,IoT_sensor,False
FLD00411,2023-12-31 23:11:15,Do Xuan Hop,Thu Duc,10.831599,106.78222,5.2,120,light,clear,6.8,IoT_sensor,True
FLD01616,2024-01-01 01:51:25,Tan Ky Tan Quy,Binh Tan,10.786587,106.601676,28.3,90,moderate,slow,24.5,user_report,True
FLD02266,2024-01-01 04:04:43,Vo Van Kiet,Quan 1,10.760648,106.697453,6.9,30,light,clear,8.4,user_report,True
FLD00191,2024-01-01 04:34:57,Lam Van Ben,Quan 7,10.719134,106.685818,51.5,60,severe,blocked,70.7,monitoring_station,True
FLD01947,2024-01-01 13:12:29,Nguyen Van Khoi,Go Vap,10.829207,106.694521,29.6,180,moderate,slow,44.9,monitoring_station,True
FLD00135,2024-01-01 17:56:27,Ma Lo,Binh Tan,10.763041,106.612583,14.0,60,light,clear,30.9,monitoring_station,True
FLD01915,2024-01-01 22:15:57,Kinh Duong Vuong,Quan 6,10.741949,106.616122,20.1,60,moderate,slow,24.0,IoT_sensor,True
FLD01802,2024-01-02 03:07:25,Nguyen Huu Canh,Binh Thanh,10.787744,106.723438,14.0,60,light,clear,30.8,user_report,True
FLD02040,2024-01-02 11:10:35,Lam Van Ben,Quan 7,10.718588,106.682637,18.2,90,moderate,slow,26.2,IoT_sensor,False
FLD01143,2024-01-02 12:40:41,Linh Dong,Thu Duc,10.865517,106.766884,11.6,180,light,clear,11.8,user_report,True
FLD01219,2024-01-02 13:23:24,Da Nam,Quan 8,10.740617,106.673304,15.2,180,moderate,slow,22.5,traffic_camera,True
FLD01799,2024-01-02 13:52:48,Hoa Binh,Tan Phu,10.803242,106.621688,61.1,60,severe,blocked,107.3,user_report,True
FLD01667,2024-01-02 16:53:42,Kha Van Can,Thu Duc,10.850112,106.753718,13.7,60,light,clear,21.0,traffic_camera,True
FLD02226,2024-01-02 18:50:29,Tran Xuan Soan,Quan 7,10.753333,106.69693,14.4,30,light,clear,33.0,IoT_sensor,True
FLD00576,2024-01-02 21:03:54,Kha Van Can,Thu Duc,10.849717,106.755965,15.1,90,moderate,slow,12.2,IoT_sensor,True
FLD00088,2024-01-02 21:10:10,Vo Van Kiet,Quan 1,10.761365,106.698156,59.4,120,severe,blocked,128.2,IoT_sensor,True
FLD00968,2024-01-02 22:04:38,Kha Van Can,Thu Duc,10.849607,106.75328,10.9,30,light,clear,22.0,monitoring_station,True
FLD00353,2024-01-03 07:31:34,Da Nam,Quan 8,10.742968,106.672959,60.7,90,severe,blocked,118.5,traffic_camera,True
FLD00624,2024-01-03 15:56:58,Phan Huy Ich,Go Vap,10.830843,106.672922,19.1,90,moderate,slow,22.6,user_report,True
FLD00236,2024-01-03 22:09:30,Tran Nao,Quan 2,10.782272,106.736014,5.0,30,light,clear,4.3,IoT_sensor,True
FLD00746,2024-01-04 10:25:12,To Ky,Quan 12,10.867857,106.63246,5.0,120,light,clear,9.4,IoT_sensor,True
FLD02252,2024-01-04 10:27:34,Hau Giang,Quan 6,10.745806,106.638236,25.8,30,moderate,slow,54.8,IoT_sensor,True
FLD00964,2024-01-04 14:21:23,Tan Ky Tan Quy,Binh Tan,10.789275,106.601043,8.5,90,light,clear,16.5,monitoring_station,False
FLD00731,2024-01-04 16:30:19,Huynh Tan Phat,Quan 7,10.729783,106.722907,15.5,60,moderate,slow,37.9,monitoring_station,False
FLD01645,2024-01-04 19:20:43,No Trang Long,Binh Thanh,10.814569,106.698984,25.1,30,moderate,slow,20.4,user_report,False
FLD02348,2024-01-04 20:00:31,Thoai Ngoc Hau,Tan Phu,10.78627,106.630286,25.1,30,moderate,slow,24.9,traffic_camera,False
FLD01980,2024-01-04 22:59:13,Le Dinh Can,Binh Tan,10.76626,106.596502,9.6,120,light,clear,22.3,user_report,True
FLD01095,2024-01-05 08:41:10,Pham Van Dong,Binh Thanh,10.818501,106.701113,5.0,30,light,clear,9.2,user_report,True
FLD01613,2024-01-05 09:25:07,Linh Dong,Thu Duc,10.863274,106.766704,18.2,30,moderate,slow,24.3,user_report,True
FLD00439,2024-01-05 20:19:28,Nguyen Thi Thap,Quan 7,10.741202,106.717336,6.5,30,light,clear,14.9,IoT_sensor,True
FLD00180,2024-01-05 20:19:33,Da Nam,Quan 8,10.739655,106.672332,11.3,30,light,clear,20.0,IoT_sensor,False
FLD00870,2024-01-05 21:21:12,Nguyen Anh Thu,Quan 12,10.87586,106.645273,23.6,120,moderate,slow,57.7,IoT_sensor,True
FLD00766,2024-01-06 00:53:30,Hau Giang,Quan 6,10.744996,106.641205,20.5,60,moderate,slow,23.7,IoT_sensor,True
FLD01294,2024-01-06 03:38:39,Le Van Viet,Thu Duc,10.844688,106.78961,18.7,90,moderate,slow,25.7,IoT_sensor,False
FLD02034,2024-01-06 05:23:37,Kha Van Can,Thu Duc,10.85033,106.75267,9.7,30,light,clear,13.1,IoT_sensor,True
FLD01583,2024-01-06 20:25:51,Nguyen Thi Thap,Quan 7,10.742333,106.713561,19.6,30,moderate,slow,40.3,IoT_sensor,True
FLD00389,2024-01-06 21:28:39,Le Thi Rieng,Quan 12,10.861156,106.648782,6.3,90,light,clear,9.2,monitoring_station,False
FLD01518,2024-01-06 21:37:55,Ma Lo,Binh Tan,10.765208,106.614,16.7,60,moderate,slow,22.0,monitoring_station,True
FLD00120,2024-01-07 00:26:19,Vo Van Kiet,Quan 1,10.763029,106.697836,16.7,120,moderate,slow,28.8,IoT_sensor,True
FLD01607,2024-01-07 00:37:02,Nguyen Trai,Quan 5,10.755704,106.666244,19.0,120,moderate,slow,19.4,user_report,True
FLD01898,2024-01-07 06:42:52,Le Van Luong,Quan 7,10.737228,106.703871,41.6,60,severe,blocked,53.5,user_report,True
FLD00054,2024-01-07 11:31:49,Hau Giang,Quan 6,10.744644,106.639174,19.6,60,moderate,slow,35.3,IoT_sensor,True
FLD00612,2024-01-08 01:13:06,Nguyen Thi Thap,Quan 7,10.741866,106.713905,21.5,60,moderate,slow,31.8,IoT_sensor,False
FLD01636,2024-01-08 05:46:51,Le Dinh Can,Binh Tan,10.76748,106.595371,6.0,60,light,clear,14.5,IoT_sensor,True
FLD01859,2024-01-08 07:39:06,An Duong Vuong,Quan 6,10.755885,106.645769,20.0,60,moderate,slow,39.8,traffic_camera,False
FLD01234,2024-01-08 11:19:57,Le Dinh Can,Binh Tan,10.766042,106.59658,28.7,120,moderate,slow,43.9,user_report,True
FLD01821,2024-01-08 22:20:17,Tran Nao,Quan 2,10.783167,106.736831,31.6,60,severe,blocked,29.1,traffic_camera,True
FLD01657,2024-01-09 03:02:11,Linh Dong,Thu Duc,10.864368,106.765392,13.1,30,light,clear,16.0,monitoring_station,False
FLD02396,2024-01-09 06:02:47,Ta Quang Buu,Quan 8,10.745564,106.663537,20.7,90,moderate,slow,36.6,monitoring_station,True
FLD02186,2024-01-09 07:32:07,Ma Lo,Binh Tan,10.763778,106.612348,20.3,90,moderate,slow,21.8,IoT_sensor,False
FLD02153,2024-01-09 12:37:36,Pham Van Dong,Binh Thanh,10.820075,106.703139,23.1,120,moderate,slow,47.4,IoT_sensor,True
FLD00284,2024-01-10 07:03:10,Nguyen Van Qua,Quan 12,10.855271,106.6606,10.2,60,light,clear,24.6,user_report,True
FLD02001,2024-01-10 12:36:50,Linh Dong,Thu Duc,10.866174,106.765098,26.5,60,moderate,slow,24.2,IoT_sensor,True
FLD00369,2024-01-10 21:59:43,Hau Giang,Quan 6,10.74455,106.639236,8.3,90,light,clear,7.8,IoT_sensor,True
FLD00668,2024-01-11 02:38:00,Da Nam,Quan 8,10.742004,106.671982,31.1,120,severe,blocked,62.1,monitoring_station,True
FLD00455,2024-01-11 03:35:53,Nguyen Huu Canh,Binh Thanh,10.786877,106.720793,5.0,30,light,clear,11.1,monitoring_station,True
FLD00789,2024-01-11 14:08:00,Huynh Tan Phat,Quan 7,10.726749,106.721582,8.9,30,light,clear,11.0,IoT_sensor,True
FLD00551,2024-01-11 23:13:08,Tran Nao,Quan 2,10.784359,106.735135,58.9,30,severe,blocked,71.5,monitoring_station,True
FLD00386,2024-01-12 18:52:31,Phan Huy Ich,Go Vap,10.829138,106.672711,9.2,240,light,clear,14.4,IoT_sensor,True
FLD00635,2024-01-13 01:35:44,Da Nam,Quan 8,10.742805,106.675487,25.2,240,moderate,slow,24.6,user_report,True
FLD01978,2024-01-13 03:12:54,Linh Dong,Thu Duc,10.86563,106.766945,23.7,240,moderate,slow,52.4,IoT_sensor,True
FLD00959,2024-01-13 08:25:27,Le Van Viet,Thu Duc,10.843431,106.789415,16.5,60,moderate,slow,13.3,user_report,True
FLD01528,2024-01-13 09:49:51,Le Dinh Can,Binh Tan,10.766204,106.595271,16.6,30,moderate,slow,37.7,IoT_sensor,False
FLD02115,2024-01-13 10:47:01,Le Van Viet,Thu Duc,10.844792,106.788646,5.4,120,light,clear,7.1,user_report,True
FLD01374,2024-01-14 00:03:15,Hau Giang,Quan 6,10.748098,106.638265,61.6,180,severe,blocked,106.1,IoT_sensor,True
FLD00836,2024-01-14 04:08:15,Nguyen Van Khoi,Go Vap,10.829622,106.694585,5.0,60,light,clear,5.6,IoT_sensor,True
FLD00111,2024-01-14 14:33:57,Xo Viet Nghe Tinh,Binh Thanh,10.805509,106.713473,26.2,30,moderate,slow,40.5,traffic_camera,True
FLD00545,2024-01-14 14:51:51,Tran Nao,Quan 2,10.783789,106.738018,25.0,60,moderate,slow,57.3,IoT_sensor,True
FLD00844,2024-01-15 01:39:32,Vo Van Ngan,Thu Duc,10.850118,106.7724,26.2,90,moderate,slow,34.3,monitoring_station,True
FLD02256,2024-01-15 08:31:56,Le Van Luong,Quan 7,10.736422,106.705028,9.0,180,light,clear,7.7,IoT_sensor,True
FLD01276,2024-01-15 10:19:43,Hoa Binh,Tan Phu,10.803433,106.623447,5.8,60,light,clear,14.1,user_report,False
FLD01028,2024-01-15 10:32:44,An Duong Vuong,Quan 6,10.753337,106.644657,24.0,60,moderate,slow,50.9,user_report,False
FLD02210,2024-01-15 13:36:37,Ung Van Khiem,Binh Thanh,10.81024,106.70966,29.9,90,moderate,slow,58.1,monitoring_station,True
FLD01813,2024-01-16 04:48:18,Vo Van Kiet,Quan 1,10.761065,106.698487,14.3,120,light,clear,16.3,user_report,True
FLD00909,2024-01-16 07:22:19,No Trang Long,Binh Thanh,10.813636,106.697096,15.2,60,moderate,slow,31.7,IoT_sensor,True
FLD00158,2024-01-16 19:53:08,Le Van Luong,Quan 7,10.736432,106.705326,25.2,60,moderate,slow,61.8,monitoring_station,True
FLD00213,2024-01-17 01:39:48,To Ky,Quan 12,10.86714,106.632399,5.0,180,light,clear,5.3,user_report,True
FLD02357,2024-01-17 10:36:55,Do Xuan Hop,Thu Duc,10.832621,106.781162,23.9,120,moderate,slow,35.8,monitoring_station,True
FLD01263,2024-01-17 12:56:49,Hoa Binh,Tan Phu,10.804236,106.621015,38.7,120,severe,blocked,84.4,user_report,True
FLD00174,2024-01-18 02:10:57,Huynh Tan Phat,Quan 7,10.728344,106.720825,32.0,90,severe,blocked,75.0,monitoring_station,False
FLD00366,2024-01-18 02:43:51,Ung Van Khiem,Binh Thanh,10.811966,106.710448,13.4,60,light,clear,27.1,IoT_sensor,True
FLD01395,2024-01-18 03:57:52,Vo Van Kiet,Quan 1,10.761524,106.697576,16.7,60,moderate,slow,21.9,IoT_sensor,True
FLD00177,2024-01-18 09:17:22,Hau Giang,Quan 6,10.748297,106.639112,10.2,60,light,clear,11.5,IoT_sensor,True
FLD01463,2024-01-18 11:22:13,Quang Trung,Go Vap,10.8394,106.66438,9.2,60,light,clear,22.9,IoT_sensor,True
FLD00168,2024-01-18 11:46:43,Pham Van Dong,Binh Thanh,10.817294,106.703007,15.9,60,moderate,slow,32.9,IoT_sensor,True
FLD00550,2024-01-18 11:58:11,Pham Van Dong,Binh Thanh,10.817411,106.703467,16.2,90,moderate,slow,31.0,monitoring_station,True
FLD00631,2024-01-19 02:59:11,Tam Binh,Thu Duc,10.86347,106.737992,16.6,30,moderate,slow,34.6,user_report,True
FLD02095,2024-01-19 10:33:42,Le Dinh Can,Binh Tan,10.767921,106.597618,49.0,120,severe,blocked,50.9,user_report,False
FLD00066,2024-01-19 13:06:14,Pham Van Dong,Binh Thanh,10.81773,106.702894,5.0,30,light,clear,11.9,IoT_sensor,True
FLD01401,2024-01-19 15:41:46,To Ky,Quan 12,10.867311,106.630134,29.3,120,moderate,slow,33.2,user_report,True
FLD01354,2024-01-19 16:59:41,Nguyen Huu Canh,Binh Thanh,10.788616,106.720045,19.6,30,moderate,slow,20.6,IoT_sensor,True
FLD01691,2024-01-20 09:00:48,Nguyen Trai,Quan 5,10.755753,106.66548,10.6,90,light,clear,18.2,user_report,True
FLD01601,2024-01-20 11:39:05,Da Nam,Quan 8,10.739836,106.673898,10.8,60,light,clear,10.4,IoT_sensor,False
FLD00614,2024-01-21 03:04:42,Le Thi Rieng,Quan 12,10.860293,106.650318,9.7,90,light,clear,22.9,IoT_sensor,True
FLD00592,2024-01-21 14:00:05,Hau Giang,Quan 6,10.746251,106.638875,28.2,30,moderate,slow,51.4,IoT_sensor,False
FLD00758,2024-01-21 14:02:25,Nguyen Trai,Quan 5,10.754634,106.664797,8.5,240,light,clear,20.3,user_report,True
FLD01676,2024-01-21 15:57:16,Pham Van Dong,Binh Thanh,10.819049,106.701351,23.6,120,moderate,slow,40.1,IoT_sensor,True
FLD00077,2024-01-21 19:12:41,Vo Van Kiet,Quan 1,10.764088,106.69744,9.7,240,light,clear,16.7,monitoring_station,True
FLD01425,2024-01-21 23:06:27,Tam Binh,Thu Duc,10.861495,106.738562,21.4,180,moderate,slow,44.2,IoT_sensor,True
FLD01796,2024-01-22 01:16:44,Ta Quang Buu,Quan 8,10.74281,106.664129,5.4,120,light,clear,12.9,IoT_sensor,False
FLD00674,2024-01-22 03:34:18,CMT8,Quan 3,10.780405,106.679655,13.6,60,light,clear,31.0,IoT_sensor,True
FLD00931,2024-01-22 11:47:04,Huynh Tan Phat,Quan 7,10.728765,106.720933,15.9,120,moderate,slow,24.2,IoT_sensor,True
FLD01533,2024-01-22 21:08:19,To Ky,Quan 12,10.864958,106.631725,5.0,30,light,clear,6.7,user_report,False
FLD00052,2024-01-22 22:28:13,Huynh Tan Phat,Quan 7,10.729097,106.724262,13.6,180,light,clear,24.2,IoT_sensor,True
FLD01183,2024-01-23 04:59:38,Nguyen Anh Thu,Quan 12,10.877278,106.645766,10.0,120,light,clear,11.9,IoT_sensor,False
FLD01082,2024-01-23 05:13:13,Do Xuan Hop,Thu Duc,10.833805,106.783074,5.0,90,light,clear,8.3,user_report,True
FLD01080,2024-01-23 21:02:37,Hau Giang,Quan 6,10.746923,106.640719,28.0,90,moderate,slow,45.3,traffic_camera,True
FLD00694,2024-01-25 03:56:25,Vo Van Kiet,Quan 1,10.764354,106.698965,5.0,120,light,clear,4.8,IoT_sensor,False
FLD02026,2024-01-25 07:06:22,Hoa Binh,Tan Phu,10.802682,106.622375,20.6,90,moderate,slow,17.5,IoT_sensor,True
FLD00544,2024-01-25 12:09:17,Linh Dong,Thu Duc,10.863384,106.765525,9.1,60,light,clear,18.0,IoT_sensor,True
FLD02234,2024-01-26 01:18:42,Kha Van Can,Thu Duc,10.852241,106.754004,18.0,180,moderate,slow,25.2,IoT_sensor,True
FLD01415,2024-01-26 14:26:36,Quang Trung,Go Vap,10.839531,106.663183,27.0,60,moderate,slow,37.4,traffic_camera,True
FLD00404,2024-01-26 18:42:44,Tan Ky Tan Quy,Binh Tan,10.786747,106.603789,8.4,240,light,clear,12.7,user_report,True
FLD00514,2024-01-27 06:59:43,Pham The Hien,Quan 8,10.728898,106.682824,11.8,90,light,clear,11.6,monitoring_station,True
FLD00492,2024-01-27 09:41:33,CMT8,Quan 3,10.780447,106.678619,18.9,90,moderate,slow,21.1,IoT_sensor,True
FLD02054,2024-01-27 19:24:47,Ba Thang Hai,Quan 10,10.773814,106.671283,13.6,60,light,clear,11.1,monitoring_station,False
FLD02213,2024-01-27 21:01:53,Tran Xuan Soan,Quan 7,10.751985,106.698971,38.3,180,severe,blocked,69.3,monitoring_station,True
FLD01449,2024-01-28 06:56:21,Nguyen Huu Canh,Binh Thanh,10.788497,106.721943,49.9,30,severe,blocked,121.5,user_report,False
FLD02369,2024-01-28 09:58:44,Le Van Luong,Quan 7,10.736021,106.70647,9.7,120,light,clear,20.7,user_report,True
FLD00658,2024-01-28 16:35:17,Nguyen Van Khoi,Go Vap,10.827709,106.693746,26.5,60,moderate,slow,21.6,user_report,False
FLD01038,2024-01-28 17:20:36,Nguyen Van Khoi,Go Vap,10.828099,106.694834,5.0,120,light,clear,9.4,IoT_sensor,True
FLD01629,2024-01-28 18:43:13,Le Thi Rieng,Quan 12,10.862807,106.646955,16.2,60,moderate,slow,26.3,IoT_sensor,True
FLD00205,2024-01-28 20:57:10,Tan Ky Tan Quy,Binh Tan,10.787169,106.603007,25.9,30,moderate,slow,27.5,user_report,False
FLD00482,2024-01-29 08:04:44,Nguyen Van Khoi,Go Vap,10.828545,106.694746,5.0,120,light,clear,4.2,IoT_sensor,True
FLD00116,2024-01-29 10:04:18,Le Van Viet,Thu Duc,10.845622,106.790152,9.6,60,light,clear,9.2,IoT_sensor,True
FLD00375,2024-01-29 15:01:07,Tran Xuan Soan,Quan 7,10.751529,106.698197,5.0,180,light,clear,11.3,IoT_sensor,True
FLD02216,2024-01-29 20:57:25,Binh Long,Tan Phu,10.799438,106.617471,18.2,60,moderate,slow,40.1,traffic_camera,True
FLD00531,2024-01-29 23:37:03,Nguyen Van Qua,Quan 12,10.855122,106.661734,13.0,30,light,clear,12.2,IoT_sensor,True
FLD01524,2024-01-30 09:01:45,Le Van Viet,Thu Duc,10.84395,106.790227,5.6,60,light,clear,5.3,user_report,True
FLD01379,2024-01-30 13:50:34,Vo Van Kiet,Quan 1,10.764364,106.700146,20.7,120,moderate,slow,50.0,traffic_camera,True
FLD00960,2024-01-30 15:29:20,Tan Ky Tan Quy,Binh Tan,10.787778,106.601786,10.1,30,light,clear,25.1,IoT_sensor,True
FLD02337,2024-01-31 00:28:09,Le Dinh Can,Binh Tan,10.766153,106.598004,5.4,120,light,clear,8.3,IoT_sensor,True
FLD01644,2024-01-31 01:12:01,Xo Viet Nghe Tinh,Binh Thanh,10.806632,106.709777,13.5,120,light,clear,12.1,user_report,True
FLD01733,2024-01-31 05:30:30,Linh Dong,Thu Duc,10.864727,106.765196,20.7,60,moderate,slow,40.6,IoT_sensor,True
FLD01381,2024-01-31 12:57:02,Le Dinh Can,Binh Tan,10.768397,106.597359,32.0,60,severe,blocked,72.0,IoT_sensor,True
FLD00596,2024-02-01 04:31:00,Tam Binh,Thu Duc,10.863807,106.738211,25.6,30,moderate,slow,59.7,IoT_sensor,False
FLD00443,2024-02-01 07:17:31,Vo Van Kiet,Quan 1,10.761381,106.698367,5.0,90,light,clear,7.2,IoT_sensor,True
FLD00130,2024-02-01 13:44:34,Tran Xuan Soan,Quan 7,10.752777,106.696871,23.7,30,moderate,slow,52.1,monitoring_station,True
FLD00532,2024-02-01 13:51:09,Nguyen Huu Canh,Binh Thanh,10.786547,106.722238,40.3,240,severe,blocked,54.1,monitoring_station,False
FLD02326,2024-02-01 14:40:44,Lam Van Ben,Quan 7,10.720299,106.68558,6.9,90,light,clear,15.0,IoT_sensor,True
FLD01170,2024-02-01 17:06:16,Le Dinh Can,Binh Tan,10.765128,106.595893,5.0,90,light,clear,6.9,IoT_sensor,True
FLD02131,2024-02-01 23:52:32,Ba Thang Hai,Quan 10,10.775638,106.671074,13.8,60,light,clear,27.0,monitoring_station,False
FLD00941,2024-02-02 04:09:39,Tam Binh,Thu Duc,10.863207,106.738166,14.6,60,light,clear,20.6,user_report,True
FLD00557,2024-02-02 12:23:06,Hoa Binh,Tan Phu,10.805405,106.621288,20.8,60,moderate,slow,35.4,IoT_sensor,True
FLD01938,2024-02-02 13:28:04,Tran Xuan Soan,Quan 7,10.750895,106.697812,21.2,60,moderate,slow,27.4,IoT_sensor,True
FLD01967,2024-02-02 15:06:20,Thoai Ngoc Hau,Tan Phu,10.788313,106.628401,24.6,60,moderate,slow,54.9,IoT_sensor,False
FLD01314,2024-02-03 02:51:58,An Duong Vuong,Quan 6,10.753007,106.643342,19.1,60,moderate,slow,23.3,IoT_sensor,True
FLD01710,2024-02-03 10:37:32,Le Van Luong,Quan 7,10.735561,106.707344,11.4,90,light,clear,27.1,IoT_sensor,False
FLD01478,2024-02-03 17:20:37,Da Nam,Quan 8,10.740199,106.672106,31.9,180,severe,blocked,36.7,user_report,False
FLD00402,2024-02-03 21:02:47,Lam Van Ben,Quan 7,10.717139,106.683782,10.5,180,light,clear,20.8,user_report,True
FLD00134,2024-02-03 21:25:48,Hoa Binh,Tan Phu,10.802606,106.620698,10.9,90,light,clear,24.1,user_report,True
FLD02259,2024-02-04 03:25:38,Binh Long,Tan Phu,10.797748,106.615032,8.4,90,light,clear,8.9,user_report,True
FLD00221,2024-02-04 06:13:11,CMT8,Quan 3,10.783449,106.679102,29.0,90,moderate,slow,35.9,traffic_camera,True
FLD02184,2024-02-04 15:02:20,Binh Long,Tan Phu,10.798337,106.614741,8.5,60,light,clear,13.7,monitoring_station,True
FLD01510,2024-02-05 02:55:26,Ma Lo,Binh Tan,10.763368,106.612797,13.2,90,light,clear,13.4,user_report,False
FLD01635,2024-02-05 17:24:45,Vo Van Ngan,Thu Duc,10.849402,106.772891,5.1,90,light,clear,7.0,IoT_sensor,False
FLD00571,2024-02-05 21:41:34,Nguyen Anh Thu,Quan 12,10.878871,106.644986,16.5,60,moderate,slow,14.3,IoT_sensor,True
FLD00820,2024-02-05 22:44:23,Vo Van Ngan,Thu Duc,10.85228,106.770251,6.8,60,light,clear,9.6,IoT_sensor,True
FLD02150,2024-02-06 05:32:44,An Duong Vuong,Quan 6,10.755631,106.644815,18.8,240,moderate,slow,22.4,IoT_sensor,True
FLD00854,2024-02-06 06:10:30,Ma Lo,Binh Tan,10.762996,106.612974,16.4,30,moderate,slow,27.0,monitoring_station,True
FLD02166,2024-02-08 06:25:14,No Trang Long,Binh Thanh,10.81583,106.699426,6.3,30,light,clear,14.9,monitoring_station,True
FLD00328,2024-02-08 16:15:58,Hoa Binh,Tan Phu,10.805607,106.621092,14.3,120,light,clear,32.7,traffic_camera,True
FLD01937,2024-02-08 17:58:45,Le Dinh Can,Binh Tan,10.764719,106.595458,11.3,60,light,clear,11.8,IoT_sensor,False
FLD01887,2024-02-08 21:27:53,Tran Nao,Quan 2,10.783157,106.735773,19.9,30,moderate,slow,35.1,user_report,False
FLD01790,2024-02-08 22:44:19,Hoa Binh,Tan Phu,10.806487,106.624218,16.2,180,moderate,slow,24.3,IoT_sensor,True
FLD02189,2024-02-09 09:49:21,Nguyen Van Qua,Quan 12,10.855847,106.661917,5.0,90,light,clear,10.9,user_report,True
FLD00613,2024-02-09 21:00:20,Kha Van Can,Thu Duc,10.850082,106.754781,14.3,30,light,clear,15.7,traffic_camera,True
FLD01677,2024-02-10 04:58:34,Nguyen Thi Thap,Quan 7,10.742031,106.715062,16.8,90,moderate,slow,37.1,user_report,True
FLD02180,2024-02-10 06:10:53,Thoai Ngoc Hau,Tan Phu,10.785824,106.629625,23.4,30,moderate,slow,46.8,IoT_sensor,False
FLD00816,2024-02-10 22:43:34,Tam Binh,Thu Duc,10.861359,106.738407,14.1,180,light,clear,18.8,IoT_sensor,True
FLD00913,2024-02-11 00:29:50,Nguyen Trai,Quan 5,10.757748,106.663742,18.9,30,moderate,slow,33.6,monitoring_station,True
FLD01245,2024-02-11 06:17:16,Pham The Hien,Quan 8,10.726014,106.683965,5.0,30,light,clear,9.5,user_report,False
FLD02250,2024-02-11 13:41:36,Kha Van Can,Thu Duc,10.850295,106.756232,8.7,30,light,clear,18.1,IoT_sensor,True
FLD00240,2024-02-11 14:42:17,Da Nam,Quan 8,10.73967,106.673293,25.4,120,moderate,slow,32.2,IoT_sensor,True
FLD00451,2024-02-11 18:35:39,Le Van Viet,Thu Duc,10.84458,106.7907,14.8,120,light,clear,19.2,monitoring_station,False
FLD01471,2024-02-11 20:40:06,An Duong Vuong,Quan 6,10.753694,106.646183,8.5,30,light,clear,21.1,IoT_sensor,True
FLD01730,2024-02-11 23:30:46,Tan Ky Tan Quy,Binh Tan,10.786688,106.602828,39.1,120,severe,blocked,51.8,user_report,False
FLD00293,2024-02-11 23:32:51,Le Dinh Can,Binh Tan,10.766358,106.595337,5.0,180,light,clear,8.4,user_report,True
FLD00243,2024-02-12 00:58:02,Kinh Duong Vuong,Quan 6,10.744773,106.615837,26.9,120,moderate,slow,45.6,IoT_sensor,True
FLD01535,2024-02-12 00:58:05,Lam Van Ben,Quan 7,10.720486,106.68614,16.9,60,moderate,slow,21.1,monitoring_station,False
FLD02024,2024-02-12 12:51:37,Huynh Tan Phat,Quan 7,10.730092,106.722351,5.0,30,light,clear,10.6,user_report,True
FLD01031,2024-02-12 16:37:45,Nguyen Huu Canh,Binh Thanh,10.78671,106.721452,5.0,180,light,clear,12.4,traffic_camera,True
FLD01877,2024-02-13 07:15:40,Le Thi Rieng,Quan 12,10.860034,106.646543,6.1,120,light,clear,14.6,traffic_camera,True
FLD02151,2024-02-13 09:12:55,Ung Van Khiem,Binh Thanh,10.813574,106.712013,50.4,30,severe,blocked,114.5,IoT_sensor,True
FLD00496,2024-02-13 13:30:16,Nguyen Anh Thu,Quan 12,10.8762,106.643105,6.3,60,light,clear,8.5,IoT_sensor,False
FLD02317,2024-02-13 15:49:41,Vo Van Kiet,Quan 1,10.763651,106.696961,13.2,30,light,clear,12.0,IoT_sensor,True
FLD00301,2024-02-14 08:04:28,Le Dinh Can,Binh Tan,10.765182,106.597071,11.2,90,light,clear,26.0,user_report,True
FLD01312,2024-02-14 12:16:21,Nguyen Thi Thap,Quan 7,10.743233,106.717492,20.1,30,moderate,slow,49.0,monitoring_station,True
FLD00080,2024-02-15 03:43:34,To Ky,Quan 12,10.867112,106.633321,26.6,120,moderate,slow,46.7,IoT_sensor,True
FLD00929,2024-02-15 04:46:21,Kha Van Can,Thu Duc,10.850992,106.754715,6.6,30,light,clear,15.4,IoT_sensor,True
FLD02313,2024-02-15 09:46:58,Thoai Ngoc Hau,Tan Phu,10.7856,106.629637,30.0,30,severe,blocked,54.7,user_report,True
FLD01008,2024-02-15 17:46:44,Ta Quang Buu,Quan 8,10.743006,106.665774,8.9,60,light,clear,17.4,user_report,False
FLD00430,2024-02-15 22:52:42,Le Dinh Can,Binh Tan,10.766368,106.595983,11.8,60,light,clear,14.6,user_report,True
FLD01088,2024-02-16 01:26:18,Le Van Viet,Thu Duc,10.843071,106.788647,8.5,30,light,clear,9.6,IoT_sensor,True
FLD00538,2024-02-16 05:10:10,Le Van Viet,Thu Duc,10.8441,106.789216,5.0,30,light,clear,11.5,IoT_sensor,True
FLD01836,2024-02-16 06:14:17,Nguyen Van Khoi,Go Vap,10.827122,106.694735,13.8,30,light,clear,11.9,IoT_sensor,True
FLD01556,2024-02-16 16:54:33,Nguyen Thi Thap,Quan 7,10.742035,106.717077,8.2,120,light,clear,20.2,monitoring_station,False
FLD00073,2024-02-16 18:58:39,Huynh Tan Phat,Quan 7,10.727892,106.723913,5.0,180,light,clear,6.0,user_report,False
FLD01180,2024-02-16 20:21:30,Le Van Viet,Thu Duc,10.844987,106.790231,41.1,60,severe,blocked,96.3,IoT_sensor,True
FLD01960,2024-02-16 22:15:54,Ta Quang Buu,Quan 8,10.74383,106.66423,40.0,180,severe,blocked,44.4,IoT_sensor,True
FLD00024,2024-02-17 00:23:43,Nguyen Huu Canh,Binh Thanh,10.788862,106.722456,5.0,90,light,clear,5.7,user_report,False
FLD02366,2024-02-17 04:22:38,An Duong Vuong,Quan 6,10.754657,106.646363,14.0,90,light,clear,13.0,IoT_sensor,True
FLD00374,2024-02-17 04:32:28,Nguyen Anh Thu,Quan 12,10.876821,106.645276,19.3,60,moderate,slow,35.0,user_report,True
FLD02076,2024-02-17 11:21:52,Pham Van Dong,Binh Thanh,10.819171,106.702386,5.9,60,light,clear,7.5,IoT_sensor,True
FLD01450,2024-02-17 22:25:48,Tran Nao,Quan 2,10.782474,106.734603,5.0,120,light,clear,7.3,IoT_sensor,True
FLD01397,2024-02-18 00:06:09,Ung Van Khiem,Binh Thanh,10.813917,106.709614,40.5,30,severe,blocked,60.1,user_report,True
FLD00138,2024-02-18 03:39:29,Nguyen Thi Thap,Quan 7,10.742941,106.714782,8.4,30,light,clear,9.2,IoT_sensor,True
FLD01050,2024-02-18 05:53:56,Nguyen Van Qua,Quan 12,10.854631,106.66105,9.4,180,light,clear,20.3,IoT_sensor,True
FLD00420,2024-02-18 20:32:15,Kinh Duong Vuong,Quan 6,10.745347,106.61384,26.2,60,moderate,slow,24.4,user_report,False
FLD01976,2024-02-18 23:15:14,Huynh Tan Phat,Quan 7,10.726684,106.721698,9.6,30,light,clear,9.6,monitoring_station,False
FLD00764,2024-02-19 00:39:35,Le Thi Rieng,Quan 12,10.860813,106.649211,14.8,60,light,clear,24.4,IoT_sensor,True
FLD01195,2024-02-19 02:00:48,Tran Nao,Quan 2,10.785102,106.735241,5.6,60,light,clear,9.1,monitoring_station,False
FLD00992,2024-02-19 11:29:00,Huynh Tan Phat,Quan 7,10.727625,106.721065,16.0,240,moderate,slow,22.3,IoT_sensor,True
FLD01776,2024-02-20 02:05:07,Pham Van Dong,Binh Thanh,10.820371,106.700932,5.9,90,light,clear,9.3,IoT_sensor,True
FLD01204,2024-02-21 03:12:11,Le Van Viet,Thu Duc,10.846102,106.790041,8.3,60,light,clear,8.4,user_report,False
FLD02316,2024-02-21 11:39:25,Tran Xuan Soan,Quan 7,10.752229,106.69908,20.4,30,moderate,slow,29.4,IoT_sensor,False
FLD00235,2024-02-21 13:22:04,Kha Van Can,Thu Duc,10.849556,106.756211,8.7,60,light,clear,9.6,user_report,True
FLD00377,2024-02-21 15:07:49,Nguyen Anh Thu,Quan 12,10.879396,106.642613,16.8,60,moderate,slow,17.4,IoT_sensor,True
FLD00935,2024-02-21 22:29:37,Vo Van Kiet,Quan 1,10.763927,106.697836,15.5,60,moderate,slow,34.2,IoT_sensor,False
FLD01196,2024-02-22 04:32:21,Vo Van Kiet,Quan 1,10.763703,106.699685,11.3,90,light,clear,13.8,IoT_sensor,True
FLD02205,2024-02-22 08:00:00,Thoai Ngoc Hau,Tan Phu,10.787897,106.627234,20.9,90,moderate,slow,47.0,user_report,True
FLD02154,2024-02-22 09:12:13,Pham Van Dong,Binh Thanh,10.818148,106.703312,9.2,60,light,clear,14.6,IoT_sensor,True
FLD00602,2024-02-22 20:44:22,Linh Dong,Thu Duc,10.863914,106.765039,10.9,60,light,clear,26.5,IoT_sensor,True
FLD01626,2024-02-22 23:33:22,Tran Nao,Quan 2,10.78407,106.737381,5.6,90,light,clear,7.5,user_report,False
FLD01009,2024-02-23 09:27:09,Binh Long,Tan Phu,10.797598,106.613872,5.0,60,light,clear,5.0,IoT_sensor,True
FLD01654,2024-02-24 05:30:02,Kinh Duong Vuong,Quan 6,10.742186,106.616884,16.3,120,moderate,slow,40.6,user_report,True
FLD01171,2024-02-24 11:10:17,Vo Van Ngan,Thu Duc,10.851592,106.770973,25.1,240,moderate,slow,40.3,traffic_camera,True
FLD01902,2024-02-24 13:44:43,To Ky,Quan 12,10.868293,106.630822,24.4,60,moderate,slow,60.5,user_report,True
FLD02090,2024-02-24 18:04:17,Linh Dong,Thu Duc,10.864956,106.7667,28.4,90,moderate,slow,57.4,traffic_camera,True
FLD02389,2024-02-25 04:41:33,Le Van Viet,Thu Duc,10.846519,106.791348,24.5,30,moderate,slow,45.9,IoT_sensor,False
FLD00868,2024-02-25 06:52:29,An Duong Vuong,Quan 6,10.754716,106.643774,38.1,30,severe,blocked,75.9,user_report,True
FLD01358,2024-02-25 06:56:30,Da Nam,Quan 8,10.739552,106.673539,20.1,90,moderate,slow,18.3,user_report,True
FLD00517,2024-02-25 12:25:01,No Trang Long,Binh Thanh,10.813998,106.697167,9.2,60,light,clear,19.9,monitoring_station,True
FLD01411,2024-02-25 13:33:02,Do Xuan Hop,Thu Duc,10.83418,106.782029,26.1,60,moderate,slow,52.8,user_report,True
FLD00349,2024-02-25 19:49:14,Le Van Viet,Thu Duc,10.844213,106.788192,21.0,120,moderate,slow,44.5,IoT_sensor,True
FLD02035,2024-02-26 00:17:53,Binh Long,Tan Phu,10.80077,106.61524,6.9,60,light,clear,15.9,IoT_sensor,True
FLD02126,2024-02-26 01:04:55,Linh Dong,Thu Duc,10.863554,106.766645,31.3,30,severe,blocked,62.5,user_report,False
FLD00733,2024-02-26 07:53:39,CMT8,Quan 3,10.779873,106.680076,16.2,240,moderate,slow,19.7,IoT_sensor,True
FLD00884,2024-02-27 00:50:53,No Trang Long,Binh Thanh,10.813919,106.699264,28.2,120,moderate,slow,39.8,user_report,True
FLD00852,2024-02-27 20:08:46,Tam Binh,Thu Duc,10.863968,106.737195,5.0,120,light,clear,9.4,IoT_sensor,True
FLD00359,2024-02-27 21:29:42,Le Van Luong,Quan 7,10.736257,106.703948,6.2,90,light,clear,11.8,IoT_sensor,True
FLD01428,2024-02-27 23:30:52,Kinh Duong Vuong,Quan 6,10.741809,106.616642,48.6,30,severe,blocked,91.0,traffic_camera,True
FLD00771,2024-02-28 16:43:39,Huynh Tan Phat,Quan 7,10.729333,106.722476,20.8,180,moderate,slow,19.0,user_report,True
FLD00261,2024-02-29 01:52:06,Ta Quang Buu,Quan 8,10.742856,106.662595,19.2,90,moderate,slow,43.5,IoT_sensor,False
FLD02283,2024-02-29 02:53:32,Nguyen Van Khoi,Go Vap,10.829053,106.691677,78.4,60,severe,blocked,137.7,user_report,True
FLD02287,2024-02-29 06:16:47,Nguyen Van Qua,Quan 12,10.85396,106.662678,5.0,90,light,clear,4.3,IoT_sensor,True
FLD00049,2024-02-29 10:58:42,Ta Quang Buu,Quan 8,10.74502,106.665905,28.2,30,moderate,slow,46.7,IoT_sensor,False
FLD00849,2024-02-29 11:43:56,Tan Ky Tan Quy,Binh Tan,10.789319,106.603277,40.3,60,severe,blocked,94.9,IoT_sensor,True
FLD00584,2024-02-29 13:35:25,Linh Dong,Thu Duc,10.864908,106.765192,13.2,60,light,clear,27.4,monitoring_station,False
FLD00901,2024-03-01 02:27:37,Do Xuan Hop,Thu Duc,10.832541,106.784286,5.0,120,light,clear,9.1,user_report,True
FLD01888,2024-03-01 06:58:34,Phan Huy Ich,Go Vap,10.829763,106.67288,19.1,30,moderate,slow,39.8,traffic_camera,True
FLD00485,2024-03-01 08:49:24,Ta Quang Buu,Quan 8,10.742973,106.664401,24.0,60,moderate,slow,59.1,user_report,False
FLD01079,2024-03-01 10:03:02,Tam Binh,Thu Duc,10.861951,106.737558,21.3,60,moderate,slow,46.0,monitoring_station,True
FLD00388,2024-03-01 14:07:23,Le Thi Rieng,Quan 12,10.85951,106.649924,25.7,90,moderate,slow,42.3,IoT_sensor,True
FLD01046,2024-03-02 03:55:39,Le Thi Rieng,Quan 12,10.861611,106.650403,11.8,120,light,clear,17.5,user_report,False
FLD00552,2024-03-02 11:35:41,Do Xuan Hop,Thu Duc,10.831625,106.782985,14.0,30,light,clear,20.0,IoT_sensor,True
FLD01558,2024-03-02 12:17:33,Nguyen Trai,Quan 5,10.757419,106.665425,10.8,60,light,clear,15.4,user_report,True
FLD00505,2024-03-02 23:02:46,Nguyen Anh Thu,Quan 12,10.8766,106.64642,8.2,30,light,clear,13.4,traffic_camera,True
FLD00890,2024-03-03 01:05:41,Nguyen Huu Canh,Binh Thanh,10.788708,106.720946,16.3,120,moderate,slow,39.8,user_report,True
FLD01453,2024-03-04 17:12:27,Hau Giang,Quan 6,10.745627,106.640001,16.1,90,moderate,slow,24.9,traffic_camera,True
FLD00007,2024-03-04 17:46:23,Hoa Binh,Tan Phu,10.804384,106.622761,24.8,90,moderate,slow,24.7,IoT_sensor,True
FLD00060,2024-03-04 21:17:22,Linh Dong,Thu Duc,10.863164,106.766845,10.6,30,light,clear,17.9,IoT_sensor,True
FLD01384,2024-03-05 16:18:00,Kinh Duong Vuong,Quan 6,10.744732,106.61491,16.5,30,moderate,slow,35.5,IoT_sensor,True
FLD00391,2024-03-06 00:26:34,Nguyen Van Khoi,Go Vap,10.828673,106.694562,61.9,180,severe,blocked,113.7,monitoring_station,True
FLD00370,2024-03-06 06:28:47,Hau Giang,Quan 6,10.745392,106.641277,25.4,120,moderate,slow,57.0,IoT_sensor,True
FLD00762,2024-03-07 05:04:09,To Ky,Quan 12,10.864949,106.63037,13.6,60,light,clear,18.5,IoT_sensor,True
FLD00617,2024-03-07 07:21:54,Lam Van Ben,Quan 7,10.719148,106.686016,19.8,60,moderate,slow,27.6,IoT_sensor,True
FLD00311,2024-03-07 10:17:15,Pham Van Dong,Binh Thanh,10.819218,106.703582,27.0,120,moderate,slow,50.4,user_report,True
FLD01138,2024-03-07 10:42:49,Le Thi Rieng,Quan 12,10.859689,106.648056,8.0,30,light,clear,10.7,IoT_sensor,False
FLD00175,2024-03-07 23:28:16,Pham Van Dong,Binh Thanh,10.816935,106.701401,15.0,60,moderate,slow,26.1,user_report,False
FLD00903,2024-03-07 23:36:31,Ma Lo,Binh Tan,10.76326,106.614099,11.8,60,light,clear,23.5,IoT_sensor,True
FLD01519,2024-03-08 09:13:39,Ung Van Khiem,Binh Thanh,10.811961,106.709824,31.7,30,severe,blocked,55.0,IoT_sensor,False
FLD00255,2024-03-08 11:43:01,Pham The Hien,Quan 8,10.726697,106.681658,9.2,240,light,clear,16.9,user_report,True
FLD02068,2024-03-08 12:33:40,Thoai Ngoc Hau,Tan Phu,10.785248,106.629762,14.3,30,light,clear,24.2,user_report,False
FLD02128,2024-03-09 15:15:00,No Trang Long,Binh Thanh,10.815628,106.698631,61.6,90,severe,blocked,61.5,monitoring_station,True
FLD00705,2024-03-09 23:54:14,To Ky,Quan 12,10.868319,106.632408,31.6,180,severe,blocked,40.5,user_report,True
FLD01289,2024-03-10 00:05:44,CMT8,Quan 3,10.779905,106.681054,6.4,30,light,clear,15.9,IoT_sensor,True
FLD00491,2024-03-10 04:28:52,Huynh Tan Phat,Quan 7,10.728543,106.72172,5.0,120,light,clear,4.1,user_report,True
FLD00239,2024-03-10 06:39:40,Nguyen Van Qua,Quan 12,10.855125,106.660637,11.7,30,light,clear,24.7,traffic_camera,True
FLD00837,2024-03-11 02:03:10,Nguyen Huu Canh,Binh Thanh,10.789846,106.72153,5.0,30,light,clear,4.4,IoT_sensor,True
FLD01366,2024-03-11 14:06:16,Quang Trung,Go Vap,10.836809,106.66308,10.5,90,light,clear,26.2,monitoring_station,True
FLD02229,2024-03-11 14:49:15,Quang Trung,Go Vap,10.83617,106.663405,5.0,90,light,clear,9.8,user_report,True
FLD00417,2024-03-11 22:44:53,Kha Van Can,Thu Duc,10.851303,106.755505,11.5,60,light,clear,10.9,IoT_sensor,True
FLD02201,2024-03-12 02:09:28,Nguyen Van Khoi,Go Vap,10.828014,106.694605,50.5,30,severe,blocked,57.1,user_report,True
FLD00432,2024-03-12 05:25:58,Lam Van Ben,Quan 7,10.719898,106.686216,40.9,60,severe,blocked,35.5,traffic_camera,False
FLD02228,2024-03-12 17:38:55,Lam Van Ben,Quan 7,10.719788,106.682677,28.2,180,moderate,slow,54.6,traffic_camera,False
FLD00669,2024-03-12 18:25:57,Xo Viet Nghe Tinh,Binh Thanh,10.806032,106.713014,6.3,90,light,clear,15.5,traffic_camera,False
FLD02053,2024-03-12 20:34:11,Kinh Duong Vuong,Quan 6,10.742897,106.616993,5.5,60,light,clear,10.8,user_report,False
FLD00368,2024-03-12 23:07:10,Quang Trung,Go Vap,10.839748,106.664684,5.0,30,light,clear,4.6,user_report,False
FLD00688,2024-03-13 10:20:23,Nguyen Huu Canh,Binh Thanh,10.787944,106.719677,10.5,90,light,clear,10.8,monitoring_station,True
FLD00014,2024-03-13 10:24:12,Thoai Ngoc Hau,Tan Phu,10.784666,106.628476,15.5,90,moderate,slow,14.6,user_report,True
FLD01591,2024-03-13 18:00:31,Tran Xuan Soan,Quan 7,10.751339,106.699044,20.1,90,moderate,slow,45.6,user_report,True
FLD01792,2024-03-13 20:05:39,Da Nam,Quan 8,10.742342,106.674984,13.1,120,light,clear,14.9,IoT_sensor,True
FLD00068,2024-03-14 04:23:42,Nguyen Van Qua,Quan 12,10.854712,106.663116,51.1,120,severe,blocked,104.5,IoT_sensor,True
FLD00998,2024-03-14 11:52:28,Le Thi Rieng,Quan 12,10.862494,106.647624,20.1,90,moderate,slow,44.3,user_report,True
FLD01363,2024-03-14 14:32:37,An Duong Vuong,Quan 6,10.753205,106.643613,5.0,30,light,clear,5.2,IoT_sensor,False
FLD00536,2024-03-14 14:39:58,Binh Long,Tan Phu,10.799145,106.615109,15.2,90,moderate,slow,29.3,IoT_sensor,True
FLD00156,2024-03-15 01:53:24,Nguyen Thi Thap,Quan 7,10.740743,106.714257,40.3,60,severe,blocked,36.6,IoT_sensor,False
FLD00399,2024-03-15 06:23:47,To Ky,Quan 12,10.867716,106.630812,41.2,60,severe,blocked,87.5,user_report,True
FLD01128,2024-03-16 04:21:50,Nguyen Huu Canh,Binh Thanh,10.787951,106.722662,16.6,30,moderate,slow,23.2,IoT_sensor,True
FLD01793,2024-03-16 06:45:55,An Duong Vuong,Quan 6,10.755377,106.643372,6.8,90,light,clear,7.7,IoT_sensor,False
FLD01215,2024-03-16 18:54:30,Nguyen Van Khoi,Go Vap,10.830175,106.694139,14.6,30,light,clear,27.0,monitoring_station,True
FLD00682,2024-03-16 20:53:17,Nguyen Thi Thap,Quan 7,10.74128,106.714257,9.3,30,light,clear,10.5,traffic_camera,True
FLD01158,2024-03-16 22:57:46,Tran Xuan Soan,Quan 7,10.749946,106.699639,5.0,60,light,clear,9.2,IoT_sensor,True
FLD01153,2024-03-17 08:37:29,Le Van Luong,Quan 7,10.736957,106.703587,25.3,60,moderate,slow,20.9,user_report,True
FLD00113,2024-03-17 12:25:13,Kinh Duong Vuong,Quan 6,10.742209,106.616212,15.6,90,moderate,slow,37.7,user_report,True
FLD01468,2024-03-17 20:37:30,Phan Huy Ich,Go Vap,10.829822,106.672947,10.0,60,light,clear,11.2,monitoring_station,False
FLD01917,2024-03-17 21:19:20,Da Nam,Quan 8,10.741983,106.672774,19.9,60,moderate,slow,27.5,IoT_sensor,True
FLD00479,2024-03-17 23:24:22,Nguyen Thi Thap,Quan 7,10.742692,106.714534,5.2,60,light,clear,9.7,traffic_camera,True
FLD01056,2024-03-18 05:35:08,Le Dinh Can,Binh Tan,10.767392,106.594793,18.8,90,moderate,slow,33.3,user_report,True
FLD00814,2024-03-18 06:08:14,Kinh Duong Vuong,Quan 6,10.742607,106.615205,11.7,90,light,clear,28.6,IoT_sensor,True
FLD02262,2024-03-18 08:35:13,Ta Quang Buu,Quan 8,10.742986,106.662713,5.0,180,light,clear,6.4,IoT_sensor,False
FLD00902,2024-03-18 11:24:18,Vo Van Ngan,Thu Duc,10.850005,106.772315,6.8,90,light,clear,10.0,IoT_sensor,False
FLD01422,2024-03-19 02:16:48,Hau Giang,Quan 6,10.745087,106.640043,5.2,90,light,clear,10.0,traffic_camera,True
FLD01497,2024-03-19 03:15:29,Ta Quang Buu,Quan 8,10.745524,106.666298,5.0,60,light,clear,7.9,user_report,True
FLD00522,2024-03-19 14:18:18,Nguyen Trai,Quan 5,10.7566,106.665603,21.4,60,moderate,slow,31.7,user_report,True
FLD01012,2024-03-20 00:23:44,Nguyen Anh Thu,Quan 12,10.876959,106.644491,18.8,60,moderate,slow,27.2,monitoring_station,False
FLD00223,2024-03-20 14:43:59,Quang Trung,Go Vap,10.837957,106.663067,29.8,240,moderate,slow,29.7,user_report,False
FLD02381,2024-03-20 19:29:36,Kinh Duong Vuong,Quan 6,10.742048,106.614525,28.4,30,moderate,slow,63.1,IoT_sensor,True
FLD01325,2024-03-21 02:38:28,Vo Van Kiet,Quan 1,10.763833,106.699654,23.8,60,moderate,slow,49.3,IoT_sensor,True
FLD02365,2024-03-21 13:25:04,Linh Dong,Thu Duc,10.862726,106.766031,14.1,60,light,clear,22.6,monitoring_station,True
FLD00503,2024-03-22 00:44:33,Nguyen Van Qua,Quan 12,10.855226,106.661437,16.1,120,moderate,slow,28.1,user_report,False
FLD01015,2024-03-22 09:16:17,Ung Van Khiem,Binh Thanh,10.811263,106.709083,15.3,30,moderate,slow,25.1,user_report,True
FLD00413,2024-03-22 09:22:27,Le Dinh Can,Binh Tan,10.767421,106.597707,31.0,240,severe,blocked,69.7,monitoring_station,False
FLD01580,2024-03-22 19:54:46,Pham The Hien,Quan 8,10.729392,106.681557,5.0,60,light,clear,12.1,monitoring_station,True
FLD00721,2024-03-22 20:02:03,Hau Giang,Quan 6,10.745544,106.640159,51.6,60,severe,blocked,43.1,user_report,False
FLD00606,2024-03-23 06:52:11,Vo Van Ngan,Thu Duc,10.850622,106.770713,13.0,90,light,clear,14.3,user_report,False
FLD02058,2024-03-23 09:58:17,An Duong Vuong,Quan 6,10.756364,106.646136,14.6,30,light,clear,27.4,IoT_sensor,True
FLD01782,2024-03-23 12:23:33,Thoai Ngoc Hau,Tan Phu,10.787036,106.628359,6.8,60,light,clear,8.6,IoT_sensor,False
FLD00601,2024-03-23 12:41:56,Binh Long,Tan Phu,10.798571,106.616599,15.9,60,moderate,slow,18.8,IoT_sensor,False
FLD01261,2024-03-23 13:11:14,Phan Huy Ich,Go Vap,10.828087,106.67235,5.0,240,light,clear,7.6,IoT_sensor,True
FLD02218,2024-03-24 13:45:45,Ba Thang Hai,Quan 10,10.776105,106.671854,10.6,90,light,clear,20.9,IoT_sensor,True
FLD01725,2024-03-25 08:13:16,Nguyen Anh Thu,Quan 12,10.875882,106.646284,16.2,60,moderate,slow,39.2,IoT_sensor,False
FLD01249,2024-03-25 20:00:18,CMT8,Quan 3,10.781352,106.679447,6.2,30,light,clear,11.8,user_report,False
FLD00378,2024-03-26 04:34:43,Do Xuan Hop,Thu Duc,10.834838,106.782594,38.3,30,severe,blocked,72.8,user_report,True
FLD02284,2024-03-26 14:28:26,Xo Viet Nghe Tinh,Binh Thanh,10.80882,106.710052,19.3,240,moderate,slow,33.1,monitoring_station,False
FLD01223,2024-03-27 05:32:35,Hau Giang,Quan 6,10.747912,106.64018,6.2,90,light,clear,14.3,IoT_sensor,True
FLD01952,2024-03-28 04:24:38,Pham Van Dong,Binh Thanh,10.818619,106.703891,19.9,30,moderate,slow,42.8,user_report,True
FLD00510,2024-03-28 19:52:58,Ta Quang Buu,Quan 8,10.743442,106.664487,21.1,60,moderate,slow,40.0,traffic_camera,False
FLD01698,2024-03-28 19:55:41,No Trang Long,Binh Thanh,10.815121,106.698395,23.8,30,moderate,slow,25.3,traffic_camera,False
FLD00768,2024-03-29 04:13:47,Huynh Tan Phat,Quan 7,10.729459,106.723499,26.9,60,moderate,slow,49.1,user_report,True
FLD00344,2024-03-29 07:38:21,Huynh Tan Phat,Quan 7,10.72669,106.720834,41.5,180,severe,blocked,101.3,monitoring_station,True
FLD01083,2024-03-29 10:41:07,To Ky,Quan 12,10.868067,106.630784,25.7,180,moderate,slow,26.4,monitoring_station,False
FLD00500,2024-03-29 10:44:00,Pham The Hien,Quan 8,10.725575,106.68332,9.4,60,light,clear,21.2,user_report,False
FLD00259,2024-03-29 11:29:11,Lam Van Ben,Quan 7,10.718822,106.684007,11.9,30,light,clear,21.1,IoT_sensor,True
FLD00468,2024-03-29 16:16:39,Ung Van Khiem,Binh Thanh,10.811427,106.710297,23.8,30,moderate,slow,27.2,IoT_sensor,True
FLD01132,2024-03-29 19:06:01,Quang Trung,Go Vap,10.837219,106.664386,14.4,30,light,clear,34.7,IoT_sensor,True
FLD01780,2024-03-29 21:57:47,Binh Long,Tan Phu,10.801497,106.616003,26.8,90,moderate,slow,66.7,traffic_camera,False
FLD01248,2024-03-30 05:23:33,Hoa Binh,Tan Phu,10.804255,106.623529,7.0,30,light,clear,14.4,monitoring_station,True
FLD01525,2024-03-30 13:59:51,Xo Viet Nghe Tinh,Binh Thanh,10.807963,106.711185,32.0,60,severe,blocked,26.6,user_report,False
FLD02100,2024-03-30 21:23:32,Hau Giang,Quan 6,10.74518,106.639608,11.4,60,light,clear,10.1,monitoring_station,True
FLD01869,2024-03-31 00:16:04,Ta Quang Buu,Quan 8,10.74555,106.665106,21.6,30,moderate,slow,43.4,user_report,True
FLD00863,2024-03-31 02:21:53,Ta Quang Buu,Quan 8,10.745266,106.662709,10.5,30,light,clear,15.1,user_report,False
FLD01447,2024-03-31 12:22:28,Tran Nao,Quan 2,10.782478,106.735899,18.5,30,moderate,slow,26.4,IoT_sensor,True
FLD00732,2024-03-31 14:15:08,Nguyen Van Khoi,Go Vap,10.828555,106.692517,5.0,60,light,clear,12.2,IoT_sensor,False
FLD01273,2024-03-31 18:49:51,Nguyen Van Khoi,Go Vap,10.828196,106.694111,5.0,30,light,clear,4.0,monitoring_station,True
FLD01664,2024-03-31 19:23:05,Kinh Duong Vuong,Quan 6,10.745216,106.616068,10.3,180,light,clear,8.7,user_report,False
FLD00270,2024-04-01 16:35:01,Le Thi Rieng,Quan 12,10.862529,106.649813,6.6,90,light,clear,13.0,IoT_sensor,True
FLD01356,2024-04-01 20:41:21,Huynh Tan Phat,Quan 7,10.727827,106.721093,21.6,60,moderate,slow,32.4,user_report,True
FLD02019,2024-04-01 21:30:55,Tran Xuan Soan,Quan 7,10.75284,106.69989,41.7,60,severe,blocked,36.1,IoT_sensor,True
FLD02237,2024-04-02 09:58:32,Ma Lo,Binh Tan,10.761526,106.613772,8.0,30,light,clear,13.2,user_report,True
FLD00200,2024-04-02 14:53:25,Vo Van Ngan,Thu Duc,10.850987,106.772441,21.6,60,moderate,slow,27.9,user_report,True
FLD01559,2024-04-02 22:26:24,Nguyen Huu Canh,Binh Thanh,10.789648,106.720719,10.8,30,light,clear,19.3,user_report,True
FLD01718,2024-04-03 09:25:42,Kha Van Can,Thu Duc,10.850221,106.753392,6.3,30,light,clear,5.5,monitoring_station,True
FLD01778,2024-04-03 11:45:35,To Ky,Quan 12,10.867357,106.63091,5.0,240,light,clear,6.1,monitoring_station,True
FLD02010,2024-04-03 15:15:41,Le Dinh Can,Binh Tan,10.76665,106.597627,19.4,60,moderate,slow,19.7,IoT_sensor,True
FLD01805,2024-04-04 03:09:13,Ta Quang Buu,Quan 8,10.744341,106.662783,13.3,60,light,clear,14.6,monitoring_station,True
FLD00619,2024-04-04 11:40:19,Nguyen Thi Thap,Quan 7,10.741505,106.716951,18.6,30,moderate,slow,19.6,monitoring_station,True
FLD00527,2024-04-04 14:23:52,Huynh Tan Phat,Quan 7,10.727644,106.720786,5.0,90,light,clear,5.9,IoT_sensor,False
FLD00273,2024-04-05 04:07:45,Tran Nao,Quan 2,10.783925,106.734905,20.9,90,moderate,slow,38.9,monitoring_station,True
FLD01858,2024-04-05 23:14:34,Le Thi Rieng,Quan 12,10.862764,106.646916,6.2,60,light,clear,7.0,traffic_camera,False
FLD02294,2024-04-06 02:16:27,Nguyen Van Qua,Quan 12,10.85454,106.662454,13.1,30,light,clear,31.4,IoT_sensor,True
FLD00713,2024-04-06 04:49:22,An Duong Vuong,Quan 6,10.756012,106.645264,16.8,60,moderate,slow,26.3,IoT_sensor,True
FLD00644,2024-04-06 05:09:14,Tran Nao,Quan 2,10.785129,106.737138,18.5,30,moderate,slow,34.5,monitoring_station,True
FLD02397,2024-04-06 19:58:01,Pham The Hien,Quan 8,10.728747,106.685487,9.9,90,light,clear,9.4,user_report,True
FLD02198,2024-04-07 00:03:06,Nguyen Huu Canh,Binh Thanh,10.786539,106.722125,5.0,60,light,clear,10.3,traffic_camera,True
FLD01860,2024-04-07 03:39:47,Le Thi Rieng,Quan 12,10.863297,106.649087,21.5,90,moderate,slow,38.5,IoT_sensor,True
FLD01480,2024-04-07 07:17:02,Binh Long,Tan Phu,10.799861,106.617132,5.0,30,light,clear,12.4,monitoring_station,True
FLD00605,2024-04-07 12:29:55,Lam Van Ben,Quan 7,10.719807,106.683908,6.2,120,light,clear,15.1,user_report,True
FLD01406,2024-04-07 13:31:46,Xo Viet Nghe Tinh,Binh Thanh,10.809293,106.710387,5.7,60,light,clear,6.5,user_report,False
FLD02029,2024-04-07 13:45:16,Pham Van Dong,Binh Thanh,10.817155,106.703219,19.8,60,moderate,slow,28.5,user_report,True
FLD01455,2024-04-07 16:06:17,Tran Xuan Soan,Quan 7,10.74964,106.697171,10.1,30,light,clear,21.5,IoT_sensor,True
FLD00580,2024-04-08 09:39:01,Vo Van Ngan,Thu Duc,10.848909,106.772243,14.8,60,light,clear,19.2,IoT_sensor,True
FLD00258,2024-04-08 09:50:54,Nguyen Thi Thap,Quan 7,10.739768,106.715113,8.7,120,light,clear,20.6,user_report,True
FLD00589,2024-04-08 12:58:03,Ma Lo,Binh Tan,10.763953,106.614404,22.0,30,moderate,slow,21.1,IoT_sensor,True
FLD01863,2024-04-08 13:07:44,Hoa Binh,Tan Phu,10.804468,106.624083,13.6,240,light,clear,33.6,traffic_camera,True
FLD00595,2024-04-09 02:30:16,Linh Dong,Thu Duc,10.864883,106.765167,41.0,90,severe,blocked,95.8,user_report,False
FLD00986,2024-04-09 12:02:38,An Duong Vuong,Quan 6,10.755262,106.643188,28.1,120,moderate,slow,37.0,IoT_sensor,False
FLD00226,2024-04-09 23:32:02,Ung Van Khiem,Binh Thanh,10.811685,106.708901,10.1,90,light,clear,16.9,IoT_sensor,True
FLD00008,2024-04-10 02:51:47,Quang Trung,Go Vap,10.836858,106.664134,20.2,90,moderate,slow,17.2,IoT_sensor,True
FLD02254,2024-04-10 11:55:32,Kha Van Can,Thu Duc,10.849767,106.753506,24.6,120,moderate,slow,35.5,user_report,True
FLD00593,2024-04-10 15:08:50,To Ky,Quan 12,10.867163,106.632818,24.0,30,moderate,slow,50.8,IoT_sensor,True
FLD01329,2024-04-10 16:13:43,Le Van Viet,Thu Duc,10.843437,106.790382,10.0,30,light,clear,12.2,monitoring_station,True
FLD01072,2024-04-11 16:43:55,Nguyen Anh Thu,Quan 12,10.876152,106.645194,15.0,30,moderate,slow,33.7,user_report,False
FLD00164,2024-04-11 17:13:31,An Duong Vuong,Quan 6,10.754533,106.644247,6.7,30,light,clear,11.0,IoT_sensor,True
FLD00458,2024-04-11 20:34:29,Tran Xuan Soan,Quan 7,10.752693,106.700048,10.4,120,light,clear,16.9,IoT_sensor,False
FLD00997,2024-04-12 12:29:56,Do Xuan Hop,Thu Duc,10.831627,106.784175,29.6,120,moderate,slow,38.7,IoT_sensor,True
FLD01173,2024-04-12 16:12:51,Vo Van Ngan,Thu Duc,10.850574,106.773238,39.6,30,severe,blocked,88.4,monitoring_station,True
FLD00336,2024-04-12 18:10:51,Kha Van Can,Thu Duc,10.851783,106.753757,5.0,30,light,clear,10.3,IoT_sensor,True
FLD00628,2024-04-12 23:57:56,Ba Thang Hai,Quan 10,10.773942,106.669655,5.0,30,light,clear,7.8,monitoring_station,True
FLD01099,2024-04-13 00:23:15,Lam Van Ben,Quan 7,10.719801,106.685122,40.3,60,severe,blocked,93.7,IoT_sensor,True
FLD02379,2024-04-13 05:26:34,No Trang Long,Binh Thanh,10.817313,106.699452,16.6,90,moderate,slow,35.5,user_report,True
FLD01126,2024-04-13 10:04:16,Quang Trung,Go Vap,10.837449,106.662685,16.4,90,moderate,slow,33.6,IoT_sensor,True
FLD01658,2024-04-13 11:22:21,Le Dinh Can,Binh Tan,10.766331,106.596159,9.0,30,light,clear,14.4,user_report,False
FLD00501,2024-04-14 02:32:22,Kha Van Can,Thu Duc,10.850786,106.754856,13.5,60,light,clear,15.1,IoT_sensor,False
FLD01350,2024-04-14 13:08:24,Ba Thang Hai,Quan 10,10.775323,106.668916,10.2,30,light,clear,22.4,monitoring_station,True
FLD01663,2024-04-14 23:13:42,Tran Nao,Quan 2,10.784865,106.734855,11.2,240,light,clear,22.5,user_report,True
FLD01612,2024-04-14 23:24:29,Xo Viet Nghe Tinh,Binh Thanh,10.808033,106.71171,5.5,180,light,clear,13.5,traffic_camera,True
FLD01523,2024-04-15 00:58:33,Nguyen Huu Canh,Binh Thanh,10.789919,106.721043,5.0,180,light,clear,5.7,IoT_sensor,True
FLD00343,2024-04-15 01:44:16,Nguyen Huu Canh,Binh Thanh,10.786821,106.721314,8.5,90,light,clear,17.8,monitoring_station,True
FLD02385,2024-04-15 02:03:36,Pham The Hien,Quan 8,10.726456,106.683901,31.5,30,severe,blocked,59.8,IoT_sensor,False
FLD01246,2024-04-15 11:52:02,Da Nam,Quan 8,10.741593,106.674575,8.3,30,light,clear,19.2,IoT_sensor,True
FLD00001,2024-04-15 13:33:59,Quang Trung,Go Vap,10.839144,106.663012,16.4,90,moderate,slow,40.3,IoT_sensor,False
FLD00189,2024-04-15 18:32:55,Kha Van Can,Thu Duc,10.853171,106.756437,20.1,30,moderate,slow,48.9,monitoring_station,False
FLD01872,2024-04-15 19:37:44,Pham The Hien,Quan 8,10.727074,106.68248,16.1,60,moderate,slow,30.0,IoT_sensor,False
FLD01966,2024-04-15 22:07:58,Binh Long,Tan Phu,10.801363,106.614302,39.4,120,severe,blocked,63.5,user_report,False
FLD02258,2024-04-16 06:09:43,Ma Lo,Binh Tan,10.761865,106.612398,31.3,30,severe,blocked,67.5,user_report,False
FLD02039,2024-04-16 18:46:13,Hoa Binh,Tan Phu,10.802967,106.620978,14.8,60,light,clear,12.3,IoT_sensor,True
FLD02122,2024-04-16 19:13:14,Ta Quang Buu,Quan 8,10.745146,106.664625,5.0,90,light,clear,4.5,user_report,True
FLD00791,2024-04-17 11:44:09,Ung Van Khiem,Binh Thanh,10.810027,106.712322,29.5,90,moderate,slow,56.3,IoT_sensor,True
FLD01751,2024-04-18 01:04:11,Phan Huy Ich,Go Vap,10.827523,106.67392,12.0,60,light,clear,17.5,user_report,True
FLD00502,2024-04-18 01:34:55,Nguyen Van Khoi,Go Vap,10.829553,106.692481,28.5,30,moderate,slow,43.7,IoT_sensor,True
FLD00672,2024-04-18 18:51:41,Nguyen Huu Canh,Binh Thanh,10.788009,106.721227,80.1,60,severe,blocked,77.2,IoT_sensor,True
FLD02298,2024-04-19 00:26:17,Vo Van Kiet,Quan 1,10.764246,106.697151,5.0,240,light,clear,9.3,IoT_sensor,True
FLD02295,2024-04-19 05:24:21,Tran Nao,Quan 2,10.782471,106.738187,8.4,90,light,clear,11.4,IoT_sensor,True
FLD01713,2024-04-19 06:19:54,Lam Van Ben,Quan 7,10.718535,106.684074,8.0,90,light,clear,13.8,IoT_sensor,True
FLD01162,2024-04-19 09:15:57,Nguyen Anh Thu,Quan 12,10.875565,106.64532,13.7,60,light,clear,33.6,user_report,True
FLD01573,2024-04-19 10:24:35,Hau Giang,Quan 6,10.747891,106.640307,26.4,90,moderate,slow,43.5,traffic_camera,True
FLD00486,2024-04-19 13:25:29,Thoai Ngoc Hau,Tan Phu,10.786862,106.627179,5.0,60,light,clear,8.4,IoT_sensor,True
FLD02112,2024-04-19 18:29:38,Nguyen Huu Canh,Binh Thanh,10.788472,106.720701,5.7,90,light,clear,6.4,user_report,True
FLD02383,2024-04-19 20:45:16,Hau Giang,Quan 6,10.747835,106.640395,13.5,30,light,clear,22.2,user_report,False
FLD00560,2024-04-20 02:41:23,Pham Van Dong,Binh Thanh,10.817463,106.701103,18.8,180,moderate,slow,43.3,IoT_sensor,False
FLD01501,2024-04-20 10:38:18,An Duong Vuong,Quan 6,10.753304,106.645902,11.3,60,light,clear,23.5,IoT_sensor,True
FLD01168,2024-04-20 13:00:45,Le Thi Rieng,Quan 12,10.859746,106.649114,16.1,30,moderate,slow,38.0,IoT_sensor,True
FLD00276,2024-04-20 22:11:58,To Ky,Quan 12,10.865853,106.632763,9.5,180,light,clear,11.4,user_report,True
FLD00846,2024-04-21 00:55:00,Tran Nao,Quan 2,10.782675,106.737239,26.0,90,moderate,slow,38.6,IoT_sensor,False
FLD00880,2024-04-21 01:15:16,Nguyen Van Khoi,Go Vap,10.829755,106.693804,28.2,180,moderate,slow,53.8,IoT_sensor,True
FLD00472,2024-04-21 01:43:23,Pham Van Dong,Binh Thanh,10.816583,106.701283,24.9,60,moderate,slow,31.1,user_report,False
FLD02182,2024-04-21 05:34:53,CMT8,Quan 3,10.783001,106.679758,9.8,30,light,clear,8.4,IoT_sensor,True
FLD00480,2024-04-21 09:01:49,Nguyen Huu Canh,Binh Thanh,10.789297,106.721703,5.5,180,light,clear,12.4,monitoring_station,True
FLD00966,2024-04-21 10:21:01,Nguyen Van Khoi,Go Vap,10.827934,106.692161,8.0,30,light,clear,13.1,monitoring_station,True
FLD00914,2024-04-21 10:32:34,Ma Lo,Binh Tan,10.765297,106.614122,11.7,60,light,clear,23.2,IoT_sensor,True
FLD01434,2024-04-21 13:00:27,To Ky,Quan 12,10.865643,106.630659,31.1,90,severe,blocked,26.1,IoT_sensor,True
FLD00724,2024-04-23 03:00:22,Nguyen Trai,Quan 5,10.757105,106.663342,5.0,120,light,clear,8.0,IoT_sensor,False
FLD01267,2024-04-23 05:52:00,Vo Van Kiet,Quan 1,10.76199,106.698551,13.7,30,light,clear,20.7,user_report,True
FLD00148,2024-04-23 06:47:33,Nguyen Anh Thu,Quan 12,10.8786,106.644486,11.5,60,light,clear,14.5,user_report,True
FLD01873,2024-04-23 12:19:38,Vo Van Ngan,Thu Duc,10.851991,106.771901,6.3,120,light,clear,6.0,monitoring_station,True
FLD00327,2024-04-23 13:35:31,No Trang Long,Binh Thanh,10.81676,106.696175,8.3,30,light,clear,20.6,IoT_sensor,True
FLD00943,2024-04-23 16:41:12,Nguyen Anh Thu,Quan 12,10.876328,106.646227,26.4,180,moderate,slow,57.0,IoT_sensor,True
FLD01133,2024-04-23 21:02:35,Quang Trung,Go Vap,10.839078,106.664185,38.4,90,severe,blocked,83.5,user_report,True
FLD01702,2024-04-24 08:06:50,Le Van Luong,Quan 7,10.73576,106.704602,5.9,90,light,clear,5.5,IoT_sensor,False
FLD00230,2024-04-24 13:23:09,Ta Quang Buu,Quan 8,10.744518,106.665938,5.0,180,light,clear,12.3,user_report,True
FLD01850,2024-04-25 14:21:52,Lam Van Ben,Quan 7,10.717332,106.685007,26.3,60,moderate,slow,56.2,IoT_sensor,True
FLD02016,2024-04-25 15:40:30,Le Thi Rieng,Quan 12,10.86007,106.646708,11.2,120,light,clear,25.5,monitoring_station,True
FLD00985,2024-04-25 17:37:59,Linh Dong,Thu Duc,10.864114,106.766093,30.4,30,severe,blocked,29.0,user_report,True
FLD01679,2024-04-25 20:30:06,CMT8,Quan 3,10.781266,106.680174,81.7,30,severe,blocked,74.4,user_report,False
FLD00518,2024-04-26 05:59:51,Tan Ky Tan Quy,Binh Tan,10.788319,106.600832,28.4,90,moderate,slow,55.8,IoT_sensor,False
FLD01577,2024-04-26 13:23:12,Vo Van Ngan,Thu Duc,10.852245,106.772393,21.6,180,moderate,slow,24.3,monitoring_station,True
FLD01001,2024-04-27 01:27:09,Ta Quang Buu,Quan 8,10.746059,106.663697,5.2,90,light,clear,8.1,IoT_sensor,True
FLD02227,2024-04-27 01:55:31,Hoa Binh,Tan Phu,10.805078,106.623782,21.4,30,moderate,slow,40.0,IoT_sensor,True
FLD01488,2024-04-27 08:40:38,CMT8,Quan 3,10.781065,106.68094,31.1,30,severe,blocked,73.3,IoT_sensor,True
FLD01623,2024-04-27 19:08:22,Le Van Luong,Quan 7,10.735654,106.70677,15.9,240,moderate,slow,21.6,IoT_sensor,True
FLD01402,2024-04-27 22:50:57,Vo Van Kiet,Quan 1,10.763575,106.698836,14.9,60,light,clear,30.2,traffic_camera,False
FLD00151,2024-04-28 05:00:00,Le Dinh Can,Binh Tan,10.766355,106.597261,29.1,60,moderate,slow,24.5,monitoring_station,True
FLD01688,2024-04-28 06:52:16,Nguyen Van Khoi,Go Vap,10.828859,106.691893,10.4,120,light,clear,10.0,traffic_camera,True
FLD02025,2024-04-28 08:43:31,Le Van Viet,Thu Duc,10.846127,106.790496,5.0,30,light,clear,4.7,user_report,True
FLD02315,2024-04-28 10:02:19,No Trang Long,Binh Thanh,10.81613,106.697123,16.6,240,moderate,slow,15.8,IoT_sensor,True
FLD00882,2024-04-28 16:32:38,Ta Quang Buu,Quan 8,10.743171,106.663951,19.2,30,moderate,slow,22.4,IoT_sensor,True
FLD01186,2024-04-28 17:27:34,No Trang Long,Binh Thanh,10.813888,106.697213,11.0,180,light,clear,17.9,user_report,False
FLD01165,2024-04-28 19:31:52,An Duong Vuong,Quan 6,10.755045,106.643513,19.0,90,moderate,slow,17.4,IoT_sensor,False
FLD02232,2024-04-29 02:35:36,Ba Thang Hai,Quan 10,10.775888,106.669659,26.0,60,moderate,slow,28.5,IoT_sensor,True
FLD00448,2024-04-29 06:02:28,CMT8,Quan 3,10.78092,106.681062,40.6,90,severe,blocked,95.0,user_report,True
FLD01357,2024-04-29 07:57:10,Ba Thang Hai,Quan 10,10.773873,106.672442,5.7,120,light,clear,5.2,user_report,True
FLD00938,2024-04-30 13:20:07,An Duong Vuong,Quan 6,10.755955,106.642588,38.7,120,severe,blocked,52.1,IoT_sensor,True
FLD00249,2024-04-30 20:32:00,Le Dinh Can,Binh Tan,10.765687,106.594743,26.5,30,moderate,slow,37.8,IoT_sensor,True
FLD00853,2024-04-30 21:26:37,Ma Lo,Binh Tan,10.765392,106.615488,14.9,60,light,clear,36.3,IoT_sensor,False
FLD00473,2024-05-01 12:31:03,Nguyen Van Khoi,Go Vap,10.826622,106.693361,8.6,30,light,clear,19.3,user_report,True
FLD00039,2024-05-01 22:30:06,Vo Van Ngan,Thu Duc,10.84888,106.772465,21.1,120,moderate,slow,26.0,traffic_camera,True
FLD00697,2024-05-02 01:18:10,Vo Van Ngan,Thu Duc,10.848642,106.772909,5.0,60,light,clear,9.0,IoT_sensor,True
FLD00302,2024-05-02 01:56:27,Le Thi Rieng,Quan 12,10.863463,106.646549,9.0,30,light,clear,10.7,monitoring_station,True
FLD00034,2024-05-02 15:09:41,Nguyen Thi Thap,Quan 7,10.74293,106.715351,25.6,120,moderate,slow,43.8,IoT_sensor,True
FLD00341,2024-05-02 20:04:10,Pham Van Dong,Binh Thanh,10.819427,106.702294,11.5,60,light,clear,17.2,IoT_sensor,True
FLD01882,2024-05-02 21:28:00,Vo Van Ngan,Thu Duc,10.851883,106.773646,6.4,90,light,clear,15.8,IoT_sensor,False
FLD00951,2024-05-02 23:36:32,CMT8,Quan 3,10.782968,106.679488,20.9,60,moderate,slow,27.5,monitoring_station,True
FLD01484,2024-05-03 21:09:08,Linh Dong,Thu Duc,10.862595,106.764701,13.9,30,light,clear,13.3,IoT_sensor,True
FLD00684,2024-05-04 06:18:27,Nguyen Trai,Quan 5,10.754673,106.662516,19.4,60,moderate,slow,18.7,IoT_sensor,True
FLD00006,2024-05-04 07:07:17,Binh Long,Tan Phu,10.800648,106.616159,9.2,90,light,clear,10.5,IoT_sensor,True
FLD01830,2024-05-04 15:02:38,Le Dinh Can,Binh Tan,10.766415,106.597465,23.9,180,moderate,slow,50.9,user_report,False
FLD01988,2024-05-04 19:53:39,Nguyen Huu Canh,Binh Thanh,10.787719,106.721469,8.7,180,light,clear,9.2,traffic_camera,False
FLD00400,2024-05-05 01:00:52,Do Xuan Hop,Thu Duc,10.833253,106.781647,5.0,240,light,clear,11.5,monitoring_station,False
FLD01084,2024-05-05 01:16:32,Da Nam,Quan 8,10.74303,106.671651,19.8,90,moderate,slow,18.4,user_report,True
FLD02339,2024-05-05 07:56:34,Tran Xuan Soan,Quan 7,10.749875,106.700222,18.2,60,moderate,slow,23.1,monitoring_station,True
FLD01866,2024-05-05 14:26:14,Nguyen Anh Thu,Quan 12,10.877256,106.643341,15.2,60,moderate,slow,24.8,IoT_sensor,True
FLD00283,2024-05-05 15:53:37,Nguyen Van Khoi,Go Vap,10.83038,106.692192,14.7,60,light,clear,24.9,IoT_sensor,True
FLD00075,2024-05-05 22:02:31,Kinh Duong Vuong,Quan 6,10.744304,106.615881,79.2,60,severe,blocked,140.8,IoT_sensor,False
FLD01139,2024-05-06 09:51:11,Kinh Duong Vuong,Quan 6,10.742726,106.617053,41.2,240,severe,blocked,55.1,traffic_camera,True
FLD01413,2024-05-06 11:45:42,Xo Viet Nghe Tinh,Binh Thanh,10.805601,106.713393,15.9,60,moderate,slow,20.7,IoT_sensor,True
FLD01925,2024-05-06 15:20:05,Ba Thang Hai,Quan 10,10.773379,106.671861,30.0,30,severe,blocked,43.2,IoT_sensor,True
FLD00478,2024-05-07 05:22:46,Nguyen Van Qua,Quan 12,10.855355,106.664489,14.8,90,light,clear,29.2,user_report,True
FLD00150,2024-05-08 01:34:14,An Duong Vuong,Quan 6,10.75417,106.642974,15.3,240,moderate,slow,23.3,user_report,True
FLD00397,2024-05-08 19:29:04,Nguyen Thi Thap,Quan 7,10.740728,106.715283,29.9,120,moderate,slow,62.6,IoT_sensor,True
FLD01661,2024-05-08 23:46:35,Tran Xuan Soan,Quan 7,10.750976,106.69718,16.0,90,moderate,slow,21.6,user_report,False
FLD01097,2024-05-09 05:14:14,Nguyen Van Qua,Quan 12,10.855948,106.661201,25.6,30,moderate,slow,36.0,IoT_sensor,False
FLD00974,2024-05-09 20:59:12,Ta Quang Buu,Quan 8,10.742816,106.662912,19.6,60,moderate,slow,48.5,monitoring_station,True
FLD01123,2024-05-10 04:48:16,Xo Viet Nghe Tinh,Binh Thanh,10.806691,106.710805,9.3,180,light,clear,13.1,monitoring_station,True
FLD00529,2024-05-10 07:53:18,Ung Van Khiem,Binh Thanh,10.812015,106.712188,14.7,240,light,clear,35.1,IoT_sensor,True
FLD01269,2024-05-10 19:06:13,Nguyen Trai,Quan 5,10.757272,106.665839,40.9,30,severe,blocked,41.1,user_report,True
FLD00475,2024-05-10 19:48:58,Thoai Ngoc Hau,Tan Phu,10.785346,106.626668,26.0,240,moderate,slow,56.5,user_report,False
FLD01755,2024-05-10 20:44:00,Tran Nao,Quan 2,10.783216,106.738452,5.9,30,light,clear,11.9,traffic_camera,True
FLD01868,2024-05-11 05:38:11,Ba Thang Hai,Quan 10,10.775146,106.669713,16.7,90,moderate,slow,17.9,monitoring_station,False
FLD01154,2024-05-11 17:50:01,Tan Ky Tan Quy,Binh Tan,10.789233,106.604234,24.2,90,moderate,slow,25.3,user_report,True
FLD02243,2024-05-12 07:51:03,CMT8,Quan 3,10.782323,106.680112,14.4,90,light,clear,25.8,user_report,True
FLD00110,2024-05-12 12:44:54,Linh Dong,Thu Duc,10.86387,106.766678,24.9,30,moderate,slow,34.4,traffic_camera,True
FLD01194,2024-05-12 16:15:55,Nguyen Van Qua,Quan 12,10.853752,106.661561,25.1,60,moderate,slow,38.2,monitoring_station,True
FLD01553,2024-05-12 16:17:50,Pham The Hien,Quan 8,10.728729,106.684306,11.8,240,light,clear,21.5,traffic_camera,True
FLD02314,2024-05-13 19:25:26,Tran Nao,Quan 2,10.781819,106.737374,11.7,60,light,clear,12.7,IoT_sensor,True
FLD01063,2024-05-14 03:59:46,Nguyen Huu Canh,Binh Thanh,10.788618,106.721171,14.0,120,light,clear,26.2,IoT_sensor,True
FLD00128,2024-05-14 07:23:58,Tan Ky Tan Quy,Binh Tan,10.787076,106.604016,14.3,90,light,clear,23.4,monitoring_station,False
FLD01440,2024-05-14 23:09:56,Ta Quang Buu,Quan 8,10.745427,106.664834,28.6,90,moderate,slow,60.2,monitoring_station,True
FLD00780,2024-05-15 04:51:22,Da Nam,Quan 8,10.740849,106.673431,8.1,30,light,clear,20.1,user_report,False
FLD02247,2024-05-15 11:35:54,Kinh Duong Vuong,Quan 6,10.744822,106.616084,26.1,120,moderate,slow,38.9,IoT_sensor,True
FLD01743,2024-05-15 22:59:44,CMT8,Quan 3,10.783037,106.681523,11.9,30,light,clear,18.4,IoT_sensor,False
FLD01511,2024-05-15 23:12:55,Binh Long,Tan Phu,10.798298,106.61612,10.5,90,light,clear,15.9,IoT_sensor,True
FLD01703,2024-05-16 06:25:02,Hoa Binh,Tan Phu,10.803427,106.620561,14.1,120,light,clear,11.4,user_report,True
FLD00030,2024-05-16 09:29:59,Le Van Viet,Thu Duc,10.843462,106.787585,8.6,180,light,clear,11.0,IoT_sensor,True
FLD00340,2024-05-16 13:58:32,Binh Long,Tan Phu,10.79858,106.615891,25.5,60,moderate,slow,27.0,user_report,True
FLD01708,2024-05-16 17:00:28,Le Dinh Can,Binh Tan,10.76797,106.595596,11.0,60,light,clear,9.5,traffic_camera,True
FLD01855,2024-05-16 19:39:12,Vo Van Kiet,Quan 1,10.760903,106.699118,5.0,120,light,clear,7.2,traffic_camera,True
FLD00045,2024-05-16 20:13:46,Ba Thang Hai,Quan 10,10.772942,106.672488,9.8,60,light,clear,23.1,IoT_sensor,False
FLD02333,2024-05-17 04:07:58,Vo Van Kiet,Quan 1,10.761426,106.697656,9.4,90,light,clear,20.1,monitoring_station,False
FLD01349,2024-05-17 07:45:32,Nguyen Huu Canh,Binh Thanh,10.786226,106.721136,24.5,90,moderate,slow,25.9,monitoring_station,True
FLD01945,2024-05-17 16:37:56,Tan Ky Tan Quy,Binh Tan,10.788858,106.601889,19.0,120,moderate,slow,41.6,IoT_sensor,True
FLD01541,2024-05-18 00:27:02,An Duong Vuong,Quan 6,10.754599,106.643607,6.6,60,light,clear,15.3,IoT_sensor,False
FLD00003,2024-05-18 04:47:38,Pham The Hien,Quan 8,10.726279,106.683367,21.0,60,moderate,slow,48.7,traffic_camera,False
FLD01222,2024-05-18 09:46:42,Ung Van Khiem,Binh Thanh,10.813517,106.712374,11.1,60,light,clear,24.0,traffic_camera,True
FLD02152,2024-05-18 14:24:07,Ta Quang Buu,Quan 8,10.744056,106.666285,21.8,120,moderate,slow,33.6,user_report,True
FLD00988,2024-05-18 15:37:43,Thoai Ngoc Hau,Tan Phu,10.784979,106.627456,6.1,90,light,clear,7.4,monitoring_station,True
FLD01412,2024-05-18 18:05:39,Tam Binh,Thu Duc,10.862626,106.738553,8.6,60,light,clear,16.6,IoT_sensor,True
FLD00530,2024-05-18 21:55:29,Tan Ky Tan Quy,Binh Tan,10.789076,106.602089,14.1,90,light,clear,16.4,user_report,True
FLD02143,2024-05-19 02:53:51,To Ky,Quan 12,10.865618,106.630552,5.0,120,light,clear,4.4,user_report,True
FLD01259,2024-05-19 15:02:53,Kinh Duong Vuong,Quan 6,10.741642,106.614478,50.4,240,severe,blocked,75.9,IoT_sensor,True
FLD02021,2024-05-20 00:36:41,Do Xuan Hop,Thu Duc,10.831663,106.780764,38.4,30,severe,blocked,50.1,IoT_sensor,True
FLD01853,2024-05-20 01:25:56,Thoai Ngoc Hau,Tan Phu,10.786139,106.629683,29.5,60,moderate,slow,41.4,user_report,True
FLD02114,2024-05-21 18:04:19,Le Van Viet,Thu Duc,10.846948,106.790114,6.3,90,light,clear,12.7,monitoring_station,False
FLD00253,2024-05-22 02:47:56,No Trang Long,Binh Thanh,10.815725,106.696365,20.4,120,moderate,slow,46.5,monitoring_station,True
FLD01867,2024-05-22 06:05:42,No Trang Long,Binh Thanh,10.817219,106.699244,6.6,90,light,clear,12.7,IoT_sensor,True
FLD01953,2024-05-22 08:21:12,Linh Dong,Thu Duc,10.863176,106.767491,19.6,30,moderate,slow,29.1,traffic_camera,True
FLD01164,2024-05-22 15:39:15,Xo Viet Nghe Tinh,Binh Thanh,10.809397,106.709707,8.3,60,light,clear,9.4,IoT_sensor,False
FLD00958,2024-05-23 03:17:03,Vo Van Ngan,Thu Duc,10.848697,106.771209,21.7,90,moderate,slow,42.4,IoT_sensor,True
FLD00779,2024-05-23 04:32:31,An Duong Vuong,Quan 6,10.755373,106.643474,5.0,60,light,clear,12.3,IoT_sensor,True
FLD00421,2024-05-23 08:36:05,Thoai Ngoc Hau,Tan Phu,10.785896,106.629293,38.9,60,severe,blocked,94.6,traffic_camera,True
FLD02277,2024-05-23 17:03:52,Ma Lo,Binh Tan,10.761803,106.611968,31.6,90,severe,blocked,39.3,IoT_sensor,False
FLD00611,2024-05-24 15:52:15,Le Dinh Can,Binh Tan,10.765185,106.596527,29.0,240,moderate,slow,24.4,IoT_sensor,True
FLD00537,2024-05-24 15:54:59,Nguyen Van Qua,Quan 12,10.855461,106.661829,16.1,180,moderate,slow,21.1,user_report,True
FLD02022,2024-05-24 17:22:14,Vo Van Kiet,Quan 1,10.761921,106.699841,6.3,60,light,clear,6.1,IoT_sensor,True
FLD01999,2024-05-25 18:47:45,Tan Ky Tan Quy,Binh Tan,10.789934,106.601759,19.1,30,moderate,slow,36.0,IoT_sensor,True
FLD01674,2024-05-26 00:13:34,Da Nam,Quan 8,10.741999,106.673782,23.2,60,moderate,slow,53.6,IoT_sensor,True
FLD00747,2024-05-26 01:41:28,Kinh Duong Vuong,Quan 6,10.743196,106.615058,19.8,60,moderate,slow,29.9,IoT_sensor,True
FLD00193,2024-05-26 11:11:03,Nguyen Huu Canh,Binh Thanh,10.789543,106.720364,38.2,90,severe,blocked,86.8,IoT_sensor,False
FLD00642,2024-05-26 20:10:48,Ma Lo,Binh Tan,10.76185,106.615482,13.9,30,light,clear,24.1,user_report,False
FLD01531,2024-05-27 10:03:15,To Ky,Quan 12,10.867858,106.632313,5.4,60,light,clear,10.9,traffic_camera,True
FLD01172,2024-05-27 10:26:54,Da Nam,Quan 8,10.743213,106.671625,19.6,90,moderate,slow,46.5,user_report,True
FLD01034,2024-05-27 19:21:56,Vo Van Ngan,Thu Duc,10.849407,106.772241,5.0,120,light,clear,6.9,traffic_camera,True
FLD02087,2024-05-27 21:23:32,Kinh Duong Vuong,Quan 6,10.745184,106.616012,5.8,30,light,clear,13.1,traffic_camera,True
FLD01954,2024-05-28 02:23:50,Nguyen Huu Canh,Binh Thanh,10.788228,106.723143,5.3,30,light,clear,8.6,user_report,True
FLD01905,2024-05-28 03:57:35,Xo Viet Nghe Tinh,Binh Thanh,10.808015,106.710969,29.5,30,moderate,slow,67.4,IoT_sensor,True
FLD01351,2024-05-28 21:17:49,Le Van Luong,Quan 7,10.737377,106.703782,18.5,240,moderate,slow,34.6,IoT_sensor,True
FLD01560,2024-05-28 22:24:43,Vo Van Ngan,Thu Duc,10.849605,106.773972,10.2,120,light,clear,23.1,user_report,False
FLD00114,2024-05-29 08:56:32,Tran Nao,Quan 2,10.78414,106.73571,5.0,180,light,clear,12.4,user_report,True
FLD00755,2024-05-29 12:38:18,Do Xuan Hop,Thu Duc,10.834591,106.78126,9.3,90,light,clear,17.4,user_report,True
FLD02296,2024-05-29 22:59:32,Tan Ky Tan Quy,Binh Tan,10.790476,106.600543,81.9,60,severe,blocked,162.7,IoT_sensor,True
FLD02279,2024-05-30 07:21:48,Tran Nao,Quan 2,10.78424,106.738214,11.5,60,light,clear,28.0,IoT_sensor,False
FLD01161,2024-05-30 11:43:31,No Trang Long,Binh Thanh,10.814291,106.696988,5.0,60,light,clear,11.6,user_report,False
FLD01483,2024-05-30 12:06:37,Tan Ky Tan Quy,Binh Tan,10.789429,106.603446,26.1,90,moderate,slow,53.6,user_report,False
FLD01548,2024-05-30 16:42:47,To Ky,Quan 12,10.865808,106.632271,15.3,60,moderate,slow,23.0,monitoring_station,False
FLD01838,2024-05-30 19:26:49,Le Dinh Can,Binh Tan,10.766413,106.595418,31.7,60,severe,blocked,51.4,IoT_sensor,True
FLD00037,2024-05-30 22:11:40,Vo Van Kiet,Quan 1,10.76131,106.699279,21.2,60,moderate,slow,27.3,user_report,False
FLD00620,2024-05-31 04:00:40,Do Xuan Hop,Thu Duc,10.833038,106.781797,6.9,90,light,clear,14.3,monitoring_station,True
FLD00722,2024-05-31 06:50:58,Tran Xuan Soan,Quan 7,10.751846,106.700159,6.4,30,light,clear,10.3,IoT_sensor,True
FLD00982,2024-05-31 08:41:04,Le Dinh Can,Binh Tan,10.76505,106.595089,5.6,90,light,clear,11.1,IoT_sensor,True
FLD02074,2024-05-31 08:47:13,Lam Van Ben,Quan 7,10.720346,106.682594,20.2,180,moderate,slow,25.8,user_report,True
FLD00163,2024-05-31 10:15:59,Da Nam,Quan 8,10.741239,106.672415,25.2,30,moderate,slow,48.1,IoT_sensor,True
FLD00741,2024-05-31 13:08:53,Ta Quang Buu,Quan 8,10.74397,106.663783,10.9,120,light,clear,12.3,user_report,False
FLD02371,2024-05-31 17:56:30,Vo Van Kiet,Quan 1,10.764207,106.698173,11.5,60,light,clear,18.8,monitoring_station,True
FLD01210,2024-05-31 18:03:54,Nguyen Trai,Quan 5,10.757234,106.666348,8.2,60,light,clear,18.7,IoT_sensor,True
FLD00032,2024-06-01 11:42:45,Hau Giang,Quan 6,10.744697,106.638994,5.0,30,light,clear,8.9,IoT_sensor,True
FLD00104,2024-06-01 23:24:31,Kha Van Can,Thu Duc,10.852589,106.753327,20.9,60,moderate,slow,31.1,IoT_sensor,False
FLD02270,2024-06-02 04:22:21,Hau Giang,Quan 6,10.74601,106.637591,21.6,60,moderate,slow,49.0,user_report,False
FLD02354,2024-06-02 18:12:33,To Ky,Quan 12,10.86542,106.631334,16.0,180,moderate,slow,21.6,user_report,True
FLD00009,2024-06-02 20:51:27,Tran Nao,Quan 2,10.784636,106.737157,8.2,60,light,clear,15.8,IoT_sensor,True
FLD01822,2024-06-03 05:16:12,Thoai Ngoc Hau,Tan Phu,10.785698,106.627716,16.6,60,moderate,slow,29.0,monitoring_station,True
FLD00716,2024-06-03 10:23:54,Pham The Hien,Quan 8,10.726112,106.68426,15.0,180,moderate,slow,32.7,monitoring_station,True
FLD00334,2024-06-03 11:01:34,Nguyen Van Khoi,Go Vap,10.829598,106.69386,6.3,90,light,clear,13.0,IoT_sensor,True
FLD01854,2024-06-03 18:28:17,An Duong Vuong,Quan 6,10.753099,106.645973,10.0,90,light,clear,21.5,IoT_sensor,True
FLD00719,2024-06-04 00:42:28,Kinh Duong Vuong,Quan 6,10.745467,106.615774,10.9,240,light,clear,16.2,monitoring_station,True
FLD00277,2024-06-04 02:13:47,Linh Dong,Thu Duc,10.862704,106.767193,26.2,30,moderate,slow,63.7,user_report,True
FLD01433,2024-06-04 03:44:16,Nguyen Thi Thap,Quan 7,10.742643,106.717317,10.3,120,light,clear,12.5,IoT_sensor,False
FLD00945,2024-06-04 07:49:55,Kinh Duong Vuong,Quan 6,10.745285,106.616941,5.4,90,light,clear,9.5,IoT_sensor,True
FLD00520,2024-06-04 21:55:55,To Ky,Quan 12,10.868276,106.629686,18.6,30,moderate,slow,17.3,IoT_sensor,False
FLD01316,2024-06-05 08:06:17,Huynh Tan Phat,Quan 7,10.727204,106.720733,20.1,60,moderate,slow,42.4,user_report,True
FLD00972,2024-06-05 08:22:45,Huynh Tan Phat,Quan 7,10.728156,106.723656,15.8,120,moderate,slow,27.3,monitoring_station,False
FLD01602,2024-06-05 12:42:14,Hau Giang,Quan 6,10.748268,106.63836,24.7,30,moderate,slow,43.5,traffic_camera,True
FLD01421,2024-06-05 16:16:21,Hoa Binh,Tan Phu,10.803274,106.623027,24.1,90,moderate,slow,39.6,IoT_sensor,True
FLD02280,2024-06-05 17:07:00,Nguyen Van Khoi,Go Vap,10.828058,106.695476,13.8,60,light,clear,30.9,monitoring_station,True
FLD00875,2024-06-05 17:15:22,Ung Van Khiem,Binh Thanh,10.813109,106.712382,5.0,30,light,clear,5.1,user_report,True
FLD00900,2024-06-06 06:03:57,Nguyen Huu Canh,Binh Thanh,10.788995,106.722403,5.1,60,light,clear,5.8,traffic_camera,True
FLD01279,2024-06-06 18:24:35,Le Dinh Can,Binh Tan,10.765913,106.598444,9.1,240,light,clear,9.2,user_report,True
FLD01387,2024-06-06 23:06:42,Thoai Ngoc Hau,Tan Phu,10.78625,106.630022,18.3,120,moderate,slow,35.0,user_report,True
FLD00950,2024-06-06 23:39:20,Ma Lo,Binh Tan,10.764341,106.614667,16.0,90,moderate,slow,30.5,user_report,False
FLD01042,2024-06-07 01:29:24,Ba Thang Hai,Quan 10,10.774465,106.672212,78.7,60,severe,blocked,125.1,IoT_sensor,True
FLD00123,2024-06-07 05:26:10,Le Van Luong,Quan 7,10.737597,106.703963,5.0,60,light,clear,11.1,monitoring_station,True
FLD00038,2024-06-07 07:36:45,Nguyen Van Qua,Quan 12,10.85305,106.664336,5.5,30,light,clear,5.2,user_report,False
FLD01665,2024-06-07 17:50:30,Da Nam,Quan 8,10.740087,106.672226,26.4,60,moderate,slow,59.2,user_report,False
FLD00507,2024-06-07 19:58:30,Huynh Tan Phat,Quan 7,10.729754,106.721142,18.1,90,moderate,slow,21.9,traffic_camera,True
FLD00643,2024-06-08 01:51:12,Do Xuan Hop,Thu Duc,10.834747,106.782352,16.5,30,moderate,slow,37.9,user_report,False
FLD00977,2024-06-08 04:34:12,To Ky,Quan 12,10.86641,106.631901,31.4,60,severe,blocked,55.0,user_report,True
FLD02171,2024-06-08 08:02:36,Da Nam,Quan 8,10.74156,106.67377,20.9,90,moderate,slow,47.8,IoT_sensor,True
FLD00159,2024-06-08 10:19:08,Linh Dong,Thu Duc,10.866223,106.765949,9.6,30,light,clear,20.4,IoT_sensor,True
FLD00289,2024-06-08 17:52:40,Nguyen Huu Canh,Binh Thanh,10.787645,106.72217,11.7,30,light,clear,28.1,IoT_sensor,False
FLD01144,2024-06-08 18:38:20,Le Van Viet,Thu Duc,10.84398,106.789792,5.7,90,light,clear,10.2,IoT_sensor,False
FLD00632,2024-06-08 20:55:24,Le Thi Rieng,Quan 12,10.863068,106.648683,19.7,30,moderate,slow,22.3,IoT_sensor,False
FLD01959,2024-06-08 20:59:19,Da Nam,Quan 8,10.743338,106.674985,6.6,240,light,clear,7.5,user_report,True
FLD01643,2024-06-09 03:38:49,Hoa Binh,Tan Phu,10.805875,106.622158,30.0,90,severe,blocked,63.8,monitoring_station,False
FLD01768,2024-06-09 08:00:22,Ma Lo,Binh Tan,10.765095,106.611507,21.8,30,moderate,slow,25.5,monitoring_station,True
FLD00355,2024-06-09 08:34:28,Linh Dong,Thu Duc,10.865092,106.765052,5.0,30,light,clear,8.7,IoT_sensor,True
FLD02202,2024-06-09 15:08:22,An Duong Vuong,Quan 6,10.756415,106.643246,38.7,30,severe,blocked,49.9,monitoring_station,True
FLD02140,2024-06-09 17:21:25,Nguyen Anh Thu,Quan 12,10.877822,106.642616,19.3,30,moderate,slow,46.7,traffic_camera,True
FLD00216,2024-06-09 18:00:19,Ba Thang Hai,Quan 10,10.773207,106.671798,19.0,30,moderate,slow,29.9,IoT_sensor,True
FLD00956,2024-06-09 20:13:56,Ung Van Khiem,Binh Thanh,10.812981,106.709541,5.0,240,light,clear,7.6,user_report,True
FLD00072,2024-06-10 04:44:31,Nguyen Huu Canh,Binh Thanh,10.786018,106.721559,26.2,30,moderate,slow,48.7,IoT_sensor,False
FLD01135,2024-06-10 09:22:38,Thoai Ngoc Hau,Tan Phu,10.787294,106.629712,15.8,90,moderate,slow,12.6,user_report,True
FLD00143,2024-06-10 14:46:55,Hau Giang,Quan 6,10.748231,106.639066,19.4,60,moderate,slow,36.4,IoT_sensor,False
FLD00957,2024-06-11 17:18:45,Le Thi Rieng,Quan 12,10.861784,106.649244,5.9,90,light,clear,5.9,IoT_sensor,True
FLD01302,2024-06-12 19:28:49,Pham The Hien,Quan 8,10.72787,106.682731,10.9,90,light,clear,10.5,traffic_camera,True
FLD00586,2024-06-12 20:56:57,Le Dinh Can,Binh Tan,10.766028,106.597526,40.0,240,severe,blocked,88.1,monitoring_station,False
FLD02301,2024-06-12 21:49:58,Nguyen Anh Thu,Quan 12,10.878579,106.646469,14.9,90,light,clear,13.9,monitoring_station,True
FLD02236,2024-06-13 01:19:23,Lam Van Ben,Quan 7,10.719827,106.683526,10.3,30,light,clear,14.7,IoT_sensor,True
FLD00618,2024-06-13 01:51:05,Nguyen Van Khoi,Go Vap,10.827199,106.695231,10.7,30,light,clear,15.2,traffic_camera,True
FLD01442,2024-06-13 16:01:20,Tam Binh,Thu Duc,10.862433,106.738078,13.6,120,light,clear,12.7,IoT_sensor,False
FLD01348,2024-06-13 17:42:27,Pham Van Dong,Binh Thanh,10.818421,106.703503,13.7,60,light,clear,31.2,monitoring_station,True
FLD00874,2024-06-13 17:55:32,To Ky,Quan 12,10.866855,106.632277,5.0,90,light,clear,4.1,user_report,True
FLD00280,2024-06-14 05:58:17,Ta Quang Buu,Quan 8,10.743361,106.663153,5.0,120,light,clear,5.9,IoT_sensor,True
FLD01014,2024-06-14 06:40:16,Hau Giang,Quan 6,10.747098,106.637875,11.4,240,light,clear,20.9,IoT_sensor,True
FLD01686,2024-06-14 08:15:54,Le Van Viet,Thu Duc,10.846209,106.790666,29.1,30,moderate,slow,34.4,user_report,True
FLD02290,2024-06-15 01:41:05,Kinh Duong Vuong,Quan 6,10.745004,106.61548,9.1,60,light,clear,15.0,IoT_sensor,False
FLD01546,2024-06-15 02:14:00,Vo Van Ngan,Thu Duc,10.852312,106.773022,7.0,90,light,clear,12.3,IoT_sensor,True
FLD00581,2024-06-15 07:07:22,Tan Ky Tan Quy,Binh Tan,10.787444,106.603701,5.0,60,light,clear,4.0,IoT_sensor,True
FLD00093,2024-06-15 07:46:51,Ta Quang Buu,Quan 8,10.744768,106.665534,10.4,90,light,clear,20.3,IoT_sensor,False
FLD01424,2024-06-15 12:10:24,Tam Binh,Thu Duc,10.86111,106.73676,11.8,120,light,clear,20.1,IoT_sensor,True
FLD00970,2024-06-15 13:29:52,Phan Huy Ich,Go Vap,10.829422,106.673553,8.5,60,light,clear,14.5,IoT_sensor,True
FLD00801,2024-06-16 07:20:15,Vo Van Kiet,Quan 1,10.763648,106.699135,15.2,30,moderate,slow,28.3,IoT_sensor,True
FLD01359,2024-06-16 11:40:17,Lam Van Ben,Quan 7,10.720111,106.685232,20.0,180,moderate,slow,18.5,IoT_sensor,False
FLD00840,2024-06-16 16:39:29,Le Thi Rieng,Quan 12,10.859981,106.64826,9.3,120,light,clear,21.9,monitoring_station,True
FLD01240,2024-06-16 19:14:18,Tam Binh,Thu Duc,10.863311,106.738854,9.1,30,light,clear,11.1,user_report,False
FLD02327,2024-06-17 09:02:53,Nguyen Van Khoi,Go Vap,10.830165,106.695323,15.1,120,moderate,slow,13.5,IoT_sensor,False
FLD01189,2024-06-18 00:50:12,An Duong Vuong,Quan 6,10.754745,106.646423,31.1,60,severe,blocked,60.3,IoT_sensor,True
FLD01622,2024-06-18 05:41:00,Pham Van Dong,Binh Thanh,10.820052,106.703896,16.0,90,moderate,slow,28.0,monitoring_station,False
FLD00046,2024-06-18 13:17:12,Ung Van Khiem,Binh Thanh,10.810362,106.712088,11.3,30,light,clear,21.8,traffic_camera,True
FLD01115,2024-06-19 15:16:26,Tran Nao,Quan 2,10.783645,106.73456,7.0,180,light,clear,13.0,monitoring_station,True
FLD00435,2024-06-19 18:57:18,Hoa Binh,Tan Phu,10.804084,106.62172,16.3,60,moderate,slow,37.0,user_report,True
FLD00798,2024-06-20 03:53:13,Le Thi Rieng,Quan 12,10.859769,106.648111,39.3,60,severe,blocked,77.5,IoT_sensor,True
FLD00896,2024-06-20 05:27:04,Nguyen Anh Thu,Quan 12,10.87601,106.644152,18.9,60,moderate,slow,45.3,monitoring_station,True
FLD01586,2024-06-20 12:20:43,Nguyen Anh Thu,Quan 12,10.877212,106.644303,79.6,90,severe,blocked,87.2,user_report,True
FLD01757,2024-06-20 17:09:18,CMT8,Quan 3,10.782586,106.679776,6.1,60,light,clear,5.1,IoT_sensor,False
FLD00412,2024-06-21 01:46:27,CMT8,Quan 3,10.78218,106.680256,10.3,90,light,clear,10.9,IoT_sensor,True
FLD00615,2024-06-21 02:23:25,Binh Long,Tan Phu,10.798691,106.615927,11.4,60,light,clear,25.4,IoT_sensor,False
FLD01588,2024-06-21 02:56:35,Kinh Duong Vuong,Quan 6,10.742959,106.613879,15.4,180,moderate,slow,35.5,IoT_sensor,True
FLD00154,2024-06-21 13:48:27,Tran Nao,Quan 2,10.781662,106.737323,14.7,30,light,clear,36.6,user_report,False
FLD01446,2024-06-22 12:22:11,Thoai Ngoc Hau,Tan Phu,10.785316,106.630065,8.9,30,light,clear,13.9,user_report,True
FLD00769,2024-06-22 12:47:35,Da Nam,Quan 8,10.74118,106.673535,10.6,60,light,clear,22.0,user_report,False
FLD01343,2024-06-22 18:50:57,Pham The Hien,Quan 8,10.726452,106.682671,25.5,30,moderate,slow,47.0,IoT_sensor,True
FLD00743,2024-06-23 17:28:48,Linh Dong,Thu Duc,10.864732,106.765402,21.3,30,moderate,slow,51.2,IoT_sensor,False
FLD00262,2024-06-24 02:15:35,Phan Huy Ich,Go Vap,10.829503,106.674456,28.9,60,moderate,slow,62.2,IoT_sensor,True
FLD01148,2024-06-24 06:24:21,Da Nam,Quan 8,10.741917,106.675218,11.4,90,light,clear,12.8,IoT_sensor,False
FLD02341,2024-06-25 11:38:49,An Duong Vuong,Quan 6,10.752959,106.645533,6.4,120,light,clear,6.7,IoT_sensor,True
FLD00021,2024-06-25 14:26:38,Ta Quang Buu,Quan 8,10.742878,106.665487,30.1,60,severe,blocked,57.9,monitoring_station,True
FLD02391,2024-06-26 00:39:56,Nguyen Huu Canh,Binh Thanh,10.78937,106.722557,39.8,240,severe,blocked,76.0,monitoring_station,True
FLD01408,2024-06-26 02:52:37,Tran Xuan Soan,Quan 7,10.749876,106.699123,11.7,30,light,clear,15.5,user_report,True
FLD00271,2024-06-26 06:21:32,Nguyen Trai,Quan 5,10.756249,106.665524,19.3,90,moderate,slow,34.7,traffic_camera,True
FLD01956,2024-06-26 19:10:56,Tran Xuan Soan,Quan 7,10.751644,106.697508,16.4,30,moderate,slow,24.6,user_report,True
FLD01549,2024-06-26 22:13:52,Tan Ky Tan Quy,Binh Tan,10.789732,106.600592,24.4,90,moderate,slow,21.9,IoT_sensor,False
FLD00562,2024-06-26 23:08:31,Nguyen Thi Thap,Quan 7,10.741911,106.713722,13.5,120,light,clear,23.4,IoT_sensor,True
FLD01335,2024-06-27 08:26:17,Nguyen Trai,Quan 5,10.755371,106.663607,5.0,30,light,clear,11.8,traffic_camera,True
FLD00483,2024-06-28 03:19:37,Ma Lo,Binh Tan,10.765009,106.613578,5.3,30,light,clear,12.8,user_report,False
FLD01726,2024-06-28 08:04:26,Xo Viet Nghe Tinh,Binh Thanh,10.807535,106.71041,5.1,30,light,clear,12.2,user_report,True
FLD01749,2024-06-28 22:18:26,Vo Van Ngan,Thu Duc,10.850557,106.771422,25.4,30,moderate,slow,43.3,IoT_sensor,True
FLD00983,2024-06-29 03:28:46,An Duong Vuong,Quan 6,10.754064,106.6431,25.4,120,moderate,slow,54.7,user_report,False
FLD01127,2024-06-29 07:38:29,Kha Van Can,Thu Duc,10.849725,106.754168,24.3,30,moderate,slow,57.5,user_report,True
FLD00807,2024-06-29 11:05:50,Nguyen Van Khoi,Go Vap,10.826718,106.692782,6.5,120,light,clear,5.4,user_report,True
FLD00181,2024-06-29 17:10:45,Nguyen Trai,Quan 5,10.755282,106.66414,23.4,60,moderate,slow,33.5,user_report,True
FLD00944,2024-06-29 18:39:51,Nguyen Anh Thu,Quan 12,10.875524,106.642573,30.4,60,severe,blocked,71.6,IoT_sensor,True
FLD01625,2024-06-29 19:20:15,Ung Van Khiem,Binh Thanh,10.810183,106.711853,11.0,90,light,clear,17.5,user_report,True
FLD01178,2024-06-29 21:35:21,Huynh Tan Phat,Quan 7,10.727993,106.724236,26.0,180,moderate,slow,39.9,monitoring_station,True
FLD00042,2024-06-30 04:57:52,CMT8,Quan 3,10.783245,106.680252,24.1,60,moderate,slow,25.7,IoT_sensor,True
FLD02129,2024-06-30 05:25:03,Pham Van Dong,Binh Thanh,10.818531,106.703631,5.8,60,light,clear,9.4,monitoring_station,False
FLD02260,2024-06-30 06:39:39,Kinh Duong Vuong,Quan 6,10.742485,106.613776,29.0,120,moderate,slow,53.1,monitoring_station,False
FLD01756,2024-06-30 17:12:11,No Trang Long,Binh Thanh,10.815996,106.696801,26.3,30,moderate,slow,29.9,IoT_sensor,True
FLD01029,2024-07-01 04:57:43,Tam Binh,Thu Duc,10.860603,106.739358,9.7,240,light,clear,19.4,IoT_sensor,False
FLD01147,2024-07-01 07:31:12,Thoai Ngoc Hau,Tan Phu,10.785273,106.627984,13.9,90,light,clear,11.2,IoT_sensor,True
FLD02193,2024-07-01 23:23:04,CMT8,Quan 3,10.782046,106.681066,9.5,120,light,clear,10.9,IoT_sensor,True
FLD01570,2024-07-02 05:55:46,Tran Xuan Soan,Quan 7,10.751424,106.698889,11.5,240,light,clear,20.3,monitoring_station,False
FLD00859,2024-07-02 06:18:07,Ta Quang Buu,Quan 8,10.743464,106.665793,10.4,30,light,clear,16.1,user_report,True
FLD02098,2024-07-02 10:03:34,Quang Trung,Go Vap,10.836263,106.66494,10.9,90,light,clear,21.4,IoT_sensor,False
FLD00385,2024-07-02 14:24:30,Le Van Viet,Thu Duc,10.846005,106.790672,6.2,60,light,clear,5.0,monitoring_station,True
FLD01435,2024-07-02 16:05:10,Linh Dong,Thu Duc,10.864726,106.767197,6.7,60,light,clear,8.6,monitoring_station,True
FLD01741,2024-07-02 18:49:32,Vo Van Kiet,Quan 1,10.763741,106.696562,23.3,90,moderate,slow,25.3,user_report,True
FLD00904,2024-07-02 22:04:14,Tan Ky Tan Quy,Binh Tan,10.789579,106.601794,26.3,60,moderate,slow,45.8,IoT_sensor,True
FLD00887,2024-07-03 01:58:23,Kinh Duong Vuong,Quan 6,10.742308,106.61728,14.6,180,light,clear,35.8,traffic_camera,False
FLD00313,2024-07-03 08:19:17,Tran Nao,Quan 2,10.78263,106.736887,6.5,90,light,clear,5.5,IoT_sensor,True
FLD00911,2024-07-03 14:01:43,Ta Quang Buu,Quan 8,10.746424,106.663537,15.5,30,moderate,slow,17.7,IoT_sensor,True
FLD02160,2024-07-03 15:19:59,To Ky,Quan 12,10.868292,106.633469,10.2,30,light,clear,12.7,user_report,True
FLD01362,2024-07-04 00:33:32,Kinh Duong Vuong,Quan 6,10.743335,106.614309,18.0,60,moderate,slow,27.2,monitoring_station,True
FLD00763,2024-07-04 16:48:23,Ta Quang Buu,Quan 8,10.745094,106.664754,5.0,60,light,clear,8.4,IoT_sensor,True
FLD00999,2024-07-04 18:31:18,Ba Thang Hai,Quan 10,10.774213,106.672234,5.0,180,light,clear,5.2,IoT_sensor,True
FLD01744,2024-07-04 20:41:41,Nguyen Thi Thap,Quan 7,10.742811,106.716021,5.5,30,light,clear,13.1,traffic_camera,True
FLD00379,2024-07-05 13:49:26,Thoai Ngoc Hau,Tan Phu,10.787135,106.627036,31.3,60,severe,blocked,52.0,IoT_sensor,True
FLD02308,2024-07-05 19:24:27,Le Thi Rieng,Quan 12,10.862219,106.648799,26.6,90,moderate,slow,36.8,monitoring_station,False
FLD02118,2024-07-05 23:23:16,Nguyen Huu Canh,Binh Thanh,10.787978,106.723271,10.8,60,light,clear,25.0,monitoring_station,True
FLD01584,2024-07-06 01:38:59,Ung Van Khiem,Binh Thanh,10.812445,106.70931,38.0,60,severe,blocked,84.8,IoT_sensor,True
FLD01699,2024-07-06 04:44:19,Ma Lo,Binh Tan,10.761814,106.615421,20.0,180,moderate,slow,19.7,IoT_sensor,True
FLD00638,2024-07-06 07:32:59,Nguyen Thi Thap,Quan 7,10.743088,106.71622,21.7,60,moderate,slow,41.0,user_report,False
FLD01340,2024-07-06 11:50:25,Nguyen Trai,Quan 5,10.755801,106.664244,10.0,30,light,clear,19.9,user_report,False
FLD00065,2024-07-07 00:11:10,Binh Long,Tan Phu,10.799094,106.617169,21.4,60,moderate,slow,36.5,user_report,True
FLD00752,2024-07-07 04:48:56,To Ky,Quan 12,10.866068,106.630894,19.3,90,moderate,slow,31.1,monitoring_station,False
FLD00751,2024-07-07 06:23:09,To Ky,Quan 12,10.864676,106.631864,13.3,120,light,clear,20.0,monitoring_station,True
FLD00330,2024-07-08 04:45:49,Tan Ky Tan Quy,Binh Tan,10.787233,106.602377,19.0,60,moderate,slow,24.4,IoT_sensor,True
FLD00990,2024-07-08 09:50:03,Nguyen Thi Thap,Quan 7,10.741122,106.715225,24.8,30,moderate,slow,41.0,IoT_sensor,True
FLD01160,2024-07-09 00:26:50,Do Xuan Hop,Thu Duc,10.833679,106.780644,39.7,60,severe,blocked,98.5,IoT_sensor,True
FLD02388,2024-07-09 02:03:08,Le Thi Rieng,Quan 12,10.860564,106.648144,5.0,90,light,clear,10.2,IoT_sensor,True
FLD02349,2024-07-10 02:34:09,Lam Van Ben,Quan 7,10.716537,106.684561,16.2,30,moderate,slow,22.8,IoT_sensor,True
FLD01053,2024-07-10 14:42:17,Do Xuan Hop,Thu Duc,10.832931,106.784496,50.2,120,severe,blocked,101.5,IoT_sensor,False
FLD01671,2024-07-10 16:56:04,Le Dinh Can,Binh Tan,10.764874,106.595854,16.3,30,moderate,slow,29.2,user_report,False
FLD01856,2024-07-12 13:52:11,Binh Long,Tan Phu,10.799465,106.615342,14.3,60,light,clear,24.6,user_report,True
FLD01058,2024-07-13 04:07:28,To Ky,Quan 12,10.866536,106.629831,40.5,30,severe,blocked,38.3,user_report,True
FLD02023,2024-07-13 07:59:24,Vo Van Kiet,Quan 1,10.764056,106.7,5.0,30,light,clear,5.7,monitoring_station,True
FLD00247,2024-07-13 22:35:26,Ba Thang Hai,Quan 10,10.774165,106.66926,6.7,180,light,clear,9.4,IoT_sensor,True
FLD00291,2024-07-14 02:06:17,Hoa Binh,Tan Phu,10.805792,106.624109,16.1,60,moderate,slow,18.3,user_report,False
FLD02177,2024-07-14 06:20:11,To Ky,Quan 12,10.868436,106.633484,29.8,30,moderate,slow,48.3,user_report,True
FLD02044,2024-07-14 09:23:37,Da Nam,Quan 8,10.740333,106.674389,29.8,90,moderate,slow,29.0,IoT_sensor,True
FLD00295,2024-07-14 19:35:34,Da Nam,Quan 8,10.741311,106.675208,21.4,240,moderate,slow,46.7,IoT_sensor,False
FLD01812,2024-07-15 05:00:51,Kinh Duong Vuong,Quan 6,10.745489,106.616312,40.8,120,severe,blocked,99.5,monitoring_station,True
FLD00212,2024-07-15 06:17:24,Nguyen Trai,Quan 5,10.754787,106.665711,6.4,30,light,clear,10.0,user_report,True
FLD01653,2024-07-15 06:26:56,Huynh Tan Phat,Quan 7,10.726926,106.723627,13.4,120,light,clear,28.1,IoT_sensor,True
FLD01760,2024-07-15 14:28:38,Tran Xuan Soan,Quan 7,10.750265,106.70047,19.7,30,moderate,slow,26.8,traffic_camera,True
FLD00071,2024-07-16 05:14:48,Huynh Tan Phat,Quan 7,10.729353,106.723595,23.1,60,moderate,slow,22.8,IoT_sensor,True
FLD00026,2024-07-16 06:48:16,Vo Van Kiet,Quan 1,10.764365,106.698884,5.2,90,light,clear,5.4,IoT_sensor,True
FLD01687,2024-07-17 01:13:56,Phan Huy Ich,Go Vap,10.82778,106.671812,49.9,30,severe,blocked,58.7,monitoring_station,True
FLD01961,2024-07-17 08:13:42,CMT8,Quan 3,10.781868,106.680042,5.9,30,light,clear,6.7,monitoring_station,False
FLD00812,2024-07-17 16:44:42,Pham Van Dong,Binh Thanh,10.818047,106.70162,14.8,30,light,clear,15.0,monitoring_station,True
FLD01998,2024-07-17 19:09:00,Le Dinh Can,Binh Tan,10.767952,106.594509,25.6,60,moderate,slow,32.5,IoT_sensor,True
FLD00146,2024-07-17 22:09:03,Vo Van Kiet,Quan 1,10.762816,106.696518,20.7,30,moderate,slow,30.4,traffic_camera,False
FLD00195,2024-07-18 05:39:20,Le Thi Rieng,Quan 12,10.860898,106.648814,14.8,90,light,clear,34.2,IoT_sensor,False
FLD00910,2024-07-18 14:11:03,Kha Van Can,Thu Duc,10.849956,106.756198,9.7,90,light,clear,18.8,monitoring_station,False
FLD01849,2024-07-18 14:37:07,Nguyen Huu Canh,Binh Thanh,10.789342,106.723357,15.7,90,moderate,slow,31.4,IoT_sensor,True
FLD01216,2024-07-18 23:27:12,Huynh Tan Phat,Quan 7,10.72835,106.721341,14.8,180,light,clear,36.0,traffic_camera,False
FLD02181,2024-07-19 20:38:48,Ba Thang Hai,Quan 10,10.775953,106.669985,49.9,30,severe,blocked,109.4,monitoring_station,True
FLD00041,2024-07-20 04:35:56,Linh Dong,Thu Duc,10.865185,106.764835,5.0,30,light,clear,7.6,user_report,False
FLD00685,2024-07-20 08:25:57,Nguyen Thi Thap,Quan 7,10.74191,106.715341,20.2,60,moderate,slow,46.8,user_report,True
FLD01213,2024-07-20 11:26:28,Tan Ky Tan Quy,Binh Tan,10.789112,106.603369,49.7,90,severe,blocked,39.8,monitoring_station,True
FLD00278,2024-07-20 11:58:49,An Duong Vuong,Quan 6,10.755232,106.646302,15.2,30,moderate,slow,25.0,monitoring_station,True
FLD01996,2024-07-20 23:25:17,Do Xuan Hop,Thu Duc,10.833988,106.781552,26.7,90,moderate,slow,23.7,IoT_sensor,False
FLD00027,2024-07-21 06:40:29,Le Van Viet,Thu Duc,10.846187,106.788431,24.9,120,moderate,slow,24.5,IoT_sensor,False
FLD01566,2024-07-21 12:43:33,An Duong Vuong,Quan 6,10.754616,106.64287,18.1,60,moderate,slow,22.5,monitoring_station,False
FLD00919,2024-07-21 22:33:13,Nguyen Van Khoi,Go Vap,10.829405,106.692568,10.9,60,light,clear,11.6,user_report,False
FLD01916,2024-07-22 04:55:31,Phan Huy Ich,Go Vap,10.830972,106.674478,8.3,30,light,clear,18.1,IoT_sensor,True
FLD00414,2024-07-22 06:53:51,Da Nam,Quan 8,10.742697,106.675348,15.6,60,moderate,slow,23.9,monitoring_station,False
FLD02275,2024-07-22 16:23:24,Tam Binh,Thu Duc,10.861512,106.739713,20.0,90,moderate,slow,27.0,IoT_sensor,True
FLD00099,2024-07-22 17:05:05,To Ky,Quan 12,10.867238,106.630858,13.8,60,light,clear,14.1,IoT_sensor,True
FLD00424,2024-07-22 21:29:44,Nguyen Van Khoi,Go Vap,10.828061,106.693211,25.3,30,moderate,slow,22.9,user_report,True
FLD01229,2024-07-23 00:46:44,Xo Viet Nghe Tinh,Binh Thanh,10.806881,106.713094,5.0,90,light,clear,6.4,IoT_sensor,True
FLD00667,2024-07-23 06:45:38,Vo Van Kiet,Quan 1,10.760744,106.698495,31.3,60,severe,blocked,55.3,IoT_sensor,True
FLD01734,2024-07-23 08:26:39,Tran Xuan Soan,Quan 7,10.749627,106.698943,13.9,90,light,clear,20.7,IoT_sensor,True
FLD00793,2024-07-23 11:51:52,Pham The Hien,Quan 8,10.726125,106.683188,14.2,90,light,clear,17.0,IoT_sensor,True
FLD01561,2024-07-23 16:40:52,CMT8,Quan 3,10.781087,106.678726,13.2,60,light,clear,31.9,monitoring_station,False
FLD01894,2024-07-25 03:12:45,Linh Dong,Thu Duc,10.863651,106.765427,29.5,30,moderate,slow,37.6,user_report,True
FLD00899,2024-07-25 06:16:41,Le Dinh Can,Binh Tan,10.768461,106.594678,5.0,30,light,clear,4.6,IoT_sensor,True
FLD01403,2024-07-25 08:05:07,Nguyen Thi Thap,Quan 7,10.742415,106.717311,20.1,60,moderate,slow,41.3,IoT_sensor,True
FLD00107,2024-07-25 12:45:26,Ung Van Khiem,Binh Thanh,10.811738,106.709027,31.1,60,severe,blocked,52.9,user_report,True
FLD02347,2024-07-25 14:53:32,Vo Van Kiet,Quan 1,10.762223,106.697784,31.0,60,severe,blocked,26.7,IoT_sensor,False
FLD02363,2024-07-25 17:04:41,Nguyen Thi Thap,Quan 7,10.742869,106.713844,9.3,180,light,clear,12.5,monitoring_station,True
FLD01989,2024-07-25 21:10:54,Vo Van Kiet,Quan 1,10.763515,106.700204,48.7,120,severe,blocked,91.0,IoT_sensor,True
FLD01862,2024-07-25 23:59:28,Nguyen Anh Thu,Quan 12,10.879468,106.643008,31.6,120,severe,blocked,27.3,IoT_sensor,False
FLD00105,2024-07-26 10:56:05,Nguyen Van Khoi,Go Vap,10.828154,106.693299,6.6,30,light,clear,14.8,IoT_sensor,True
FLD02334,2024-07-26 18:15:44,Tran Nao,Quan 2,10.785039,106.7357,16.0,90,moderate,slow,36.4,traffic_camera,True
FLD00707,2024-07-27 04:49:15,Kinh Duong Vuong,Quan 6,10.744977,106.614936,14.9,60,light,clear,25.1,user_report,True
FLD01747,2024-07-27 10:20:54,Nguyen Van Khoi,Go Vap,10.828167,106.693657,38.9,60,severe,blocked,92.3,user_report,False
FLD01089,2024-07-27 16:23:05,Tan Ky Tan Quy,Binh Tan,10.789974,106.603261,13.2,90,light,clear,27.0,user_report,True
FLD00440,2024-07-28 04:14:08,Pham Van Dong,Binh Thanh,10.818084,106.701762,18.3,90,moderate,slow,44.1,traffic_camera,True
FLD01582,2024-07-28 12:34:23,Le Thi Rieng,Quan 12,10.860447,106.647815,20.5,30,moderate,slow,18.7,IoT_sensor,False
FLD02233,2024-07-29 10:57:04,Tran Xuan Soan,Quan 7,10.751764,106.698402,8.3,240,light,clear,19.8,IoT_sensor,True
FLD00888,2024-07-29 20:41:17,Xo Viet Nghe Tinh,Binh Thanh,10.805722,106.710856,21.4,90,moderate,slow,20.5,traffic_camera,False
FLD00115,2024-07-30 02:26:22,Lam Van Ben,Quan 7,10.720128,106.684177,11.0,60,light,clear,22.3,user_report,True
FLD02064,2024-07-30 04:31:41,Da Nam,Quan 8,10.741182,106.672686,39.3,30,severe,blocked,46.9,monitoring_station,False
FLD01550,2024-07-30 06:13:29,Le Dinh Can,Binh Tan,10.767016,106.595409,16.6,120,moderate,slow,36.8,traffic_camera,False
FLD00192,2024-07-30 08:32:36,An Duong Vuong,Quan 6,10.75596,106.642624,10.8,90,light,clear,9.7,user_report,True
FLD02292,2024-07-30 12:49:07,Ung Van Khiem,Binh Thanh,10.8107,106.708921,10.1,60,light,clear,13.0,traffic_camera,True
FLD01179,2024-07-31 01:07:42,Hau Giang,Quan 6,10.746013,106.638708,23.8,30,moderate,slow,24.8,monitoring_station,True
FLD00757,2024-07-31 15:10:32,Quang Trung,Go Vap,10.838007,106.663269,16.2,30,moderate,slow,22.3,IoT_sensor,True
FLD01353,2024-07-31 23:29:53,Le Van Viet,Thu Duc,10.846238,106.791222,9.8,180,light,clear,14.2,IoT_sensor,True
FLD00044,2024-08-01 07:49:56,Ta Quang Buu,Quan 8,10.742549,106.664317,6.4,90,light,clear,11.5,IoT_sensor,True
FLD00364,2024-08-01 12:54:13,Tran Xuan Soan,Quan 7,10.752779,106.698434,6.8,90,light,clear,13.6,user_report,True
FLD00948,2024-08-01 13:36:45,Kha Van Can,Thu Duc,10.850423,106.752946,10.6,30,light,clear,25.3,IoT_sensor,False
FLD00702,2024-08-01 20:02:47,Ung Van Khiem,Binh Thanh,10.812401,106.709424,5.8,60,light,clear,11.6,user_report,True
FLD00621,2024-08-02 07:56:09,Tran Xuan Soan,Quan 7,10.751207,106.699665,21.8,90,moderate,slow,35.6,IoT_sensor,True
FLD01407,2024-08-02 12:24:41,Tam Binh,Thu Duc,10.862788,106.738166,10.2,90,light,clear,15.9,IoT_sensor,True
FLD00805,2024-08-02 13:04:55,Tam Binh,Thu Duc,10.860788,106.739647,10.8,120,light,clear,26.8,user_report,False
FLD00316,2024-08-02 13:52:34,Tam Binh,Thu Duc,10.860981,106.737338,9.5,30,light,clear,14.6,monitoring_station,True
FLD01692,2024-08-02 16:03:36,Nguyen Van Qua,Quan 12,10.85615,106.663202,25.6,180,moderate,slow,42.5,IoT_sensor,True
FLD02220,2024-08-02 18:04:29,Tan Ky Tan Quy,Binh Tan,10.788798,106.602241,20.1,90,moderate,slow,42.7,IoT_sensor,True
FLD00442,2024-08-02 22:34:39,Pham Van Dong,Binh Thanh,10.817058,106.702474,5.1,30,light,clear,5.8,IoT_sensor,True
FLD01811,2024-08-03 13:34:36,Tran Xuan Soan,Quan 7,10.75158,106.698374,10.8,60,light,clear,24.7,IoT_sensor,False
FLD00100,2024-08-03 13:52:38,Nguyen Huu Canh,Binh Thanh,10.786743,106.721588,8.4,120,light,clear,10.7,monitoring_station,True
FLD00819,2024-08-03 23:52:31,Linh Dong,Thu Duc,10.865791,106.765693,26.7,180,moderate,slow,59.5,IoT_sensor,True
FLD00474,2024-08-04 08:41:12,Nguyen Van Qua,Quan 12,10.854547,106.662192,11.8,180,light,clear,25.8,IoT_sensor,True
FLD02105,2024-08-04 09:45:14,Pham The Hien,Quan 8,10.725644,106.684207,10.2,120,light,clear,15.0,monitoring_station,False
FLD01365,2024-08-04 12:13:15,Xo Viet Nghe Tinh,Binh Thanh,10.806857,106.712274,10.5,30,light,clear,22.2,user_report,False
FLD01815,2024-08-04 17:31:49,To Ky,Quan 12,10.86578,106.629537,6.6,60,light,clear,11.3,IoT_sensor,True
FLD02358,2024-08-05 23:04:32,Huynh Tan Phat,Quan 7,10.72701,106.721391,23.3,60,moderate,slow,19.9,IoT_sensor,True
FLD00428,2024-08-06 03:12:50,Ung Van Khiem,Binh Thanh,10.811111,106.709967,15.9,90,moderate,slow,20.4,IoT_sensor,True
FLD00556,2024-08-06 09:00:34,Tan Ky Tan Quy,Binh Tan,10.786675,106.602258,10.5,30,light,clear,22.1,user_report,True
FLD01065,2024-08-06 16:12:21,Ba Thang Hai,Quan 10,10.773048,106.671398,26.2,120,moderate,slow,44.5,IoT_sensor,False
FLD01264,2024-08-06 17:31:05,Huynh Tan Phat,Quan 7,10.729095,106.72127,5.0,180,light,clear,9.1,IoT_sensor,True
FLD00629,2024-08-07 02:33:27,To Ky,Quan 12,10.866613,106.63002,41.2,30,severe,blocked,62.3,user_report,True
FLD00655,2024-08-07 04:09:36,Nguyen Thi Thap,Quan 7,10.739966,106.716863,50.4,60,severe,blocked,42.7,monitoring_station,False
FLD01985,2024-08-07 06:29:03,CMT8,Quan 3,10.780857,106.680916,8.8,90,light,clear,20.7,monitoring_station,False
FLD01027,2024-08-07 07:12:35,Xo Viet Nghe Tinh,Binh Thanh,10.807383,106.710958,10.0,30,light,clear,14.4,IoT_sensor,True
FLD02187,2024-08-07 07:29:13,Vo Van Ngan,Thu Duc,10.852214,106.772813,5.0,60,light,clear,7.8,IoT_sensor,True
FLD00651,2024-08-07 08:30:33,Hoa Binh,Tan Phu,10.804907,106.620623,6.3,90,light,clear,11.0,user_report,True
FLD01100,2024-08-07 11:13:30,Ung Van Khiem,Binh Thanh,10.812397,106.711334,21.7,30,moderate,slow,43.6,IoT_sensor,True
FLD00493,2024-08-07 15:45:52,Le Van Viet,Thu Duc,10.843945,106.788686,31.3,60,severe,blocked,55.2,user_report,False
FLD00012,2024-08-07 20:00:38,Tran Xuan Soan,Quan 7,10.751297,106.697589,30.8,60,severe,blocked,65.4,traffic_camera,True
FLD01834,2024-08-07 23:53:40,Hau Giang,Quan 6,10.747562,106.637983,10.2,30,light,clear,11.0,IoT_sensor,True
FLD01472,2024-08-08 16:35:28,Vo Van Ngan,Thu Duc,10.849489,106.772816,11.5,30,light,clear,9.5,monitoring_station,True
FLD02137,2024-08-09 03:40:38,To Ky,Quan 12,10.867861,106.632322,5.7,30,light,clear,10.6,IoT_sensor,True
FLD00937,2024-08-09 04:00:03,Nguyen Anh Thu,Quan 12,10.878636,106.644182,18.0,30,moderate,slow,34.1,monitoring_station,False
FLD00403,2024-08-09 06:48:44,Le Van Luong,Quan 7,10.738041,106.70619,19.1,60,moderate,slow,37.0,monitoring_station,True
FLD01614,2024-08-09 07:28:53,Quang Trung,Go Vap,10.836385,106.664832,21.8,180,moderate,slow,23.1,IoT_sensor,True
FLD01689,2024-08-09 11:00:29,Tran Xuan Soan,Quan 7,10.750755,106.6995,21.1,30,moderate,slow,40.0,user_report,False
FLD01227,2024-08-09 12:19:19,Thoai Ngoc Hau,Tan Phu,10.786295,106.627979,11.0,60,light,clear,23.8,user_report,False
FLD01225,2024-08-09 18:41:52,No Trang Long,Binh Thanh,10.817247,106.697011,24.0,90,moderate,slow,52.9,IoT_sensor,True
FLD01746,2024-08-10 02:03:00,Kha Van Can,Thu Duc,10.849571,106.755938,8.4,120,light,clear,16.3,user_report,False
FLD02345,2024-08-10 09:55:23,CMT8,Quan 3,10.781996,106.680723,15.0,60,moderate,slow,27.0,IoT_sensor,True
FLD00367,2024-08-10 12:12:15,Nguyen Huu Canh,Binh Thanh,10.787024,106.723498,25.0,60,moderate,slow,60.1,IoT_sensor,True
FLD01963,2024-08-10 16:08:25,Huynh Tan Phat,Quan 7,10.72934,106.72177,15.7,90,moderate,slow,23.1,user_report,True
FLD00679,2024-08-10 18:42:59,Le Dinh Can,Binh Tan,10.765545,106.598308,48.5,60,severe,blocked,45.8,user_report,True
FLD00452,2024-08-10 19:50:08,Thoai Ngoc Hau,Tan Phu,10.787281,106.63014,18.6,90,moderate,slow,39.8,IoT_sensor,True
FLD00773,2024-08-10 23:31:03,Ba Thang Hai,Quan 10,10.773959,106.672136,5.5,90,light,clear,7.1,user_report,True
FLD02092,2024-08-11 08:10:55,Huynh Tan Phat,Quan 7,10.726776,106.72257,31.2,120,severe,blocked,35.4,user_report,False
FLD01596,2024-08-11 10:13:16,Tam Binh,Thu Duc,10.863622,106.739056,14.0,120,light,clear,33.0,monitoring_station,False
FLD01568,2024-08-12 02:12:30,Ta Quang Buu,Quan 8,10.742593,106.665234,15.0,30,moderate,slow,13.6,IoT_sensor,False
FLD01903,2024-08-12 02:42:37,Vo Van Kiet,Quan 1,10.761568,106.700184,8.3,180,light,clear,20.0,IoT_sensor,True
FLD00961,2024-08-12 04:29:03,Huynh Tan Phat,Quan 7,10.730419,106.720979,19.0,60,moderate,slow,25.6,user_report,False
FLD00069,2024-08-12 15:32:31,Kinh Duong Vuong,Quan 6,10.741664,106.616609,59.2,90,severe,blocked,82.2,user_report,True
FLD01485,2024-08-12 18:12:29,Kinh Duong Vuong,Quan 6,10.741609,106.615545,9.0,60,light,clear,17.5,IoT_sensor,True
FLD00991,2024-08-12 21:16:44,Kinh Duong Vuong,Quan 6,10.741528,106.614878,13.9,120,light,clear,20.8,user_report,False
FLD00511,2024-08-13 09:28:15,Tran Nao,Quan 2,10.78309,106.736992,8.8,240,light,clear,9.8,IoT_sensor,True
FLD00362,2024-08-13 14:04:15,Kha Van Can,Thu Duc,10.850735,106.754761,14.1,60,light,clear,30.6,IoT_sensor,True
FLD02300,2024-08-14 02:08:22,Pham The Hien,Quan 8,10.72927,106.684144,15.4,90,moderate,slow,29.6,monitoring_station,True
FLD00806,2024-08-14 10:22:28,Nguyen Anh Thu,Quan 12,10.877293,106.646132,15.1,120,moderate,slow,25.9,user_report,True
FLD02121,2024-08-14 13:36:24,Tam Binh,Thu Duc,10.861946,106.736624,13.2,90,light,clear,21.5,IoT_sensor,True
FLD01208,2024-08-14 16:08:39,Nguyen Trai,Quan 5,10.755431,106.664484,13.6,120,light,clear,33.9,IoT_sensor,True
FLD01492,2024-08-14 18:57:31,Ung Van Khiem,Binh Thanh,10.812722,106.711816,13.7,240,light,clear,21.1,traffic_camera,True
FLD01571,2024-08-15 11:31:32,Hoa Binh,Tan Phu,10.804775,106.62385,11.2,60,light,clear,21.2,IoT_sensor,False
FLD02037,2024-08-15 19:11:15,Huynh Tan Phat,Quan 7,10.727968,106.723479,9.9,60,light,clear,21.5,user_report,True
FLD02102,2024-08-15 23:40:40,Quang Trung,Go Vap,10.839725,106.664915,38.3,180,severe,blocked,43.0,IoT_sensor,True
FLD01942,2024-08-16 01:10:49,Tam Binh,Thu Duc,10.860103,106.738676,19.6,30,moderate,slow,35.9,IoT_sensor,False
FLD02350,2024-08-16 04:38:22,Ung Van Khiem,Binh Thanh,10.813991,106.70947,28.9,60,moderate,slow,36.1,IoT_sensor,False
FLD00908,2024-08-16 11:29:43,Nguyen Anh Thu,Quan 12,10.875802,106.646073,9.6,240,light,clear,17.3,user_report,True
FLD00127,2024-08-16 19:28:56,Kha Van Can,Thu Duc,10.85265,106.755828,9.8,60,light,clear,19.0,IoT_sensor,True
FLD00749,2024-08-17 00:28:36,Nguyen Van Khoi,Go Vap,10.826742,106.691534,5.4,120,light,clear,9.8,IoT_sensor,True
FLD01554,2024-08-17 02:50:25,Huynh Tan Phat,Quan 7,10.726503,106.722731,8.2,240,light,clear,9.6,monitoring_station,False
FLD01039,2024-08-17 04:26:05,Nguyen Thi Thap,Quan 7,10.740742,106.717432,6.1,60,light,clear,12.4,IoT_sensor,True
FLD01321,2024-08-17 10:13:43,Nguyen Trai,Quan 5,10.757693,106.662632,6.2,30,light,clear,6.6,user_report,True
FLD01745,2024-08-17 16:41:19,Tran Nao,Quan 2,10.783224,106.73735,21.9,60,moderate,slow,53.9,IoT_sensor,True
FLD00802,2024-08-18 07:20:10,Nguyen Van Khoi,Go Vap,10.827355,106.692293,23.3,90,moderate,slow,29.5,user_report,True
FLD02191,2024-08-18 12:48:16,Nguyen Huu Canh,Binh Thanh,10.787274,106.719597,24.3,60,moderate,slow,43.1,IoT_sensor,True
FLD00625,2024-08-18 17:57:58,Ung Van Khiem,Binh Thanh,10.812939,106.711575,14.2,90,light,clear,11.6,user_report,True
FLD00930,2024-08-19 16:32:59,Le Dinh Can,Binh Tan,10.765324,106.596121,6.0,60,light,clear,9.1,IoT_sensor,True
FLD00352,2024-08-20 04:42:37,Hau Giang,Quan 6,10.745254,106.637807,48.6,90,severe,blocked,95.9,user_report,True
FLD02384,2024-08-20 07:08:00,Do Xuan Hop,Thu Duc,10.831973,106.781295,18.4,30,moderate,slow,26.0,monitoring_station,False
FLD00228,2024-08-20 17:27:02,Hau Giang,Quan 6,10.744565,106.63931,5.0,60,light,clear,6.9,IoT_sensor,False
FLD00094,2024-08-20 22:01:19,Ba Thang Hai,Quan 10,10.772876,106.672059,15.1,30,moderate,slow,25.4,monitoring_station,True
FLD01794,2024-08-21 02:42:27,Tam Binh,Thu Duc,10.861945,106.738321,9.0,30,light,clear,9.0,IoT_sensor,True
FLD00866,2024-08-21 11:35:58,Nguyen Trai,Quan 5,10.755473,106.666004,20.0,30,moderate,slow,37.6,IoT_sensor,False
FLD01619,2024-08-21 15:54:31,Vo Van Kiet,Quan 1,10.763094,106.696799,49.3,30,severe,blocked,80.1,IoT_sensor,True
FLD02343,2024-08-21 20:50:20,Nguyen Trai,Quan 5,10.754866,106.66631,16.6,240,moderate,slow,33.9,user_report,True
FLD01021,2024-08-21 21:47:21,Linh Dong,Thu Duc,10.864581,106.764534,25.4,120,moderate,slow,40.4,user_report,True
FLD02127,2024-08-21 23:57:34,Hau Giang,Quan 6,10.74776,106.638027,30.8,120,severe,blocked,32.9,IoT_sensor,True
FLD02303,2024-08-22 06:01:45,Nguyen Anh Thu,Quan 12,10.878123,106.645228,16.2,60,moderate,slow,35.6,monitoring_station,True
FLD01188,2024-08-22 06:46:42,Le Van Luong,Quan 7,10.736379,106.705919,30.0,30,severe,blocked,63.6,IoT_sensor,True
FLD00465,2024-08-22 09:34:11,Nguyen Anh Thu,Quan 12,10.879175,106.645727,21.6,90,moderate,slow,43.0,IoT_sensor,True
FLD02124,2024-08-22 18:09:19,Ta Quang Buu,Quan 8,10.743009,106.665845,19.2,60,moderate,slow,47.5,IoT_sensor,True
FLD00566,2024-08-22 22:36:37,Tran Xuan Soan,Quan 7,10.753479,106.698722,39.2,60,severe,blocked,54.3,monitoring_station,True
FLD01256,2024-08-23 10:22:39,Binh Long,Tan Phu,10.797543,106.61441,41.4,120,severe,blocked,51.4,user_report,False
FLD01218,2024-08-23 11:39:01,Lam Van Ben,Quan 7,10.718553,106.686277,8.8,240,light,clear,15.1,user_report,True
FLD02375,2024-08-23 17:08:26,Huynh Tan Phat,Quan 7,10.727249,106.721997,5.0,180,light,clear,9.2,user_report,True
FLD02018,2024-08-24 03:49:58,Thoai Ngoc Hau,Tan Phu,10.787673,106.629443,24.1,30,moderate,slow,48.6,traffic_camera,False
FLD02049,2024-08-24 06:48:36,To Ky,Quan 12,10.865876,106.630049,16.3,30,moderate,slow,14.9,user_report,True
FLD00061,2024-08-24 09:25:43,Tan Ky Tan Quy,Binh Tan,10.78682,106.603521,16.4,240,moderate,slow,25.6,IoT_sensor,True
FLD00252,2024-08-25 03:33:16,Nguyen Trai,Quan 5,10.756531,106.665394,59.8,30,severe,blocked,60.7,user_report,False
FLD00444,2024-08-25 04:31:56,Phan Huy Ich,Go Vap,10.827557,106.670881,81.9,60,severe,blocked,110.6,IoT_sensor,True
FLD01334,2024-08-25 12:15:47,Le Van Luong,Quan 7,10.738322,106.703711,5.0,30,light,clear,10.5,traffic_camera,True
FLD02045,2024-08-25 15:16:45,Hoa Binh,Tan Phu,10.802565,106.620563,13.4,90,light,clear,25.0,monitoring_station,False
FLD01711,2024-08-25 20:34:48,Hoa Binh,Tan Phu,10.803464,106.621181,9.5,30,light,clear,16.6,user_report,False
FLD01499,2024-08-26 02:26:39,Nguyen Huu Canh,Binh Thanh,10.787049,106.721204,11.1,120,light,clear,20.6,IoT_sensor,True
FLD02309,2024-08-26 07:39:39,Kha Van Can,Thu Duc,10.851068,106.755218,15.5,60,moderate,slow,21.1,IoT_sensor,False
FLD01185,2024-08-26 07:53:56,Nguyen Anh Thu,Quan 12,10.87591,106.643284,23.9,90,moderate,slow,20.3,IoT_sensor,True
FLD00183,2024-08-26 17:49:03,Thoai Ngoc Hau,Tan Phu,10.785658,106.629684,23.4,60,moderate,slow,26.1,IoT_sensor,True
FLD01305,2024-08-26 19:29:09,Ta Quang Buu,Quan 8,10.745537,106.665939,9.7,180,light,clear,10.3,IoT_sensor,True
FLD01286,2024-08-26 22:44:23,Le Van Viet,Thu Duc,10.845658,106.789721,11.6,120,light,clear,15.9,IoT_sensor,True
FLD02288,2024-08-27 00:55:39,Tran Xuan Soan,Quan 7,10.752049,106.70023,15.3,180,moderate,slow,32.6,user_report,True
FLD00504,2024-08-27 07:05:03,Quang Trung,Go Vap,10.838665,106.665963,24.3,90,moderate,slow,40.2,user_report,True
FLD02211,2024-08-27 15:33:20,Nguyen Trai,Quan 5,10.755336,106.666341,11.8,30,light,clear,29.3,user_report,True
FLD01342,2024-08-27 22:08:14,Vo Van Kiet,Quan 1,10.761794,106.699214,17.0,30,moderate,slow,39.7,IoT_sensor,False
FLD00799,2024-08-28 03:02:57,Vo Van Kiet,Quan 1,10.762471,106.699684,8.7,90,light,clear,11.0,user_report,True
FLD01094,2024-08-28 12:51:52,Ta Quang Buu,Quan 8,10.743516,106.665293,10.2,120,light,clear,14.7,IoT_sensor,True
FLD00202,2024-08-28 14:55:12,Nguyen Van Khoi,Go Vap,10.82839,106.693497,16.0,30,moderate,slow,27.6,monitoring_station,False
FLD00637,2024-08-28 17:20:30,Quang Trung,Go Vap,10.836624,106.666309,29.2,60,moderate,slow,57.2,monitoring_station,False
FLD01940,2024-08-28 20:13:56,Nguyen Huu Canh,Binh Thanh,10.787452,106.722625,11.8,30,light,clear,20.4,user_report,True
FLD01752,2024-08-29 08:03:41,Huynh Tan Phat,Quan 7,10.729887,106.720786,21.8,30,moderate,slow,21.8,user_report,True
FLD01476,2024-08-29 08:43:11,Binh Long,Tan Phu,10.801499,106.616569,11.9,90,light,clear,29.1,traffic_camera,True
FLD02331,2024-08-29 08:50:06,Tran Nao,Quan 2,10.78241,106.736514,26.5,60,moderate,slow,50.2,IoT_sensor,False
FLD00251,2024-08-29 12:00:44,Lam Van Ben,Quan 7,10.716735,106.684216,10.4,240,light,clear,24.4,user_report,False
FLD00395,2024-08-29 13:40:44,Vo Van Kiet,Quan 1,10.76167,106.699696,6.4,120,light,clear,8.9,user_report,True
FLD01846,2024-08-29 21:37:36,Kha Van Can,Thu Duc,10.85135,106.755255,25.5,180,moderate,slow,54.2,user_report,True
FLD01192,2024-08-30 02:26:38,Xo Viet Nghe Tinh,Binh Thanh,10.808338,106.713438,20.4,120,moderate,slow,34.3,monitoring_station,True
FLD01232,2024-08-30 04:39:05,Le Dinh Can,Binh Tan,10.767212,106.595999,25.4,120,moderate,slow,44.2,user_report,True
FLD00179,2024-08-30 12:36:40,Ta Quang Buu,Quan 8,10.743512,106.665603,9.1,240,light,clear,13.9,IoT_sensor,True
FLD00826,2024-08-30 15:06:06,Kha Van Can,Thu Duc,10.849858,106.753931,30.6,90,severe,blocked,25.0,IoT_sensor,True
FLD00603,2024-08-30 16:07:20,Tran Xuan Soan,Quan 7,10.753211,106.698904,23.0,180,moderate,slow,55.6,user_report,False
FLD01071,2024-08-30 17:35:42,Lam Van Ben,Quan 7,10.716904,106.685954,25.4,60,moderate,slow,26.6,user_report,False
