flood_id,timestamp,street,district,lat,lng,depth_cm,duration_min,flood_level,traffic_impact,rainfall_trigger_mm,source,verified,severity_score,hour_timestamp
FLD00390,2023-01-01T16:22:20.000Z,An Duong Vuong,Quan 6,10.753612,106.646336,20.9,90,moderate,slow,45.5,user_report,true,41.629999999999995,2023-01-01T16:00:00.000Z
FLD02289,2023-01-01T17:16:09.000Z,Tan Ky Tan Quy,Binh Tan,10.790281,106.602996,30.0,90,severe,blocked,37.3,user_report,true,48.0,2023-01-01T17:00:00.000Z
FLD01748,2023-01-01T19:01:34.000Z,Nguyen Trai,Quan 5,10.756476,106.664718,21.3,120,moderate,slow,51.9,IoT_sensor,true,50.91,2023-01-01T19:00:00.000Z
FLD00891,2023-01-02T15:57:25.000Z,Tam Binh,Thu Duc,10.861055,106.74029,11.1,90,light,clear,20.7,IoT_sensor,true,34.769999999999996,2023-01-02T15:00:00.000Z
FLD00712,2023-01-02T18:11:13.000Z,Kha Van Can,Thu Duc,10.850347,106.752572,13.8,90,light,clear,15.9,traffic_camera,true,36.66,2023-01-02T18:00:00.000Z
FLD01380,2023-01-02T21:08:55.000Z,Le Dinh Can,Binh Tan,10.765443,106.594616,18.7,60,moderate,slow,30.3,IoT_sensor,true,31.089999999999996,2023-01-02T21:00:00.000Z
FLD00776,2023-01-03T00:36:27.000Z,Nguyen Trai,Quan 5,10.756891,106.662718,51.9,60,severe,blocked,69.5,monitoring_station,true,54.33,2023-01-03T00:00:00.000Z
FLD01652,2023-01-03T03:21:36.000Z,No Trang Long,Binh Thanh,10.815172,106.698293,14.2,90,light,clear,32.3,traffic_camera,true,36.94,2023-01-03T03:00:00.000Z
FLD01991,2023-01-03T18:53:21.000Z,Nguyen Trai,Quan 5,10.75605,106.666168,11.7,180,light,clear,28.5,user_report,true,62.19,2023-01-03T18:00:00.000Z
FLD00354,2023-01-03T22:40:26.000Z,No Trang Long,Binh Thanh,10.813822,106.698408,16.7,60,moderate,slow,18.3,user_report,true,29.689999999999998,2023-01-03T22:00:00.000Z
FLD01452,2023-01-04T02:47:43.000Z,Nguyen Anh Thu,Quan 12,10.876473,106.642566,23.2,90,moderate,slow,24.3,user_report,true,43.239999999999995,2023-01-04T02:00:00.000Z
FLD00087,2023-01-04T04:11:11.000Z,Thoai Ngoc Hau,Tan Phu,10.788175,106.628318,30.5,30,severe,blocked,68.8,monitoring_station,true,30.349999999999998,2023-01-04T04:00:00.000Z
FLD02199,2023-01-04T07:36:18.000Z,Huynh Tan Phat,Quan 7,10.72745,106.722667,6.4,30,light,clear,7.1,user_report,true,13.48,2023-01-04T07:00:00.000Z
FLD00995,2023-01-04T19:50:33.000Z,Phan Huy Ich,Go Vap,10.82751,106.672974,11.9,60,light,clear,23.1,IoT_sensor,true,26.33,2023-01-04T19:00:00.000Z
FLD00067,2023-01-05T17:43:57.000Z,Nguyen Anh Thu,Quan 12,10.878546,106.646113,10.8,90,light,clear,20.0,traffic_camera,true,34.56,2023-01-05T17:00:00.000Z
FLD01682,2023-01-06T00:25:15.000Z,Kinh Duong Vuong,Quan 6,10.741926,106.617303,15.2,180,moderate,slow,23.8,IoT_sensor,true,64.64,2023-01-06T00:00:00.000Z
FLD00922,2023-01-06T12:33:48.000Z,CMT8,Quan 3,10.782319,106.680072,19.7,90,moderate,slow,15.8,IoT_sensor,true,40.79,2023-01-06T12:00:00.000Z
FLD02278,2023-01-06T18:34:25.000Z,Huynh Tan Phat,Quan 7,10.727271,106.720544,26.0,30,moderate,slow,58.0,user_report,true,27.2,2023-01-06T18:00:00.000Z
FLD02179,2023-01-06T21:19:10.000Z,Nguyen Anh Thu,Quan 12,10.878342,106.645042,9.3,60,light,clear,13.9,monitoring_station,true,24.509999999999998,2023-01-06T21:00:00.000Z
FLD00086,2023-01-06T22:07:07.000Z,Quang Trung,Go Vap,10.838361,106.665898,8.1,30,light,clear,9.8,user_report,true,14.669999999999998,2023-01-06T22:00:00.000Z
FLD00869,2023-01-07T09:31:21.000Z,Tran Xuan Soan,Quan 7,10.750512,106.700451,21.9,60,moderate,slow,39.0,user_report,true,33.33,2023-01-07T09:00:00.000Z
FLD00735,2023-01-07T10:28:34.000Z,Nguyen Thi Thap,Quan 7,10.741148,106.716907,19.0,60,moderate,slow,47.0,IoT_sensor,true,31.299999999999997,2023-01-07T10:00:00.000Z
FLD01512,2023-01-08T05:29:40.000Z,To Ky,Quan 12,10.867283,106.632986,49.6,60,severe,blocked,80.7,traffic_camera,true,52.72,2023-01-08T05:00:00.000Z
FLD02094,2023-01-08T08:22:20.000Z,Phan Huy Ich,Go Vap,10.830644,106.672483,38.4,60,severe,blocked,72.6,user_report,true,44.879999999999995,2023-01-08T08:00:00.000Z
FLD02302,2023-01-08T08:53:11.000Z,Linh Dong,Thu Duc,10.864164,106.76498,9.9,30,light,clear,17.0,IoT_sensor,true,15.93,2023-01-08T08:00:00.000Z
FLD01646,2023-01-08T15:41:55.000Z,To Ky,Quan 12,10.864678,106.631835,5.0,120,light,clear,8.4,traffic_camera,true,39.5,2023-01-08T15:00:00.000Z
FLD00665,2023-01-09T09:39:29.000Z,An Duong Vuong,Quan 6,10.752671,106.644012,15.2,120,moderate,slow,29.4,IoT_sensor,true,46.64,2023-01-09T09:00:00.000Z
FLD00767,2023-01-09T17:03:53.000Z,To Ky,Quan 12,10.866411,106.632768,21.8,60,moderate,slow,43.2,user_report,true,33.26,2023-01-09T17:00:00.000Z
FLD01070,2023-01-10T04:44:14.000Z,To Ky,Quan 12,10.867079,106.629597,40.6,120,severe,blocked,48.5,traffic_camera,true,64.42,2023-01-10T04:00:00.000Z
FLD01931,2023-01-10T05:14:17.000Z,Hoa Binh,Tan Phu,10.805463,106.623243,29.9,180,moderate,slow,31.6,monitoring_station,true,74.92999999999999,2023-01-10T05:00:00.000Z
FLD00567,2023-01-10T08:51:10.000Z,Kinh Duong Vuong,Quan 6,10.743958,106.616802,21.3,120,moderate,slow,27.7,user_report,true,50.91,2023-01-10T08:00:00.000Z
FLD02322,2023-01-10T10:28:17.000Z,Hoa Binh,Tan Phu,10.805713,106.623961,15.0,30,moderate,slow,18.0,user_report,true,19.5,2023-01-10T10:00:00.000Z
FLD00786,2023-01-10T10:52:24.000Z,Vo Van Ngan,Thu Duc,10.849411,106.773974,18.9,60,moderate,slow,40.7,user_report,true,31.229999999999997,2023-01-10T10:00:00.000Z
FLD01473,2023-01-11T01:17:27.000Z,Phan Huy Ich,Go Vap,10.828402,106.671856,15.8,30,moderate,slow,22.3,monitoring_station,true,20.060000000000002,2023-01-11T01:00:00.000Z
FLD00320,2023-01-11T12:44:36.000Z,Kha Van Can,Thu Duc,10.849504,106.753147,8.5,30,light,clear,12.6,IoT_sensor,true,14.95,2023-01-11T12:00:00.000Z
FLD02353,2023-01-12T06:18:49.000Z,Nguyen Anh Thu,Quan 12,10.876828,106.645537,25.3,30,moderate,slow,24.6,monitoring_station,true,26.71,2023-01-12T06:00:00.000Z
FLD00582,2023-01-12T14:01:07.000Z,Quang Trung,Go Vap,10.83775,106.664759,14.6,90,light,clear,16.3,user_report,true,37.22,2023-01-12T14:00:00.000Z
FLD00117,2023-01-13T07:25:55.000Z,Nguyen Thi Thap,Quan 7,10.740017,106.714601,8.8,120,light,clear,10.7,monitoring_station,true,42.16,2023-01-13T07:00:00.000Z
FLD01073,2023-01-13T19:25:56.000Z,Thoai Ngoc Hau,Tan Phu,10.787538,106.627556,24.7,30,moderate,slow,36.4,traffic_camera,true,26.29,2023-01-13T19:00:00.000Z
FLD01085,2023-01-13T22:08:50.000Z,Nguyen Huu Canh,Binh Thanh,10.78634,106.720996,9.8,60,light,clear,18.7,IoT_sensor,true,24.86,2023-01-13T22:00:00.000Z
FLD01111,2023-01-14T09:11:57.000Z,Da Nam,Quan 8,10.739647,106.672715,5.0,60,light,clear,10.0,user_report,true,21.5,2023-01-14T09:00:00.000Z
FLD00016,2023-01-15T03:45:14.000Z,Le Van Luong,Quan 7,10.738251,106.705787,39.9,120,severe,blocked,64.9,IoT_sensor,true,63.92999999999999,2023-01-15T03:00:00.000Z
FLD01093,2023-01-16T07:29:17.000Z,Ung Van Khiem,Binh Thanh,10.810849,106.709238,5.0,60,light,clear,12.2,monitoring_station,true,21.5,2023-01-16T07:00:00.000Z
FLD01634,2023-01-17T10:38:33.000Z,Nguyen Van Khoi,Go Vap,10.830168,106.69224,9.4,60,light,clear,10.4,user_report,true,24.58,2023-01-17T10:00:00.000Z
FLD00308,2023-01-17T14:15:28.000Z,Hau Giang,Quan 6,10.747698,106.64105,39.8,90,severe,blocked,98.9,monitoring_station,true,54.86,2023-01-17T14:00:00.000Z
FLD02286,2023-01-17T18:30:53.000Z,Thoai Ngoc Hau,Tan Phu,10.785066,106.626936,10.7,30,light,clear,11.0,IoT_sensor,true,16.49,2023-01-17T18:00:00.000Z
FLD01935,2023-01-18T04:18:45.000Z,Do Xuan Hop,Thu Duc,10.832763,106.780594,6.1,30,light,clear,10.7,user_report,true,13.27,2023-01-18T04:00:00.000Z
FLD02282,2023-01-18T07:24:53.000Z,Le Van Luong,Quan 7,10.736918,106.705425,5.0,180,light,clear,4.9,monitoring_station,true,57.5,2023-01-18T07:00:00.000Z
FLD02399,2023-01-18T12:04:41.000Z,Ma Lo,Binh Tan,10.76504,106.612956,14.9,60,light,clear,22.3,user_report,true,28.43,2023-01-18T12:00:00.000Z
FLD00047,2023-01-18T22:09:38.000Z,Pham The Hien,Quan 8,10.725645,106.681522,8.6,120,light,clear,20.2,IoT_sensor,true,42.019999999999996,2023-01-18T22:00:00.000Z
FLD02056,2023-01-19T09:22:15.000Z,Quang Trung,Go Vap,10.839947,106.663418,24.3,60,moderate,slow,43.1,traffic_camera,true,35.01,2023-01-19T09:00:00.000Z
FLD02276,2023-01-19T10:36:19.000Z,Vo Van Kiet,Quan 1,10.761951,106.70027,48.8,90,severe,blocked,53.6,user_report,true,61.16,2023-01-19T10:00:00.000Z
FLD01199,2023-01-19T16:02:20.000Z,Phan Huy Ich,Go Vap,10.829737,106.671233,6.8,120,light,clear,16.6,user_report,true,40.76,2023-01-19T16:00:00.000Z
FLD01767,2023-01-19T18:25:46.000Z,Hau Giang,Quan 6,10.748272,106.640035,23.0,90,moderate,slow,33.1,IoT_sensor,true,43.099999999999994,2023-01-19T18:00:00.000Z
FLD00610,2023-01-19T22:18:06.000Z,Linh Dong,Thu Duc,10.865153,106.764449,41.5,30,severe,blocked,85.8,IoT_sensor,true,38.05,2023-01-19T22:00:00.000Z
FLD01785,2023-01-21T07:07:37.000Z,Le Dinh Can,Binh Tan,10.766318,106.595781,6.3,60,light,clear,5.5,IoT_sensor,true,22.41,2023-01-21T07:00:00.000Z
FLD01788,2023-01-21T17:14:22.000Z,Pham The Hien,Quan 8,10.729389,106.684276,6.8,60,light,clear,6.4,IoT_sensor,true,22.759999999999998,2023-01-21T17:00:00.000Z
FLD02072,2023-01-21T21:24:20.000Z,Le Van Viet,Thu Duc,10.846293,106.787774,21.1,120,moderate,slow,48.5,IoT_sensor,true,50.769999999999996,2023-01-21T21:00:00.000Z
FLD01806,2023-01-22T12:31:41.000Z,Tran Xuan Soan,Quan 7,10.753053,106.700337,5.5,30,light,clear,11.9,monitoring_station,true,12.85,2023-01-22T12:00:00.000Z
FLD00925,2023-01-23T12:13:25.000Z,Vo Van Kiet,Quan 1,10.762772,106.699705,13.3,180,light,clear,15.5,monitoring_station,true,63.31,2023-01-23T12:00:00.000Z
FLD01043,2023-01-23T23:01:36.000Z,Tam Binh,Thu Duc,10.863379,106.738711,16.5,120,moderate,slow,13.6,IoT_sensor,true,47.55,2023-01-23T23:00:00.000Z
FLD00572,2023-01-24T16:22:52.000Z,Tam Binh,Thu Duc,10.863577,106.737607,11.7,60,light,clear,27.2,monitoring_station,true,26.189999999999998,2023-01-24T16:00:00.000Z
FLD00147,2023-01-24T17:24:17.000Z,Nguyen Van Khoi,Go Vap,10.828363,106.691522,20.3,30,moderate,slow,45.6,user_report,true,23.21,2023-01-24T17:00:00.000Z
FLD02324,2023-01-24T18:55:57.000Z,Pham Van Dong,Binh Thanh,10.81902,106.704128,9.6,90,light,clear,17.1,IoT_sensor,true,33.72,2023-01-24T18:00:00.000Z
FLD02055,2023-01-25T09:34:03.000Z,Tam Binh,Thu Duc,10.860471,106.739163,21.6,90,moderate,slow,46.4,IoT_sensor,true,42.12,2023-01-25T09:00:00.000Z
FLD02222,2023-01-25T10:02:51.000Z,Le Thi Rieng,Quan 12,10.86205,106.648846,27.0,30,moderate,slow,49.0,IoT_sensor,true,27.9,2023-01-25T10:00:00.000Z
FLD01787,2023-01-25T11:30:45.000Z,Xo Viet Nghe Tinh,Binh Thanh,10.8065,106.713399,25.1,60,moderate,slow,47.7,IoT_sensor,true,35.57,2023-01-25T11:00:00.000Z
FLD01845,2023-01-25T21:17:34.000Z,Tran Xuan Soan,Quan 7,10.749974,106.699142,49.1,30,severe,blocked,70.0,monitoring_station,true,43.37,2023-01-25T21:00:00.000Z
FLD02251,2023-01-26T07:31:35.000Z,Tan Ky Tan Quy,Binh Tan,10.789602,106.600806,5.0,120,light,clear,12.0,user_report,true,39.5,2023-01-26T07:00:00.000Z
FLD01537,2023-01-27T01:29:59.000Z,Ma Lo,Binh Tan,10.763524,106.613534,16.4,90,moderate,slow,35.6,monitoring_station,true,38.48,2023-01-27T01:00:00.000Z
FLD00363,2023-01-27T10:05:34.000Z,Le Van Viet,Thu Duc,10.843755,106.790554,5.8,30,light,clear,8.0,user_report,true,13.059999999999999,2023-01-27T10:00:00.000Z
FLD02119,2023-01-27T14:02:56.000Z,Tran Nao,Quan 2,10.782994,106.736826,78.6,30,severe,blocked,160.9,IoT_sensor,true,64.02,2023-01-27T14:00:00.000Z
FLD01962,2023-01-27T20:46:48.000Z,Hau Giang,Quan 6,10.745393,106.638862,5.0,30,light,clear,10.3,IoT_sensor,true,12.5,2023-01-27T20:00:00.000Z
FLD01432,2023-01-27T21:33:46.000Z,Le Van Viet,Thu Duc,10.843476,106.789999,11.6,60,light,clear,25.6,user_report,true,26.119999999999997,2023-01-27T21:00:00.000Z
FLD00004,2023-01-27T22:11:04.000Z,Thoai Ngoc Hau,Tan Phu,10.786378,106.627258,5.7,90,light,clear,7.7,traffic_camera,true,30.99,2023-01-27T22:00:00.000Z
FLD00141,2023-01-28T03:36:11.000Z,Binh Long,Tan Phu,10.801415,106.615495,14.3,180,light,clear,31.0,user_report,true,64.01,2023-01-28T03:00:00.000Z
FLD01604,2023-01-28T11:32:49.000Z,Kinh Duong Vuong,Quan 6,10.74408,106.614002,23.6,90,moderate,slow,47.3,IoT_sensor,true,43.519999999999996,2023-01-28T11:00:00.000Z
FLD00855,2023-01-28T15:36:00.000Z,Xo Viet Nghe Tinh,Binh Thanh,10.808821,106.709946,14.6,30,light,clear,26.2,IoT_sensor,true,19.22,2023-01-28T15:00:00.000Z
FLD00630,2023-01-28T18:45:46.000Z,Tam Binh,Thu Duc,10.863475,106.737947,19.0,180,moderate,slow,42.1,user_report,true,67.3,2023-01-28T18:00:00.000Z
FLD01913,2023-01-28T21:33:18.000Z,Pham The Hien,Quan 8,10.728354,106.682647,5.0,120,light,clear,6.0,IoT_sensor,true,39.5,2023-01-28T21:00:00.000Z
FLD00867,2023-01-29T11:08:39.000Z,Do Xuan Hop,Thu Duc,10.834244,106.783624,8.8,120,light,clear,14.3,IoT_sensor,true,42.16,2023-01-29T11:00:00.000Z
FLD01514,2023-01-29T19:09:28.000Z,Vo Van Kiet,Quan 1,10.763918,106.700272,20.9,60,moderate,slow,33.0,monitoring_station,true,32.629999999999995,2023-01-29T19:00:00.000Z
FLD01037,2023-01-30T00:29:17.000Z,Le Van Luong,Quan 7,10.736693,106.705814,5.0,90,light,clear,11.0,user_report,true,30.5,2023-01-30T00:00:00.000Z
FLD01808,2023-01-30T05:04:43.000Z,Ung Van Khiem,Binh Thanh,10.810202,106.712437,19.1,30,moderate,slow,45.7,IoT_sensor,true,22.37,2023-01-30T05:00:00.000Z
FLD02081,2023-01-31T00:46:39.000Z,Hau Giang,Quan 6,10.747265,106.638787,6.6,180,light,clear,5.3,traffic_camera,true,58.62,2023-01-31T00:00:00.000Z
FLD00573,2023-01-31T22:26:22.000Z,Nguyen Anh Thu,Quan 12,10.877858,106.644321,5.0,30,light,clear,4.0,IoT_sensor,true,12.5,2023-01-31T22:00:00.000Z
FLD01599,2023-02-01T18:58:27.000Z,Pham The Hien,Quan 8,10.728129,106.682029,19.7,60,moderate,slow,40.5,monitoring_station,true,31.79,2023-02-01T18:00:00.000Z
FLD00242,2023-02-01T21:11:16.000Z,Huynh Tan Phat,Quan 7,10.729796,106.721527,10.0,30,light,clear,17.6,IoT_sensor,true,16.0,2023-02-01T21:00:00.000Z
FLD01907,2023-02-02T17:54:22.000Z,Tran Nao,Quan 2,10.784264,106.737372,20.8,30,moderate,slow,42.5,IoT_sensor,true,23.56,2023-02-02T17:00:00.000Z
FLD00031,2023-02-03T23:19:47.000Z,Ba Thang Hai,Quan 10,10.774518,106.672,5.0,90,light,clear,7.3,user_report,true,30.5,2023-02-03T23:00:00.000Z
FLD00599,2023-02-03T23:54:05.000Z,Huynh Tan Phat,Quan 7,10.730413,106.722355,5.0,60,light,clear,8.8,traffic_camera,true,21.5,2023-02-03T23:00:00.000Z
FLD02393,2023-02-04T18:04:06.000Z,Le Van Luong,Quan 7,10.734693,106.707285,5.9,60,light,clear,5.5,IoT_sensor,true,22.13,2023-02-04T18:00:00.000Z
FLD00609,2023-02-04T21:56:43.000Z,Hau Giang,Quan 6,10.745901,106.638965,9.8,90,light,clear,8.3,traffic_camera,true,33.86,2023-02-04T21:00:00.000Z
FLD01884,2023-02-05T06:24:45.000Z,An Duong Vuong,Quan 6,10.756043,106.644895,16.1,30,moderate,slow,31.6,traffic_camera,true,20.27,2023-02-05T06:00:00.000Z
FLD01077,2023-02-05T06:39:39.000Z,Ung Van Khiem,Binh Thanh,10.811699,106.709113,10.9,30,light,clear,15.8,user_report,true,16.63,2023-02-05T06:00:00.000Z
FLD00525,2023-02-05T11:14:22.000Z,Tran Xuan Soan,Quan 7,10.750846,106.699717,5.0,60,light,clear,9.2,IoT_sensor,true,21.5,2023-02-05T11:00:00.000Z
FLD00300,2023-02-07T02:17:16.000Z,To Ky,Quan 12,10.867983,106.632255,61.5,30,severe,blocked,52.6,monitoring_station,true,52.05,2023-02-07T02:00:00.000Z
FLD00264,2023-02-07T13:48:02.000Z,Vo Van Ngan,Thu Duc,10.8491,106.773488,14.8,60,light,clear,18.2,IoT_sensor,true,28.36,2023-02-07T13:00:00.000Z
FLD01893,2023-02-08T05:50:34.000Z,To Ky,Quan 12,10.867292,106.633479,5.9,60,light,clear,6.1,monitoring_station,true,22.13,2023-02-08T05:00:00.000Z
FLD00348,2023-02-08T06:51:59.000Z,Pham Van Dong,Binh Thanh,10.820104,106.700893,10.2,30,light,clear,24.5,user_report,true,16.14,2023-02-08T06:00:00.000Z
FLD01253,2023-02-08T07:17:48.000Z,Tran Xuan Soan,Quan 7,10.751917,106.698507,8.5,30,light,clear,11.2,IoT_sensor,true,14.95,2023-02-08T07:00:00.000Z
FLD01843,2023-02-08T15:43:34.000Z,Hoa Binh,Tan Phu,10.80455,106.621992,25.0,180,moderate,slow,32.4,user_report,true,71.5,2023-02-08T15:00:00.000Z
FLD01177,2023-02-08T17:48:01.000Z,Nguyen Van Khoi,Go Vap,10.82839,106.691783,25.5,60,moderate,slow,40.1,monitoring_station,true,35.849999999999994,2023-02-08T17:00:00.000Z
FLD01114,2023-02-08T20:15:54.000Z,Ma Lo,Binh Tan,10.763807,106.614505,8.5,180,light,clear,19.5,IoT_sensor,true,59.95,2023-02-08T20:00:00.000Z
FLD01040,2023-02-09T14:05:45.000Z,No Trang Long,Binh Thanh,10.816552,106.69655,18.3,60,moderate,slow,34.3,IoT_sensor,true,30.810000000000002,2023-02-09T14:00:00.000Z
FLD01109,2023-02-09T15:31:09.000Z,Le Thi Rieng,Quan 12,10.863336,106.649828,5.0,30,light,clear,9.1,traffic_camera,true,12.5,2023-02-09T15:00:00.000Z
FLD02311,2023-02-09T15:53:37.000Z,Do Xuan Hop,Thu Duc,10.835364,106.78067,81.7,90,severe,blocked,202.7,IoT_sensor,true,84.19,2023-02-09T15:00:00.000Z
FLD01649,2023-02-09T23:16:24.000Z,An Duong Vuong,Quan 6,10.754262,106.643487,14.3,90,light,clear,15.5,IoT_sensor,true,37.01,2023-02-09T23:00:00.000Z
FLD01047,2023-02-10T05:31:26.000Z,Lam Van Ben,Quan 7,10.718262,106.685255,5.3,30,light,clear,11.3,user_report,true,12.709999999999999,2023-02-10T05:00:00.000Z
FLD01707,2023-02-10T05:50:02.000Z,Quang Trung,Go Vap,10.839501,106.662716,21.6,120,moderate,slow,28.2,user_report,true,51.12,2023-02-10T05:00:00.000Z
FLD01026,2023-02-10T08:55:29.000Z,Ma Lo,Binh Tan,10.764233,106.614651,25.4,180,moderate,slow,33.5,IoT_sensor,true,71.78,2023-02-10T08:00:00.000Z
FLD01243,2023-02-10T09:42:40.000Z,Nguyen Van Qua,Quan 12,10.852969,106.663143,11.8,60,light,clear,16.5,IoT_sensor,true,26.259999999999998,2023-02-10T09:00:00.000Z
FLD00516,2023-02-10T10:44:18.000Z,Le Van Viet,Thu Duc,10.844092,106.791479,5.0,30,light,clear,8.0,IoT_sensor,true,12.5,2023-02-10T10:00:00.000Z
FLD01212,2023-02-10T13:12:50.000Z,Tam Binh,Thu Duc,10.862628,106.739109,18.1,120,moderate,slow,36.3,traffic_camera,true,48.67,2023-02-10T13:00:00.000Z
FLD01992,2023-02-10T22:41:27.000Z,Tran Xuan Soan,Quan 7,10.751477,106.696958,24.7,60,moderate,slow,60.4,IoT_sensor,true,35.29,2023-02-10T22:00:00.000Z
FLD02106,2023-02-11T16:57:54.000Z,No Trang Long,Binh Thanh,10.816577,106.69625,13.0,90,light,clear,13.8,IoT_sensor,true,36.1,2023-02-11T16:00:00.000Z
FLD01507,2023-02-11T20:45:49.000Z,Pham Van Dong,Binh Thanh,10.818047,106.703984,24.5,90,moderate,slow,37.2,user_report,true,44.15,2023-02-11T20:00:00.000Z
FLD00676,2023-02-12T01:08:56.000Z,Le Dinh Can,Binh Tan,10.767702,106.596466,28.8,30,moderate,slow,27.1,user_report,true,29.16,2023-02-12T01:00:00.000Z
FLD01062,2023-02-12T02:54:38.000Z,Xo Viet Nghe Tinh,Binh Thanh,10.805729,106.712001,10.6,60,light,clear,20.6,user_report,true,25.419999999999998,2023-02-12T02:00:00.000Z
FLD01202,2023-02-13T20:23:36.000Z,Pham Van Dong,Binh Thanh,10.817233,106.70222,25.9,60,moderate,slow,62.9,IoT_sensor,true,36.129999999999995,2023-02-13T20:00:00.000Z
FLD00883,2023-02-13T23:04:30.000Z,Vo Van Ngan,Thu Duc,10.852117,106.772621,15.4,60,moderate,slow,23.2,traffic_camera,true,28.78,2023-02-13T23:00:00.000Z
FLD01423,2023-02-14T04:11:27.000Z,Pham The Hien,Quan 8,10.725642,106.682562,41.7,180,severe,blocked,84.2,IoT_sensor,true,83.19,2023-02-14T04:00:00.000Z
FLD00256,2023-02-14T13:35:49.000Z,Nguyen Trai,Quan 5,10.756444,106.664245,5.0,90,light,clear,10.4,traffic_camera,true,30.5,2023-02-14T13:00:00.000Z
FLD01795,2023-02-14T18:31:04.000Z,Quang Trung,Go Vap,10.838495,106.663064,11.5,180,light,clear,12.7,traffic_camera,true,62.05,2023-02-14T18:00:00.000Z
FLD00524,2023-02-15T04:50:35.000Z,Tran Nao,Quan 2,10.782879,106.736861,24.0,90,moderate,slow,42.3,traffic_camera,true,43.8,2023-02-15T04:00:00.000Z
FLD01331,2023-02-15T05:56:45.000Z,Le Van Viet,Thu Duc,10.843784,106.788215,14.0,180,light,clear,16.8,user_report,true,63.8,2023-02-15T05:00:00.000Z
FLD01104,2023-02-15T10:18:35.000Z,Quang Trung,Go Vap,10.839613,106.663417,29.2,60,moderate,slow,61.5,IoT_sensor,true,38.44,2023-02-15T10:00:00.000Z
FLD00971,2023-02-16T01:50:07.000Z,Tran Nao,Quan 2,10.782181,106.737398,14.3,120,light,clear,11.6,user_report,true,46.01,2023-02-16T01:00:00.000Z
FLD01965,2023-02-16T05:55:28.000Z,Ta Quang Buu,Quan 8,10.746414,106.664739,9.0,120,light,clear,7.3,IoT_sensor,true,42.3,2023-02-16T05:00:00.000Z
FLD01281,2023-02-16T09:24:44.000Z,Ta Quang Buu,Quan 8,10.745409,106.662922,21.1,90,moderate,slow,18.7,user_report,true,41.769999999999996,2023-02-16T09:00:00.000Z
FLD02051,2023-02-16T13:44:31.000Z,Ma Lo,Binh Tan,10.76185,106.614923,9.2,60,light,clear,14.9,monitoring_station,true,24.439999999999998,2023-02-16T13:00:00.000Z
FLD02030,2023-02-17T01:29:09.000Z,Tam Binh,Thu Duc,10.862873,106.737207,78.6,60,severe,blocked,101.7,IoT_sensor,true,73.02,2023-02-17T01:00:00.000Z
FLD01585,2023-02-17T03:31:39.000Z,Ba Thang Hai,Quan 10,10.776156,106.671705,20.5,120,moderate,slow,38.4,monitoring_station,true,50.35,2023-02-17T03:00:00.000Z
FLD01254,2023-02-17T04:02:18.000Z,No Trang Long,Binh Thanh,10.816839,106.696945,29.1,240,moderate,slow,44.8,traffic_camera,true,92.37,2023-02-17T04:00:00.000Z
FLD00865,2023-02-17T07:33:46.000Z,Quang Trung,Go Vap,10.839386,106.664662,10.0,30,light,clear,24.4,IoT_sensor,true,16.0,2023-02-17T07:00:00.000Z
FLD00881,2023-02-17T09:16:30.000Z,Tran Nao,Quan 2,10.783729,106.73478,8.7,60,light,clear,17.2,IoT_sensor,true,24.09,2023-02-17T09:00:00.000Z
FLD01681,2023-02-17T18:20:23.000Z,Huynh Tan Phat,Quan 7,10.726725,106.721499,23.2,120,moderate,slow,40.7,user_report,true,52.239999999999995,2023-02-17T18:00:00.000Z
FLD00940,2023-02-18T06:53:15.000Z,Nguyen Van Qua,Quan 12,10.855134,106.663875,41.6,90,severe,blocked,98.3,user_report,true,56.12,2023-02-18T06:00:00.000Z
FLD00663,2023-02-18T18:29:03.000Z,Hoa Binh,Tan Phu,10.804983,106.623697,14.2,90,light,clear,30.0,IoT_sensor,true,36.94,2023-02-18T18:00:00.000Z
FLD02075,2023-02-18T21:17:46.000Z,Pham The Hien,Quan 8,10.727541,106.685115,6.3,90,light,clear,12.2,traffic_camera,true,31.41,2023-02-18T21:00:00.000Z
FLD01606,2023-02-19T05:53:13.000Z,Binh Long,Tan Phu,10.798965,106.616164,16.0,30,moderate,slow,20.1,IoT_sensor,true,20.2,2023-02-19T05:00:00.000Z
FLD00626,2023-02-19T17:09:50.000Z,Phan Huy Ich,Go Vap,10.830175,106.67155,9.7,30,light,clear,8.9,IoT_sensor,true,15.79,2023-02-19T17:00:00.000Z
FLD00809,2023-02-19T21:23:02.000Z,Pham Van Dong,Binh Thanh,10.817031,106.70423,20.4,90,moderate,slow,19.3,user_report,true,41.28,2023-02-19T21:00:00.000Z
FLD00203,2023-02-20T12:57:12.000Z,Tam Binh,Thu Duc,10.862063,106.738426,40.0,60,severe,blocked,82.2,user_report,true,46.0,2023-02-20T12:00:00.000Z
FLD01231,2023-02-20T16:18:09.000Z,Pham The Hien,Quan 8,10.728335,106.682745,13.9,120,light,clear,27.3,user_report,true,45.730000000000004,2023-02-20T16:00:00.000Z
FLD00569,2023-02-20T20:35:57.000Z,Hoa Binh,Tan Phu,10.803727,106.622227,40.4,120,severe,blocked,67.1,IoT_sensor,true,64.28,2023-02-20T20:00:00.000Z
FLD00850,2023-02-21T06:43:50.000Z,Thoai Ngoc Hau,Tan Phu,10.786613,106.626662,5.0,60,light,clear,11.0,user_report,true,21.5,2023-02-21T06:00:00.000Z
FLD02101,2023-02-21T18:53:57.000Z,Huynh Tan Phat,Quan 7,10.729222,106.720587,11.9,120,light,clear,12.3,monitoring_station,true,44.33,2023-02-21T18:00:00.000Z
FLD01355,2023-02-22T08:34:14.000Z,Nguyen Anh Thu,Quan 12,10.878532,106.645911,9.0,30,light,clear,11.1,IoT_sensor,true,15.3,2023-02-22T08:00:00.000Z
FLD00299,2023-02-22T19:27:53.000Z,To Ky,Quan 12,10.868295,106.631025,11.0,30,light,clear,13.6,user_report,true,16.7,2023-02-22T19:00:00.000Z
FLD02047,2023-02-22T20:10:04.000Z,Nguyen Van Qua,Quan 12,10.85482,106.662674,6.7,180,light,clear,11.2,user_report,true,58.69,2023-02-22T20:00:00.000Z
FLD00841,2023-02-23T07:45:53.000Z,Tan Ky Tan Quy,Binh Tan,10.7903,106.600803,28.1,90,moderate,slow,69.1,traffic_camera,true,46.67,2023-02-23T07:00:00.000Z
FLD01889,2023-02-24T12:55:23.000Z,Xo Viet Nghe Tinh,Binh Thanh,10.808054,106.71069,11.8,60,light,clear,25.4,IoT_sensor,true,26.259999999999998,2023-02-24T12:00:00.000Z
FLD01932,2023-02-24T22:21:16.000Z,Thoai Ngoc Hau,Tan Phu,10.78811,106.626517,50.2,60,severe,blocked,42.6,user_report,true,53.14,2023-02-24T22:00:00.000Z
FLD00257,2023-02-26T11:12:46.000Z,CMT8,Quan 3,10.781039,106.679223,14.7,90,light,clear,36.6,monitoring_station,true,37.29,2023-02-26T11:00:00.000Z
FLD01371,2023-02-26T18:34:25.000Z,Linh Dong,Thu Duc,10.86602,106.766701,15.9,90,moderate,slow,38.3,IoT_sensor,true,38.129999999999995,2023-02-26T18:00:00.000Z
FLD00936,2023-02-27T03:47:31.000Z,Phan Huy Ich,Go Vap,10.83066,106.671436,11.4,90,light,clear,15.8,traffic_camera,true,34.98,2023-02-27T03:00:00.000Z
FLD02370,2023-02-27T07:04:15.000Z,Nguyen Huu Canh,Binh Thanh,10.78928,106.720633,51.8,180,severe,blocked,86.4,monitoring_station,true,90.25999999999999,2023-02-27T07:00:00.000Z
FLD01595,2023-02-27T13:12:01.000Z,Le Dinh Can,Binh Tan,10.765136,106.595101,41.1,30,severe,blocked,41.7,traffic_camera,true,37.769999999999996,2023-02-27T13:00:00.000Z
FLD00750,2023-02-27T23:13:36.000Z,Vo Van Kiet,Quan 1,10.761584,106.69961,5.4,60,light,clear,10.7,user_report,true,21.78,2023-02-27T23:00:00.000Z
FLD00660,2023-02-27T23:37:45.000Z,Vo Van Ngan,Thu Duc,10.850877,106.770591,14.0,60,light,clear,31.1,user_report,true,27.799999999999997,2023-02-27T23:00:00.000Z
FLD01775,2023-02-28T04:35:57.000Z,Nguyen Anh Thu,Quan 12,10.878333,106.64284,16.5,30,moderate,slow,14.1,traffic_camera,true,20.549999999999997,2023-02-28T04:00:00.000Z
FLD01500,2023-02-28T05:28:25.000Z,Hoa Binh,Tan Phu,10.805154,106.621036,21.3,60,moderate,slow,25.4,user_report,true,32.91,2023-02-28T05:00:00.000Z
FLD01878,2023-02-28T11:10:54.000Z,Tam Binh,Thu Duc,10.862891,106.73835,29.1,30,moderate,slow,67.5,IoT_sensor,true,29.37,2023-02-28T11:00:00.000Z
FLD00804,2023-02-28T11:38:11.000Z,Nguyen Van Qua,Quan 12,10.854428,106.663886,9.5,90,light,clear,13.5,monitoring_station,true,33.65,2023-02-28T11:00:00.000Z
FLD00129,2023-02-28T17:13:17.000Z,Tan Ky Tan Quy,Binh Tan,10.789598,106.600639,5.1,30,light,clear,4.1,IoT_sensor,true,12.57,2023-02-28T17:00:00.000Z
FLD00013,2023-02-28T21:32:12.000Z,Quang Trung,Go Vap,10.839426,106.665534,29.8,30,moderate,slow,53.2,IoT_sensor,true,29.86,2023-02-28T21:00:00.000Z
FLD00827,2023-03-01T16:40:06.000Z,Ma Lo,Binh Tan,10.764116,106.614069,41.5,120,severe,blocked,44.1,user_report,true,65.05,2023-03-01T16:00:00.000Z
FLD01103,2023-03-02T17:40:01.000Z,Nguyen Thi Thap,Quan 7,10.742223,106.715497,50.7,30,severe,blocked,84.4,monitoring_station,true,44.49,2023-03-02T17:00:00.000Z
FLD01515,2023-03-02T19:07:18.000Z,Pham The Hien,Quan 8,10.726023,106.684456,23.9,30,moderate,slow,53.9,IoT_sensor,true,25.729999999999997,2023-03-02T19:00:00.000Z
FLD01503,2023-03-03T14:27:57.000Z,Ta Quang Buu,Quan 8,10.743312,106.666138,23.4,90,moderate,slow,50.0,user_report,true,43.379999999999995,2023-03-03T14:00:00.000Z
FLD01946,2023-03-04T01:22:22.000Z,Pham Van Dong,Binh Thanh,10.818497,106.702986,10.3,30,light,clear,22.7,IoT_sensor,true,16.21,2023-03-04T01:00:00.000Z
FLD00229,2023-03-04T20:34:24.000Z,Tran Nao,Quan 2,10.785282,106.735563,9.9,240,light,clear,10.1,user_report,true,78.93,2023-03-04T20:00:00.000Z
FLD02091,2023-03-04T23:41:18.000Z,Nguyen Trai,Quan 5,10.756111,106.665218,21.4,60,moderate,slow,37.1,IoT_sensor,true,32.98,2023-03-04T23:00:00.000Z
FLD01701,2023-03-05T08:29:34.000Z,Kha Van Can,Thu Duc,10.852435,106.752742,21.5,60,moderate,slow,32.4,user_report,true,33.05,2023-03-05T08:00:00.000Z
FLD01141,2023-03-05T11:41:14.000Z,Kinh Duong Vuong,Quan 6,10.742917,106.614252,11.2,30,light,clear,25.2,user_report,true,16.84,2023-03-05T11:00:00.000Z
FLD01277,2023-03-05T13:53:31.000Z,Le Dinh Can,Binh Tan,10.768452,106.596634,5.0,30,light,clear,7.1,user_report,true,12.5,2023-03-05T13:00:00.000Z
FLD00466,2023-03-05T14:32:00.000Z,Xo Viet Nghe Tinh,Binh Thanh,10.808844,106.710619,5.0,60,light,clear,10.2,IoT_sensor,true,21.5,2023-03-05T14:00:00.000Z
FLD01669,2023-03-05T17:32:54.000Z,Da Nam,Quan 8,10.742143,106.673851,25.7,120,moderate,slow,31.7,user_report,true,53.989999999999995,2023-03-05T17:00:00.000Z
FLD00274,2023-03-05T21:19:53.000Z,To Ky,Quan 12,10.867436,106.63281,16.5,90,moderate,slow,29.8,IoT_sensor,true,38.55,2023-03-05T21:00:00.000Z
FLD00211,2023-03-06T00:30:58.000Z,Kinh Duong Vuong,Quan 6,10.74176,106.61372,13.1,60,light,clear,25.1,IoT_sensor,true,27.17,2023-03-06T00:00:00.000Z
FLD01939,2023-03-07T01:53:29.000Z,Nguyen Van Khoi,Go Vap,10.829143,106.691888,38.2,60,severe,blocked,78.3,traffic_camera,true,44.74,2023-03-07T01:00:00.000Z
FLD01235,2023-03-07T05:25:22.000Z,Xo Viet Nghe Tinh,Binh Thanh,10.808175,106.713103,15.6,60,moderate,slow,22.1,IoT_sensor,true,28.92,2023-03-07T05:00:00.000Z
FLD00627,2023-03-07T21:53:13.000Z,Phan Huy Ich,Go Vap,10.829991,106.67141,5.3,60,light,clear,11.3,monitoring_station,true,21.71,2023-03-07T21:00:00.000Z
FLD01709,2023-03-08T09:59:10.000Z,Ma Lo,Binh Tan,10.763962,106.611995,31.3,30,severe,blocked,36.9,user_report,true,30.91,2023-03-08T09:00:00.000Z
FLD02167,2023-03-08T12:16:17.000Z,Thoai Ngoc Hau,Tan Phu,10.785852,106.62818,15.7,90,moderate,slow,30.0,IoT_sensor,true,37.989999999999995,2023-03-08T12:00:00.000Z
FLD01628,2023-03-08T14:13:53.000Z,Xo Viet Nghe Tinh,Binh Thanh,10.806899,106.710506,15.4,30,moderate,slow,38.3,IoT_sensor,true,19.78,2023-03-08T14:00:00.000Z
FLD01239,2023-03-08T16:40:03.000Z,Do Xuan Hop,Thu Duc,10.831642,106.784123,18.6,30,moderate,slow,38.6,IoT_sensor,true,22.02,2023-03-08T16:00:00.000Z
FLD00578,2023-03-08T21:48:29.000Z,Nguyen Huu Canh,Binh Thanh,10.786681,106.721337,14.4,120,light,clear,17.8,user_report,true,46.08,2023-03-08T21:00:00.000Z
FLD02273,2023-03-09T21:50:00.000Z,Lam Van Ben,Quan 7,10.719322,106.685387,31.1,90,severe,blocked,46.9,user_report,true,48.769999999999996,2023-03-09T21:00:00.000Z
FLD01284,2023-03-10T02:03:32.000Z,Tan Ky Tan Quy,Binh Tan,10.789895,106.602675,19.7,30,moderate,slow,39.9,traffic_camera,true,22.79,2023-03-10T02:00:00.000Z
FLD00498,2023-03-10T10:01:44.000Z,Vo Van Ngan,Thu Duc,10.851662,106.770966,14.0,120,light,clear,22.1,traffic_camera,true,45.8,2023-03-10T10:00:00.000Z
FLD00588,2023-03-10T13:28:50.000Z,Hau Giang,Quan 6,10.747951,106.640173,25.2,60,moderate,slow,34.4,user_report,true,35.64,2023-03-10T13:00:00.000Z
FLD01482,2023-03-11T00:45:42.000Z,Tran Nao,Quan 2,10.781736,106.735128,30.8,30,severe,blocked,29.7,IoT_sensor,true,30.56,2023-03-11T00:00:00.000Z
FLD02161,2023-03-11T01:39:17.000Z,Vo Van Ngan,Thu Duc,10.852215,106.772833,5.9,30,light,clear,13.7,user_report,true,13.129999999999999,2023-03-11T01:00:00.000Z
FLD02373,2023-03-11T04:31:28.000Z,An Duong Vuong,Quan 6,10.755935,106.643834,5.0,120,light,clear,9.4,user_report,true,39.5,2023-03-11T04:00:00.000Z
FLD00169,2023-03-11T05:39:14.000Z,Da Nam,Quan 8,10.740665,106.673618,29.1,30,moderate,slow,30.9,traffic_camera,true,29.37,2023-03-11T05:00:00.000Z
FLD00469,2023-03-11T06:58:19.000Z,Huynh Tan Phat,Quan 7,10.727227,106.720556,13.7,90,light,clear,33.7,IoT_sensor,true,36.589999999999996,2023-03-11T06:00:00.000Z
FLD02332,2023-03-11T11:26:17.000Z,Ta Quang Buu,Quan 8,10.746141,106.665624,11.5,30,light,clear,16.5,monitoring_station,true,17.049999999999997,2023-03-11T11:00:00.000Z
FLD01306,2023-03-11T20:58:52.000Z,Ung Van Khiem,Binh Thanh,10.811199,106.710825,20.3,90,moderate,slow,49.4,user_report,true,41.21,2023-03-11T20:00:00.000Z
FLD01490,2023-03-12T22:47:03.000Z,Hoa Binh,Tan Phu,10.803697,106.624024,11.2,30,light,clear,14.2,user_report,true,16.84,2023-03-12T22:00:00.000Z
FLD01221,2023-03-14T00:31:14.000Z,Tran Xuan Soan,Quan 7,10.750223,106.699888,79.0,180,severe,blocked,159.2,user_report,true,109.3,2023-03-14T00:00:00.000Z
FLD01304,2023-03-14T03:11:07.000Z,Nguyen Anh Thu,Quan 12,10.877817,106.644198,31.6,120,severe,blocked,44.7,monitoring_station,true,58.120000000000005,2023-03-14T03:00:00.000Z
FLD00109,2023-03-14T14:46:00.000Z,An Duong Vuong,Quan 6,10.753249,106.646454,39.3,90,severe,blocked,58.2,user_report,true,54.51,2023-03-14T14:00:00.000Z
FLD00600,2023-03-14T17:43:23.000Z,Hau Giang,Quan 6,10.745305,106.639037,14.2,60,light,clear,12.3,user_report,true,27.939999999999998,2023-03-14T17:00:00.000Z
FLD02307,2023-03-15T07:45:37.000Z,Vo Van Kiet,Quan 1,10.761549,106.699705,61.3,30,severe,blocked,132.8,IoT_sensor,true,51.91,2023-03-15T07:00:00.000Z
FLD01762,2023-03-15T11:33:21.000Z,Ma Lo,Binh Tan,10.761886,106.613416,59.5,180,severe,blocked,145.8,IoT_sensor,true,95.65,2023-03-15T11:00:00.000Z
FLD01000,2023-03-15T22:25:55.000Z,Tran Nao,Quan 2,10.781619,106.734536,16.9,90,moderate,slow,20.6,monitoring_station,true,38.83,2023-03-15T22:00:00.000Z
FLD00738,2023-03-16T11:55:17.000Z,Thoai Ngoc Hau,Tan Phu,10.785856,106.629013,21.2,60,moderate,slow,46.4,IoT_sensor,true,32.839999999999996,2023-03-16T11:00:00.000Z
FLD01593,2023-03-17T05:39:47.000Z,Binh Long,Tan Phu,10.79923,106.615045,16.3,60,moderate,slow,29.7,IoT_sensor,true,29.41,2023-03-17T05:00:00.000Z
FLD00813,2023-03-17T08:50:49.000Z,Thoai Ngoc Hau,Tan Phu,10.785808,106.62669,19.2,30,moderate,slow,47.0,monitoring_station,true,22.439999999999998,2023-03-17T08:00:00.000Z
FLD01019,2023-03-18T01:16:03.000Z,Binh Long,Tan Phu,10.80111,106.61749,5.0,30,light,clear,4.2,user_report,true,12.5,2023-03-18T01:00:00.000Z
FLD00796,2023-03-18T08:06:39.000Z,Nguyen Anh Thu,Quan 12,10.878372,106.643287,19.8,90,moderate,slow,47.2,monitoring_station,true,40.86,2023-03-18T08:00:00.000Z
FLD01044,2023-03-18T09:35:50.000Z,Thoai Ngoc Hau,Tan Phu,10.787159,106.629149,25.7,90,moderate,slow,54.8,monitoring_station,true,44.989999999999995,2023-03-18T09:00:00.000Z
FLD02172,2023-03-18T10:45:40.000Z,Ung Van Khiem,Binh Thanh,10.810057,106.712067,23.2,90,moderate,slow,26.8,IoT_sensor,true,43.239999999999995,2023-03-18T10:00:00.000Z
FLD01385,2023-03-18T14:20:59.000Z,Pham The Hien,Quan 8,10.726352,106.684432,6.4,120,light,clear,6.4,IoT_sensor,true,40.48,2023-03-18T14:00:00.000Z
FLD00108,2023-03-18T16:41:12.000Z,Lam Van Ben,Quan 7,10.717513,106.68262,39.9,240,severe,blocked,69.5,IoT_sensor,true,99.92999999999999,2023-03-18T16:00:00.000Z
FLD01317,2023-03-19T00:18:36.000Z,Pham The Hien,Quan 8,10.727683,106.683968,9.5,180,light,clear,12.8,IoT_sensor,true,60.65,2023-03-19T00:00:00.000Z
FLD01631,2023-03-19T21:19:59.000Z,Tran Nao,Quan 2,10.785182,106.735401,21.5,120,moderate,slow,43.5,traffic_camera,true,51.05,2023-03-19T21:00:00.000Z
FLD00670,2023-03-20T08:15:21.000Z,Phan Huy Ich,Go Vap,10.829324,106.670998,28.6,30,moderate,slow,31.3,traffic_camera,true,29.02,2023-03-20T08:00:00.000Z
FLD00196,2023-03-20T10:00:24.000Z,Le Thi Rieng,Quan 12,10.85986,106.64698,51.6,180,severe,blocked,56.1,IoT_sensor,true,90.12,2023-03-20T10:00:00.000Z
FLD01464,2023-03-20T19:10:21.000Z,Le Thi Rieng,Quan 12,10.863215,106.647156,5.0,60,light,clear,12.2,IoT_sensor,true,21.5,2023-03-20T19:00:00.000Z
FLD00441,2023-03-21T03:59:33.000Z,Le Thi Rieng,Quan 12,10.861228,106.647073,19.1,60,moderate,slow,31.4,IoT_sensor,true,31.37,2023-03-21T03:00:00.000Z
FLD01513,2023-03-21T04:11:42.000Z,Le Van Viet,Thu Duc,10.846143,106.79147,7.0,30,light,clear,12.9,user_report,true,13.899999999999999,2023-03-21T04:00:00.000Z
FLD00005,2023-03-21T06:48:52.000Z,Hoa Binh,Tan Phu,10.803749,106.623829,13.9,90,light,clear,30.8,IoT_sensor,true,36.730000000000004,2023-03-21T06:00:00.000Z
FLD00401,2023-03-21T08:19:29.000Z,Huynh Tan Phat,Quan 7,10.727296,106.721403,13.9,180,light,clear,14.5,IoT_sensor,true,63.730000000000004,2023-03-21T08:00:00.000Z
FLD01786,2023-03-21T18:38:12.000Z,Ma Lo,Binh Tan,10.764302,106.614284,13.3,60,light,clear,12.1,IoT_sensor,true,27.310000000000002,2023-03-21T18:00:00.000Z
FLD00025,2023-03-21T23:23:40.000Z,Ta Quang Buu,Quan 8,10.746322,106.663646,6.7,60,light,clear,10.9,IoT_sensor,true,22.689999999999998,2023-03-21T23:00:00.000Z
FLD00700,2023-03-22T08:25:37.000Z,Pham Van Dong,Binh Thanh,10.818498,106.702586,26.2,90,moderate,slow,63.9,IoT_sensor,true,45.34,2023-03-22T08:00:00.000Z
FLD01892,2023-03-22T12:11:08.000Z,Lam Van Ben,Quan 7,10.719514,106.686356,31.0,30,severe,blocked,53.4,user_report,true,30.7,2023-03-22T12:00:00.000Z
FLD00434,2023-03-23T10:58:16.000Z,Pham The Hien,Quan 8,10.728174,106.684752,8.6,120,light,clear,14.6,user_report,true,42.019999999999996,2023-03-23T10:00:00.000Z
FLD00450,2023-03-24T13:02:02.000Z,No Trang Long,Binh Thanh,10.81637,106.699298,39.9,60,severe,blocked,49.9,IoT_sensor,true,45.92999999999999,2023-03-24T13:00:00.000Z
FLD00889,2023-03-24T13:40:18.000Z,Tran Xuan Soan,Quan 7,10.749604,106.699603,13.9,240,light,clear,32.3,user_report,true,81.73,2023-03-24T13:00:00.000Z
FLD00715,2023-03-25T06:14:53.000Z,Ma Lo,Binh Tan,10.763528,106.612757,14.8,30,light,clear,26.9,traffic_camera,true,19.36,2023-03-25T06:00:00.000Z
FLD00675,2023-03-25T06:22:21.000Z,To Ky,Quan 12,10.867003,106.630931,38.2,30,severe,blocked,83.2,IoT_sensor,true,35.74,2023-03-25T06:00:00.000Z
FLD00657,2023-03-25T07:05:30.000Z,Le Thi Rieng,Quan 12,10.860557,106.648878,8.5,240,light,clear,14.4,IoT_sensor,true,77.95,2023-03-25T07:00:00.000Z
FLD01252,2023-03-25T09:14:04.000Z,Lam Van Ben,Quan 7,10.720334,106.683315,15.7,30,moderate,slow,21.1,IoT_sensor,true,19.99,2023-03-25T09:00:00.000Z
FLD02013,2023-03-25T11:53:45.000Z,Quang Trung,Go Vap,10.838012,106.66454,10.8,90,light,clear,18.0,IoT_sensor,true,34.56,2023-03-25T11:00:00.000Z
FLD01919,2023-03-25T13:40:02.000Z,Kha Van Can,Thu Duc,10.850849,106.752613,15.6,30,moderate,slow,37.6,user_report,true,19.92,2023-03-25T13:00:00.000Z
FLD01994,2023-03-25T14:39:38.000Z,Pham Van Dong,Binh Thanh,10.818248,106.704462,14.0,180,light,clear,29.1,traffic_camera,true,63.8,2023-03-25T14:00:00.000Z
FLD01637,2023-03-25T16:46:38.000Z,Vo Van Kiet,Quan 1,10.763648,106.698967,25.7,60,moderate,slow,42.6,user_report,true,35.989999999999995,2023-03-25T16:00:00.000Z
FLD02271,2023-03-25T18:03:06.000Z,Le Dinh Can,Binh Tan,10.765342,106.597885,24.8,60,moderate,slow,37.2,IoT_sensor,true,35.36,2023-03-25T18:00:00.000Z
FLD01650,2023-03-25T23:46:26.000Z,Kinh Duong Vuong,Quan 6,10.743959,106.614351,21.0,90,moderate,slow,47.3,IoT_sensor,true,41.7,2023-03-25T23:00:00.000Z
FLD01364,2023-03-26T06:04:44.000Z,Vo Van Ngan,Thu Duc,10.848662,106.773803,24.8,180,moderate,slow,42.2,user_report,true,71.36,2023-03-26T06:00:00.000Z
FLD02248,2023-03-26T10:54:10.000Z,Le Dinh Can,Binh Tan,10.767734,106.595158,10.5,60,light,clear,23.8,traffic_camera,true,25.35,2023-03-26T10:00:00.000Z
FLD00118,2023-03-26T14:14:47.000Z,Nguyen Trai,Quan 5,10.758312,106.66494,10.7,180,light,clear,18.4,IoT_sensor,true,61.49,2023-03-26T14:00:00.000Z
FLD01712,2023-03-26T21:25:10.000Z,Huynh Tan Phat,Quan 7,10.727063,106.722218,6.8,90,light,clear,14.1,monitoring_station,true,31.759999999999998,2023-03-26T21:00:00.000Z
FLD01426,2023-03-27T08:43:58.000Z,Pham Van Dong,Binh Thanh,10.820486,106.702767,5.0,30,light,clear,6.5,traffic_camera,true,12.5,2023-03-27T08:00:00.000Z
FLD00928,2023-03-27T22:36:57.000Z,CMT8,Quan 3,10.781602,106.681684,5.0,180,light,clear,10.9,monitoring_station,true,57.5,2023-03-27T22:00:00.000Z
FLD00885,2023-03-28T13:46:53.000Z,Nguyen Van Khoi,Go Vap,10.829894,106.691849,10.8,90,light,clear,23.6,IoT_sensor,true,34.56,2023-03-28T13:00:00.000Z
FLD02165,2023-03-29T00:51:50.000Z,Nguyen Van Qua,Quan 12,10.853732,106.664359,18.6,180,moderate,slow,40.3,user_report,true,67.02,2023-03-29T00:00:00.000Z
FLD01036,2023-03-29T08:25:25.000Z,Huynh Tan Phat,Quan 7,10.726706,106.722905,5.7,60,light,clear,9.6,user_report,true,21.99,2023-03-29T08:00:00.000Z
FLD01184,2023-03-29T15:37:51.000Z,Nguyen Van Qua,Quan 12,10.853028,106.663307,9.1,90,light,clear,14.3,monitoring_station,true,33.37,2023-03-29T15:00:00.000Z
FLD01370,2023-03-29T17:56:36.000Z,Da Nam,Quan 8,10.73985,106.673458,10.2,60,light,clear,20.1,user_report,true,25.14,2023-03-29T17:00:00.000Z
FLD01333,2023-03-29T23:05:35.000Z,Vo Van Ngan,Thu Duc,10.849915,106.7703,23.2,60,moderate,slow,42.9,monitoring_station,true,34.239999999999995,2023-03-29T23:00:00.000Z
FLD02079,2023-03-29T23:55:18.000Z,Huynh Tan Phat,Quan 7,10.727139,106.724254,15.4,180,moderate,slow,16.4,user_report,true,64.78,2023-03-29T23:00:00.000Z
FLD00358,2023-03-31T07:47:47.000Z,Xo Viet Nghe Tinh,Binh Thanh,10.808747,106.71254,24.4,30,moderate,slow,33.2,IoT_sensor,true,26.08,2023-03-31T07:00:00.000Z
FLD02245,2023-03-31T17:52:40.000Z,Phan Huy Ich,Go Vap,10.831169,106.673515,14.0,90,light,clear,27.6,traffic_camera,true,36.8,2023-03-31T17:00:00.000Z
FLD00690,2023-03-31T18:24:55.000Z,Le Van Luong,Quan 7,10.7375,106.705028,19.6,60,moderate,slow,43.9,IoT_sensor,true,31.72,2023-03-31T18:00:00.000Z
FLD00053,2023-04-01T13:01:18.000Z,Vo Van Ngan,Thu Duc,10.849719,106.771712,14.6,60,light,clear,15.0,IoT_sensor,true,28.22,2023-04-01T13:00:00.000Z
FLD00338,2023-04-02T09:56:38.000Z,Linh Dong,Thu Duc,10.866197,106.766559,20.5,30,moderate,slow,38.5,IoT_sensor,true,23.35,2023-04-02T09:00:00.000Z
FLD01461,2023-04-03T05:47:26.000Z,Vo Van Ngan,Thu Duc,10.852136,106.773259,14.0,90,light,clear,20.7,monitoring_station,true,36.8,2023-04-03T05:00:00.000Z
FLD02395,2023-04-03T15:57:41.000Z,Huynh Tan Phat,Quan 7,10.72783,106.723455,5.7,90,light,clear,12.5,IoT_sensor,true,30.99,2023-04-03T15:00:00.000Z
FLD00011,2023-04-03T21:32:17.000Z,Ma Lo,Binh Tan,10.761851,106.611972,19.8,60,moderate,slow,37.1,IoT_sensor,true,31.86,2023-04-03T21:00:00.000Z
FLD01392,2023-04-04T00:56:59.000Z,Nguyen Huu Canh,Binh Thanh,10.787502,106.721385,18.0,90,moderate,slow,19.9,IoT_sensor,true,39.6,2023-04-04T00:00:00.000Z
FLD01156,2023-04-04T05:07:06.000Z,Ma Lo,Binh Tan,10.764089,106.612568,15.3,30,moderate,slow,32.6,IoT_sensor,true,19.71,2023-04-04T05:00:00.000Z
FLD02065,2023-04-04T05:23:51.000Z,Quang Trung,Go Vap,10.836932,106.662751,5.0,30,light,clear,6.6,IoT_sensor,true,12.5,2023-04-04T05:00:00.000Z
FLD00513,2023-04-04T06:06:23.000Z,Tan Ky Tan Quy,Binh Tan,10.788697,106.602286,10.7,60,light,clear,13.8,IoT_sensor,true,25.49,2023-04-04T06:00:00.000Z
FLD00309,2023-04-05T00:53:23.000Z,Phan Huy Ich,Go Vap,10.827968,106.670913,24.4,90,moderate,slow,30.3,user_report,true,44.08,2023-04-05T00:00:00.000Z
FLD01367,2023-04-05T04:30:06.000Z,Le Thi Rieng,Quan 12,10.862837,106.649122,16.5,60,moderate,slow,23.8,user_report,true,29.549999999999997,2023-04-05T04:00:00.000Z
FLD01766,2023-04-05T04:31:52.000Z,Nguyen Van Khoi,Go Vap,10.827774,106.694862,23.7,30,moderate,slow,38.7,IoT_sensor,true,25.59,2023-04-05T04:00:00.000Z
FLD00394,2023-04-05T04:39:22.000Z,Da Nam,Quan 8,10.741384,106.67342,11.6,60,light,clear,13.7,monitoring_station,true,26.119999999999997,2023-04-05T04:00:00.000Z
FLD00201,2023-04-05T14:31:40.000Z,Tam Binh,Thu Duc,10.861636,106.736847,5.8,90,light,clear,5.4,user_report,true,31.06,2023-04-05T14:00:00.000Z
FLD00050,2023-04-05T15:52:04.000Z,Binh Long,Tan Phu,10.797718,106.615965,23.8,60,moderate,slow,58.7,user_report,true,34.66,2023-04-05T15:00:00.000Z
FLD00079,2023-04-05T19:12:11.000Z,Le Van Viet,Thu Duc,10.844905,106.791479,29.1,90,moderate,slow,62.1,monitoring_station,true,47.370000000000005,2023-04-05T19:00:00.000Z
FLD00254,2023-04-05T23:40:13.000Z,Pham The Hien,Quan 8,10.725874,106.685052,19.7,30,moderate,slow,39.3,IoT_sensor,true,22.79,2023-04-05T23:00:00.000Z
FLD00454,2023-04-06T06:52:19.000Z,Phan Huy Ich,Go Vap,10.831193,106.672657,14.5,60,light,clear,19.2,user_report,true,28.15,2023-04-06T06:00:00.000Z
FLD00477,2023-04-06T07:20:59.000Z,Ma Lo,Binh Tan,10.7618,106.61386,28.9,240,moderate,slow,27.3,user_report,true,92.22999999999999,2023-04-06T07:00:00.000Z
FLD00683,2023-04-06T13:41:23.000Z,Nguyen Trai,Quan 5,10.758174,106.665433,5.6,90,light,clear,11.8,user_report,true,30.919999999999998,2023-04-06T13:00:00.000Z
FLD02061,2023-04-06T17:47:38.000Z,Ba Thang Hai,Quan 10,10.77341,106.669765,8.6,90,light,clear,19.1,monitoring_station,true,33.019999999999996,2023-04-06T17:00:00.000Z
FLD01262,2023-04-07T01:26:07.000Z,CMT8,Quan 3,10.78303,106.679724,16.7,30,moderate,slow,36.8,IoT_sensor,true,20.689999999999998,2023-04-07T01:00:00.000Z
FLD00803,2023-04-07T10:58:59.000Z,Nguyen Van Khoi,Go Vap,10.830455,106.692712,5.6,30,light,clear,7.5,IoT_sensor,true,12.92,2023-04-07T10:00:00.000Z
FLD02163,2023-04-08T07:55:48.000Z,Nguyen Thi Thap,Quan 7,10.742941,106.716285,9.5,120,light,clear,8.8,IoT_sensor,true,42.65,2023-04-08T07:00:00.000Z
FLD00304,2023-04-08T09:15:52.000Z,Nguyen Anh Thu,Quan 12,10.87734,106.643226,28.0,60,moderate,slow,38.3,user_report,true,37.599999999999994,2023-04-08T09:00:00.000Z
FLD02305,2023-04-08T12:27:16.000Z,Vo Van Ngan,Thu Duc,10.850983,106.772426,10.8,120,light,clear,26.7,user_report,true,43.56,2023-04-08T12:00:00.000Z
FLD01522,2023-04-08T16:36:16.000Z,Tran Xuan Soan,Quan 7,10.751586,106.696993,9.0,30,light,clear,11.9,monitoring_station,true,15.3,2023-04-08T16:00:00.000Z
FLD00701,2023-04-09T16:24:49.000Z,Nguyen Van Khoi,Go Vap,10.827127,106.694884,18.4,90,moderate,slow,25.6,monitoring_station,true,39.879999999999995,2023-04-09T16:00:00.000Z
FLD01984,2023-04-10T13:54:59.000Z,Quang Trung,Go Vap,10.838159,106.666153,18.3,90,moderate,slow,40.0,monitoring_station,true,39.81,2023-04-10T13:00:00.000Z
FLD00231,2023-04-10T14:15:43.000Z,Nguyen Van Qua,Quan 12,10.853706,106.660624,11.4,60,light,clear,28.0,user_report,true,25.98,2023-04-10T14:00:00.000Z
FLD00152,2023-04-10T15:12:42.000Z,To Ky,Quan 12,10.865357,106.630058,19.5,90,moderate,slow,30.9,IoT_sensor,true,40.65,2023-04-10T15:00:00.000Z
FLD01322,2023-04-10T20:46:17.000Z,No Trang Long,Binh Thanh,10.815328,106.696621,9.0,60,light,clear,8.7,traffic_camera,true,24.3,2023-04-10T20:00:00.000Z
FLD01920,2023-04-11T23:00:18.000Z,Hoa Binh,Tan Phu,10.805213,106.621936,41.9,30,severe,blocked,45.9,traffic_camera,true,38.33,2023-04-11T23:00:00.000Z
FLD01119,2023-04-12T06:47:38.000Z,Vo Van Kiet,Quan 1,10.763482,106.698728,5.1,180,light,clear,11.0,IoT_sensor,true,57.57,2023-04-12T06:00:00.000Z
FLD02059,2023-04-12T14:27:51.000Z,Linh Dong,Thu Duc,10.863454,106.766377,29.3,30,moderate,slow,63.7,IoT_sensor,true,29.509999999999998,2023-04-12T14:00:00.000Z
FLD01444,2023-04-13T05:44:54.000Z,No Trang Long,Binh Thanh,10.816316,106.698647,11.5,60,light,clear,19.8,monitoring_station,true,26.049999999999997,2023-04-13T05:00:00.000Z
FLD00823,2023-04-13T10:21:55.000Z,CMT8,Quan 3,10.780346,106.68156,15.2,30,moderate,slow,27.0,traffic_camera,true,19.64,2023-04-13T10:00:00.000Z
FLD01341,2023-04-13T15:26:32.000Z,Nguyen Anh Thu,Quan 12,10.875673,106.644726,48.3,90,severe,blocked,51.6,user_report,true,60.809999999999995,2023-04-13T15:00:00.000Z
FLD00832,2023-04-13T22:10:48.000Z,An Duong Vuong,Quan 6,10.756288,106.6465,11.2,60,light,clear,12.0,IoT_sensor,true,25.84,2023-04-13T22:00:00.000Z
FLD02338,2023-04-13T23:38:08.000Z,Thoai Ngoc Hau,Tan Phu,10.786627,106.627399,26.1,60,moderate,slow,27.7,user_report,true,36.269999999999996,2023-04-13T23:00:00.000Z
FLD00934,2023-04-14T07:39:38.000Z,Nguyen Van Khoi,Go Vap,10.830021,106.694224,21.3,180,moderate,slow,23.9,monitoring_station,true,68.91,2023-04-14T07:00:00.000Z
FLD01416,2023-04-14T09:58:06.000Z,Pham The Hien,Quan 8,10.726859,106.685146,21.4,30,moderate,slow,29.6,monitoring_station,true,23.979999999999997,2023-04-14T09:00:00.000Z
FLD01238,2023-04-14T23:32:26.000Z,Phan Huy Ich,Go Vap,10.827994,106.670693,9.2,90,light,clear,9.6,IoT_sensor,true,33.44,2023-04-14T23:00:00.000Z
FLD01544,2023-04-15T01:57:08.000Z,Tam Binh,Thu Duc,10.86276,106.739091,24.6,60,moderate,slow,43.1,IoT_sensor,true,35.22,2023-04-15T01:00:00.000Z
FLD01319,2023-04-15T18:21:35.000Z,Ta Quang Buu,Quan 8,10.744007,106.66567,8.2,90,light,clear,6.6,user_report,true,32.74,2023-04-15T18:00:00.000Z
FLD02133,2023-04-15T18:29:24.000Z,Nguyen Anh Thu,Quan 12,10.878647,106.642512,11.0,60,light,clear,20.6,IoT_sensor,true,25.7,2023-04-15T18:00:00.000Z
FLD01542,2023-04-15T19:56:26.000Z,To Ky,Quan 12,10.865908,106.631514,11.1,60,light,clear,12.6,user_report,true,25.77,2023-04-15T19:00:00.000Z
FLD00137,2023-04-15T20:14:43.000Z,Hau Giang,Quan 6,10.746843,106.638282,29.9,60,moderate,slow,26.9,traffic_camera,true,38.92999999999999,2023-04-15T20:00:00.000Z
FLD00710,2023-04-16T16:11:04.000Z,Nguyen Van Khoi,Go Vap,10.829004,106.692775,29.1,30,moderate,slow,33.3,traffic_camera,true,29.37,2023-04-16T16:00:00.000Z
FLD00332,2023-04-17T07:43:21.000Z,Xo Viet Nghe Tinh,Binh Thanh,10.807696,106.710141,8.4,90,light,clear,10.2,IoT_sensor,true,32.88,2023-04-17T07:00:00.000Z
FLD02015,2023-04-17T20:07:38.000Z,Xo Viet Nghe Tinh,Binh Thanh,10.80933,106.709833,12.0,60,light,clear,22.5,IoT_sensor,true,26.4,2023-04-17T20:00:00.000Z
FLD00561,2023-04-17T21:21:38.000Z,Nguyen Van Qua,Quan 12,10.856421,106.661402,9.0,240,light,clear,19.9,IoT_sensor,true,78.3,2023-04-17T21:00:00.000Z
FLD01417,2023-04-18T01:54:11.000Z,Tam Binh,Thu Duc,10.861526,106.738122,13.6,180,light,clear,16.3,monitoring_station,true,63.519999999999996,2023-04-18T01:00:00.000Z
FLD00266,2023-04-19T01:45:24.000Z,Nguyen Van Khoi,Go Vap,10.826544,106.693881,6.0,30,light,clear,12.5,user_report,true,13.2,2023-04-19T01:00:00.000Z
FLD00810,2023-04-19T02:24:49.000Z,An Duong Vuong,Quan 6,10.755816,106.643078,23.5,90,moderate,slow,33.5,IoT_sensor,true,43.45,2023-04-19T02:00:00.000Z
FLD02221,2023-04-19T20:00:45.000Z,Nguyen Van Qua,Quan 12,10.855889,106.663183,5.7,30,light,clear,12.4,monitoring_station,true,12.99,2023-04-19T20:00:00.000Z
FLD02215,2023-04-19T22:16:54.000Z,Nguyen Anh Thu,Quan 12,10.876848,106.642694,5.0,60,light,clear,9.8,traffic_camera,true,21.5,2023-04-19T22:00:00.000Z
FLD01587,2023-04-20T19:34:24.000Z,Le Van Viet,Thu Duc,10.844357,106.788989,25.8,60,moderate,slow,45.1,IoT_sensor,true,36.06,2023-04-20T19:00:00.000Z
FLD01067,2023-04-21T01:18:00.000Z,Quang Trung,Go Vap,10.838112,106.666425,10.8,60,light,clear,26.0,IoT_sensor,true,25.56,2023-04-21T01:00:00.000Z
FLD01986,2023-04-21T07:02:46.000Z,To Ky,Quan 12,10.865799,106.631651,5.0,180,light,clear,8.1,IoT_sensor,true,57.5,2023-04-21T07:00:00.000Z
FLD01974,2023-04-21T07:55:51.000Z,Le Dinh Can,Binh Tan,10.765416,106.597705,19.1,90,moderate,slow,29.0,traffic_camera,true,40.370000000000005,2023-04-21T07:00:00.000Z
FLD00453,2023-04-21T08:17:44.000Z,Le Dinh Can,Binh Tan,10.767097,106.596796,10.6,60,light,clear,9.0,IoT_sensor,true,25.419999999999998,2023-04-21T08:00:00.000Z
FLD01633,2023-04-21T13:17:37.000Z,Do Xuan Hop,Thu Duc,10.831567,106.781297,29.8,60,moderate,slow,57.1,traffic_camera,true,38.86,2023-04-21T13:00:00.000Z
FLD00847,2023-04-22T03:45:23.000Z,Le Dinh Can,Binh Tan,10.764721,106.598291,29.3,90,moderate,slow,30.3,IoT_sensor,true,47.51,2023-04-22T03:00:00.000Z
FLD00878,2023-04-22T09:12:39.000Z,Ba Thang Hai,Quan 10,10.776319,106.66925,39.2,60,severe,blocked,94.3,user_report,true,45.44,2023-04-22T09:00:00.000Z
FLD01466,2023-04-22T15:06:12.000Z,CMT8,Quan 3,10.781137,106.681812,9.5,60,light,clear,21.1,monitoring_station,true,24.65,2023-04-22T15:00:00.000Z
FLD01458,2023-04-23T10:59:23.000Z,CMT8,Quan 3,10.782053,106.68075,14.5,180,light,clear,16.5,traffic_camera,true,64.15,2023-04-23T10:00:00.000Z
FLD01840,2023-04-23T12:47:19.000Z,Nguyen Van Khoi,Go Vap,10.828557,106.695107,8.3,60,light,clear,16.2,traffic_camera,true,23.810000000000002,2023-04-23T12:00:00.000Z
FLD02073,2023-04-23T18:50:20.000Z,Le Van Viet,Thu Duc,10.845003,106.78867,15.3,30,moderate,slow,29.5,user_report,true,19.71,2023-04-23T18:00:00.000Z
FLD00170,2023-04-26T05:40:11.000Z,CMT8,Quan 3,10.780594,106.679733,25.8,30,moderate,slow,41.6,IoT_sensor,true,27.06,2023-04-26T05:00:00.000Z
FLD01927,2023-04-26T15:17:12.000Z,Ung Van Khiem,Binh Thanh,10.811082,106.710696,5.0,90,light,clear,5.2,user_report,true,30.5,2023-04-26T15:00:00.000Z
FLD01955,2023-04-26T19:28:02.000Z,Pham The Hien,Quan 8,10.72621,106.681953,6.8,30,light,clear,11.7,user_report,true,13.76,2023-04-26T19:00:00.000Z
FLD00548,2023-04-26T20:15:08.000Z,CMT8,Quan 3,10.78265,106.679504,9.9,90,light,clear,20.7,IoT_sensor,true,33.93,2023-04-26T20:00:00.000Z
FLD01639,2023-04-27T12:46:45.000Z,Nguyen Van Khoi,Go Vap,10.830048,106.691632,9.5,180,light,clear,20.6,traffic_camera,true,60.65,2023-04-27T12:00:00.000Z
FLD02038,2023-04-27T16:42:43.000Z,Tan Ky Tan Quy,Binh Tan,10.787796,106.602125,20.9,60,moderate,slow,42.8,user_report,true,32.629999999999995,2023-04-27T16:00:00.000Z
FLD01108,2023-04-27T19:49:35.000Z,Hoa Binh,Tan Phu,10.805338,106.623862,18.4,240,moderate,slow,34.8,IoT_sensor,true,84.88,2023-04-27T19:00:00.000Z
FLD01934,2023-04-27T21:11:59.000Z,Ta Quang Buu,Quan 8,10.743478,106.665132,11.7,90,light,clear,28.4,user_report,true,35.19,2023-04-27T21:00:00.000Z
FLD01948,2023-04-28T01:51:08.000Z,Binh Long,Tan Phu,10.800557,106.617288,8.6,120,light,clear,9.6,user_report,true,42.019999999999996,2023-04-28T01:00:00.000Z
FLD02183,2023-04-29T05:57:52.000Z,No Trang Long,Binh Thanh,10.816202,106.698322,5.0,60,light,clear,11.7,user_report,true,21.5,2023-04-29T05:00:00.000Z
FLD01337,2023-04-29T15:59:21.000Z,To Ky,Quan 12,10.866627,106.63239,21.1,30,moderate,slow,48.0,IoT_sensor,true,23.77,2023-04-29T15:00:00.000Z
FLD00206,2023-04-29T23:45:54.000Z,Binh Long,Tan Phu,10.800524,106.616899,19.6,120,moderate,slow,45.9,IoT_sensor,true,49.72,2023-04-29T23:00:00.000Z
FLD00640,2023-04-30T00:00:37.000Z,Phan Huy Ich,Go Vap,10.831144,106.673479,18.6,60,moderate,slow,16.6,IoT_sensor,true,31.02,2023-04-30T00:00:00.000Z
FLD02046,2023-04-30T08:53:51.000Z,Lam Van Ben,Quan 7,10.719254,106.684038,10.7,120,light,clear,25.2,IoT_sensor,true,43.49,2023-04-30T08:00:00.000Z
FLD00218,2023-04-30T13:51:50.000Z,Ma Lo,Binh Tan,10.763169,106.613787,50.2,30,severe,blocked,92.5,monitoring_station,true,44.14,2023-04-30T13:00:00.000Z
FLD00023,2023-04-30T17:22:28.000Z,Ung Van Khiem,Binh Thanh,10.810919,106.709027,11.1,240,light,clear,11.6,user_report,true,79.77,2023-04-30T17:00:00.000Z
FLD00214,2023-04-30T17:57:03.000Z,Le Dinh Can,Binh Tan,10.764684,106.595909,40.0,60,severe,blocked,56.5,user_report,true,46.0,2023-04-30T17:00:00.000Z
FLD00176,2023-04-30T22:25:40.000Z,Nguyen Huu Canh,Binh Thanh,10.787072,106.721925,32.0,180,severe,blocked,42.7,monitoring_station,true,76.4,2023-04-30T22:00:00.000Z
FLD01929,2023-05-01T09:57:10.000Z,Le Thi Rieng,Quan 12,10.86191,106.647602,8.5,120,light,clear,19.8,IoT_sensor,true,41.95,2023-05-01T09:00:00.000Z
FLD01474,2023-05-01T21:41:22.000Z,Xo Viet Nghe Tinh,Binh Thanh,10.807991,106.713072,15.5,60,moderate,slow,33.0,IoT_sensor,true,28.85,2023-05-01T21:00:00.000Z
FLD01091,2023-05-02T15:44:15.000Z,Phan Huy Ich,Go Vap,10.829295,106.672043,5.0,180,light,clear,11.8,monitoring_station,true,57.5,2023-05-02T15:00:00.000Z
FLD00331,2023-05-02T18:40:47.000Z,Kha Van Can,Thu Duc,10.852365,106.756,6.7,60,light,clear,12.8,monitoring_station,true,22.689999999999998,2023-05-02T18:00:00.000Z
FLD02175,2023-05-02T21:39:29.000Z,Vo Van Ngan,Thu Duc,10.849599,106.771184,18.2,60,moderate,slow,27.1,IoT_sensor,true,30.74,2023-05-02T21:00:00.000Z
FLD01971,2023-05-02T23:50:00.000Z,Kinh Duong Vuong,Quan 6,10.745187,106.616452,5.9,30,light,clear,9.3,monitoring_station,true,13.129999999999999,2023-05-02T23:00:00.000Z
FLD01052,2023-05-03T04:44:50.000Z,Tam Binh,Thu Duc,10.860077,106.73683,10.5,90,light,clear,20.4,IoT_sensor,true,34.35,2023-05-03T04:00:00.000Z
FLD01068,2023-05-03T11:24:05.000Z,Le Thi Rieng,Quan 12,10.859541,106.646784,40.8,90,severe,blocked,36.2,IoT_sensor,true,55.559999999999995,2023-05-03T11:00:00.000Z
FLD00555,2023-05-04T09:04:00.000Z,Tan Ky Tan Quy,Binh Tan,10.787394,106.601174,5.0,120,light,clear,7.0,user_report,true,39.5,2023-05-04T09:00:00.000Z
FLD01951,2023-05-04T15:40:22.000Z,An Duong Vuong,Quan 6,10.753498,106.644497,6.2,180,light,clear,11.4,user_report,true,58.34,2023-05-04T15:00:00.000Z
FLD01090,2023-05-05T07:08:30.000Z,Phan Huy Ich,Go Vap,10.831368,106.671198,16.1,60,moderate,slow,30.1,IoT_sensor,true,29.27,2023-05-05T07:00:00.000Z
FLD00654,2023-05-05T18:02:17.000Z,Le Van Luong,Quan 7,10.735132,106.706871,11.1,240,light,clear,9.7,user_report,true,79.77,2023-05-05T18:00:00.000Z
FLD01116,2023-05-05T23:36:51.000Z,CMT8,Quan 3,10.783349,106.681322,20.6,60,moderate,slow,38.8,user_report,true,32.42,2023-05-05T23:00:00.000Z
FLD00333,2023-05-06T09:55:58.000Z,Nguyen Van Khoi,Go Vap,10.82912,106.69234,26.3,60,moderate,slow,46.2,user_report,true,36.41,2023-05-06T09:00:00.000Z
FLD00506,2023-05-06T12:06:21.000Z,Linh Dong,Thu Duc,10.863502,106.766484,19.1,30,moderate,slow,15.3,user_report,true,22.37,2023-05-06T12:00:00.000Z
FLD00973,2023-05-07T02:40:37.000Z,Nguyen Anh Thu,Quan 12,10.877882,106.642906,5.0,60,light,clear,7.3,IoT_sensor,true,21.5,2023-05-07T02:00:00.000Z
FLD00463,2023-05-07T08:59:05.000Z,Do Xuan Hop,Thu Duc,10.831578,106.782117,14.1,120,light,clear,26.6,IoT_sensor,true,45.87,2023-05-07T08:00:00.000Z
FLD00296,2023-05-08T04:15:22.000Z,Hau Giang,Quan 6,10.745484,106.639466,13.4,30,light,clear,19.8,monitoring_station,true,18.38,2023-05-08T04:00:00.000Z
FLD01288,2023-05-08T11:43:17.000Z,Da Nam,Quan 8,10.741023,106.673404,13.9,180,light,clear,21.0,user_report,true,63.730000000000004,2023-05-08T11:00:00.000Z
FLD02130,2023-05-09T00:17:34.000Z,Le Van Luong,Quan 7,10.737521,106.704393,9.2,180,light,clear,18.3,IoT_sensor,true,60.44,2023-05-09T00:00:00.000Z
FLD00698,2023-05-09T01:43:48.000Z,Xo Viet Nghe Tinh,Binh Thanh,10.805847,106.712855,21.0,30,moderate,slow,26.4,monitoring_station,true,23.7,2023-05-09T01:00:00.000Z
FLD01660,2023-05-09T21:09:26.000Z,Phan Huy Ich,Go Vap,10.827553,106.672447,16.7,90,moderate,slow,36.0,IoT_sensor,true,38.69,2023-05-09T21:00:00.000Z
FLD01489,2023-05-10T03:01:14.000Z,Tan Ky Tan Quy,Binh Tan,10.787197,106.602927,9.9,60,light,clear,9.2,user_report,true,24.93,2023-05-10T03:00:00.000Z
FLD00265,2023-05-10T04:12:38.000Z,Lam Van Ben,Quan 7,10.716689,106.685549,5.8,120,light,clear,6.1,IoT_sensor,true,40.06,2023-05-10T04:00:00.000Z
FLD02351,2023-05-10T05:29:39.000Z,Kha Van Can,Thu Duc,10.85288,106.755506,9.8,30,light,clear,14.9,IoT_sensor,true,15.86,2023-05-10T05:00:00.000Z
FLD02069,2023-05-10T11:09:39.000Z,Le Dinh Can,Binh Tan,10.76772,106.595411,19.6,60,moderate,slow,23.1,IoT_sensor,true,31.72,2023-05-10T11:00:00.000Z
FLD00842,2023-05-11T21:41:17.000Z,Le Van Luong,Quan 7,10.735534,106.706888,6.9,180,light,clear,5.7,IoT_sensor,true,58.83,2023-05-11T21:00:00.000Z
FLD01373,2023-05-12T00:51:01.000Z,An Duong Vuong,Quan 6,10.754626,106.643187,16.8,30,moderate,slow,41.8,traffic_camera,true,20.759999999999998,2023-05-12T00:00:00.000Z
FLD01005,2023-05-12T06:23:13.000Z,An Duong Vuong,Quan 6,10.756469,106.644072,10.4,60,light,clear,13.0,IoT_sensor,true,25.28,2023-05-12T06:00:00.000Z
FLD01386,2023-05-12T08:29:47.000Z,Le Thi Rieng,Quan 12,10.863364,106.648391,8.1,90,light,clear,15.5,user_report,true,32.67,2023-05-12T08:00:00.000Z
FLD00962,2023-05-12T14:34:56.000Z,An Duong Vuong,Quan 6,10.753614,106.646469,8.7,60,light,clear,13.3,user_report,true,24.09,2023-05-12T14:00:00.000Z
FLD00405,2023-05-13T00:17:29.000Z,Phan Huy Ich,Go Vap,10.827707,106.673524,25.1,60,moderate,slow,54.9,IoT_sensor,true,35.57,2023-05-13T00:00:00.000Z
FLD01002,2023-05-13T02:43:16.000Z,Ba Thang Hai,Quan 10,10.776471,106.672134,30.6,60,severe,blocked,66.9,user_report,true,39.42,2023-05-13T02:00:00.000Z
FLD02346,2023-05-13T04:09:47.000Z,Le Van Viet,Thu Duc,10.845124,106.789405,14.2,30,light,clear,11.6,monitoring_station,true,18.939999999999998,2023-05-13T04:00:00.000Z
FLD01630,2023-05-13T04:47:34.000Z,Nguyen Huu Canh,Binh Thanh,10.788307,106.722382,13.8,60,light,clear,33.4,user_report,true,27.66,2023-05-13T04:00:00.000Z
FLD02096,2023-05-13T23:46:13.000Z,Nguyen Anh Thu,Quan 12,10.878386,106.644661,5.7,30,light,clear,8.4,IoT_sensor,true,12.99,2023-05-13T23:00:00.000Z
FLD00568,2023-05-14T07:24:43.000Z,No Trang Long,Binh Thanh,10.816513,106.699244,5.0,60,light,clear,5.5,monitoring_station,true,21.5,2023-05-14T07:00:00.000Z
FLD01152,2023-05-14T09:59:30.000Z,Nguyen Trai,Quan 5,10.754945,106.663478,24.7,60,moderate,slow,29.6,traffic_camera,true,35.29,2023-05-14T09:00:00.000Z
FLD00923,2023-05-14T13:11:20.000Z,Ma Lo,Binh Tan,10.765381,106.615079,16.0,30,moderate,slow,31.0,user_report,true,20.2,2023-05-14T13:00:00.000Z
FLD01220,2023-05-14T23:31:38.000Z,Ma Lo,Binh Tan,10.764346,106.612387,15.3,60,moderate,slow,16.2,IoT_sensor,true,28.71,2023-05-14T23:00:00.000Z
FLD02372,2023-05-15T05:25:08.000Z,An Duong Vuong,Quan 6,10.756082,106.645282,5.4,90,light,clear,4.7,user_report,true,30.78,2023-05-15T05:00:00.000Z
FLD02108,2023-05-15T12:09:01.000Z,Thoai Ngoc Hau,Tan Phu,10.786168,106.628816,18.8,30,moderate,slow,18.9,monitoring_station,true,22.16,2023-05-15T12:00:00.000Z
FLD02223,2023-05-15T13:25:22.000Z,Linh Dong,Thu Duc,10.863397,106.765355,5.0,120,light,clear,8.3,IoT_sensor,true,39.5,2023-05-15T13:00:00.000Z
FLD01475,2023-05-15T23:20:15.000Z,No Trang Long,Binh Thanh,10.814744,106.695515,21.8,60,moderate,slow,28.9,traffic_camera,true,33.26,2023-05-15T23:00:00.000Z
FLD00422,2023-05-15T23:58:53.000Z,Nguyen Huu Canh,Binh Thanh,10.789113,106.721161,8.1,30,light,clear,15.5,user_report,true,14.669999999999998,2023-05-15T23:00:00.000Z
FLD02361,2023-05-16T00:11:06.000Z,Hau Giang,Quan 6,10.748445,106.638216,16.4,60,moderate,slow,16.5,user_report,true,29.479999999999997,2023-05-16T00:00:00.000Z
FLD01308,2023-05-16T17:20:27.000Z,Nguyen Van Khoi,Go Vap,10.826506,106.692882,10.0,60,light,clear,11.8,user_report,true,25.0,2023-05-16T17:00:00.000Z
FLD01579,2023-05-16T21:40:55.000Z,Vo Van Kiet,Quan 1,10.764011,106.699148,25.1,30,moderate,slow,33.9,IoT_sensor,true,26.57,2023-05-16T21:00:00.000Z
FLD00858,2023-05-17T03:39:38.000Z,Lam Van Ben,Quan 7,10.719926,106.684073,24.8,30,moderate,slow,22.2,monitoring_station,true,26.36,2023-05-17T03:00:00.000Z
FLD00528,2023-05-18T08:45:10.000Z,No Trang Long,Binh Thanh,10.814956,106.69743,15.5,120,moderate,slow,17.6,IoT_sensor,true,46.85,2023-05-18T08:00:00.000Z
FLD01968,2023-05-18T10:37:45.000Z,Nguyen Huu Canh,Binh Thanh,10.787449,106.722308,15.5,90,moderate,slow,27.2,user_report,true,37.85,2023-05-18T10:00:00.000Z
FLD01251,2023-05-20T17:32:18.000Z,Nguyen Trai,Quan 5,10.755647,106.662748,10.0,60,light,clear,22.9,user_report,true,25.0,2023-05-20T17:00:00.000Z
FLD01018,2023-05-21T05:23:27.000Z,Le Van Luong,Quan 7,10.736089,106.705949,14.3,120,light,clear,25.5,user_report,true,46.01,2023-05-21T05:00:00.000Z
FLD00019,2023-05-21T06:16:57.000Z,Tran Nao,Quan 2,10.785312,106.735664,5.2,60,light,clear,11.3,monitoring_station,true,21.64,2023-05-21T06:00:00.000Z
FLD00649,2023-05-21T21:03:26.000Z,No Trang Long,Binh Thanh,10.814583,106.69777,30.1,60,severe,blocked,43.4,IoT_sensor,true,39.07,2023-05-21T21:00:00.000Z
FLD01389,2023-05-21T23:51:16.000Z,Tran Nao,Quan 2,10.781686,106.737317,10.9,30,light,clear,25.1,IoT_sensor,true,16.63,2023-05-21T23:00:00.000Z
FLD00967,2023-05-22T00:15:00.000Z,Nguyen Van Qua,Quan 12,10.853015,106.660655,10.2,30,light,clear,16.4,IoT_sensor,true,16.14,2023-05-22T00:00:00.000Z
FLD01409,2023-05-23T01:23:11.000Z,Da Nam,Quan 8,10.741353,106.674479,16.9,60,moderate,slow,17.6,IoT_sensor,true,29.83,2023-05-23T01:00:00.000Z
FLD01753,2023-05-23T18:16:24.000Z,Hoa Binh,Tan Phu,10.804462,106.620551,19.6,30,moderate,slow,32.2,user_report,true,22.72,2023-05-23T18:00:00.000Z
FLD01895,2023-05-25T13:52:20.000Z,Quang Trung,Go Vap,10.839234,106.664769,26.7,60,moderate,slow,66.0,IoT_sensor,true,36.69,2023-05-25T13:00:00.000Z
FLD02116,2023-05-25T20:14:15.000Z,Huynh Tan Phat,Quan 7,10.728942,106.723256,14.1,60,light,clear,21.4,user_report,true,27.869999999999997,2023-05-25T20:00:00.000Z
FLD01852,2023-05-25T23:18:52.000Z,Binh Long,Tan Phu,10.80118,106.616766,16.8,180,moderate,slow,24.0,IoT_sensor,true,65.76,2023-05-25T23:00:00.000Z
FLD00285,2023-05-26T04:21:07.000Z,Nguyen Thi Thap,Quan 7,10.741916,106.715084,13.1,90,light,clear,27.1,user_report,true,36.17,2023-05-26T04:00:00.000Z
FLD01721,2023-05-26T09:03:01.000Z,Quang Trung,Go Vap,10.838872,106.663713,18.2,180,moderate,slow,23.8,IoT_sensor,true,66.74,2023-05-26T09:00:00.000Z
FLD01864,2023-05-26T16:57:37.000Z,No Trang Long,Binh Thanh,10.81414,106.697572,15.1,30,moderate,slow,34.1,user_report,true,19.57,2023-05-26T16:00:00.000Z
FLD00856,2023-05-26T21:29:31.000Z,Ung Van Khiem,Binh Thanh,10.810724,106.710352,5.1,90,light,clear,7.8,user_report,true,30.57,2023-05-26T21:00:00.000Z
FLD01740,2023-05-27T05:43:54.000Z,Nguyen Trai,Quan 5,10.758412,106.663474,21.6,90,moderate,slow,46.6,IoT_sensor,true,42.12,2023-05-27T05:00:00.000Z
FLD01783,2023-05-27T10:59:57.000Z,Nguyen Van Qua,Quan 12,10.854194,106.664342,31.1,90,severe,blocked,76.8,IoT_sensor,true,48.769999999999996,2023-05-27T10:00:00.000Z
FLD00408,2023-05-27T11:59:24.000Z,An Duong Vuong,Quan 6,10.754943,106.643685,13.8,30,light,clear,24.5,IoT_sensor,true,18.66,2023-05-27T11:00:00.000Z
FLD02323,2023-05-27T15:13:04.000Z,No Trang Long,Binh Thanh,10.814904,106.698863,18.0,90,moderate,slow,38.6,user_report,true,39.6,2023-05-27T15:00:00.000Z
FLD00564,2023-05-27T22:17:43.000Z,Vo Van Ngan,Thu Duc,10.850452,106.770598,9.4,60,light,clear,23.2,user_report,true,24.58,2023-05-27T22:00:00.000Z
FLD00907,2023-05-27T22:20:48.000Z,Nguyen Trai,Quan 5,10.757188,106.665253,9.6,90,light,clear,11.3,IoT_sensor,true,33.72,2023-05-27T22:00:00.000Z
FLD00677,2023-05-28T03:05:28.000Z,Kha Van Can,Thu Duc,10.85339,106.753998,10.9,30,light,clear,20.1,IoT_sensor,true,16.63,2023-05-28T03:00:00.000Z
FLD01567,2023-05-28T05:27:23.000Z,Thoai Ngoc Hau,Tan Phu,10.786038,106.629289,32.0,120,severe,blocked,67.4,IoT_sensor,true,58.4,2023-05-28T05:00:00.000Z
FLD01107,2023-05-28T07:17:55.000Z,Tran Nao,Quan 2,10.783982,106.735219,13.6,240,light,clear,11.1,IoT_sensor,true,81.52,2023-05-28T07:00:00.000Z
FLD01282,2023-05-28T07:59:20.000Z,Huynh Tan Phat,Quan 7,10.728211,106.723888,13.7,120,light,clear,30.6,monitoring_station,true,45.589999999999996,2023-05-28T07:00:00.000Z
FLD01651,2023-05-28T13:22:13.000Z,Hau Giang,Quan 6,10.745009,106.639259,14.0,90,light,clear,14.8,IoT_sensor,true,36.8,2023-05-28T13:00:00.000Z
FLD00898,2023-05-28T17:57:42.000Z,Da Nam,Quan 8,10.740004,106.674775,52.0,30,severe,blocked,48.4,user_report,true,45.4,2023-05-28T17:00:00.000Z
FLD02156,2023-05-29T23:33:01.000Z,Kinh Duong Vuong,Quan 6,10.743243,106.615573,23.7,90,moderate,slow,51.3,monitoring_station,true,43.59,2023-05-29T23:00:00.000Z
FLD00736,2023-05-30T04:23:25.000Z,Ma Lo,Binh Tan,10.765139,106.614067,11.2,60,light,clear,17.1,IoT_sensor,true,25.84,2023-05-30T04:00:00.000Z
FLD01539,2023-05-30T05:02:15.000Z,Nguyen Thi Thap,Quan 7,10.743152,106.714766,14.9,60,light,clear,16.6,IoT_sensor,true,28.43,2023-05-30T05:00:00.000Z
FLD00106,2023-05-30T09:49:08.000Z,Le Van Viet,Thu Duc,10.843979,106.788145,21.4,180,moderate,slow,36.4,IoT_sensor,true,68.98,2023-05-30T09:00:00.000Z
FLD01704,2023-05-31T16:47:38.000Z,Kha Van Can,Thu Duc,10.850162,106.754569,11.6,90,light,clear,28.6,IoT_sensor,true,35.12,2023-05-31T16:00:00.000Z
FLD01258,2023-05-31T21:50:19.000Z,Da Nam,Quan 8,10.742268,106.671677,9.3,60,light,clear,9.8,monitoring_station,true,24.509999999999998,2023-05-31T21:00:00.000Z
FLD01140,2023-05-31T23:57:01.000Z,Ung Van Khiem,Binh Thanh,10.811203,106.710197,11.7,120,light,clear,10.7,traffic_camera,true,44.19,2023-05-31T23:00:00.000Z
FLD00419,2023-06-01T11:53:24.000Z,Nguyen Thi Thap,Quan 7,10.743259,106.717345,6.2,60,light,clear,11.9,IoT_sensor,true,22.34,2023-06-01T11:00:00.000Z
FLD00415,2023-06-01T15:15:03.000Z,Nguyen Van Khoi,Go Vap,10.827169,106.6954,21.0,180,moderate,slow,37.3,traffic_camera,true,68.7,2023-06-01T15:00:00.000Z
FLD00575,2023-06-01T21:23:09.000Z,Nguyen Thi Thap,Quan 7,10.739694,106.714268,10.9,90,light,clear,9.6,monitoring_station,true,34.63,2023-06-01T21:00:00.000Z
FLD00294,2023-06-01T22:36:40.000Z,Do Xuan Hop,Thu Duc,10.835026,106.783418,10.9,120,light,clear,24.7,user_report,true,43.63,2023-06-01T22:00:00.000Z
FLD01724,2023-06-02T09:20:39.000Z,No Trang Long,Binh Thanh,10.814009,106.698038,13.9,120,light,clear,25.8,IoT_sensor,true,45.730000000000004,2023-06-02T09:00:00.000Z
FLD00526,2023-06-02T12:49:14.000Z,Nguyen Van Qua,Quan 12,10.856137,106.663484,19.6,60,moderate,slow,27.1,traffic_camera,true,31.72,2023-06-02T12:00:00.000Z
FLD01163,2023-06-02T19:37:09.000Z,CMT8,Quan 3,10.781793,106.681569,29.5,30,moderate,slow,36.4,user_report,true,29.65,2023-06-02T19:00:00.000Z
FLD02265,2023-06-03T06:23:10.000Z,Hau Giang,Quan 6,10.74699,106.64127,5.0,60,light,clear,11.0,user_report,true,21.5,2023-06-03T06:00:00.000Z
FLD01717,2023-06-04T08:58:24.000Z,Tan Ky Tan Quy,Binh Tan,10.789195,106.602744,11.8,120,light,clear,16.6,IoT_sensor,true,44.26,2023-06-04T08:00:00.000Z
FLD00433,2023-06-05T04:38:21.000Z,Kinh Duong Vuong,Quan 6,10.742744,106.6151,5.7,60,light,clear,13.5,user_report,true,21.99,2023-06-05T04:00:00.000Z
FLD01481,2023-06-05T07:17:18.000Z,Kinh Duong Vuong,Quan 6,10.743445,106.615021,5.0,60,light,clear,7.9,user_report,true,21.5,2023-06-05T07:00:00.000Z
FLD00119,2023-06-05T09:31:13.000Z,CMT8,Quan 3,10.7811,106.682,19.3,240,moderate,slow,37.9,IoT_sensor,true,85.51,2023-06-05T09:00:00.000Z
FLD00325,2023-06-05T11:27:24.000Z,Tan Ky Tan Quy,Binh Tan,10.78674,106.602859,5.8,240,light,clear,6.2,IoT_sensor,true,76.06,2023-06-05T11:00:00.000Z
FLD00326,2023-06-05T13:03:25.000Z,Pham The Hien,Quan 8,10.729028,106.684167,19.5,90,moderate,slow,22.5,user_report,true,40.65,2023-06-05T13:00:00.000Z
FLD00984,2023-06-05T14:43:27.000Z,To Ky,Quan 12,10.865328,106.630356,20.2,30,moderate,slow,49.0,monitoring_station,true,23.14,2023-06-05T14:00:00.000Z
FLD01136,2023-06-07T00:27:19.000Z,Nguyen Huu Canh,Binh Thanh,10.786253,106.720944,20.8,90,moderate,slow,42.7,user_report,true,41.56,2023-06-07T00:00:00.000Z
FLD01438,2023-06-07T09:57:34.000Z,Nguyen Anh Thu,Quan 12,10.877564,106.64355,15.4,120,moderate,slow,24.8,user_report,true,46.78,2023-06-07T09:00:00.000Z
FLD02066,2023-06-07T12:30:13.000Z,Phan Huy Ich,Go Vap,10.828174,106.673159,9.3,30,light,clear,22.0,IoT_sensor,true,15.51,2023-06-07T12:00:00.000Z
FLD01735,2023-06-08T15:01:42.000Z,Do Xuan Hop,Thu Duc,10.832707,106.783465,38.8,30,severe,blocked,89.8,IoT_sensor,true,36.16,2023-06-08T15:00:00.000Z
FLD02272,2023-06-08T17:35:50.000Z,Le Dinh Can,Binh Tan,10.768146,106.597552,24.9,30,moderate,slow,26.6,IoT_sensor,true,26.429999999999996,2023-06-08T17:00:00.000Z
FLD00022,2023-06-09T20:49:25.000Z,An Duong Vuong,Quan 6,10.754898,106.645998,39.0,30,severe,blocked,41.4,monitoring_station,true,36.3,2023-06-09T20:00:00.000Z
FLD01064,2023-06-09T21:01:03.000Z,Xo Viet Nghe Tinh,Binh Thanh,10.808352,106.709754,5.2,30,light,clear,5.2,user_report,true,12.64,2023-06-09T21:00:00.000Z
FLD01226,2023-06-10T07:13:45.000Z,Binh Long,Tan Phu,10.799712,106.616891,80.1,120,severe,blocked,134.7,traffic_camera,true,92.07,2023-06-10T07:00:00.000Z
FLD02031,2023-06-10T17:11:40.000Z,Thoai Ngoc Hau,Tan Phu,10.786298,106.629796,5.0,180,light,clear,10.6,IoT_sensor,true,57.5,2023-06-10T17:00:00.000Z
FLD01736,2023-06-11T12:54:00.000Z,Nguyen Trai,Quan 5,10.756597,106.663036,14.8,90,light,clear,20.0,user_report,true,37.36,2023-06-11T12:00:00.000Z
FLD01517,2023-06-11T21:26:52.000Z,Thoai Ngoc Hau,Tan Phu,10.786932,106.626984,5.0,60,light,clear,12.1,IoT_sensor,true,21.5,2023-06-11T21:00:00.000Z
FLD01505,2023-06-12T03:55:15.000Z,Vo Van Ngan,Thu Duc,10.849119,106.77315,6.2,240,light,clear,8.4,IoT_sensor,true,76.34,2023-06-12T03:00:00.000Z
FLD01010,2023-06-12T04:51:04.000Z,Le Thi Rieng,Quan 12,10.86039,106.64739,25.1,60,moderate,slow,43.2,user_report,true,35.57,2023-06-12T04:00:00.000Z
FLD00877,2023-06-12T07:47:35.000Z,Ma Lo,Binh Tan,10.764124,106.613836,20.1,180,moderate,slow,21.2,IoT_sensor,true,68.07,2023-06-12T07:00:00.000Z
FLD00833,2023-06-12T19:26:31.000Z,Nguyen Trai,Quan 5,10.754596,106.664506,6.6,90,light,clear,10.9,IoT_sensor,true,31.619999999999997,2023-06-12T19:00:00.000Z
FLD01904,2023-06-13T00:29:17.000Z,Ba Thang Hai,Quan 10,10.772754,106.67128,10.4,30,light,clear,9.2,monitoring_station,true,16.28,2023-06-13T00:00:00.000Z
FLD02067,2023-06-13T01:47:36.000Z,Phan Huy Ich,Go Vap,10.830244,106.672138,6.2,90,light,clear,14.8,traffic_camera,true,31.34,2023-06-13T01:00:00.000Z
FLD01324,2023-06-13T19:53:00.000Z,Le Van Viet,Thu Duc,10.845966,106.790295,61.3,120,severe,blocked,151.5,user_report,true,78.91,2023-06-13T19:00:00.000Z
FLD02097,2023-06-14T04:16:16.000Z,Linh Dong,Thu Duc,10.864987,106.765049,13.2,30,light,clear,21.8,user_report,true,18.24,2023-06-14T04:00:00.000Z
FLD01731,2023-06-14T10:27:46.000Z,Huynh Tan Phat,Quan 7,10.726903,106.721647,5.0,90,light,clear,10.8,IoT_sensor,true,30.5,2023-06-14T10:00:00.000Z
FLD00426,2023-06-14T21:39:12.000Z,Le Van Luong,Quan 7,10.736381,106.704661,11.7,90,light,clear,21.7,user_report,true,35.19,2023-06-14T21:00:00.000Z
FLD00224,2023-06-14T22:00:05.000Z,Nguyen Van Qua,Quan 12,10.854588,106.661619,18.2,60,moderate,slow,28.2,IoT_sensor,true,30.74,2023-06-14T22:00:00.000Z
FLD01771,2023-06-15T15:22:04.000Z,Pham Van Dong,Binh Thanh,10.816546,106.701628,15.6,60,moderate,slow,18.7,user_report,true,28.92,2023-06-15T15:00:00.000Z
FLD02195,2023-06-16T00:25:05.000Z,Lam Van Ben,Quan 7,10.719933,106.684199,10.8,90,light,clear,19.0,monitoring_station,true,34.56,2023-06-16T00:00:00.000Z
FLD00539,2023-06-16T01:40:00.000Z,Ta Quang Buu,Quan 8,10.745425,106.665722,8.6,90,light,clear,18.2,IoT_sensor,true,33.019999999999996,2023-06-16T01:00:00.000Z
FLD01944,2023-06-16T05:41:44.000Z,Huynh Tan Phat,Quan 7,10.728772,106.721865,23.4,30,moderate,slow,57.0,user_report,true,25.38,2023-06-16T05:00:00.000Z
FLD00092,2023-06-16T09:20:50.000Z,Le Van Viet,Thu Duc,10.845383,106.788425,5.4,60,light,clear,12.0,user_report,true,21.78,2023-06-16T09:00:00.000Z
FLD01049,2023-06-16T11:04:10.000Z,Ta Quang Buu,Quan 8,10.74363,106.664671,5.3,180,light,clear,6.9,user_report,true,57.71,2023-06-16T11:00:00.000Z
FLD00423,2023-06-16T13:46:35.000Z,Nguyen Huu Canh,Binh Thanh,10.788664,106.722018,5.0,60,light,clear,4.2,IoT_sensor,true,21.5,2023-06-16T13:00:00.000Z
FLD01819,2023-06-16T14:24:50.000Z,Le Dinh Can,Binh Tan,10.764702,106.595899,30.6,90,severe,blocked,33.1,monitoring_station,true,48.42,2023-06-16T14:00:00.000Z
FLD00583,2023-06-16T15:50:43.000Z,Tan Ky Tan Quy,Binh Tan,10.787306,106.600912,9.2,60,light,clear,17.6,user_report,true,24.439999999999998,2023-06-16T15:00:00.000Z
FLD01851,2023-06-17T12:52:53.000Z,Le Van Luong,Quan 7,10.737458,106.706093,6.9,30,light,clear,13.3,user_report,true,13.83,2023-06-17T12:00:00.000Z
FLD02239,2023-06-17T15:45:40.000Z,Da Nam,Quan 8,10.74297,106.672981,30.9,120,severe,blocked,64.7,IoT_sensor,true,57.629999999999995,2023-06-17T15:00:00.000Z
FLD00671,2023-06-18T02:54:36.000Z,Ta Quang Buu,Quan 8,10.744313,106.662522,81.5,180,severe,blocked,95.7,IoT_sensor,true,111.05,2023-06-18T02:00:00.000Z
FLD01420,2023-06-18T07:29:12.000Z,Linh Dong,Thu Duc,10.863844,106.766341,23.4,90,moderate,slow,38.8,user_report,true,43.379999999999995,2023-06-18T07:00:00.000Z
FLD00622,2023-06-18T10:08:18.000Z,Ba Thang Hai,Quan 10,10.7744,106.670627,5.3,90,light,clear,8.0,traffic_camera,true,30.71,2023-06-18T10:00:00.000Z
FLD00165,2023-06-18T15:42:54.000Z,Ba Thang Hai,Quan 10,10.77505,106.668703,14.9,60,light,clear,26.9,IoT_sensor,true,28.43,2023-06-18T15:00:00.000Z
FLD00594,2023-06-18T18:53:07.000Z,Do Xuan Hop,Thu Duc,10.834394,106.783495,8.2,120,light,clear,10.7,user_report,true,41.74,2023-06-18T18:00:00.000Z
FLD02209,2023-06-19T12:33:17.000Z,Do Xuan Hop,Thu Duc,10.832072,106.782679,14.3,30,light,clear,27.2,IoT_sensor,true,19.009999999999998,2023-06-19T12:00:00.000Z
FLD00425,2023-06-20T10:13:11.000Z,Quang Trung,Go Vap,10.838892,106.66468,21.4,120,moderate,slow,36.7,user_report,true,50.98,2023-06-20T10:00:00.000Z
FLD01835,2023-06-20T11:22:22.000Z,Le Van Luong,Quan 7,10.737757,106.703746,20.2,60,moderate,slow,45.4,user_report,true,32.14,2023-06-20T11:00:00.000Z
FLD00112,2023-06-21T01:50:24.000Z,Le Van Luong,Quan 7,10.738187,106.704777,5.0,30,light,clear,9.4,IoT_sensor,true,12.5,2023-06-21T01:00:00.000Z
FLD00905,2023-06-22T02:38:31.000Z,Vo Van Ngan,Thu Duc,10.849326,106.773305,9.1,60,light,clear,16.3,user_report,true,24.369999999999997,2023-06-22T02:00:00.000Z
FLD00541,2023-06-23T03:16:42.000Z,Linh Dong,Thu Duc,10.865041,106.765234,25.6,30,moderate,slow,30.8,IoT_sensor,true,26.919999999999998,2023-06-23T03:00:00.000Z
FLD00495,2023-06-23T09:23:59.000Z,Nguyen Thi Thap,Quan 7,10.740837,106.714096,6.4,240,light,clear,12.3,user_report,true,76.48,2023-06-23T09:00:00.000Z
FLD02206,2023-06-24T09:39:11.000Z,Ta Quang Buu,Quan 8,10.746001,106.666386,21.0,180,moderate,slow,18.8,IoT_sensor,true,68.7,2023-06-24T09:00:00.000Z
FLD00652,2023-06-24T23:47:54.000Z,Huynh Tan Phat,Quan 7,10.727281,106.723048,25.7,60,moderate,slow,51.8,monitoring_station,true,35.989999999999995,2023-06-24T23:00:00.000Z
FLD01224,2023-06-25T17:01:37.000Z,Hau Giang,Quan 6,10.746223,106.641238,50.3,60,severe,blocked,51.9,IoT_sensor,true,53.209999999999994,2023-06-25T17:00:00.000Z
FLD02269,2023-06-26T12:44:46.000Z,Ma Lo,Binh Tan,10.761647,106.612691,11.3,90,light,clear,25.5,monitoring_station,true,34.91,2023-06-26T12:00:00.000Z
FLD02062,2023-06-27T04:28:28.000Z,No Trang Long,Binh Thanh,10.81601,106.696573,15.9,60,moderate,slow,29.0,IoT_sensor,true,29.13,2023-06-27T04:00:00.000Z
FLD01201,2023-06-27T04:47:35.000Z,Nguyen Huu Canh,Binh Thanh,10.788811,106.719906,8.9,180,light,clear,16.0,IoT_sensor,true,60.23,2023-06-27T04:00:00.000Z
FLD01874,2023-06-27T07:00:14.000Z,Nguyen Trai,Quan 5,10.758344,106.665254,13.2,90,light,clear,25.7,traffic_camera,true,36.239999999999995,2023-06-27T07:00:00.000Z
FLD02204,2023-06-27T14:22:56.000Z,Lam Van Ben,Quan 7,10.72032,106.683925,14.3,60,light,clear,35.2,traffic_camera,true,28.009999999999998,2023-06-27T14:00:00.000Z
FLD01061,2023-06-28T01:04:07.000Z,Do Xuan Hop,Thu Duc,10.831912,106.781084,20.1,30,moderate,slow,20.0,traffic_camera,true,23.07,2023-06-28T01:00:00.000Z
FLD02088,2023-06-28T17:06:28.000Z,Le Van Luong,Quan 7,10.735339,106.703738,12.0,30,light,clear,28.7,IoT_sensor,true,17.4,2023-06-28T17:00:00.000Z
FLD02364,2023-06-29T10:55:00.000Z,Le Dinh Can,Binh Tan,10.76762,106.595008,16.3,90,moderate,slow,39.7,user_report,true,38.41,2023-06-29T10:00:00.000Z
FLD02192,2023-06-29T14:04:37.000Z,Hoa Binh,Tan Phu,10.805059,106.624318,18.9,60,moderate,slow,35.4,traffic_camera,true,31.229999999999997,2023-06-29T14:00:00.000Z
FLD01060,2023-06-29T21:36:20.000Z,Da Nam,Quan 8,10.741891,106.6726,18.4,240,moderate,slow,28.6,traffic_camera,true,84.88,2023-06-29T21:00:00.000Z
FLD01330,2023-06-30T03:57:53.000Z,Tan Ky Tan Quy,Binh Tan,10.786915,106.601461,14.3,120,light,clear,34.3,IoT_sensor,true,46.01,2023-06-30T03:00:00.000Z
FLD01410,2023-06-30T12:42:59.000Z,Nguyen Huu Canh,Binh Thanh,10.78805,106.722727,5.6,60,light,clear,13.4,user_report,true,21.919999999999998,2023-06-30T12:00:00.000Z
FLD00976,2023-06-30T18:40:22.000Z,Vo Van Kiet,Quan 1,10.763137,106.697814,6.8,60,light,clear,8.1,user_report,true,22.759999999999998,2023-06-30T18:00:00.000Z
FLD01460,2023-07-01T18:23:52.000Z,Kha Van Can,Thu Duc,10.849605,106.756356,25.8,30,moderate,slow,53.5,IoT_sensor,true,27.06,2023-07-01T18:00:00.000Z
FLD01659,2023-07-01T23:50:58.000Z,Binh Long,Tan Phu,10.797733,106.616618,11.3,30,light,clear,9.6,traffic_camera,true,16.91,2023-07-01T23:00:00.000Z
FLD00074,2023-07-02T01:11:08.000Z,Tan Ky Tan Quy,Binh Tan,10.787868,106.603371,19.6,60,moderate,slow,21.9,monitoring_station,true,31.72,2023-07-02T01:00:00.000Z
FLD01211,2023-07-02T04:44:56.000Z,Lam Van Ben,Quan 7,10.718408,106.683481,23.1,30,moderate,slow,30.7,IoT_sensor,true,25.17,2023-07-02T04:00:00.000Z
FLD01332,2023-07-03T02:10:45.000Z,Nguyen Anh Thu,Quan 12,10.878928,106.643949,5.0,180,light,clear,11.8,user_report,true,57.5,2023-07-03T02:00:00.000Z
FLD01292,2023-07-03T10:14:34.000Z,Le Van Viet,Thu Duc,10.843914,106.788066,11.9,60,light,clear,23.2,user_report,true,26.33,2023-07-03T10:00:00.000Z
FLD02014,2023-07-03T11:31:24.000Z,Le Thi Rieng,Quan 12,10.860926,106.650364,11.9,60,light,clear,9.7,user_report,true,26.33,2023-07-03T11:00:00.000Z
FLD01820,2023-07-03T16:55:38.000Z,Pham Van Dong,Binh Thanh,10.81799,106.703105,11.4,30,light,clear,15.9,user_report,true,16.98,2023-07-03T16:00:00.000Z
FLD00554,2023-07-03T22:03:26.000Z,Pham Van Dong,Binh Thanh,10.819032,106.701259,38.9,60,severe,blocked,51.4,IoT_sensor,true,45.23,2023-07-03T22:00:00.000Z
FLD00994,2023-07-05T03:29:37.000Z,Vo Van Kiet,Quan 1,10.761132,106.697681,26.1,90,moderate,slow,53.0,IoT_sensor,true,45.269999999999996,2023-07-05T03:00:00.000Z
FLD01536,2023-07-05T04:00:52.000Z,No Trang Long,Binh Thanh,10.813536,106.696425,28.4,90,moderate,slow,54.5,IoT_sensor,true,46.879999999999995,2023-07-05T04:00:00.000Z
FLD00103,2023-07-05T09:46:31.000Z,Ma Lo,Binh Tan,10.762513,106.612141,13.4,120,light,clear,23.1,user_report,true,45.379999999999995,2023-07-05T09:00:00.000Z
FLD02320,2023-07-05T23:44:05.000Z,Le Dinh Can,Binh Tan,10.765959,106.597197,23.1,90,moderate,slow,37.4,IoT_sensor,true,43.17,2023-07-05T23:00:00.000Z
FLD01200,2023-07-06T14:24:22.000Z,Le Van Viet,Thu Duc,10.8452,106.789838,41.5,30,severe,blocked,75.1,IoT_sensor,true,38.05,2023-07-06T14:00:00.000Z
FLD00800,2023-07-06T17:13:22.000Z,Huynh Tan Phat,Quan 7,10.726523,106.724429,6.5,90,light,clear,9.3,user_report,true,31.55,2023-07-06T17:00:00.000Z
FLD00198,2023-07-07T06:31:22.000Z,Phan Huy Ich,Go Vap,10.830686,106.671543,15.9,60,moderate,slow,25.4,IoT_sensor,true,29.13,2023-07-07T06:00:00.000Z
FLD00954,2023-07-07T06:43:55.000Z,Kinh Duong Vuong,Quan 6,10.74405,106.615598,6.4,60,light,clear,9.9,IoT_sensor,true,22.48,2023-07-07T06:00:00.000Z
FLD01393,2023-07-08T02:18:23.000Z,No Trang Long,Binh Thanh,10.81571,106.695832,39.2,60,severe,blocked,75.6,monitoring_station,true,45.44,2023-07-08T02:00:00.000Z
FLD01445,2023-07-08T08:13:28.000Z,Da Nam,Quan 8,10.741312,106.673921,15.3,90,moderate,slow,31.9,IoT_sensor,true,37.71,2023-07-08T08:00:00.000Z
FLD01149,2023-07-08T20:16:16.000Z,Ung Van Khiem,Binh Thanh,10.813352,106.710679,21.1,240,moderate,slow,51.0,IoT_sensor,true,86.77,2023-07-08T20:00:00.000Z
FLD01784,2023-07-09T00:48:29.000Z,Tran Xuan Soan,Quan 7,10.75098,106.69789,26.1,60,moderate,slow,29.4,user_report,true,36.269999999999996,2023-07-09T00:00:00.000Z
FLD01987,2023-07-09T05:55:13.000Z,Kha Van Can,Thu Duc,10.850064,106.754104,9.9,120,light,clear,22.2,user_report,true,42.93,2023-07-09T05:00:00.000Z
FLD01610,2023-07-09T15:58:15.000Z,Ta Quang Buu,Quan 8,10.745065,106.666496,6.1,90,light,clear,14.1,monitoring_station,true,31.27,2023-07-09T15:00:00.000Z
FLD02004,2023-07-10T04:07:55.000Z,Le Van Viet,Thu Duc,10.844086,106.791095,21.5,60,moderate,slow,51.1,IoT_sensor,true,33.05,2023-07-10T04:00:00.000Z
FLD00260,2023-07-10T08:09:51.000Z,Quang Trung,Go Vap,10.836277,106.663181,5.0,90,light,clear,7.1,monitoring_station,true,30.5,2023-07-10T08:00:00.000Z
FLD00932,2023-07-10T08:58:30.000Z,Ta Quang Buu,Quan 8,10.745176,106.66424,5.0,240,light,clear,7.6,user_report,true,75.5,2023-07-10T08:00:00.000Z
FLD01839,2023-07-10T15:50:49.000Z,Tran Xuan Soan,Quan 7,10.75053,106.696557,26.9,120,moderate,slow,31.2,IoT_sensor,true,54.83,2023-07-10T15:00:00.000Z
FLD01592,2023-07-11T08:02:21.000Z,Kha Van Can,Thu Duc,10.849636,106.752756,6.9,30,light,clear,12.8,IoT_sensor,true,13.83,2023-07-11T08:00:00.000Z
FLD02188,2023-07-11T12:21:05.000Z,Kinh Duong Vuong,Quan 6,10.74227,106.616255,24.1,90,moderate,slow,22.3,IoT_sensor,true,43.870000000000005,2023-07-11T12:00:00.000Z
FLD01078,2023-07-11T13:21:01.000Z,Binh Long,Tan Phu,10.800521,106.617197,5.0,240,light,clear,6.6,IoT_sensor,true,75.5,2023-07-11T13:00:00.000Z
FLD02083,2023-07-12T04:40:13.000Z,Phan Huy Ich,Go Vap,10.830073,106.672439,9.3,120,light,clear,7.8,traffic_camera,true,42.51,2023-07-12T04:00:00.000Z
FLD00244,2023-07-12T17:51:37.000Z,Vo Van Kiet,Quan 1,10.763764,106.69677,38.5,90,severe,blocked,34.7,user_report,true,53.95,2023-07-12T17:00:00.000Z
FLD00342,2023-07-12T20:20:48.000Z,Binh Long,Tan Phu,10.799944,106.615935,51.3,90,severe,blocked,120.1,monitoring_station,true,62.91,2023-07-12T20:00:00.000Z
FLD00090,2023-07-13T02:53:56.000Z,Ta Quang Buu,Quan 8,10.744529,106.666467,30.4,30,severe,blocked,60.1,IoT_sensor,true,30.279999999999998,2023-07-13T02:00:00.000Z
FLD01479,2023-07-13T08:58:17.000Z,Nguyen Anh Thu,Quan 12,10.876788,106.64383,15.7,30,moderate,slow,17.2,monitoring_station,true,19.99,2023-07-13T08:00:00.000Z
FLD00540,2023-07-14T12:18:10.000Z,An Duong Vuong,Quan 6,10.754522,106.646045,6.8,60,light,clear,5.7,user_report,true,22.759999999999998,2023-07-14T12:00:00.000Z
FLD01765,2023-07-14T23:07:05.000Z,Le Dinh Can,Binh Tan,10.765866,106.59723,38.4,240,severe,blocked,53.4,IoT_sensor,true,98.88,2023-07-14T23:00:00.000Z
FLD02374,2023-07-16T04:58:49.000Z,Ung Van Khiem,Binh Thanh,10.811622,106.711065,17.0,90,moderate,slow,37.0,user_report,true,38.9,2023-07-16T04:00:00.000Z
FLD02134,2023-07-16T07:00:23.000Z,CMT8,Quan 3,10.781592,106.682138,11.8,120,light,clear,29.1,IoT_sensor,true,44.26,2023-07-16T07:00:00.000Z
FLD01310,2023-07-16T07:17:05.000Z,Pham Van Dong,Binh Thanh,10.819177,106.703448,23.8,90,moderate,slow,45.4,user_report,true,43.66,2023-07-16T07:00:00.000Z
FLD01912,2023-07-16T07:47:11.000Z,Tan Ky Tan Quy,Binh Tan,10.78852,106.601774,21.1,120,moderate,slow,50.8,user_report,true,50.769999999999996,2023-07-16T07:00:00.000Z
FLD00559,2023-07-16T20:21:03.000Z,Le Van Luong,Quan 7,10.737907,106.703686,19.7,60,moderate,slow,16.6,user_report,true,31.79,2023-07-16T20:00:00.000Z
FLD01521,2023-07-16T22:42:02.000Z,Ba Thang Hai,Quan 10,10.773261,106.669825,9.3,30,light,clear,9.2,user_report,true,15.51,2023-07-16T22:00:00.000Z
FLD01405,2023-07-17T03:33:28.000Z,Nguyen Anh Thu,Quan 12,10.877209,106.643034,9.7,180,light,clear,13.1,IoT_sensor,true,60.79,2023-07-17T03:00:00.000Z
FLD02063,2023-07-17T05:34:49.000Z,Nguyen Trai,Quan 5,10.756543,106.665094,16.0,90,moderate,slow,31.3,IoT_sensor,true,38.2,2023-07-17T05:00:00.000Z
FLD00078,2023-07-18T02:24:04.000Z,Nguyen Anh Thu,Quan 12,10.876465,106.64379,30.1,90,severe,blocked,57.5,user_report,true,48.07,2023-07-18T02:00:00.000Z
FLD01581,2023-07-18T07:53:51.000Z,CMT8,Quan 3,10.780288,106.680283,24.4,180,moderate,slow,52.5,IoT_sensor,true,71.08,2023-07-18T07:00:00.000Z
FLD01848,2023-07-18T12:56:46.000Z,Xo Viet Nghe Tinh,Binh Thanh,10.807167,106.711224,5.2,60,light,clear,11.3,traffic_camera,true,21.64,2023-07-18T12:00:00.000Z
FLD01608,2023-07-18T17:05:49.000Z,Do Xuan Hop,Thu Duc,10.834856,106.78069,5.0,30,light,clear,10.8,IoT_sensor,true,12.5,2023-07-18T17:00:00.000Z
FLD02359,2023-07-18T19:52:42.000Z,Da Nam,Quan 8,10.743358,106.671771,14.9,60,light,clear,24.5,IoT_sensor,true,28.43,2023-07-18T19:00:00.000Z
FLD00723,2023-07-19T02:25:30.000Z,Phan Huy Ich,Go Vap,10.829855,106.672801,16.5,120,moderate,slow,39.6,IoT_sensor,true,47.55,2023-07-19T02:00:00.000Z
FLD01125,2023-07-19T02:55:41.000Z,Pham The Hien,Quan 8,10.727033,106.685018,5.0,60,light,clear,12.1,IoT_sensor,true,21.5,2023-07-19T02:00:00.000Z
FLD00808,2023-07-19T03:51:13.000Z,Ba Thang Hai,Quan 10,10.775339,106.671527,39.4,120,severe,blocked,32.9,traffic_camera,true,63.58,2023-07-19T03:00:00.000Z
FLD00036,2023-07-19T09:48:54.000Z,CMT8,Quan 3,10.780813,106.680642,10.7,60,light,clear,25.2,traffic_camera,true,25.49,2023-07-19T09:00:00.000Z
FLD00144,2023-07-20T11:35:52.000Z,Nguyen Trai,Quan 5,10.755883,106.664014,15.3,60,moderate,slow,26.7,user_report,true,28.71,2023-07-20T11:00:00.000Z
FLD01720,2023-07-20T14:33:22.000Z,Kinh Duong Vuong,Quan 6,10.743932,106.614908,10.3,30,light,clear,22.7,IoT_sensor,true,16.21,2023-07-20T14:00:00.000Z
FLD00577,2023-07-20T16:11:24.000Z,Nguyen Huu Canh,Binh Thanh,10.7887,106.723021,16.6,90,moderate,slow,32.5,user_report,true,38.620000000000005,2023-07-20T16:00:00.000Z
FLD00015,2023-07-20T20:20:05.000Z,Le Van Viet,Thu Duc,10.844387,106.789864,5.0,90,light,clear,11.9,IoT_sensor,true,30.5,2023-07-20T20:00:00.000Z
FLD00085,2023-07-21T09:05:45.000Z,CMT8,Quan 3,10.780053,106.682175,38.2,60,severe,blocked,40.3,user_report,true,44.74,2023-07-21T09:00:00.000Z
FLD01508,2023-07-21T14:12:13.000Z,Kha Van Can,Thu Duc,10.85344,106.75593,6.8,90,light,clear,15.0,user_report,true,31.759999999999998,2023-07-21T14:00:00.000Z
FLD00784,2023-07-21T16:10:17.000Z,Quang Trung,Go Vap,10.838336,106.664127,9.7,30,light,clear,21.9,IoT_sensor,true,15.79,2023-07-21T16:00:00.000Z
FLD01443,2023-07-22T11:01:35.000Z,Xo Viet Nghe Tinh,Binh Thanh,10.80706,106.710261,38.1,90,severe,blocked,61.2,IoT_sensor,true,53.67,2023-07-22T11:00:00.000Z
FLD00770,2023-07-23T06:32:13.000Z,Nguyen Anh Thu,Quan 12,10.878392,106.644796,5.0,180,light,clear,12.3,IoT_sensor,true,57.5,2023-07-23T06:00:00.000Z
FLD00470,2023-07-23T15:28:57.000Z,CMT8,Quan 3,10.780523,106.682405,5.0,180,light,clear,5.5,user_report,true,57.5,2023-07-23T15:00:00.000Z
FLD02093,2023-07-24T02:46:42.000Z,Binh Long,Tan Phu,10.799277,106.616954,15.7,60,moderate,slow,15.8,IoT_sensor,true,28.99,2023-07-24T02:00:00.000Z
FLD00590,2023-07-24T05:49:37.000Z,Le Thi Rieng,Quan 12,10.861202,106.647504,5.5,240,light,clear,6.1,IoT_sensor,true,75.85,2023-07-24T05:00:00.000Z
FLD02362,2023-07-24T07:19:53.000Z,Ma Lo,Binh Tan,10.764693,106.612747,14.5,30,light,clear,23.8,IoT_sensor,true,19.15,2023-07-24T07:00:00.000Z
FLD01271,2023-07-25T02:28:06.000Z,Thoai Ngoc Hau,Tan Phu,10.784702,106.627624,11.0,120,light,clear,13.9,IoT_sensor,true,43.7,2023-07-25T02:00:00.000Z
FLD00312,2023-07-25T03:34:27.000Z,Quang Trung,Go Vap,10.838924,106.663235,13.2,90,light,clear,16.1,IoT_sensor,true,36.239999999999995,2023-07-25T03:00:00.000Z
FLD01291,2023-07-25T04:47:38.000Z,Tan Ky Tan Quy,Binh Tan,10.789196,106.603789,5.0,30,light,clear,6.9,monitoring_station,true,12.5,2023-07-25T04:00:00.000Z
FLD02173,2023-07-26T04:07:09.000Z,Quang Trung,Go Vap,10.838367,106.666493,5.0,120,light,clear,8.0,IoT_sensor,true,39.5,2023-07-26T04:00:00.000Z
FLD00512,2023-07-26T05:07:40.000Z,CMT8,Quan 3,10.779926,106.682393,60.6,90,severe,blocked,136.8,IoT_sensor,true,69.42,2023-07-26T05:00:00.000Z
FLD02170,2023-07-26T11:03:23.000Z,Ung Van Khiem,Binh Thanh,10.810216,106.710799,15.9,180,moderate,slow,33.9,monitoring_station,true,65.13,2023-07-26T11:00:00.000Z
FLD01396,2023-07-26T18:02:30.000Z,Thoai Ngoc Hau,Tan Phu,10.78846,106.628355,26.8,60,moderate,slow,40.6,IoT_sensor,true,36.76,2023-07-26T18:00:00.000Z
FLD01502,2023-07-27T02:30:56.000Z,Le Van Luong,Quan 7,10.735395,106.704547,5.0,90,light,clear,11.1,user_report,true,30.5,2023-07-27T02:00:00.000Z
FLD02033,2023-07-27T09:04:29.000Z,Nguyen Anh Thu,Quan 12,10.878484,106.645458,23.8,90,moderate,slow,27.4,IoT_sensor,true,43.66,2023-07-27T09:00:00.000Z
FLD02017,2023-07-27T11:26:47.000Z,Xo Viet Nghe Tinh,Binh Thanh,10.808643,106.712465,14.2,90,light,clear,34.8,user_report,true,36.94,2023-07-27T11:00:00.000Z
FLD00208,2023-07-27T13:15:50.000Z,Tran Nao,Quan 2,10.783259,106.738442,31.7,30,severe,blocked,70.2,user_report,true,31.189999999999998,2023-07-27T13:00:00.000Z
FLD00714,2023-07-27T18:21:23.000Z,Kha Van Can,Thu Duc,10.85108,106.754367,15.7,120,moderate,slow,13.2,IoT_sensor,true,46.989999999999995,2023-07-27T18:00:00.000Z
FLD00681,2023-07-28T01:08:56.000Z,Le Van Viet,Thu Duc,10.84415,106.790065,5.0,30,light,clear,8.5,IoT_sensor,true,12.5,2023-07-28T01:00:00.000Z
FLD01594,2023-07-28T03:45:52.000Z,Binh Long,Tan Phu,10.800504,106.615792,8.0,180,light,clear,18.1,traffic_camera,true,59.6,2023-07-28T03:00:00.000Z
FLD01597,2023-07-28T12:16:24.000Z,Le Dinh Can,Binh Tan,10.768121,106.596464,38.5,30,severe,blocked,49.4,IoT_sensor,true,35.95,2023-07-28T12:00:00.000Z
FLD02168,2023-07-28T15:50:36.000Z,Ma Lo,Binh Tan,10.762281,106.615363,9.0,30,light,clear,22.2,IoT_sensor,true,15.3,2023-07-28T15:00:00.000Z
FLD00987,2023-07-28T20:59:56.000Z,Le Thi Rieng,Quan 12,10.859691,106.648894,21.7,90,moderate,slow,35.8,IoT_sensor,true,42.19,2023-07-28T20:00:00.000Z
FLD00686,2023-07-30T11:24:39.000Z,Vo Van Kiet,Quan 1,10.764462,106.699327,21.9,60,moderate,slow,33.5,IoT_sensor,true,33.33,2023-07-30T11:00:00.000Z
FLD01941,2023-07-30T12:52:33.000Z,Da Nam,Quan 8,10.742474,106.673976,49.2,90,severe,blocked,78.7,user_report,true,61.44,2023-07-30T12:00:00.000Z
FLD00409,2023-07-30T13:39:03.000Z,Ung Van Khiem,Binh Thanh,10.812951,106.709184,26.5,60,moderate,slow,33.7,user_report,true,36.55,2023-07-30T13:00:00.000Z
FLD00494,2023-07-31T00:14:42.000Z,Nguyen Thi Thap,Quan 7,10.741025,106.715457,5.0,180,light,clear,4.9,traffic_camera,true,57.5,2023-07-31T00:00:00.000Z
FLD00591,2023-07-31T05:50:26.000Z,Vo Van Kiet,Quan 1,10.761813,106.696846,19.4,60,moderate,slow,45.8,IoT_sensor,true,31.58,2023-07-31T05:00:00.000Z
FLD02041,2023-07-31T16:01:42.000Z,An Duong Vuong,Quan 6,10.755205,106.644324,18.9,240,moderate,slow,15.8,IoT_sensor,true,85.23,2023-07-31T16:00:00.000Z
FLD02291,2023-08-01T08:08:30.000Z,Hau Giang,Quan 6,10.748395,106.640485,20.4,90,moderate,slow,17.2,user_report,true,41.28,2023-08-01T08:00:00.000Z
FLD01113,2023-08-01T17:59:27.000Z,Vo Van Ngan,Thu Duc,10.849639,106.771247,5.5,120,light,clear,11.2,IoT_sensor,true,39.85,2023-08-01T17:00:00.000Z
FLD01498,2023-08-02T00:27:33.000Z,An Duong Vuong,Quan 6,10.753095,106.644591,5.0,30,light,clear,11.4,IoT_sensor,true,12.5,2023-08-02T00:00:00.000Z
FLD00406,2023-08-02T02:49:50.000Z,Le Van Luong,Quan 7,10.735313,106.704771,9.0,120,light,clear,10.4,IoT_sensor,true,42.3,2023-08-02T02:00:00.000Z
FLD01368,2023-08-02T15:15:50.000Z,Pham Van Dong,Binh Thanh,10.819875,106.702633,40.0,30,severe,blocked,77.9,user_report,true,37.0,2023-08-02T15:00:00.000Z
FLD00292,2023-08-02T16:47:50.000Z,Da Nam,Quan 8,10.74087,106.672654,38.9,180,severe,blocked,59.1,user_report,true,81.22999999999999,2023-08-02T16:00:00.000Z
FLD01910,2023-08-03T18:13:35.000Z,Nguyen Thi Thap,Quan 7,10.740479,106.715074,14.1,60,light,clear,32.1,IoT_sensor,true,27.869999999999997,2023-08-03T18:00:00.000Z
FLD01764,2023-08-04T07:16:29.000Z,Ung Van Khiem,Binh Thanh,10.813297,106.71121,80.6,120,severe,blocked,123.0,IoT_sensor,true,92.41999999999999,2023-08-04T07:00:00.000Z
FLD02036,2023-08-04T15:13:19.000Z,An Duong Vuong,Quan 6,10.755625,106.643895,19.6,90,moderate,slow,26.8,IoT_sensor,true,40.72,2023-08-04T15:00:00.000Z
FLD02169,2023-08-05T16:27:57.000Z,Pham The Hien,Quan 8,10.728201,106.682564,16.2,120,moderate,slow,32.5,IoT_sensor,true,47.339999999999996,2023-08-05T16:00:00.000Z
FLD01377,2023-08-05T21:58:30.000Z,To Ky,Quan 12,10.865999,106.629875,16.1,30,moderate,slow,23.2,IoT_sensor,true,20.27,2023-08-05T21:00:00.000Z
FLD01818,2023-08-05T22:32:05.000Z,Le Dinh Can,Binh Tan,10.76561,106.595977,14.3,30,light,clear,23.6,IoT_sensor,true,19.009999999999998,2023-08-05T22:00:00.000Z
FLD00774,2023-08-06T05:18:53.000Z,Le Van Luong,Quan 7,10.735193,106.705891,5.3,60,light,clear,9.3,IoT_sensor,true,21.71,2023-08-06T05:00:00.000Z
FLD01943,2023-08-06T13:40:16.000Z,Nguyen Anh Thu,Quan 12,10.877538,106.643547,16.0,90,moderate,slow,34.0,user_report,true,38.2,2023-08-06T13:00:00.000Z
FLD00790,2023-08-07T11:14:42.000Z,Thoai Ngoc Hau,Tan Phu,10.787216,106.628625,20.3,60,moderate,slow,49.3,IoT_sensor,true,32.21,2023-08-07T11:00:00.000Z
FLD02071,2023-08-07T14:30:47.000Z,CMT8,Quan 3,10.783073,106.679068,5.8,60,light,clear,8.5,user_report,true,22.06,2023-08-07T14:00:00.000Z
FLD00687,2023-08-07T16:13:10.000Z,To Ky,Quan 12,10.865294,106.632412,9.7,30,light,clear,21.1,user_report,true,15.79,2023-08-07T16:00:00.000Z
FLD02008,2023-08-08T13:19:48.000Z,Do Xuan Hop,Thu Duc,10.835453,106.784069,9.8,120,light,clear,15.9,IoT_sensor,true,42.86,2023-08-08T13:00:00.000Z
FLD02080,2023-08-08T13:59:31.000Z,Ung Van Khiem,Binh Thanh,10.811963,106.71115,26.4,30,moderate,slow,52.7,user_report,true,27.479999999999997,2023-08-08T13:00:00.000Z
FLD01309,2023-08-09T04:23:00.000Z,Ba Thang Hai,Quan 10,10.772533,106.671027,38.2,60,severe,blocked,76.0,user_report,true,44.74,2023-08-09T04:00:00.000Z
FLD02104,2023-08-09T19:41:56.000Z,Nguyen Trai,Quan 5,10.756066,106.665815,12.0,60,light,clear,16.0,IoT_sensor,true,26.4,2023-08-09T19:00:00.000Z
FLD01673,2023-08-09T20:31:15.000Z,Xo Viet Nghe Tinh,Binh Thanh,10.807512,106.712083,28.5,60,moderate,slow,49.2,traffic_camera,true,37.95,2023-08-09T20:00:00.000Z
FLD01555,2023-08-09T21:32:08.000Z,Ta Quang Buu,Quan 8,10.744809,106.665344,9.0,60,light,clear,11.0,user_report,true,24.3,2023-08-09T21:00:00.000Z
FLD01283,2023-08-10T03:05:50.000Z,Pham Van Dong,Binh Thanh,10.81994,106.702806,20.4,60,moderate,slow,39.0,IoT_sensor,true,32.28,2023-08-10T03:00:00.000Z
FLD01729,2023-08-11T00:23:34.000Z,To Ky,Quan 12,10.865953,106.629511,21.7,90,moderate,slow,44.0,monitoring_station,true,42.19,2023-08-11T00:00:00.000Z
FLD01167,2023-08-11T18:38:18.000Z,Le Van Viet,Thu Duc,10.843339,106.787569,5.0,90,light,clear,10.4,monitoring_station,true,30.5,2023-08-11T18:00:00.000Z
FLD01048,2023-08-11T22:32:18.000Z,Phan Huy Ich,Go Vap,10.828618,106.673518,13.8,90,light,clear,29.1,user_report,true,36.66,2023-08-11T22:00:00.000Z
FLD02263,2023-08-12T01:47:08.000Z,Da Nam,Quan 8,10.740673,106.675039,15.6,30,moderate,slow,24.7,IoT_sensor,true,19.92,2023-08-12T01:00:00.000Z
FLD02146,2023-08-12T09:26:24.000Z,Tam Binh,Thu Duc,10.862323,106.73797,13.6,90,light,clear,16.6,IoT_sensor,true,36.519999999999996,2023-08-12T09:00:00.000Z
FLD01624,2023-08-12T12:33:15.000Z,Do Xuan Hop,Thu Duc,10.835427,106.783494,10.8,60,light,clear,19.9,IoT_sensor,true,25.56,2023-08-12T12:00:00.000Z
FLD00646,2023-08-12T15:31:58.000Z,An Duong Vuong,Quan 6,10.755675,106.643701,25.1,30,moderate,slow,50.7,user_report,true,26.57,2023-08-12T15:00:00.000Z
FLD01990,2023-08-12T20:06:49.000Z,Thoai Ngoc Hau,Tan Phu,10.786076,106.628875,24.0,240,moderate,slow,36.2,user_report,true,88.8,2023-08-12T20:00:00.000Z
FLD00828,2023-08-13T10:53:07.000Z,Tam Binh,Thu Duc,10.863823,106.738654,15.0,30,moderate,slow,22.7,IoT_sensor,true,19.5,2023-08-13T10:00:00.000Z
FLD01214,2023-08-13T12:22:30.000Z,Hoa Binh,Tan Phu,10.803531,106.623655,8.7,90,light,clear,20.2,traffic_camera,true,33.089999999999996,2023-08-13T12:00:00.000Z
FLD00317,2023-08-14T14:44:09.000Z,Pham Van Dong,Binh Thanh,10.81976,106.701783,8.3,120,light,clear,12.0,IoT_sensor,true,41.81,2023-08-14T14:00:00.000Z
FLD00579,2023-08-14T15:37:09.000Z,Vo Van Kiet,Quan 1,10.76148,106.700351,5.0,180,light,clear,4.6,IoT_sensor,true,57.5,2023-08-14T15:00:00.000Z
FLD00920,2023-08-15T03:30:53.000Z,Xo Viet Nghe Tinh,Binh Thanh,10.807073,106.711517,16.0,180,moderate,slow,25.7,IoT_sensor,true,65.2,2023-08-15T03:00:00.000Z
FLD01247,2023-08-15T03:54:17.000Z,Nguyen Van Qua,Quan 12,10.85537,106.663196,18.3,60,moderate,slow,22.4,IoT_sensor,true,30.810000000000002,2023-08-15T03:00:00.000Z
FLD01690,2023-08-15T20:44:58.000Z,Lam Van Ben,Quan 7,10.719594,106.682503,10.5,90,light,clear,16.5,IoT_sensor,true,34.35,2023-08-15T20:00:00.000Z
FLD00916,2023-08-15T23:59:55.000Z,Nguyen Trai,Quan 5,10.755119,106.662792,6.8,240,light,clear,16.4,IoT_sensor,true,76.76,2023-08-15T23:00:00.000Z
FLD00547,2023-08-16T06:26:49.000Z,Kha Van Can,Thu Duc,10.853019,106.754398,21.7,60,moderate,slow,23.3,IoT_sensor,true,33.19,2023-08-16T06:00:00.000Z
FLD01656,2023-08-16T08:39:25.000Z,Le Dinh Can,Binh Tan,10.765535,106.596128,10.6,90,light,clear,16.1,IoT_sensor,true,34.42,2023-08-16T08:00:00.000Z
FLD02261,2023-08-17T07:31:59.000Z,Hau Giang,Quan 6,10.748382,106.638626,14.4,30,light,clear,13.7,IoT_sensor,true,19.08,2023-08-17T07:00:00.000Z
FLD00661,2023-08-17T09:34:18.000Z,Huynh Tan Phat,Quan 7,10.727888,106.722323,5.0,30,light,clear,7.1,user_report,true,12.5,2023-08-17T09:00:00.000Z
FLD01565,2023-08-18T00:24:54.000Z,Nguyen Van Khoi,Go Vap,10.828478,106.693797,19.3,30,moderate,slow,31.7,IoT_sensor,true,22.509999999999998,2023-08-18T00:00:00.000Z
FLD00831,2023-08-18T11:28:56.000Z,Nguyen Huu Canh,Binh Thanh,10.789666,106.721701,14.9,60,light,clear,34.9,IoT_sensor,true,28.43,2023-08-18T11:00:00.000Z
FLD00098,2023-08-18T14:17:42.000Z,Tran Nao,Quan 2,10.783137,106.736907,21.6,60,moderate,slow,39.6,IoT_sensor,true,33.12,2023-08-18T14:00:00.000Z
FLD01827,2023-08-19T05:42:02.000Z,Vo Van Ngan,Thu Duc,10.851567,106.772916,10.6,60,light,clear,10.7,IoT_sensor,true,25.419999999999998,2023-08-19T05:00:00.000Z
FLD00703,2023-08-19T10:10:05.000Z,Do Xuan Hop,Thu Duc,10.833112,106.781499,28.4,90,moderate,slow,63.6,IoT_sensor,true,46.879999999999995,2023-08-19T10:00:00.000Z
FLD00879,2023-08-19T15:00:44.000Z,Phan Huy Ich,Go Vap,10.830993,106.674102,25.0,60,moderate,slow,26.0,traffic_camera,true,35.5,2023-08-19T15:00:00.000Z
FLD01957,2023-08-19T18:49:03.000Z,Phan Huy Ich,Go Vap,10.827783,106.671271,10.7,180,light,clear,25.7,IoT_sensor,true,61.49,2023-08-19T18:00:00.000Z
FLD00275,2023-08-20T07:55:01.000Z,Huynh Tan Phat,Quan 7,10.727973,106.720702,19.4,60,moderate,slow,39.4,monitoring_station,true,31.58,2023-08-20T07:00:00.000Z
FLD00272,2023-08-20T08:34:50.000Z,Ba Thang Hai,Quan 10,10.774117,106.670832,5.0,60,light,clear,8.9,user_report,true,21.5,2023-08-20T08:00:00.000Z
FLD01647,2023-08-20T08:35:54.000Z,Nguyen Anh Thu,Quan 12,10.879075,106.644198,29.9,120,moderate,slow,28.9,monitoring_station,true,56.92999999999999,2023-08-20T08:00:00.000Z
FLD02135,2023-08-20T13:03:30.000Z,Da Nam,Quan 8,10.741911,106.672722,21.9,60,moderate,slow,18.6,IoT_sensor,true,33.33,2023-08-20T13:00:00.000Z
FLD00754,2023-08-20T17:38:00.000Z,Le Van Luong,Quan 7,10.737377,106.706533,10.5,30,light,clear,17.4,user_report,true,16.35,2023-08-20T17:00:00.000Z
FLD00729,2023-08-20T22:19:37.000Z,Linh Dong,Thu Duc,10.862973,106.767277,28.6,180,moderate,slow,44.9,IoT_sensor,true,74.02,2023-08-20T22:00:00.000Z
FLD00965,2023-08-21T02:14:49.000Z,Tran Nao,Quan 2,10.781628,106.737801,26.5,30,moderate,slow,56.4,IoT_sensor,true,27.549999999999997,2023-08-21T02:00:00.000Z
FLD01803,2023-08-21T22:11:26.000Z,Pham Van Dong,Binh Thanh,10.820436,106.700888,11.6,30,light,clear,12.9,monitoring_station,true,17.119999999999997,2023-08-21T22:00:00.000Z
FLD02377,2023-08-22T04:35:42.000Z,Lam Van Ben,Quan 7,10.718752,106.684623,8.3,60,light,clear,7.4,monitoring_station,true,23.810000000000002,2023-08-22T04:00:00.000Z
FLD00043,2023-08-22T08:24:10.000Z,CMT8,Quan 3,10.783447,106.681371,20.2,180,moderate,slow,32.6,monitoring_station,true,68.14,2023-08-22T08:00:00.000Z
FLD01112,2023-08-22T10:44:19.000Z,Nguyen Thi Thap,Quan 7,10.739676,106.714147,11.9,30,light,clear,24.2,IoT_sensor,true,17.33,2023-08-22T10:00:00.000Z
FLD01928,2023-08-23T06:52:59.000Z,To Ky,Quan 12,10.868019,106.633284,5.5,240,light,clear,9.3,user_report,true,75.85,2023-08-23T06:00:00.000Z
FLD00035,2023-08-23T10:13:33.000Z,Hau Giang,Quan 6,10.74597,106.638966,19.1,30,moderate,slow,28.8,user_report,true,22.37,2023-08-23T10:00:00.000Z
FLD01700,2023-08-23T21:19:39.000Z,Quang Trung,Go Vap,10.839342,106.665053,11.2,30,light,clear,21.8,IoT_sensor,true,16.84,2023-08-23T21:00:00.000Z
FLD01993,2023-08-23T23:58:55.000Z,Pham Van Dong,Binh Thanh,10.819397,106.703814,11.1,60,light,clear,9.1,IoT_sensor,true,25.77,2023-08-23T23:00:00.000Z
FLD02196,2023-08-24T06:20:48.000Z,Kha Van Can,Thu Duc,10.851548,106.755012,9.3,120,light,clear,10.2,IoT_sensor,true,42.51,2023-08-24T06:00:00.000Z
FLD01727,2023-08-25T15:50:07.000Z,Hau Giang,Quan 6,10.747295,106.639011,23.9,90,moderate,slow,49.5,IoT_sensor,true,43.73,2023-08-25T15:00:00.000Z
FLD00597,2023-08-25T18:01:55.000Z,Lam Van Ben,Quan 7,10.719101,106.685227,24.3,30,moderate,slow,20.7,traffic_camera,true,26.009999999999998,2023-08-25T18:00:00.000Z
FLD01551,2023-08-26T03:30:18.000Z,Do Xuan Hop,Thu Duc,10.834862,106.784333,23.6,180,moderate,slow,54.0,IoT_sensor,true,70.52,2023-08-26T03:00:00.000Z
FLD00268,2023-08-26T07:48:28.000Z,Tran Nao,Quan 2,10.785398,106.736168,10.2,60,light,clear,24.3,IoT_sensor,true,25.14,2023-08-26T07:00:00.000Z
FLD01816,2023-08-26T17:53:07.000Z,Tran Xuan Soan,Quan 7,10.751472,106.697605,5.0,120,light,clear,7.1,traffic_camera,true,39.5,2023-08-26T17:00:00.000Z
FLD02208,2023-08-26T20:21:28.000Z,Pham The Hien,Quan 8,10.725967,106.682714,5.9,240,light,clear,6.2,user_report,true,76.13,2023-08-26T20:00:00.000Z
FLD00429,2023-08-26T23:53:50.000Z,Ta Quang Buu,Quan 8,10.74438,106.662613,18.9,120,moderate,slow,37.8,IoT_sensor,true,49.23,2023-08-26T23:00:00.000Z
FLD01207,2023-08-27T00:48:03.000Z,Le Thi Rieng,Quan 12,10.859706,106.64928,24.2,30,moderate,slow,30.4,user_report,true,25.939999999999998,2023-08-27T00:00:00.000Z
FLD00917,2023-08-27T04:24:11.000Z,Thoai Ngoc Hau,Tan Phu,10.785302,106.629567,5.0,30,light,clear,11.1,user_report,true,12.5,2023-08-27T04:00:00.000Z
FLD01347,2023-08-27T05:11:18.000Z,Nguyen Van Khoi,Go Vap,10.829155,106.691833,18.8,180,moderate,slow,41.2,traffic_camera,true,67.16,2023-08-27T05:00:00.000Z
FLD01777,2023-08-27T16:10:28.000Z,Huynh Tan Phat,Quan 7,10.729143,106.721963,15.3,240,moderate,slow,31.7,IoT_sensor,true,82.71,2023-08-27T16:00:00.000Z
FLD01344,2023-08-27T16:20:09.000Z,Huynh Tan Phat,Quan 7,10.727084,106.722195,14.6,60,light,clear,33.2,IoT_sensor,true,28.22,2023-08-27T16:00:00.000Z
FLD00076,2023-08-27T20:26:59.000Z,Phan Huy Ich,Go Vap,10.827571,106.672313,40.0,30,severe,blocked,36.6,IoT_sensor,true,37.0,2023-08-27T20:00:00.000Z
FLD00373,2023-08-28T01:25:30.000Z,Tran Xuan Soan,Quan 7,10.751742,106.698422,5.0,30,light,clear,8.2,IoT_sensor,true,12.5,2023-08-28T01:00:00.000Z
FLD00895,2023-08-28T08:57:48.000Z,Tan Ky Tan Quy,Binh Tan,10.787719,106.603339,26.6,90,moderate,slow,47.9,traffic_camera,true,45.620000000000005,2023-08-28T08:00:00.000Z
FLD01750,2023-08-28T17:02:58.000Z,Le Thi Rieng,Quan 12,10.859754,106.64933,25.0,60,moderate,slow,31.3,user_report,true,35.5,2023-08-28T17:00:00.000Z
FLD01278,2023-08-28T18:30:00.000Z,Binh Long,Tan Phu,10.799448,106.613515,15.1,60,moderate,slow,34.8,user_report,true,28.57,2023-08-28T18:00:00.000Z
FLD00083,2023-08-28T22:05:00.000Z,Thoai Ngoc Hau,Tan Phu,10.786458,106.627832,13.0,30,light,clear,10.4,monitoring_station,true,18.1,2023-08-28T22:00:00.000Z
FLD00131,2023-08-29T03:16:27.000Z,Kinh Duong Vuong,Quan 6,10.742972,106.614377,24.0,120,moderate,slow,49.8,user_report,true,52.8,2023-08-29T03:00:00.000Z
FLD01683,2023-08-29T19:10:28.000Z,Nguyen Trai,Quan 5,10.756898,106.665693,11.8,30,light,clear,26.2,traffic_camera,true,17.259999999999998,2023-08-29T19:00:00.000Z
FLD01041,2023-08-29T23:55:38.000Z,Pham Van Dong,Binh Thanh,10.820375,106.702795,26.1,120,moderate,slow,24.6,monitoring_station,true,54.269999999999996,2023-08-29T23:00:00.000Z
FLD02007,2023-08-30T08:42:53.000Z,Kha Van Can,Thu Duc,10.85236,106.756332,25.9,30,moderate,slow,61.5,user_report,true,27.13,2023-08-30T08:00:00.000Z
FLD01491,2023-08-30T18:26:28.000Z,Ma Lo,Binh Tan,10.763307,106.612872,10.1,60,light,clear,25.1,monitoring_station,true,25.07,2023-08-30T18:00:00.000Z
FLD01437,2023-08-31T04:49:22.000Z,Le Van Viet,Thu Duc,10.846053,106.788892,16.0,240,moderate,slow,21.6,IoT_sensor,true,83.2,2023-08-31T04:00:00.000Z
FLD01419,2023-08-31T12:16:15.000Z,Da Nam,Quan 8,10.740822,106.671562,14.1,90,light,clear,22.5,IoT_sensor,true,36.87,2023-08-31T12:00:00.000Z
FLD00499,2023-08-31T18:55:06.000Z,Xo Viet Nghe Tinh,Binh Thanh,10.808902,106.713485,11.1,30,light,clear,18.9,IoT_sensor,true,16.77,2023-08-31T18:00:00.000Z
FLD02240,2023-09-01T01:12:29.000Z,Pham The Hien,Quan 8,10.727754,106.683041,16.0,60,moderate,slow,13.8,monitoring_station,true,29.2,2023-09-01T01:00:00.000Z
FLD00787,2023-09-01T07:45:45.000Z,Ba Thang Hai,Quan 10,10.775527,106.671483,41.2,120,severe,blocked,47.5,monitoring_station,true,64.84,2023-09-01T07:00:00.000Z
FLD00760,2023-09-01T22:18:22.000Z,Huynh Tan Phat,Quan 7,10.730462,106.723391,5.0,90,light,clear,11.6,traffic_camera,true,30.5,2023-09-01T22:00:00.000Z
FLD00263,2023-09-02T02:54:27.000Z,Phan Huy Ich,Go Vap,10.828553,106.672174,28.2,60,moderate,slow,54.5,monitoring_station,true,37.739999999999995,2023-09-02T02:00:00.000Z
FLD01145,2023-09-02T19:40:37.000Z,Tran Xuan Soan,Quan 7,10.750028,106.696606,16.5,90,moderate,slow,16.7,user_report,true,38.55,2023-09-02T19:00:00.000Z
FLD00185,2023-09-03T05:41:18.000Z,Tan Ky Tan Quy,Binh Tan,10.79017,106.603904,8.1,30,light,clear,17.3,user_report,true,14.669999999999998,2023-09-03T05:00:00.000Z
FLD00232,2023-09-03T10:40:01.000Z,Binh Long,Tan Phu,10.798895,106.616367,10.7,30,light,clear,13.4,user_report,true,16.49,2023-09-03T10:00:00.000Z
FLD01257,2023-09-03T18:15:49.000Z,Vo Van Kiet,Quan 1,10.760556,106.69927,20.2,30,moderate,slow,23.8,IoT_sensor,true,23.14,2023-09-03T18:00:00.000Z
FLD01494,2023-09-03T23:42:47.000Z,Kha Van Can,Thu Duc,10.852027,106.75398,11.8,30,light,clear,10.7,monitoring_station,true,17.259999999999998,2023-09-03T23:00:00.000Z
FLD01861,2023-09-04T02:45:31.000Z,CMT8,Quan 3,10.780511,106.680603,10.1,60,light,clear,18.5,user_report,true,25.07,2023-09-04T02:00:00.000Z
FLD02020,2023-09-04T03:51:09.000Z,Do Xuan Hop,Thu Duc,10.833722,106.782653,10.0,120,light,clear,10.4,user_report,true,43.0,2023-09-04T03:00:00.000Z
FLD00783,2023-09-04T08:21:06.000Z,Kha Van Can,Thu Duc,10.850667,106.756419,11.8,240,light,clear,16.0,IoT_sensor,true,80.26,2023-09-04T08:00:00.000Z
FLD00476,2023-09-04T09:05:19.000Z,Nguyen Van Qua,Quan 12,10.853019,106.664086,29.2,90,moderate,slow,41.0,IoT_sensor,true,47.44,2023-09-04T09:00:00.000Z
FLD01087,2023-09-05T04:38:33.000Z,CMT8,Quan 3,10.781002,106.679365,15.6,30,moderate,slow,29.4,user_report,true,19.92,2023-09-05T04:00:00.000Z
FLD01516,2023-09-05T08:35:59.000Z,Ung Van Khiem,Binh Thanh,10.811832,106.711688,5.0,120,light,clear,10.5,user_report,true,39.5,2023-09-05T08:00:00.000Z
FLD00010,2023-09-05T08:59:49.000Z,Kinh Duong Vuong,Quan 6,10.742145,106.615504,23.7,30,moderate,slow,48.1,IoT_sensor,true,25.59,2023-09-05T08:00:00.000Z
FLD01131,2023-09-05T19:10:34.000Z,Ta Quang Buu,Quan 8,10.742697,106.662678,24.1,90,moderate,slow,44.3,monitoring_station,true,43.870000000000005,2023-09-05T19:00:00.000Z
FLD01936,2023-09-05T20:01:32.000Z,Binh Long,Tan Phu,10.798176,106.614217,39.9,30,severe,blocked,53.3,user_report,true,36.92999999999999,2023-09-05T20:00:00.000Z
FLD00324,2023-09-06T02:14:40.000Z,Kinh Duong Vuong,Quan 6,10.74212,106.614476,15.8,30,moderate,slow,30.7,user_report,true,20.060000000000002,2023-09-06T02:00:00.000Z
FLD02084,2023-09-06T14:19:36.000Z,Kha Van Can,Thu Duc,10.851207,106.754608,8.9,60,light,clear,18.3,IoT_sensor,true,24.23,2023-09-06T14:00:00.000Z
FLD01871,2023-09-07T17:18:30.000Z,Huynh Tan Phat,Quan 7,10.727519,106.720916,9.6,60,light,clear,21.0,user_report,true,24.72,2023-09-07T17:00:00.000Z
FLD02085,2023-09-08T01:27:59.000Z,Le Van Luong,Quan 7,10.736679,106.705873,30.7,180,severe,blocked,47.1,user_report,true,75.49,2023-09-08T01:00:00.000Z
FLD00623,2023-09-08T04:30:02.000Z,To Ky,Quan 12,10.866217,106.632336,31.6,60,severe,blocked,28.4,user_report,true,40.120000000000005,2023-09-08T04:00:00.000Z
FLD00680,2023-09-08T12:51:37.000Z,Nguyen Anh Thu,Quan 12,10.876958,106.645248,24.5,30,moderate,slow,19.6,monitoring_station,true,26.15,2023-09-08T12:00:00.000Z
FLD01716,2023-09-08T18:40:54.000Z,An Duong Vuong,Quan 6,10.755141,106.646046,10.1,60,light,clear,12.6,traffic_camera,true,25.07,2023-09-08T18:00:00.000Z
FLD00996,2023-09-09T01:27:38.000Z,Nguyen Van Qua,Quan 12,10.853777,106.664152,10.8,90,light,clear,11.7,IoT_sensor,true,34.56,2023-09-09T01:00:00.000Z
FLD01897,2023-09-09T08:09:56.000Z,Le Dinh Can,Binh Tan,10.767694,106.595946,15.2,30,moderate,slow,33.5,monitoring_station,true,19.64,2023-09-09T08:00:00.000Z
FLD00892,2023-09-09T12:07:51.000Z,Kha Van Can,Thu Duc,10.851865,106.753959,9.9,60,light,clear,24.1,user_report,true,24.93,2023-09-09T12:00:00.000Z
FLD02178,2023-09-10T05:55:11.000Z,Nguyen Anh Thu,Quan 12,10.876109,106.645779,5.3,240,light,clear,6.2,traffic_camera,true,75.71,2023-09-10T05:00:00.000Z
FLD00337,2023-09-10T13:18:44.000Z,Ma Lo,Binh Tan,10.762516,106.61242,11.4,90,light,clear,24.4,IoT_sensor,true,34.98,2023-09-10T13:00:00.000Z
FLD00689,2023-09-10T23:21:01.000Z,Kha Van Can,Thu Duc,10.851735,106.753244,23.6,60,moderate,slow,39.2,traffic_camera,true,34.519999999999996,2023-09-10T23:00:00.000Z
FLD02330,2023-09-11T13:21:17.000Z,Kha Van Can,Thu Duc,10.851439,106.755673,14.5,240,light,clear,14.0,monitoring_station,true,82.15,2023-09-11T13:00:00.000Z
FLD00357,2023-09-11T15:32:46.000Z,Ta Quang Buu,Quan 8,10.745663,106.664861,5.0,30,light,clear,7.0,IoT_sensor,true,12.5,2023-09-11T15:00:00.000Z
FLD01345,2023-09-11T15:43:06.000Z,Le Dinh Can,Binh Tan,10.764569,106.596319,20.4,90,moderate,slow,19.9,user_report,true,41.28,2023-09-11T15:00:00.000Z
FLD01129,2023-09-11T20:03:48.000Z,No Trang Long,Binh Thanh,10.817314,106.699125,23.6,90,moderate,slow,40.5,IoT_sensor,true,43.519999999999996,2023-09-11T20:00:00.000Z
FLD01738,2023-09-11T20:39:59.000Z,Le Dinh Can,Binh Tan,10.765177,106.596973,6.4,30,light,clear,13.7,user_report,true,13.48,2023-09-11T20:00:00.000Z
FLD02200,2023-09-12T06:31:46.000Z,Ma Lo,Binh Tan,10.761996,106.613418,20.7,30,moderate,slow,22.0,user_report,true,23.49,2023-09-12T06:00:00.000Z
FLD00647,2023-09-12T22:45:43.000Z,Phan Huy Ich,Go Vap,10.828965,106.671134,9.6,90,light,clear,19.4,monitoring_station,true,33.72,2023-09-12T22:00:00.000Z
FLD02011,2023-09-13T01:45:09.000Z,Phan Huy Ich,Go Vap,10.827949,106.672291,10.6,30,light,clear,12.2,IoT_sensor,true,16.419999999999998,2023-09-13T01:00:00.000Z
FLD01372,2023-09-13T11:49:31.000Z,Le Thi Rieng,Quan 12,10.861347,106.648978,5.0,180,light,clear,11.4,IoT_sensor,true,57.5,2023-09-13T11:00:00.000Z
FLD01529,2023-09-13T20:26:52.000Z,Phan Huy Ich,Go Vap,10.830148,106.672009,15.1,60,moderate,slow,28.9,IoT_sensor,true,28.57,2023-09-13T20:00:00.000Z
FLD01826,2023-09-13T22:24:49.000Z,Linh Dong,Thu Duc,10.866114,106.764405,19.8,180,moderate,slow,28.6,user_report,true,67.86,2023-09-13T22:00:00.000Z
FLD01206,2023-09-13T23:05:57.000Z,Do Xuan Hop,Thu Duc,10.834199,106.782472,20.9,180,moderate,slow,39.1,IoT_sensor,true,68.63,2023-09-13T23:00:00.000Z
FLD01774,2023-09-14T16:29:45.000Z,Xo Viet Nghe Tinh,Binh Thanh,10.807322,106.711646,8.2,90,light,clear,16.3,IoT_sensor,true,32.74,2023-09-14T16:00:00.000Z
FLD00199,2023-09-14T19:46:19.000Z,Pham Van Dong,Binh Thanh,10.81956,106.701731,11.4,60,light,clear,25.7,user_report,true,25.98,2023-09-14T19:00:00.000Z
FLD01552,2023-09-14T22:58:32.000Z,Nguyen Trai,Quan 5,10.756225,106.66318,18.9,120,moderate,slow,24.6,monitoring_station,true,49.23,2023-09-14T22:00:00.000Z
FLD01376,2023-09-14T23:13:30.000Z,Nguyen Huu Canh,Binh Thanh,10.789003,106.722512,24.3,90,moderate,slow,27.2,IoT_sensor,true,44.01,2023-09-14T23:00:00.000Z
FLD01400,2023-09-15T01:57:45.000Z,Pham The Hien,Quan 8,10.726316,106.68452,19.6,90,moderate,slow,46.3,traffic_camera,true,40.72,2023-09-15T01:00:00.000Z
FLD01175,2023-09-15T15:52:49.000Z,Nguyen Van Khoi,Go Vap,10.826847,106.694607,16.3,90,moderate,slow,24.7,monitoring_station,true,38.41,2023-09-15T15:00:00.000Z
FLD00410,2023-09-17T02:59:49.000Z,Tran Nao,Quan 2,10.783026,106.734656,13.7,30,light,clear,33.1,IoT_sensor,true,18.589999999999996,2023-09-17T02:00:00.000Z
FLD00225,2023-09-17T03:09:54.000Z,Vo Van Ngan,Thu Duc,10.850326,106.771576,19.5,90,moderate,slow,16.1,IoT_sensor,true,40.65,2023-09-17T03:00:00.000Z
FLD00487,2023-09-17T03:19:39.000Z,To Ky,Quan 12,10.866386,106.632868,11.6,30,light,clear,15.6,user_report,true,17.119999999999997,2023-09-17T03:00:00.000Z
FLD01159,2023-09-17T05:07:56.000Z,Kinh Duong Vuong,Quan 6,10.745485,106.614423,18.0,90,moderate,slow,29.5,IoT_sensor,true,39.6,2023-09-17T05:00:00.000Z
FLD00585,2023-09-17T16:27:28.000Z,Da Nam,Quan 8,10.739699,106.672812,10.6,90,light,clear,24.4,IoT_sensor,true,34.42,2023-09-17T16:00:00.000Z
FLD01779,2023-09-17T19:10:01.000Z,Do Xuan Hop,Thu Duc,10.834329,106.784483,18.9,60,moderate,slow,15.2,IoT_sensor,true,31.229999999999997,2023-09-17T19:00:00.000Z
FLD01801,2023-09-17T23:14:41.000Z,Do Xuan Hop,Thu Duc,10.834162,106.78225,25.0,30,moderate,slow,50.0,IoT_sensor,true,26.5,2023-09-17T23:00:00.000Z
FLD00460,2023-09-18T04:02:48.000Z,Phan Huy Ich,Go Vap,10.830683,106.672062,15.0,30,moderate,slow,33.8,user_report,true,19.5,2023-09-18T04:00:00.000Z
FLD01430,2023-09-18T04:03:14.000Z,Nguyen Anh Thu,Quan 12,10.877087,106.645699,6.6,30,light,clear,14.0,IoT_sensor,true,13.62,2023-09-18T04:00:00.000Z
FLD01737,2023-09-18T06:19:59.000Z,Ung Van Khiem,Binh Thanh,10.810143,106.710142,26.7,90,moderate,slow,40.9,IoT_sensor,true,45.69,2023-09-18T06:00:00.000Z
FLD01728,2023-09-18T10:36:43.000Z,Le Thi Rieng,Quan 12,10.86335,106.646743,20.7,90,moderate,slow,25.3,monitoring_station,true,41.489999999999995,2023-09-18T10:00:00.000Z
FLD01742,2023-09-18T23:08:09.000Z,Tran Xuan Soan,Quan 7,10.750623,106.700287,25.6,60,moderate,slow,55.4,IoT_sensor,true,35.92,2023-09-18T23:00:00.000Z
FLD01045,2023-09-19T00:24:25.000Z,Tam Binh,Thu Duc,10.862584,106.737869,15.8,90,moderate,slow,16.0,user_report,true,38.06,2023-09-19T00:00:00.000Z
FLD01307,2023-09-19T09:04:26.000Z,CMT8,Quan 3,10.782518,106.678547,13.3,30,light,clear,12.2,traffic_camera,true,18.310000000000002,2023-09-19T09:00:00.000Z
FLD01346,2023-09-19T09:14:37.000Z,Le Van Viet,Thu Duc,10.843286,106.788871,23.7,90,moderate,slow,34.3,IoT_sensor,true,43.59,2023-09-19T09:00:00.000Z
FLD01280,2023-09-20T02:37:53.000Z,To Ky,Quan 12,10.868094,106.632667,10.3,60,light,clear,23.3,IoT_sensor,true,25.21,2023-09-20T02:00:00.000Z
FLD00084,2023-09-20T12:55:25.000Z,Kinh Duong Vuong,Quan 6,10.744233,106.614413,26.4,60,moderate,slow,32.0,IoT_sensor,true,36.48,2023-09-20T12:00:00.000Z
FLD01230,2023-09-20T16:43:21.000Z,Le Dinh Can,Binh Tan,10.768326,106.595761,14.5,240,light,clear,33.1,IoT_sensor,true,82.15,2023-09-20T16:00:00.000Z
FLD00387,2023-09-21T03:38:18.000Z,No Trang Long,Binh Thanh,10.816853,106.697752,26.6,180,moderate,slow,41.3,user_report,true,72.62,2023-09-21T03:00:00.000Z
FLD01769,2023-09-21T20:55:14.000Z,Huynh Tan Phat,Quan 7,10.728022,106.721166,5.5,90,light,clear,12.1,monitoring_station,true,30.85,2023-09-21T20:00:00.000Z
FLD01003,2023-09-22T00:15:03.000Z,Vo Van Kiet,Quan 1,10.761846,106.70017,20.1,120,moderate,slow,16.9,monitoring_station,true,50.07,2023-09-22T00:00:00.000Z
FLD00062,2023-09-22T00:42:12.000Z,Ung Van Khiem,Binh Thanh,10.811168,106.710461,13.6,30,light,clear,11.9,traffic_camera,true,18.52,2023-09-22T00:00:00.000Z
FLD00939,2023-09-22T02:51:04.000Z,Linh Dong,Thu Duc,10.866396,106.764291,18.4,120,moderate,slow,17.6,traffic_camera,true,48.879999999999995,2023-09-22T02:00:00.000Z
FLD02230,2023-09-22T06:47:54.000Z,Nguyen Huu Canh,Binh Thanh,10.786168,106.719766,9.3,30,light,clear,11.1,traffic_camera,true,15.51,2023-09-22T06:00:00.000Z
FLD01146,2023-09-22T09:57:50.000Z,Nguyen Van Khoi,Go Vap,10.830397,106.69317,17.0,90,moderate,slow,23.6,monitoring_station,true,38.9,2023-09-22T09:00:00.000Z
FLD00182,2023-09-22T22:43:29.000Z,Nguyen Van Qua,Quan 12,10.856193,106.661484,30.6,90,severe,blocked,45.9,traffic_camera,true,48.42,2023-09-22T22:00:00.000Z
FLD02123,2023-09-23T00:28:42.000Z,Huynh Tan Phat,Quan 7,10.726785,106.723211,8.5,60,light,clear,13.8,user_report,true,23.95,2023-09-23T00:00:00.000Z
FLD01016,2023-09-23T00:46:44.000Z,Nguyen Van Khoi,Go Vap,10.828306,106.692971,38.9,90,severe,blocked,78.6,IoT_sensor,true,54.23,2023-09-23T00:00:00.000Z
FLD00704,2023-09-23T21:26:16.000Z,Hoa Binh,Tan Phu,10.803848,106.621104,40.0,60,severe,blocked,57.8,user_report,true,46.0,2023-09-23T21:00:00.000Z
FLD00509,2023-09-24T00:13:13.000Z,Xo Viet Nghe Tinh,Binh Thanh,10.808662,106.712899,11.3,30,light,clear,10.5,user_report,true,16.91,2023-09-24T00:00:00.000Z
FLD02110,2023-09-24T07:07:26.000Z,Nguyen Huu Canh,Binh Thanh,10.788623,106.72197,21.2,60,moderate,slow,34.1,monitoring_station,true,32.839999999999996,2023-09-24T07:00:00.000Z
FLD00519,2023-09-24T12:06:51.000Z,Pham The Hien,Quan 8,10.726726,106.68164,16.2,60,moderate,slow,20.5,monitoring_station,true,29.339999999999996,2023-09-24T12:00:00.000Z
FLD00730,2023-09-24T16:53:51.000Z,To Ky,Quan 12,10.86663,106.632081,20.3,60,moderate,slow,47.2,user_report,true,32.21,2023-09-24T16:00:00.000Z
FLD01328,2023-09-24T17:43:02.000Z,Nguyen Van Qua,Quan 12,10.855525,106.661013,29.8,30,moderate,slow,66.6,traffic_camera,true,29.86,2023-09-24T17:00:00.000Z
FLD01439,2023-09-24T23:25:06.000Z,No Trang Long,Binh Thanh,10.814558,106.697126,8.5,30,light,clear,20.0,user_report,true,14.95,2023-09-24T23:00:00.000Z
FLD01404,2023-09-25T09:22:26.000Z,Pham The Hien,Quan 8,10.727778,106.683566,5.7,30,light,clear,9.7,monitoring_station,true,12.99,2023-09-25T09:00:00.000Z
FLD00172,2023-09-25T10:18:34.000Z,Linh Dong,Thu Duc,10.865507,106.764755,9.4,30,light,clear,13.8,user_report,true,15.58,2023-09-25T10:00:00.000Z
FLD01007,2023-09-25T17:01:06.000Z,Quang Trung,Go Vap,10.837435,106.664885,31.7,60,severe,blocked,35.9,monitoring_station,true,40.19,2023-09-25T17:00:00.000Z
FLD00427,2023-09-25T17:20:21.000Z,Quang Trung,Go Vap,10.838611,106.664933,18.2,120,moderate,slow,35.7,IoT_sensor,true,48.739999999999995,2023-09-25T17:00:00.000Z
FLD02219,2023-09-26T00:50:19.000Z,Vo Van Kiet,Quan 1,10.761845,106.697211,23.7,60,moderate,slow,32.0,user_report,true,34.59,2023-09-26T00:00:00.000Z
FLD01899,2023-09-26T01:16:31.000Z,Kinh Duong Vuong,Quan 6,10.744941,106.617373,18.4,120,moderate,slow,24.5,user_report,true,48.879999999999995,2023-09-26T01:00:00.000Z
FLD02214,2023-09-26T06:00:32.000Z,Ung Van Khiem,Binh Thanh,10.812881,106.712428,21.9,240,moderate,slow,20.9,user_report,true,87.33,2023-09-26T06:00:00.000Z
FLD01870,2023-09-26T08:54:22.000Z,Tran Nao,Quan 2,10.783108,106.735881,18.5,120,moderate,slow,30.1,monitoring_station,true,48.95,2023-09-26T08:00:00.000Z
FLD02335,2023-09-26T09:47:12.000Z,Phan Huy Ich,Go Vap,10.830304,106.672608,29.3,60,moderate,slow,73.2,user_report,true,38.51,2023-09-26T09:00:00.000Z
FLD00785,2023-09-26T15:34:47.000Z,Tam Binh,Thu Duc,10.86379,106.738208,5.0,30,light,clear,10.9,IoT_sensor,true,12.5,2023-09-26T15:00:00.000Z
FLD01285,2023-09-26T16:56:21.000Z,Kha Van Can,Thu Duc,10.851873,106.75583,8.6,60,light,clear,17.6,user_report,true,24.02,2023-09-26T16:00:00.000Z
FLD01297,2023-09-26T17:29:02.000Z,Thoai Ngoc Hau,Tan Phu,10.788282,106.628528,19.9,120,moderate,slow,23.2,IoT_sensor,true,49.93,2023-09-26T17:00:00.000Z
FLD01124,2023-09-26T17:37:00.000Z,Xo Viet Nghe Tinh,Binh Thanh,10.805796,106.710398,5.0,180,light,clear,7.8,user_report,true,57.5,2023-09-26T17:00:00.000Z
FLD01603,2023-09-27T04:46:37.000Z,Da Nam,Quan 8,10.742721,106.67501,5.0,60,light,clear,6.9,user_report,true,21.5,2023-09-27T04:00:00.000Z
FLD02304,2023-09-27T09:38:44.000Z,Nguyen Van Qua,Quan 12,10.853069,106.664492,24.2,60,moderate,slow,26.7,traffic_camera,true,34.94,2023-09-27T09:00:00.000Z
FLD02120,2023-09-28T02:28:11.000Z,Ma Lo,Binh Tan,10.762686,106.613256,23.9,120,moderate,slow,43.4,IoT_sensor,true,52.73,2023-09-28T02:00:00.000Z
FLD00484,2023-09-28T02:38:44.000Z,Linh Dong,Thu Duc,10.866309,106.764756,8.3,90,light,clear,19.2,IoT_sensor,true,32.81,2023-09-28T02:00:00.000Z
FLD01418,2023-09-28T03:20:28.000Z,Linh Dong,Thu Duc,10.863804,106.765911,14.7,90,light,clear,15.0,user_report,true,37.29,2023-09-28T03:00:00.000Z
FLD00339,2023-09-28T20:07:39.000Z,Tran Nao,Quan 2,10.785046,106.73489,26.9,60,moderate,slow,63.5,user_report,true,36.83,2023-09-28T20:00:00.000Z
FLD00656,2023-09-30T09:32:42.000Z,Quang Trung,Go Vap,10.839526,106.665042,6.3,30,light,clear,13.6,IoT_sensor,true,13.41,2023-09-30T09:00:00.000Z
FLD01557,2023-09-30T16:20:19.000Z,Nguyen Thi Thap,Quan 7,10.740968,106.716782,26.8,120,moderate,slow,38.7,IoT_sensor,true,54.76,2023-09-30T16:00:00.000Z
FLD00209,2023-10-01T06:23:23.000Z,Pham Van Dong,Binh Thanh,10.818522,106.703047,31.2,60,severe,blocked,54.0,IoT_sensor,true,39.84,2023-10-01T06:00:00.000Z
FLD02109,2023-10-01T09:21:47.000Z,Kha Van Can,Thu Duc,10.850042,106.754685,6.3,60,light,clear,8.7,IoT_sensor,true,22.41,2023-10-01T09:00:00.000Z
FLD02340,2023-10-01T11:51:07.000Z,Ma Lo,Binh Tan,10.762255,106.614041,15.3,60,moderate,slow,12.6,user_report,true,28.71,2023-10-01T11:00:00.000Z
FLD02141,2023-10-01T11:54:01.000Z,Nguyen Anh Thu,Quan 12,10.877122,106.644667,6.0,30,light,clear,4.9,IoT_sensor,true,13.2,2023-10-01T11:00:00.000Z
FLD01336,2023-10-01T14:44:12.000Z,Tran Xuan Soan,Quan 7,10.750879,106.698546,8.1,90,light,clear,18.9,user_report,true,32.67,2023-10-01T14:00:00.000Z
FLD01166,2023-10-01T21:53:43.000Z,No Trang Long,Binh Thanh,10.816142,106.698585,39.8,180,severe,blocked,55.1,monitoring_station,true,81.86,2023-10-01T21:00:00.000Z
FLD00002,2023-10-02T03:01:53.000Z,Ta Quang Buu,Quan 8,10.744718,106.662755,11.7,90,light,clear,18.2,monitoring_station,true,35.19,2023-10-02T03:00:00.000Z
FLD00222,2023-10-02T10:15:51.000Z,An Duong Vuong,Quan 6,10.75384,106.645883,19.4,30,moderate,slow,40.4,user_report,true,22.58,2023-10-02T10:00:00.000Z
FLD00744,2023-10-02T12:58:31.000Z,To Ky,Quan 12,10.864993,106.632387,6.6,120,light,clear,8.4,user_report,true,40.62,2023-10-02T12:00:00.000Z
FLD02217,2023-10-02T13:03:34.000Z,Xo Viet Nghe Tinh,Binh Thanh,10.806211,106.713397,38.3,30,severe,blocked,87.2,IoT_sensor,true,35.809999999999995,2023-10-02T13:00:00.000Z
FLD02224,2023-10-02T23:00:18.000Z,Hau Giang,Quan 6,10.747918,106.638816,20.4,180,moderate,slow,24.7,monitoring_station,true,68.28,2023-10-02T23:00:00.000Z
FLD00445,2023-10-03T19:58:36.000Z,Ta Quang Buu,Quan 8,10.744654,106.663237,8.7,90,light,clear,19.6,IoT_sensor,true,33.089999999999996,2023-10-03T19:00:00.000Z
FLD00029,2023-10-04T06:15:47.000Z,Huynh Tan Phat,Quan 7,10.728878,106.721085,8.9,90,light,clear,8.7,monitoring_station,true,33.23,2023-10-04T06:00:00.000Z
FLD00533,2023-10-04T10:14:29.000Z,Tran Nao,Quan 2,10.783417,106.737871,5.0,240,light,clear,5.5,IoT_sensor,true,75.5,2023-10-04T10:00:00.000Z
FLD01266,2023-10-04T13:07:13.000Z,Kinh Duong Vuong,Quan 6,10.742095,106.617412,19.7,180,moderate,slow,43.8,user_report,true,67.78999999999999,2023-10-04T13:00:00.000Z
FLD01758,2023-10-05T04:44:38.000Z,Vo Van Kiet,Quan 1,10.760942,106.699698,19.5,90,moderate,slow,44.7,IoT_sensor,true,40.65,2023-10-05T04:00:00.000Z
FLD00122,2023-10-05T19:33:01.000Z,Pham Van Dong,Binh Thanh,10.817375,106.703764,10.6,60,light,clear,19.0,IoT_sensor,true,25.419999999999998,2023-10-05T19:00:00.000Z
FLD00872,2023-10-05T19:33:39.000Z,Nguyen Van Khoi,Go Vap,10.828688,106.694859,5.0,60,light,clear,5.8,IoT_sensor,true,21.5,2023-10-05T19:00:00.000Z
FLD01066,2023-10-05T19:49:40.000Z,Tam Binh,Thu Duc,10.862908,106.738664,40.5,60,severe,blocked,44.9,user_report,true,46.349999999999994,2023-10-05T19:00:00.000Z
FLD02344,2023-10-05T22:14:20.000Z,Huynh Tan Phat,Quan 7,10.72936,106.72062,30.6,30,severe,blocked,34.7,IoT_sensor,true,30.419999999999998,2023-10-05T22:00:00.000Z
FLD01970,2023-10-06T09:16:56.000Z,Ung Van Khiem,Binh Thanh,10.812732,106.710364,6.1,30,light,clear,15.2,traffic_camera,true,13.27,2023-10-06T09:00:00.000Z
FLD00535,2023-10-06T14:59:08.000Z,Nguyen Trai,Quan 5,10.754564,106.663445,15.1,90,moderate,slow,36.2,user_report,true,37.57,2023-10-06T14:00:00.000Z
FLD01997,2023-10-06T22:50:54.000Z,Binh Long,Tan Phu,10.801424,106.615695,41.5,90,severe,blocked,94.9,traffic_camera,true,56.05,2023-10-06T22:00:00.000Z
FLD01102,2023-10-06T23:49:41.000Z,Le Thi Rieng,Quan 12,10.861879,106.646663,14.7,30,light,clear,16.9,monitoring_station,true,19.29,2023-10-06T23:00:00.000Z
FLD01265,2023-10-07T06:49:23.000Z,Hoa Binh,Tan Phu,10.803669,106.621848,14.3,60,light,clear,28.6,IoT_sensor,true,28.009999999999998,2023-10-07T06:00:00.000Z
FLD02174,2023-10-07T09:00:41.000Z,Da Nam,Quan 8,10.742969,106.671946,41.5,240,severe,blocked,93.7,monitoring_station,true,101.05,2023-10-07T09:00:00.000Z
FLD00233,2023-10-08T02:51:10.000Z,An Duong Vuong,Quan 6,10.752656,106.644478,11.4,90,light,clear,26.6,IoT_sensor,true,34.98,2023-10-08T02:00:00.000Z
FLD01564,2023-10-08T21:05:00.000Z,Hau Giang,Quan 6,10.744932,106.63886,9.1,60,light,clear,16.2,IoT_sensor,true,24.369999999999997,2023-10-08T21:00:00.000Z
FLD01004,2023-10-08T22:36:24.000Z,Thoai Ngoc Hau,Tan Phu,10.784678,106.626944,29.8,60,moderate,slow,52.2,traffic_camera,true,38.86,2023-10-08T22:00:00.000Z
FLD02005,2023-10-09T07:36:08.000Z,Le Thi Rieng,Quan 12,10.863461,106.646577,5.1,90,light,clear,12.1,user_report,true,30.57,2023-10-09T07:00:00.000Z
FLD00241,2023-10-09T13:17:27.000Z,Nguyen Trai,Quan 5,10.755811,106.66451,9.7,180,light,clear,22.5,IoT_sensor,true,60.79,2023-10-09T13:00:00.000Z
FLD01130,2023-10-10T02:37:25.000Z,Nguyen Thi Thap,Quan 7,10.74038,106.716247,28.6,60,moderate,slow,66.0,IoT_sensor,true,38.019999999999996,2023-10-10T02:00:00.000Z
FLD02027,2023-10-10T10:50:25.000Z,Da Nam,Quan 8,10.740548,106.672234,6.1,90,light,clear,14.5,user_report,true,31.27,2023-10-10T10:00:00.000Z
FLD02398,2023-10-12T02:30:58.000Z,An Duong Vuong,Quan 6,10.754164,106.644089,5.0,60,light,clear,11.3,IoT_sensor,true,21.5,2023-10-12T02:00:00.000Z
FLD01092,2023-10-12T04:07:24.000Z,Ung Van Khiem,Binh Thanh,10.81284,106.711343,30.0,60,severe,blocked,64.5,user_report,true,39.0,2023-10-12T04:00:00.000Z
FLD01369,2023-10-12T16:37:25.000Z,Ung Van Khiem,Binh Thanh,10.810722,106.710851,29.9,60,moderate,slow,42.3,IoT_sensor,true,38.92999999999999,2023-10-12T16:00:00.000Z
FLD01881,2023-10-12T23:05:08.000Z,Vo Van Ngan,Thu Duc,10.851646,106.772287,28.4,60,moderate,slow,52.3,user_report,true,37.879999999999995,2023-10-12T23:00:00.000Z
FLD00101,2023-10-13T02:08:08.000Z,Phan Huy Ich,Go Vap,10.827943,106.67151,8.2,60,light,clear,15.7,traffic_camera,true,23.74,2023-10-13T02:00:00.000Z
FLD00717,2023-10-13T05:25:40.000Z,Nguyen Van Qua,Quan 12,10.855169,106.663487,21.0,60,moderate,slow,34.3,IoT_sensor,true,32.7,2023-10-13T05:00:00.000Z
FLD00250,2023-10-13T08:47:46.000Z,Ma Lo,Binh Tan,10.762882,106.613636,9.5,30,light,clear,17.7,IoT_sensor,true,15.649999999999999,2023-10-13T08:00:00.000Z
FLD01398,2023-10-13T09:42:05.000Z,Phan Huy Ich,Go Vap,10.827738,106.672381,5.0,90,light,clear,9.4,monitoring_station,true,30.5,2023-10-13T09:00:00.000Z
FLD01609,2023-10-13T21:11:45.000Z,No Trang Long,Binh Thanh,10.814174,106.698763,25.7,120,moderate,slow,42.4,IoT_sensor,true,53.989999999999995,2023-10-13T21:00:00.000Z
FLD01696,2023-10-14T19:24:57.000Z,Phan Huy Ich,Go Vap,10.830503,106.670768,5.0,30,light,clear,4.9,IoT_sensor,true,12.5,2023-10-14T19:00:00.000Z
FLD00839,2023-10-15T03:34:08.000Z,Da Nam,Quan 8,10.740385,106.674232,5.0,30,light,clear,9.7,monitoring_station,true,12.5,2023-10-15T03:00:00.000Z
FLD00718,2023-10-15T06:59:32.000Z,CMT8,Quan 3,10.780566,106.680724,20.0,90,moderate,slow,41.1,IoT_sensor,true,41.0,2023-10-15T06:00:00.000Z
FLD01006,2023-10-16T01:21:17.000Z,Linh Dong,Thu Duc,10.86648,106.763633,21.7,120,moderate,slow,51.6,monitoring_station,true,51.19,2023-10-16T01:00:00.000Z
FLD01685,2023-10-16T02:01:14.000Z,Nguyen Thi Thap,Quan 7,10.741027,106.716884,10.6,30,light,clear,15.7,user_report,true,16.419999999999998,2023-10-16T02:00:00.000Z
FLD00648,2023-10-16T05:53:41.000Z,Tam Binh,Thu Duc,10.862613,106.738698,10.1,120,light,clear,13.2,user_report,true,43.07,2023-10-16T05:00:00.000Z
FLD00055,2023-10-16T13:32:38.000Z,Thoai Ngoc Hau,Tan Phu,10.785765,106.62965,10.3,90,light,clear,19.6,user_report,true,34.21,2023-10-16T13:00:00.000Z
FLD01876,2023-10-17T00:12:47.000Z,Phan Huy Ich,Go Vap,10.828818,106.671929,10.7,180,light,clear,22.9,IoT_sensor,true,61.49,2023-10-17T00:00:00.000Z
FLD02042,2023-10-17T04:44:50.000Z,Ma Lo,Binh Tan,10.765304,106.612729,5.0,60,light,clear,9.1,user_report,true,21.5,2023-10-17T04:00:00.000Z
FLD00347,2023-10-17T06:06:37.000Z,Tran Xuan Soan,Quan 7,10.750825,106.698317,5.7,60,light,clear,6.1,IoT_sensor,true,21.99,2023-10-17T06:00:00.000Z
FLD00926,2023-10-17T11:42:55.000Z,Nguyen Trai,Quan 5,10.757812,106.662938,10.6,30,light,clear,12.3,user_report,true,16.419999999999998,2023-10-17T11:00:00.000Z
FLD01675,2023-10-17T23:45:47.000Z,Ta Quang Buu,Quan 8,10.743801,106.665541,15.9,90,moderate,slow,22.6,IoT_sensor,true,38.129999999999995,2023-10-17T23:00:00.000Z
FLD00851,2023-10-18T04:15:23.000Z,Huynh Tan Phat,Quan 7,10.730466,106.723116,26.2,120,moderate,slow,45.5,IoT_sensor,true,54.34,2023-10-18T04:00:00.000Z
FLD00515,2023-10-18T05:18:50.000Z,Nguyen Van Qua,Quan 12,10.852712,106.661861,9.1,60,light,clear,11.5,IoT_sensor,true,24.369999999999997,2023-10-18T05:00:00.000Z
FLD00659,2023-10-18T09:06:02.000Z,Hau Giang,Quan 6,10.745738,106.638497,26.3,180,moderate,slow,65.4,IoT_sensor,true,72.41,2023-10-18T09:00:00.000Z
FLD01809,2023-10-18T20:24:09.000Z,Quang Trung,Go Vap,10.836173,106.664503,9.9,90,light,clear,15.7,user_report,true,33.93,2023-10-18T20:00:00.000Z
FLD00523,2023-10-18T22:46:05.000Z,Do Xuan Hop,Thu Duc,10.833212,106.781169,14.4,60,light,clear,18.8,IoT_sensor,true,28.08,2023-10-18T22:00:00.000Z
FLD01260,2023-10-18T23:51:12.000Z,Le Thi Rieng,Quan 12,10.862287,106.648566,13.9,90,light,clear,18.8,IoT_sensor,true,36.730000000000004,2023-10-18T23:00:00.000Z
FLD01973,2023-10-19T12:03:58.000Z,Le Thi Rieng,Quan 12,10.860042,106.647819,8.1,90,light,clear,19.3,user_report,true,32.67,2023-10-19T12:00:00.000Z
FLD02117,2023-10-19T16:37:24.000Z,Ta Quang Buu,Quan 8,10.745748,106.664376,15.3,60,moderate,slow,20.5,IoT_sensor,true,28.71,2023-10-19T16:00:00.000Z
FLD00616,2023-10-19T22:11:30.000Z,Da Nam,Quan 8,10.74066,106.675386,6.8,60,light,clear,12.4,user_report,true,22.759999999999998,2023-10-19T22:00:00.000Z
FLD01383,2023-10-20T09:19:15.000Z,Kha Van Can,Thu Duc,10.852846,106.755264,5.7,90,light,clear,8.9,monitoring_station,true,30.99,2023-10-20T09:00:00.000Z
FLD02052,2023-10-21T00:49:36.000Z,Huynh Tan Phat,Quan 7,10.73024,106.722772,16.1,120,moderate,slow,30.2,user_report,true,47.269999999999996,2023-10-21T00:00:00.000Z
FLD01722,2023-10-21T02:56:39.000Z,Le Dinh Can,Binh Tan,10.767684,106.598212,5.4,240,light,clear,13.5,IoT_sensor,true,75.78,2023-10-21T02:00:00.000Z
FLD01847,2023-10-21T10:25:38.000Z,Lam Van Ben,Quan 7,10.71656,106.683133,5.8,60,light,clear,5.7,user_report,true,22.06,2023-10-21T10:00:00.000Z
FLD00696,2023-10-21T11:09:25.000Z,Ma Lo,Binh Tan,10.764853,106.611799,11.5,30,light,clear,23.0,IoT_sensor,true,17.049999999999997,2023-10-21T11:00:00.000Z
FLD01668,2023-10-21T11:22:56.000Z,Da Nam,Quan 8,10.740889,106.67492,24.7,180,moderate,slow,56.1,IoT_sensor,true,71.28999999999999,2023-10-21T11:00:00.000Z
FLD01865,2023-10-21T12:43:40.000Z,No Trang Long,Binh Thanh,10.815223,106.697861,8.1,90,light,clear,15.4,IoT_sensor,true,32.67,2023-10-21T12:00:00.000Z
FLD01964,2023-10-22T11:00:06.000Z,Hoa Binh,Tan Phu,10.806072,106.62292,20.5,60,moderate,slow,31.1,traffic_camera,true,32.35,2023-10-22T11:00:00.000Z
FLD01151,2023-10-23T08:24:41.000Z,Nguyen Trai,Quan 5,10.757219,106.662808,20.7,90,moderate,slow,35.6,monitoring_station,true,41.489999999999995,2023-10-23T08:00:00.000Z
FLD01454,2023-10-23T20:21:12.000Z,Pham The Hien,Quan 8,10.728261,106.68347,19.4,30,moderate,slow,42.8,monitoring_station,true,22.58,2023-10-23T20:00:00.000Z
FLD01022,2023-10-24T04:34:52.000Z,Ba Thang Hai,Quan 10,10.77635,106.670288,5.3,30,light,clear,8.7,IoT_sensor,true,12.709999999999999,2023-10-24T04:00:00.000Z
FLD01020,2023-10-24T17:55:12.000Z,Kha Van Can,Thu Duc,10.853435,106.755515,16.1,30,moderate,slow,15.6,IoT_sensor,true,20.27,2023-10-24T17:00:00.000Z
FLD01772,2023-10-25T00:14:13.000Z,Vo Van Ngan,Thu Duc,10.852053,106.772877,25.3,30,moderate,slow,29.9,user_report,true,26.71,2023-10-25T00:00:00.000Z
FLD01837,2023-10-25T09:06:03.000Z,Thoai Ngoc Hau,Tan Phu,10.788439,106.628499,8.7,60,light,clear,12.9,monitoring_station,true,24.09,2023-10-25T09:00:00.000Z
FLD01933,2023-10-25T16:29:43.000Z,Nguyen Van Khoi,Go Vap,10.827652,106.693949,23.4,120,moderate,slow,38.3,monitoring_station,true,52.379999999999995,2023-10-25T16:00:00.000Z
FLD01311,2023-10-25T20:28:28.000Z,Tran Xuan Soan,Quan 7,10.75246,106.699197,8.7,60,light,clear,13.0,monitoring_station,true,24.09,2023-10-25T20:00:00.000Z
FLD00070,2023-10-26T00:41:55.000Z,Vo Van Kiet,Quan 1,10.762722,106.699708,59.9,240,severe,blocked,128.7,IoT_sensor,true,113.93,2023-10-26T00:00:00.000Z
FLD00693,2023-10-26T04:08:24.000Z,Vo Van Kiet,Quan 1,10.763853,106.698764,23.9,60,moderate,slow,36.2,IoT_sensor,true,34.73,2023-10-26T04:00:00.000Z
FLD01250,2023-10-26T14:42:18.000Z,Pham The Hien,Quan 8,10.727397,106.681702,10.1,60,light,clear,12.2,monitoring_station,true,25.07,2023-10-26T14:00:00.000Z
FLD00797,2023-10-26T15:41:22.000Z,Vo Van Ngan,Thu Duc,10.848523,106.770462,5.0,60,light,clear,9.5,user_report,true,21.5,2023-10-26T15:00:00.000Z
FLD01117,2023-10-26T19:20:42.000Z,Thoai Ngoc Hau,Tan Phu,10.786052,106.629444,5.8,60,light,clear,6.3,monitoring_station,true,22.06,2023-10-26T19:00:00.000Z
FLD01824,2023-10-27T12:38:35.000Z,An Duong Vuong,Quan 6,10.754426,106.645346,19.7,30,moderate,slow,39.9,traffic_camera,true,22.79,2023-10-27T12:00:00.000Z
FLD00142,2023-10-28T10:39:46.000Z,Le Thi Rieng,Quan 12,10.860273,106.646913,49.5,60,severe,blocked,50.4,user_report,true,52.65,2023-10-28T10:00:00.000Z
FLD01678,2023-10-28T12:06:26.000Z,Hau Giang,Quan 6,10.747899,106.638327,5.0,90,light,clear,6.0,user_report,true,30.5,2023-10-28T12:00:00.000Z
FLD00706,2023-10-29T03:49:48.000Z,Nguyen Van Qua,Quan 12,10.8545,106.661813,21.1,180,moderate,slow,32.4,monitoring_station,true,68.77,2023-10-29T03:00:00.000Z
FLD02319,2023-10-29T16:27:27.000Z,Tran Xuan Soan,Quan 7,10.750363,106.698396,10.2,60,light,clear,24.3,monitoring_station,true,25.14,2023-10-29T16:00:00.000Z
FLD00438,2023-10-30T12:32:48.000Z,Nguyen Van Khoi,Go Vap,10.827243,106.692264,9.4,90,light,clear,9.0,user_report,true,33.58,2023-10-30T12:00:00.000Z
FLD00279,2023-10-30T16:29:40.000Z,Le Dinh Can,Binh Tan,10.76635,106.596179,8.2,180,light,clear,14.0,traffic_camera,true,59.74,2023-10-30T16:00:00.000Z
FLD01493,2023-10-31T09:34:51.000Z,Vo Van Ngan,Thu Duc,10.850093,106.77334,9.2,60,light,clear,19.5,IoT_sensor,true,24.439999999999998,2023-10-31T09:00:00.000Z
FLD00219,2023-11-02T08:47:02.000Z,Tan Ky Tan Quy,Binh Tan,10.787749,106.604378,23.3,90,moderate,slow,37.4,monitoring_station,true,43.31,2023-11-02T08:00:00.000Z
FLD01075,2023-11-02T18:37:48.000Z,Ta Quang Buu,Quan 8,10.744124,106.664793,14.6,30,light,clear,29.1,user_report,true,19.22,2023-11-02T18:00:00.000Z
FLD00829,2023-11-03T10:51:01.000Z,Lam Van Ben,Quan 7,10.720125,106.686311,23.5,90,moderate,slow,41.7,user_report,true,43.45,2023-11-03T10:00:00.000Z
FLD01382,2023-11-03T16:24:52.000Z,Phan Huy Ich,Go Vap,10.829228,106.671404,5.0,60,light,clear,11.2,IoT_sensor,true,21.5,2023-11-03T16:00:00.000Z
FLD02342,2023-11-03T18:22:45.000Z,Le Thi Rieng,Quan 12,10.861659,106.647538,15.9,60,moderate,slow,30.4,monitoring_station,true,29.13,2023-11-03T18:00:00.000Z
FLD01399,2023-11-03T21:18:09.000Z,Kinh Duong Vuong,Quan 6,10.744489,106.617328,25.6,180,moderate,slow,36.4,monitoring_station,true,71.92,2023-11-03T21:00:00.000Z
FLD02378,2023-11-04T15:22:59.000Z,Le Van Viet,Thu Duc,10.846928,106.790616,5.0,60,light,clear,7.5,traffic_camera,true,21.5,2023-11-04T15:00:00.000Z
FLD00953,2023-11-04T22:20:51.000Z,Kinh Duong Vuong,Quan 6,10.743836,106.614946,40.1,30,severe,blocked,74.5,IoT_sensor,true,37.07,2023-11-04T22:00:00.000Z
FLD00639,2023-11-05T08:20:53.000Z,Nguyen Van Khoi,Go Vap,10.829539,106.694512,11.8,240,light,clear,10.2,traffic_camera,true,80.26,2023-11-05T08:00:00.000Z
FLD01390,2023-11-05T08:30:32.000Z,Vo Van Kiet,Quan 1,10.762537,106.69949,30.7,30,severe,blocked,38.0,IoT_sensor,true,30.49,2023-11-05T08:00:00.000Z
FLD01979,2023-11-05T09:36:01.000Z,Binh Long,Tan Phu,10.799285,106.614978,14.7,120,light,clear,27.3,user_report,true,46.29,2023-11-05T09:00:00.000Z
FLD01157,2023-11-05T09:46:45.000Z,Nguyen Trai,Quan 5,10.754834,106.662571,5.0,60,light,clear,12.2,IoT_sensor,true,21.5,2023-11-05T09:00:00.000Z
FLD00662,2023-11-05T11:15:04.000Z,Da Nam,Quan 8,10.740735,106.671558,5.0,90,light,clear,4.6,user_report,true,30.5,2023-11-05T11:00:00.000Z
FLD01547,2023-11-05T13:21:28.000Z,Binh Long,Tan Phu,10.800322,106.615852,17.0,90,moderate,slow,25.1,user_report,true,38.9,2023-11-05T13:00:00.000Z
FLD01638,2023-11-05T17:03:35.000Z,Linh Dong,Thu Duc,10.866329,106.767081,25.2,180,moderate,slow,35.5,monitoring_station,true,71.64,2023-11-05T17:00:00.000Z
FLD02077,2023-11-05T19:17:34.000Z,Do Xuan Hop,Thu Duc,10.834283,106.784281,24.1,90,moderate,slow,36.4,IoT_sensor,true,43.870000000000005,2023-11-05T19:00:00.000Z
FLD01134,2023-11-05T19:26:51.000Z,Nguyen Huu Canh,Binh Thanh,10.786037,106.721169,20.3,60,moderate,slow,25.1,IoT_sensor,true,32.21,2023-11-05T19:00:00.000Z
FLD00162,2023-11-05T19:47:59.000Z,Ung Van Khiem,Binh Thanh,10.811751,106.712283,21.5,180,moderate,slow,20.5,IoT_sensor,true,69.05,2023-11-05T19:00:00.000Z
FLD01191,2023-11-05T22:15:37.000Z,Kha Van Can,Thu Duc,10.850178,106.756447,23.1,90,moderate,slow,29.5,IoT_sensor,true,43.17,2023-11-05T22:00:00.000Z
FLD01242,2023-11-06T04:20:48.000Z,Tran Xuan Soan,Quan 7,10.751976,106.699958,15.8,180,moderate,slow,18.7,user_report,true,65.06,2023-11-06T04:00:00.000Z
FLD01540,2023-11-06T04:38:58.000Z,Le Van Luong,Quan 7,10.735,106.705946,29.8,120,moderate,slow,46.1,IoT_sensor,true,56.86,2023-11-06T04:00:00.000Z
FLD01110,2023-11-06T07:20:11.000Z,Kha Van Can,Thu Duc,10.850924,106.754287,9.3,60,light,clear,13.3,IoT_sensor,true,24.509999999999998,2023-11-06T07:00:00.000Z
FLD00245,2023-11-06T15:56:20.000Z,Huynh Tan Phat,Quan 7,10.727793,106.722851,10.7,30,light,clear,24.8,traffic_camera,true,16.49,2023-11-06T15:00:00.000Z
FLD01545,2023-11-06T16:19:23.000Z,Le Thi Rieng,Quan 12,10.862198,106.646556,6.7,60,light,clear,10.6,IoT_sensor,true,22.689999999999998,2023-11-06T16:00:00.000Z
FLD00742,2023-11-07T09:09:22.000Z,Pham Van Dong,Binh Thanh,10.818329,106.703142,15.7,30,moderate,slow,36.4,IoT_sensor,true,19.99,2023-11-07T09:00:00.000Z
FLD00380,2023-11-08T02:02:09.000Z,Le Thi Rieng,Quan 12,10.862901,106.649943,5.0,30,light,clear,10.7,user_report,true,12.5,2023-11-08T02:00:00.000Z
FLD01436,2023-11-08T20:37:47.000Z,Ma Lo,Binh Tan,10.763889,106.613705,11.8,30,light,clear,10.7,user_report,true,17.259999999999998,2023-11-08T20:00:00.000Z
FLD00081,2023-11-09T00:47:10.000Z,Hau Giang,Quan 6,10.744762,106.63932,13.1,240,light,clear,11.4,IoT_sensor,true,81.17,2023-11-09T00:00:00.000Z
FLD00726,2023-11-09T03:33:05.000Z,Nguyen Huu Canh,Binh Thanh,10.786687,106.719992,5.0,240,light,clear,4.4,user_report,true,75.5,2023-11-09T03:00:00.000Z
FLD01763,2023-11-09T19:58:23.000Z,Ba Thang Hai,Quan 10,10.776363,106.671117,11.7,30,light,clear,11.3,traffic_camera,true,17.189999999999998,2023-11-09T19:00:00.000Z
FLD00204,2023-11-10T04:38:18.000Z,Nguyen Van Khoi,Go Vap,10.826881,106.691502,14.9,240,light,clear,16.5,user_report,true,82.43,2023-11-10T04:00:00.000Z
FLD01732,2023-11-10T09:28:53.000Z,Hoa Binh,Tan Phu,10.802639,106.620642,25.1,30,moderate,slow,40.7,user_report,true,26.57,2023-11-10T09:00:00.000Z
FLD00082,2023-11-11T01:45:11.000Z,Huynh Tan Phat,Quan 7,10.727328,106.721708,8.2,30,light,clear,7.4,IoT_sensor,true,14.739999999999998,2023-11-11T01:00:00.000Z
FLD02043,2023-11-11T02:02:54.000Z,Tan Ky Tan Quy,Binh Tan,10.789846,106.602412,28.4,30,moderate,slow,67.1,IoT_sensor,true,28.88,2023-11-11T02:00:00.000Z
FLD01705,2023-11-11T09:23:33.000Z,Nguyen Van Khoi,Go Vap,10.830077,106.694443,14.7,60,light,clear,15.8,IoT_sensor,true,28.29,2023-11-11T09:00:00.000Z
FLD01618,2023-11-11T12:03:23.000Z,Nguyen Van Qua,Quan 12,10.853078,106.661577,42.0,120,severe,blocked,71.3,user_report,true,65.4,2023-11-11T12:00:00.000Z
FLD01469,2023-11-11T12:09:57.000Z,Nguyen Van Khoi,Go Vap,10.829048,106.693691,15.7,90,moderate,slow,28.1,IoT_sensor,true,37.989999999999995,2023-11-11T12:00:00.000Z
FLD00360,2023-11-12T10:05:45.000Z,Linh Dong,Thu Duc,10.863788,106.767093,5.0,30,light,clear,6.4,traffic_camera,true,12.5,2023-11-12T10:00:00.000Z
FLD00436,2023-11-12T15:53:44.000Z,Kinh Duong Vuong,Quan 6,10.745192,106.614329,15.6,60,moderate,slow,35.5,IoT_sensor,true,28.92,2023-11-12T15:00:00.000Z
FLD00057,2023-11-13T14:51:16.000Z,CMT8,Quan 3,10.782868,106.678722,24.3,120,moderate,slow,24.2,user_report,true,53.01,2023-11-13T14:00:00.000Z
FLD01301,2023-11-13T16:10:38.000Z,Kha Van Can,Thu Duc,10.850905,106.755871,5.0,90,light,clear,4.5,user_report,true,30.5,2023-11-13T16:00:00.000Z
FLD01810,2023-11-13T16:31:46.000Z,Da Nam,Quan 8,10.743347,106.672396,9.1,90,light,clear,13.9,IoT_sensor,true,33.37,2023-11-13T16:00:00.000Z
FLD00392,2023-11-13T23:20:51.000Z,Le Thi Rieng,Quan 12,10.860114,106.64985,28.4,60,moderate,slow,43.6,user_report,true,37.879999999999995,2023-11-13T23:00:00.000Z
FLD00740,2023-11-14T00:15:49.000Z,Le Van Luong,Quan 7,10.738034,106.704043,10.4,240,light,clear,15.8,monitoring_station,true,79.28,2023-11-14T00:00:00.000Z
FLD02050,2023-11-14T04:44:33.000Z,Kha Van Can,Thu Duc,10.852816,106.754581,21.4,180,moderate,slow,44.3,traffic_camera,true,68.98,2023-11-14T04:00:00.000Z
FLD00136,2023-11-14T14:50:03.000Z,Linh Dong,Thu Duc,10.866078,106.766085,10.3,90,light,clear,8.3,IoT_sensor,true,34.21,2023-11-14T14:00:00.000Z
FLD00290,2023-11-14T21:31:32.000Z,Kha Van Can,Thu Duc,10.850905,106.756047,23.1,30,moderate,slow,27.6,user_report,true,25.17,2023-11-14T21:00:00.000Z
FLD00980,2023-11-14T21:57:52.000Z,Hau Giang,Quan 6,10.747451,106.641019,26.1,180,moderate,slow,38.6,IoT_sensor,true,72.27,2023-11-14T21:00:00.000Z
FLD00319,2023-11-15T14:22:55.000Z,Nguyen Trai,Quan 5,10.756986,106.664331,13.5,60,light,clear,32.2,user_report,true,27.45,2023-11-15T14:00:00.000Z
FLD01825,2023-11-15T14:37:24.000Z,Thoai Ngoc Hau,Tan Phu,10.787828,106.630118,8.5,30,light,clear,17.7,IoT_sensor,true,14.95,2023-11-15T14:00:00.000Z
FLD01477,2023-11-15T18:30:07.000Z,To Ky,Quan 12,10.866556,106.632132,18.8,30,moderate,slow,28.9,IoT_sensor,true,22.16,2023-11-15T18:00:00.000Z
FLD02329,2023-11-16T01:36:09.000Z,Huynh Tan Phat,Quan 7,10.726762,106.724288,5.9,90,light,clear,9.1,user_report,true,31.13,2023-11-16T01:00:00.000Z
FLD01891,2023-11-17T02:13:37.000Z,Phan Huy Ich,Go Vap,10.83115,106.671562,18.1,30,moderate,slow,18.3,monitoring_station,true,21.67,2023-11-17T02:00:00.000Z
FLD00821,2023-11-17T11:37:08.000Z,Linh Dong,Thu Duc,10.862557,106.764364,25.2,30,moderate,slow,29.8,IoT_sensor,true,26.639999999999997,2023-11-17T11:00:00.000Z
FLD00778,2023-11-17T20:36:01.000Z,Nguyen Huu Canh,Binh Thanh,10.789561,106.721318,31.0,90,severe,blocked,56.3,traffic_camera,true,48.7,2023-11-17T20:00:00.000Z
FLD01972,2023-11-18T13:58:07.000Z,Le Thi Rieng,Quan 12,10.862613,106.647957,14.8,60,light,clear,18.2,traffic_camera,true,28.36,2023-11-18T13:00:00.000Z
FLD02257,2023-11-18T21:04:21.000Z,To Ky,Quan 12,10.867969,106.63262,16.6,90,moderate,slow,17.8,user_report,true,38.620000000000005,2023-11-18T21:00:00.000Z
FLD00461,2023-11-18T21:46:38.000Z,Nguyen Huu Canh,Binh Thanh,10.78774,106.721163,5.0,60,light,clear,4.3,IoT_sensor,true,21.5,2023-11-18T21:00:00.000Z
FLD00542,2023-11-19T10:20:03.000Z,Huynh Tan Phat,Quan 7,10.72805,106.721954,20.3,60,moderate,slow,23.9,user_report,true,32.21,2023-11-19T10:00:00.000Z
FLD02159,2023-11-19T13:54:28.000Z,Vo Van Kiet,Quan 1,10.761358,106.696617,6.4,120,light,clear,11.8,user_report,true,40.48,2023-11-19T13:00:00.000Z
FLD00860,2023-11-19T20:31:33.000Z,Kha Van Can,Thu Duc,10.852765,106.756143,24.8,30,moderate,slow,41.2,IoT_sensor,true,26.36,2023-11-19T20:00:00.000Z
FLD01300,2023-11-19T22:45:42.000Z,Le Dinh Can,Binh Tan,10.764973,106.596207,26.3,60,moderate,slow,30.3,monitoring_station,true,36.41,2023-11-19T22:00:00.000Z
FLD00028,2023-11-19T23:59:23.000Z,Tran Xuan Soan,Quan 7,10.752108,106.69997,21.5,90,moderate,slow,30.9,IoT_sensor,true,42.05,2023-11-19T23:00:00.000Z
FLD02255,2023-11-20T08:12:22.000Z,Hau Giang,Quan 6,10.748319,106.640355,42.0,30,severe,blocked,84.0,traffic_camera,true,38.4,2023-11-20T08:00:00.000Z
FLD02297,2023-11-20T10:26:33.000Z,To Ky,Quan 12,10.867499,106.631562,21.7,90,moderate,slow,28.4,user_report,true,42.19,2023-11-20T10:00:00.000Z
FLD01318,2023-11-20T19:48:17.000Z,Hau Giang,Quan 6,10.745906,106.640637,42.0,120,severe,blocked,59.7,monitoring_station,true,65.4,2023-11-20T19:00:00.000Z
FLD00876,2023-11-21T04:18:05.000Z,Ung Van Khiem,Binh Thanh,10.811192,106.709377,8.1,60,light,clear,7.3,user_report,true,23.669999999999998,2023-11-21T04:00:00.000Z
FLD00365,2023-11-21T13:46:06.000Z,Kinh Duong Vuong,Quan 6,10.742263,106.616055,8.4,90,light,clear,10.7,IoT_sensor,true,32.88,2023-11-21T13:00:00.000Z
FLD00335,2023-11-22T01:03:29.000Z,Tran Nao,Quan 2,10.782614,106.737336,6.0,60,light,clear,12.6,monitoring_station,true,22.2,2023-11-22T01:00:00.000Z
FLD01495,2023-11-22T07:58:36.000Z,Huynh Tan Phat,Quan 7,10.726719,106.722499,10.3,30,light,clear,18.5,monitoring_station,true,16.21,2023-11-22T07:00:00.000Z
FLD00666,2023-11-22T08:57:51.000Z,Xo Viet Nghe Tinh,Binh Thanh,10.807005,106.711823,13.4,90,light,clear,31.4,traffic_camera,true,36.379999999999995,2023-11-22T08:00:00.000Z
FLD00318,2023-11-23T06:32:55.000Z,To Ky,Quan 12,10.866601,106.630771,40.6,60,severe,blocked,64.1,user_report,true,46.42,2023-11-23T06:00:00.000Z
FLD00811,2023-11-23T15:11:22.000Z,Tan Ky Tan Quy,Binh Tan,10.789139,106.604016,60.7,30,severe,blocked,114.9,traffic_camera,true,51.49,2023-11-23T15:00:00.000Z
FLD00848,2023-11-23T20:36:33.000Z,CMT8,Quan 3,10.779965,106.67851,6.4,60,light,clear,14.8,user_report,true,22.48,2023-11-23T20:00:00.000Z
FLD02356,2023-11-23T22:23:41.000Z,To Ky,Quan 12,10.865518,106.629626,10.8,90,light,clear,21.4,IoT_sensor,true,34.56,2023-11-23T22:00:00.000Z
FLD01520,2023-11-23T22:42:59.000Z,Do Xuan Hop,Thu Duc,10.832174,106.782549,5.0,30,light,clear,10.1,IoT_sensor,true,12.5,2023-11-23T22:00:00.000Z
FLD01327,2023-11-25T14:04:34.000Z,Tam Binh,Thu Duc,10.861726,106.738593,14.0,30,light,clear,26.2,IoT_sensor,true,18.799999999999997,2023-11-25T14:00:00.000Z
FLD01875,2023-11-26T00:06:45.000Z,An Duong Vuong,Quan 6,10.754972,106.643643,18.2,60,moderate,slow,21.2,user_report,true,30.74,2023-11-26T00:00:00.000Z
FLD02028,2023-11-28T07:27:55.000Z,Vo Van Ngan,Thu Duc,10.851454,106.772768,11.5,60,light,clear,19.6,user_report,true,26.049999999999997,2023-11-28T07:00:00.000Z
FLD00673,2023-11-28T16:08:49.000Z,Vo Van Ngan,Thu Duc,10.851733,106.773547,28.9,30,moderate,slow,29.7,IoT_sensor,true,29.229999999999997,2023-11-28T16:00:00.000Z
FLD00155,2023-11-28T17:21:18.000Z,Pham Van Dong,Binh Thanh,10.819839,106.701123,28.2,180,moderate,slow,28.2,monitoring_station,true,73.74,2023-11-28T17:00:00.000Z
FLD01394,2023-11-29T01:39:21.000Z,Nguyen Van Qua,Quan 12,10.854637,106.662007,16.0,120,moderate,slow,15.0,IoT_sensor,true,47.2,2023-11-29T01:00:00.000Z
FLD01121,2023-11-29T15:04:14.000Z,Le Van Viet,Thu Duc,10.845536,106.790975,23.6,60,moderate,slow,23.0,user_report,true,34.519999999999996,2023-11-29T15:00:00.000Z
FLD02249,2023-11-29T18:21:01.000Z,Nguyen Van Khoi,Go Vap,10.828196,106.693428,20.9,30,moderate,slow,35.8,IoT_sensor,true,23.629999999999995,2023-11-29T18:00:00.000Z
FLD00194,2023-11-30T06:22:36.000Z,An Duong Vuong,Quan 6,10.755042,106.645476,24.0,30,moderate,slow,58.3,IoT_sensor,true,25.799999999999997,2023-11-30T06:00:00.000Z
FLD00447,2023-11-30T15:15:57.000Z,Huynh Tan Phat,Quan 7,10.72776,106.724109,9.8,30,light,clear,11.5,user_report,true,15.86,2023-11-30T15:00:00.000Z
FLD00772,2023-11-30T19:28:13.000Z,Nguyen Van Qua,Quan 12,10.856061,106.662882,19.5,120,moderate,slow,39.3,user_report,true,49.65,2023-11-30T19:00:00.000Z
FLD01879,2023-12-01T19:19:26.000Z,Le Thi Rieng,Quan 12,10.859505,106.646953,16.1,120,moderate,slow,20.2,IoT_sensor,true,47.269999999999996,2023-12-01T19:00:00.000Z
FLD01832,2023-12-01T20:26:22.000Z,Lam Van Ben,Quan 7,10.717522,106.685385,9.8,30,light,clear,18.9,user_report,true,15.86,2023-12-01T20:00:00.000Z
FLD01190,2023-12-01T21:07:12.000Z,Nguyen Trai,Quan 5,10.756959,106.663683,20.7,120,moderate,slow,34.1,IoT_sensor,true,50.489999999999995,2023-12-01T21:00:00.000Z
FLD01236,2023-12-01T22:04:46.000Z,Quang Trung,Go Vap,10.836339,106.66566,18.3,240,moderate,slow,25.7,IoT_sensor,true,84.81,2023-12-01T22:00:00.000Z
FLD00248,2023-12-02T08:01:51.000Z,Quang Trung,Go Vap,10.838622,106.662876,10.8,30,light,clear,20.6,IoT_sensor,true,16.56,2023-12-02T08:00:00.000Z
FLD00952,2023-12-02T22:30:54.000Z,Linh Dong,Thu Duc,10.866275,106.76671,11.6,60,light,clear,24.9,user_report,true,26.119999999999997,2023-12-02T22:00:00.000Z
FLD00126,2023-12-03T00:28:56.000Z,Nguyen Van Qua,Quan 12,10.852881,106.663411,15.7,90,moderate,slow,39.2,traffic_camera,true,37.989999999999995,2023-12-03T00:00:00.000Z
FLD02207,2023-12-03T14:45:19.000Z,Le Van Viet,Thu Duc,10.845327,106.790636,16.5,30,moderate,slow,29.1,traffic_camera,true,20.549999999999997,2023-12-03T14:00:00.000Z
FLD00234,2023-12-03T18:45:47.000Z,Hoa Binh,Tan Phu,10.805341,106.623354,11.0,30,light,clear,26.3,monitoring_station,true,16.7,2023-12-03T18:00:00.000Z
FLD01983,2023-12-03T19:33:05.000Z,Thoai Ngoc Hau,Tan Phu,10.787496,106.627667,5.1,60,light,clear,6.1,user_report,true,21.57,2023-12-03T19:00:00.000Z
FLD01598,2023-12-04T01:04:46.000Z,Ma Lo,Binh Tan,10.763129,106.612836,15.8,30,moderate,slow,29.9,IoT_sensor,true,20.060000000000002,2023-12-04T01:00:00.000Z
FLD00745,2023-12-05T17:55:35.000Z,Nguyen Anh Thu,Quan 12,10.876167,106.644626,10.5,240,light,clear,16.6,IoT_sensor,true,79.35,2023-12-05T17:00:00.000Z
FLD01575,2023-12-06T00:21:16.000Z,Le Thi Rieng,Quan 12,10.861449,106.649852,10.0,60,light,clear,15.8,monitoring_station,true,25.0,2023-12-06T00:00:00.000Z
FLD02048,2023-12-06T09:41:23.000Z,Xo Viet Nghe Tinh,Binh Thanh,10.809488,106.710354,30.4,30,severe,blocked,35.5,traffic_camera,true,30.279999999999998,2023-12-06T09:00:00.000Z
FLD00653,2023-12-06T11:53:21.000Z,Pham Van Dong,Binh Thanh,10.81935,106.701624,5.0,30,light,clear,9.2,user_report,true,12.5,2023-12-06T11:00:00.000Z
FLD00759,2023-12-06T18:08:06.000Z,Lam Van Ben,Quan 7,10.71753,106.686395,6.4,90,light,clear,10.5,user_report,true,31.48,2023-12-06T18:00:00.000Z
FLD00563,2023-12-06T22:03:07.000Z,Kinh Duong Vuong,Quan 6,10.74293,106.614605,5.0,30,light,clear,8.4,traffic_camera,true,12.5,2023-12-06T22:00:00.000Z
FLD01723,2023-12-07T05:34:26.000Z,Lam Van Ben,Quan 7,10.717152,106.683575,5.0,30,light,clear,12.5,user_report,true,12.5,2023-12-07T05:00:00.000Z
FLD00437,2023-12-07T19:21:31.000Z,Nguyen Thi Thap,Quan 7,10.741541,106.713644,16.3,30,moderate,slow,27.8,traffic_camera,true,20.41,2023-12-07T19:00:00.000Z
FLD01589,2023-12-08T08:05:06.000Z,Kha Van Can,Thu Duc,10.850568,106.756451,40.6,90,severe,blocked,96.7,IoT_sensor,true,55.42,2023-12-08T08:00:00.000Z
FLD01532,2023-12-08T08:32:30.000Z,Nguyen Trai,Quan 5,10.75705,106.663495,8.6,90,light,clear,19.5,IoT_sensor,true,33.019999999999996,2023-12-08T08:00:00.000Z
FLD00989,2023-12-09T01:50:23.000Z,Hau Giang,Quan 6,10.748291,106.638456,8.7,30,light,clear,18.6,traffic_camera,true,15.09,2023-12-09T01:00:00.000Z
FLD01926,2023-12-09T03:07:41.000Z,Le Thi Rieng,Quan 12,10.861001,106.647416,26.7,90,moderate,slow,28.1,user_report,true,45.69,2023-12-09T03:00:00.000Z
FLD00382,2023-12-09T07:24:37.000Z,CMT8,Quan 3,10.780789,106.678528,16.9,30,moderate,slow,29.7,IoT_sensor,true,20.83,2023-12-09T07:00:00.000Z
FLD00323,2023-12-09T08:01:54.000Z,Linh Dong,Thu Duc,10.866372,106.76373,11.7,30,light,clear,16.9,traffic_camera,true,17.189999999999998,2023-12-09T08:00:00.000Z
FLD00817,2023-12-09T12:15:09.000Z,Tan Ky Tan Quy,Binh Tan,10.788037,106.603334,5.0,30,light,clear,8.9,traffic_camera,true,12.5,2023-12-09T12:00:00.000Z
FLD01295,2023-12-09T12:26:26.000Z,Ma Lo,Binh Tan,10.765476,106.614588,13.9,90,light,clear,26.6,IoT_sensor,true,36.730000000000004,2023-12-09T12:00:00.000Z
FLD00161,2023-12-09T14:18:49.000Z,Ung Van Khiem,Binh Thanh,10.812504,106.709307,5.0,30,light,clear,11.8,user_report,true,12.5,2023-12-09T14:00:00.000Z
FLD00297,2023-12-09T14:34:43.000Z,An Duong Vuong,Quan 6,10.754095,106.644388,28.3,90,moderate,slow,52.2,user_report,true,46.81,2023-12-09T14:00:00.000Z
FLD01496,2023-12-09T22:36:18.000Z,Binh Long,Tan Phu,10.798482,106.616103,10.7,30,light,clear,22.0,IoT_sensor,true,16.49,2023-12-09T22:00:00.000Z
FLD02267,2023-12-10T06:01:27.000Z,Tran Nao,Quan 2,10.781928,106.736335,40.3,90,severe,blocked,59.1,user_report,true,55.209999999999994,2023-12-10T06:00:00.000Z
FLD00893,2023-12-10T14:05:40.000Z,Linh Dong,Thu Duc,10.865848,106.764181,8.0,120,light,clear,13.1,IoT_sensor,true,41.6,2023-12-10T14:00:00.000Z
FLD00692,2023-12-10T20:12:05.000Z,Le Van Luong,Quan 7,10.736235,106.707132,5.0,30,light,clear,6.6,user_report,true,12.5,2023-12-10T20:00:00.000Z
FLD01648,2023-12-10T21:43:52.000Z,Nguyen Trai,Quan 5,10.756608,106.662697,28.9,180,moderate,slow,52.3,IoT_sensor,true,74.22999999999999,2023-12-10T21:00:00.000Z
FLD01086,2023-12-11T06:37:25.000Z,CMT8,Quan 3,10.782273,106.681758,20.2,120,moderate,slow,20.2,IoT_sensor,true,50.14,2023-12-11T06:00:00.000Z
FLD02310,2023-12-12T02:04:59.000Z,Kha Van Can,Thu Duc,10.851514,106.753771,31.0,30,severe,blocked,62.3,IoT_sensor,true,30.7,2023-12-12T02:00:00.000Z
FLD00775,2023-12-12T05:54:07.000Z,Da Nam,Quan 8,10.742783,106.672287,24.4,30,moderate,slow,42.8,traffic_camera,true,26.08,2023-12-12T05:00:00.000Z
FLD00217,2023-12-12T06:45:45.000Z,Thoai Ngoc Hau,Tan Phu,10.787552,106.630381,11.7,30,light,clear,28.3,traffic_camera,true,17.189999999999998,2023-12-12T06:00:00.000Z
FLD02394,2023-12-12T20:31:19.000Z,Nguyen Van Khoi,Go Vap,10.82711,106.694015,10.1,30,light,clear,24.7,user_report,true,16.07,2023-12-12T20:00:00.000Z
FLD02107,2023-12-13T18:26:42.000Z,Hau Giang,Quan 6,10.74508,106.637834,51.0,60,severe,blocked,55.3,user_report,true,53.699999999999996,2023-12-13T18:00:00.000Z
FLD00843,2023-12-14T07:00:19.000Z,Lam Van Ben,Quan 7,10.718258,106.683985,25.2,60,moderate,slow,62.9,IoT_sensor,true,35.64,2023-12-14T07:00:00.000Z
FLD01504,2023-12-15T05:04:47.000Z,Kha Van Can,Thu Duc,10.853411,106.753159,16.0,180,moderate,slow,37.3,IoT_sensor,true,65.2,2023-12-15T05:00:00.000Z
FLD00553,2023-12-15T21:04:58.000Z,Vo Van Ngan,Thu Duc,10.849333,106.773248,5.0,180,light,clear,7.5,user_report,true,57.5,2023-12-15T21:00:00.000Z
FLD02057,2023-12-16T05:42:09.000Z,Xo Viet Nghe Tinh,Binh Thanh,10.805859,106.713195,25.9,240,moderate,slow,34.5,user_report,true,90.13,2023-12-16T05:00:00.000Z
FLD00857,2023-12-16T08:44:57.000Z,To Ky,Quan 12,10.864681,106.63166,19.7,120,moderate,slow,23.7,IoT_sensor,true,49.79,2023-12-16T08:00:00.000Z
FLD01841,2023-12-16T11:42:19.000Z,Nguyen Trai,Quan 5,10.754707,106.662833,20.9,90,moderate,slow,49.0,IoT_sensor,true,41.629999999999995,2023-12-16T11:00:00.000Z
FLD00792,2023-12-17T19:10:47.000Z,Da Nam,Quan 8,10.741302,106.674162,12.0,60,light,clear,27.0,user_report,true,26.4,2023-12-17T19:00:00.000Z
FLD01106,2023-12-18T05:35:44.000Z,Hau Giang,Quan 6,10.746285,106.638842,24.9,90,moderate,slow,51.4,user_report,true,44.42999999999999,2023-12-18T05:00:00.000Z
FLD01338,2023-12-18T15:36:43.000Z,Vo Van Kiet,Quan 1,10.762918,106.69803,6.2,180,light,clear,6.2,IoT_sensor,true,58.34,2023-12-18T15:00:00.000Z
FLD02253,2023-12-19T16:30:23.000Z,Tran Xuan Soan,Quan 7,10.750836,106.699834,28.2,60,moderate,slow,25.3,user_report,true,37.739999999999995,2023-12-19T16:00:00.000Z
FLD00346,2023-12-19T17:21:08.000Z,An Duong Vuong,Quan 6,10.755126,106.644305,18.7,180,moderate,slow,23.1,IoT_sensor,true,67.09,2023-12-19T17:00:00.000Z
FLD01315,2023-12-20T01:46:39.000Z,Le Dinh Can,Binh Tan,10.764563,106.598154,14.1,120,light,clear,33.4,user_report,true,45.87,2023-12-20T01:00:00.000Z
FLD00955,2023-12-21T15:18:24.000Z,Le Thi Rieng,Quan 12,10.861208,106.648142,29.8,30,moderate,slow,57.3,monitoring_station,true,29.86,2023-12-21T15:00:00.000Z
FLD00753,2023-12-21T17:58:12.000Z,Quang Trung,Go Vap,10.83742,106.665392,16.9,60,moderate,slow,24.9,IoT_sensor,true,29.83,2023-12-21T17:00:00.000Z
FLD00737,2023-12-21T18:20:39.000Z,Nguyen Van Qua,Quan 12,10.85567,106.661552,10.8,90,light,clear,24.8,IoT_sensor,true,34.56,2023-12-21T18:00:00.000Z
FLD01632,2023-12-22T04:23:01.000Z,Pham The Hien,Quan 8,10.728616,106.684303,26.5,180,moderate,slow,53.9,IoT_sensor,true,72.55,2023-12-22T04:00:00.000Z
FLD02392,2023-12-23T07:27:58.000Z,Kha Van Can,Thu Duc,10.850838,106.754007,79.0,90,severe,blocked,124.7,IoT_sensor,true,82.3,2023-12-23T07:00:00.000Z
FLD00815,2023-12-23T11:58:08.000Z,Ung Van Khiem,Binh Thanh,10.811953,106.709029,29.4,90,moderate,slow,68.6,IoT_sensor,true,47.58,2023-12-23T11:00:00.000Z
FLD02360,2023-12-23T13:12:07.000Z,Huynh Tan Phat,Quan 7,10.727528,106.723666,9.5,60,light,clear,23.4,monitoring_station,true,24.65,2023-12-23T13:00:00.000Z
FLD02138,2023-12-23T17:12:18.000Z,Vo Van Kiet,Quan 1,10.762217,106.697525,18.5,30,moderate,slow,37.3,user_report,true,21.95,2023-12-23T17:00:00.000Z
FLD00981,2023-12-23T17:32:39.000Z,Pham The Hien,Quan 8,10.725861,106.683772,21.8,30,moderate,slow,19.8,traffic_camera,true,24.259999999999998,2023-12-23T17:00:00.000Z
FLD00063,2023-12-23T20:24:28.000Z,Tran Nao,Quan 2,10.784181,106.737552,13.3,30,light,clear,25.1,monitoring_station,true,18.310000000000002,2023-12-23T20:00:00.000Z
FLD00727,2023-12-24T05:27:30.000Z,Ma Lo,Binh Tan,10.762535,106.614883,16.0,180,moderate,slow,37.9,IoT_sensor,true,65.2,2023-12-24T05:00:00.000Z
FLD02132,2023-12-24T07:38:20.000Z,To Ky,Quan 12,10.865049,106.631933,40.1,60,severe,blocked,96.2,monitoring_station,true,46.07,2023-12-24T07:00:00.000Z
FLD01105,2023-12-25T04:16:49.000Z,Tam Binh,Thu Duc,10.862195,106.736518,14.2,30,light,clear,17.2,monitoring_station,true,18.939999999999998,2023-12-25T04:00:00.000Z
FLD00862,2023-12-25T12:41:54.000Z,Hau Giang,Quan 6,10.745906,106.641268,16.6,30,moderate,slow,23.1,IoT_sensor,true,20.62,2023-12-25T12:00:00.000Z
FLD02281,2023-12-25T14:17:02.000Z,Vo Van Ngan,Thu Duc,10.850358,106.772064,9.6,60,light,clear,14.9,IoT_sensor,true,24.72,2023-12-25T14:00:00.000Z
FLD01789,2023-12-26T12:56:04.000Z,Vo Van Ngan,Thu Duc,10.851978,106.773606,9.5,90,light,clear,10.1,IoT_sensor,true,33.65,2023-12-26T12:00:00.000Z
FLD02285,2023-12-26T15:45:22.000Z,Ma Lo,Binh Tan,10.764651,106.612934,20.6,180,moderate,slow,19.2,user_report,true,68.42,2023-12-26T15:00:00.000Z
FLD00456,2023-12-26T16:00:16.000Z,Tam Binh,Thu Duc,10.861223,106.74013,20.7,180,moderate,slow,39.7,IoT_sensor,true,68.49,2023-12-26T16:00:00.000Z
FLD01051,2023-12-27T05:24:53.000Z,Le Thi Rieng,Quan 12,10.860129,106.650403,5.3,240,light,clear,4.5,monitoring_station,true,75.71,2023-12-27T05:00:00.000Z
FLD01244,2023-12-27T07:51:42.000Z,Nguyen Thi Thap,Quan 7,10.742442,106.713981,20.4,30,moderate,slow,22.1,IoT_sensor,true,23.279999999999998,2023-12-27T07:00:00.000Z
FLD01534,2023-12-28T05:56:50.000Z,No Trang Long,Binh Thanh,10.816313,106.698271,5.0,60,light,clear,12.2,user_report,true,21.5,2023-12-28T05:00:00.000Z
FLD00497,2023-12-28T05:57:20.000Z,To Ky,Quan 12,10.864662,106.631483,22.0,30,moderate,slow,28.0,traffic_camera,true,24.4,2023-12-28T05:00:00.000Z
FLD00781,2023-12-29T00:28:30.000Z,Vo Van Kiet,Quan 1,10.761416,106.69734,15.4,60,moderate,slow,35.9,user_report,true,28.78,2023-12-29T00:00:00.000Z
FLD02321,2023-12-29T08:27:11.000Z,Ung Van Khiem,Binh Thanh,10.812476,106.711008,8.2,120,light,clear,15.2,user_report,true,41.74,2023-12-29T08:00:00.000Z
FLD02241,2023-12-29T15:38:41.000Z,Phan Huy Ich,Go Vap,10.830713,106.671706,50.6,60,severe,blocked,119.0,user_report,true,53.42,2023-12-29T15:00:00.000Z
FLD01299,2023-12-29T16:32:58.000Z,Nguyen Thi Thap,Quan 7,10.742884,106.716428,18.8,90,moderate,slow,23.4,IoT_sensor,true,40.16,2023-12-29T16:00:00.000Z
FLD02387,2023-12-29T17:58:39.000Z,Do Xuan Hop,Thu Duc,10.833761,106.78418,20.9,90,moderate,slow,49.6,IoT_sensor,true,41.629999999999995,2023-12-29T17:00:00.000Z
FLD02012,2023-12-29T18:29:18.000Z,Xo Viet Nghe Tinh,Binh Thanh,10.805726,106.71061,30.9,180,severe,blocked,43.1,user_report,true,75.63,2023-12-29T18:00:00.000Z
FLD00383,2023-12-29T19:19:31.000Z,To Ky,Quan 12,10.867216,106.632526,8.8,30,light,clear,20.2,IoT_sensor,true,15.16,2023-12-29T19:00:00.000Z
FLD00490,2023-12-30T07:33:54.000Z,Lam Van Ben,Quan 7,10.717985,106.682709,15.4,180,moderate,slow,35.2,IoT_sensor,true,64.78,2023-12-30T07:00:00.000Z
FLD00166,2023-12-30T19:18:33.000Z,Tran Nao,Quan 2,10.784627,106.736213,16.6,60,moderate,slow,36.5,IoT_sensor,true,29.62,2023-12-30T19:00:00.000Z
FLD00543,2023-12-31T00:24:20.000Z,Do Xuan Hop,Thu Duc,10.83428,106.782075,20.4,60,moderate,slow,45.6,monitoring_station,true,32.28,2023-12-31T00:00:00.000Z
FLD01527,2023-12-31T01:40:11.000Z,Pham Van Dong,Binh Thanh,10.817174,106.702807,20.9,90,moderate,slow,47.3,monitoring_station,true,41.629999999999995,2023-12-31T01:00:00.000Z
FLD01563,2023-12-31T02:34:49.000Z,Le Van Luong,Quan 7,10.736486,106.705767,51.0,90,severe,blocked,103.2,user_report,true,62.699999999999996,2023-12-31T02:00:00.000Z
FLD00351,2023-12-31T04:43:39.000Z,Tran Nao,Quan 2,10.785164,106.735748,8.5,30,light,clear,7.8,IoT_sensor,true,14.95,2023-12-31T04:00:00.000Z
FLD00691,2023-12-31T07:03:09.000Z,Pham Van Dong,Binh Thanh,10.818279,106.701364,8.6,60,light,clear,9.7,user_report,true,24.02,2023-12-31T07:00:00.000Z
FLD01844,2023-12-31T14:28:12.000Z,Tran Nao,Quan 2,10.78195,106.737002,6.4,90,light,clear,7.7,IoT_sensor,true,31.48,2023-12-31T14:00:00.000Z
FLD01857,2023-12-31T17:50:56.000Z,Lam Van Ben,Quan 7,10.717383,106.685126,5.0,60,light,clear,9.3,IoT_sensor,true,21.5,2023-12-31T17:00:00.000Z
FLD01011,2024-01-01T01:30:25.000Z,Da Nam,Quan 8,10.741421,106.674367,14.6,90,light,clear,19.5,traffic_camera,true,37.22,2024-01-01T01:00:00.000Z
FLD00411,2024-01-01T06:11:15.000Z,Do Xuan Hop,Thu Duc,10.831599,106.78222,5.2,120,light,clear,6.8,IoT_sensor,true,39.64,2024-01-01T06:00:00.000Z
FLD01616,2024-01-01T08:51:25.000Z,Tan Ky Tan Quy,Binh Tan,10.786587,106.601676,28.3,90,moderate,slow,24.5,user_report,true,46.81,2024-01-01T08:00:00.000Z
FLD02266,2024-01-01T11:04:43.000Z,Vo Van Kiet,Quan 1,10.760648,106.697453,6.9,30,light,clear,8.4,user_report,true,13.83,2024-01-01T11:00:00.000Z
FLD00191,2024-01-01T11:34:57.000Z,Lam Van Ben,Quan 7,10.719134,106.685818,51.5,60,severe,blocked,70.7,monitoring_station,true,54.05,2024-01-01T11:00:00.000Z
FLD01947,2024-01-01T20:12:29.000Z,Nguyen Van Khoi,Go Vap,10.829207,106.694521,29.6,180,moderate,slow,44.9,monitoring_station,true,74.72,2024-01-01T20:00:00.000Z
FLD00135,2024-01-02T00:56:27.000Z,Ma Lo,Binh Tan,10.763041,106.612583,14.0,60,light,clear,30.9,monitoring_station,true,27.799999999999997,2024-01-02T00:00:00.000Z
FLD01915,2024-01-02T05:15:57.000Z,Kinh Duong Vuong,Quan 6,10.741949,106.616122,20.1,60,moderate,slow,24.0,IoT_sensor,true,32.07,2024-01-02T05:00:00.000Z
FLD01802,2024-01-02T10:07:25.000Z,Nguyen Huu Canh,Binh Thanh,10.787744,106.723438,14.0,60,light,clear,30.8,user_report,true,27.799999999999997,2024-01-02T10:00:00.000Z
FLD01143,2024-01-02T19:40:41.000Z,Linh Dong,Thu Duc,10.865517,106.766884,11.6,180,light,clear,11.8,user_report,true,62.12,2024-01-02T19:00:00.000Z
FLD01219,2024-01-02T20:23:24.000Z,Da Nam,Quan 8,10.740617,106.673304,15.2,180,moderate,slow,22.5,traffic_camera,true,64.64,2024-01-02T20:00:00.000Z
FLD01799,2024-01-02T20:52:48.000Z,Hoa Binh,Tan Phu,10.803242,106.621688,61.1,60,severe,blocked,107.3,user_report,true,60.769999999999996,2024-01-02T20:00:00.000Z
FLD01667,2024-01-02T23:53:42.000Z,Kha Van Can,Thu Duc,10.850112,106.753718,13.7,60,light,clear,21.0,traffic_camera,true,27.589999999999996,2024-01-02T23:00:00.000Z
FLD02226,2024-01-03T01:50:29.000Z,Tran Xuan Soan,Quan 7,10.753333,106.69693,14.4,30,light,clear,33.0,IoT_sensor,true,19.08,2024-01-03T01:00:00.000Z
FLD00576,2024-01-03T04:03:54.000Z,Kha Van Can,Thu Duc,10.849717,106.755965,15.1,90,moderate,slow,12.2,IoT_sensor,true,37.57,2024-01-03T04:00:00.000Z
FLD00088,2024-01-03T04:10:10.000Z,Vo Van Kiet,Quan 1,10.761365,106.698156,59.4,120,severe,blocked,128.2,IoT_sensor,true,77.58,2024-01-03T04:00:00.000Z
FLD00968,2024-01-03T05:04:38.000Z,Kha Van Can,Thu Duc,10.849607,106.75328,10.9,30,light,clear,22.0,monitoring_station,true,16.63,2024-01-03T05:00:00.000Z
FLD00353,2024-01-03T14:31:34.000Z,Da Nam,Quan 8,10.742968,106.672959,60.7,90,severe,blocked,118.5,traffic_camera,true,69.49000000000001,2024-01-03T14:00:00.000Z
FLD00624,2024-01-03T22:56:58.000Z,Phan Huy Ich,Go Vap,10.830843,106.672922,19.1,90,moderate,slow,22.6,user_report,true,40.370000000000005,2024-01-03T22:00:00.000Z
FLD00236,2024-01-04T05:09:30.000Z,Tran Nao,Quan 2,10.782272,106.736014,5.0,30,light,clear,4.3,IoT_sensor,true,12.5,2024-01-04T05:00:00.000Z
FLD00746,2024-01-04T17:25:12.000Z,To Ky,Quan 12,10.867857,106.63246,5.0,120,light,clear,9.4,IoT_sensor,true,39.5,2024-01-04T17:00:00.000Z
FLD02252,2024-01-04T17:27:34.000Z,Hau Giang,Quan 6,10.745806,106.638236,25.8,30,moderate,slow,54.8,IoT_sensor,true,27.06,2024-01-04T17:00:00.000Z
FLD01980,2024-01-05T05:59:13.000Z,Le Dinh Can,Binh Tan,10.76626,106.596502,9.6,120,light,clear,22.3,user_report,true,42.72,2024-01-05T05:00:00.000Z
FLD01095,2024-01-05T15:41:10.000Z,Pham Van Dong,Binh Thanh,10.818501,106.701113,5.0,30,light,clear,9.2,user_report,true,12.5,2024-01-05T15:00:00.000Z
FLD01613,2024-01-05T16:25:07.000Z,Linh Dong,Thu Duc,10.863274,106.766704,18.2,30,moderate,slow,24.3,user_report,true,21.74,2024-01-05T16:00:00.000Z
FLD00439,2024-01-06T03:19:28.000Z,Nguyen Thi Thap,Quan 7,10.741202,106.717336,6.5,30,light,clear,14.9,IoT_sensor,true,13.55,2024-01-06T03:00:00.000Z
FLD00870,2024-01-06T04:21:12.000Z,Nguyen Anh Thu,Quan 12,10.87586,106.645273,23.6,120,moderate,slow,57.7,IoT_sensor,true,52.519999999999996,2024-01-06T04:00:00.000Z
FLD00766,2024-01-06T07:53:30.000Z,Hau Giang,Quan 6,10.744996,106.641205,20.5,60,moderate,slow,23.7,IoT_sensor,true,32.35,2024-01-06T07:00:00.000Z
FLD02034,2024-01-06T12:23:37.000Z,Kha Van Can,Thu Duc,10.85033,106.75267,9.7,30,light,clear,13.1,IoT_sensor,true,15.79,2024-01-06T12:00:00.000Z
FLD01583,2024-01-07T03:25:51.000Z,Nguyen Thi Thap,Quan 7,10.742333,106.713561,19.6,30,moderate,slow,40.3,IoT_sensor,true,22.72,2024-01-07T03:00:00.000Z
FLD01518,2024-01-07T04:37:55.000Z,Ma Lo,Binh Tan,10.765208,106.614,16.7,60,moderate,slow,22.0,monitoring_station,true,29.689999999999998,2024-01-07T04:00:00.000Z
FLD00120,2024-01-07T07:26:19.000Z,Vo Van Kiet,Quan 1,10.763029,106.697836,16.7,120,moderate,slow,28.8,IoT_sensor,true,47.69,2024-01-07T07:00:00.000Z
FLD01607,2024-01-07T07:37:02.000Z,Nguyen Trai,Quan 5,10.755704,106.666244,19.0,120,moderate,slow,19.4,user_report,true,49.3,2024-01-07T07:00:00.000Z
FLD01898,2024-01-07T13:42:52.000Z,Le Van Luong,Quan 7,10.737228,106.703871,41.6,60,severe,blocked,53.5,user_report,true,47.12,2024-01-07T13:00:00.000Z
FLD00054,2024-01-07T18:31:49.000Z,Hau Giang,Quan 6,10.744644,106.639174,19.6,60,moderate,slow,35.3,IoT_sensor,true,31.72,2024-01-07T18:00:00.000Z
FLD01636,2024-01-08T12:46:51.000Z,Le Dinh Can,Binh Tan,10.76748,106.595371,6.0,60,light,clear,14.5,IoT_sensor,true,22.2,2024-01-08T12:00:00.000Z
FLD01234,2024-01-08T18:19:57.000Z,Le Dinh Can,Binh Tan,10.766042,106.59658,28.7,120,moderate,slow,43.9,user_report,true,56.09,2024-01-08T18:00:00.000Z
FLD01821,2024-01-09T05:20:17.000Z,Tran Nao,Quan 2,10.783167,106.736831,31.6,60,severe,blocked,29.1,traffic_camera,true,40.120000000000005,2024-01-09T05:00:00.000Z
FLD02396,2024-01-09T13:02:47.000Z,Ta Quang Buu,Quan 8,10.745564,106.663537,20.7,90,moderate,slow,36.6,monitoring_station,true,41.489999999999995,2024-01-09T13:00:00.000Z
FLD02153,2024-01-09T19:37:36.000Z,Pham Van Dong,Binh Thanh,10.820075,106.703139,23.1,120,moderate,slow,47.4,IoT_sensor,true,52.17,2024-01-09T19:00:00.000Z
FLD00284,2024-01-10T14:03:10.000Z,Nguyen Van Qua,Quan 12,10.855271,106.6606,10.2,60,light,clear,24.6,user_report,true,25.14,2024-01-10T14:00:00.000Z
FLD02001,2024-01-10T19:36:50.000Z,Linh Dong,Thu Duc,10.866174,106.765098,26.5,60,moderate,slow,24.2,IoT_sensor,true,36.55,2024-01-10T19:00:00.000Z
FLD00369,2024-01-11T04:59:43.000Z,Hau Giang,Quan 6,10.74455,106.639236,8.3,90,light,clear,7.8,IoT_sensor,true,32.81,2024-01-11T04:00:00.000Z
FLD00668,2024-01-11T09:38:00.000Z,Da Nam,Quan 8,10.742004,106.671982,31.1,120,severe,blocked,62.1,monitoring_station,true,57.769999999999996,2024-01-11T09:00:00.000Z
FLD00455,2024-01-11T10:35:53.000Z,Nguyen Huu Canh,Binh Thanh,10.786877,106.720793,5.0,30,light,clear,11.1,monitoring_station,true,12.5,2024-01-11T10:00:00.000Z
FLD00789,2024-01-11T21:08:00.000Z,Huynh Tan Phat,Quan 7,10.726749,106.721582,8.9,30,light,clear,11.0,IoT_sensor,true,15.23,2024-01-11T21:00:00.000Z
FLD00551,2024-01-12T06:13:08.000Z,Tran Nao,Quan 2,10.784359,106.735135,58.9,30,severe,blocked,71.5,monitoring_station,true,50.23,2024-01-12T06:00:00.000Z
FLD00386,2024-01-13T01:52:31.000Z,Phan Huy Ich,Go Vap,10.829138,106.672711,9.2,240,light,clear,14.4,IoT_sensor,true,78.44,2024-01-13T01:00:00.000Z
FLD00635,2024-01-13T08:35:44.000Z,Da Nam,Quan 8,10.742805,106.675487,25.2,240,moderate,slow,24.6,user_report,true,89.64,2024-01-13T08:00:00.000Z
FLD01978,2024-01-13T10:12:54.000Z,Linh Dong,Thu Duc,10.86563,106.766945,23.7,240,moderate,slow,52.4,IoT_sensor,true,88.59,2024-01-13T10:00:00.000Z
FLD00959,2024-01-13T15:25:27.000Z,Le Van Viet,Thu Duc,10.843431,106.789415,16.5,60,moderate,slow,13.3,user_report,true,29.549999999999997,2024-01-13T15:00:00.000Z
FLD02115,2024-01-13T17:47:01.000Z,Le Van Viet,Thu Duc,10.844792,106.788646,5.4,120,light,clear,7.1,user_report,true,39.78,2024-01-13T17:00:00.000Z
FLD01374,2024-01-14T07:03:15.000Z,Hau Giang,Quan 6,10.748098,106.638265,61.6,180,severe,blocked,106.1,IoT_sensor,true,97.12,2024-01-14T07:00:00.000Z
FLD00836,2024-01-14T11:08:15.000Z,Nguyen Van Khoi,Go Vap,10.829622,106.694585,5.0,60,light,clear,5.6,IoT_sensor,true,21.5,2024-01-14T11:00:00.000Z
FLD00111,2024-01-14T21:33:57.000Z,Xo Viet Nghe Tinh,Binh Thanh,10.805509,106.713473,26.2,30,moderate,slow,40.5,traffic_camera,true,27.34,2024-01-14T21:00:00.000Z
FLD00545,2024-01-14T21:51:51.000Z,Tran Nao,Quan 2,10.783789,106.738018,25.0,60,moderate,slow,57.3,IoT_sensor,true,35.5,2024-01-14T21:00:00.000Z
FLD00844,2024-01-15T08:39:32.000Z,Vo Van Ngan,Thu Duc,10.850118,106.7724,26.2,90,moderate,slow,34.3,monitoring_station,true,45.34,2024-01-15T08:00:00.000Z
FLD02256,2024-01-15T15:31:56.000Z,Le Van Luong,Quan 7,10.736422,106.705028,9.0,180,light,clear,7.7,IoT_sensor,true,60.3,2024-01-15T15:00:00.000Z
FLD02210,2024-01-15T20:36:37.000Z,Ung Van Khiem,Binh Thanh,10.81024,106.70966,29.9,90,moderate,slow,58.1,monitoring_station,true,47.92999999999999,2024-01-15T20:00:00.000Z
FLD01813,2024-01-16T11:48:18.000Z,Vo Van Kiet,Quan 1,10.761065,106.698487,14.3,120,light,clear,16.3,user_report,true,46.01,2024-01-16T11:00:00.000Z
FLD00909,2024-01-16T14:22:19.000Z,No Trang Long,Binh Thanh,10.813636,106.697096,15.2,60,moderate,slow,31.7,IoT_sensor,true,28.64,2024-01-16T14:00:00.000Z
FLD00158,2024-01-17T02:53:08.000Z,Le Van Luong,Quan 7,10.736432,106.705326,25.2,60,moderate,slow,61.8,monitoring_station,true,35.64,2024-01-17T02:00:00.000Z
FLD00213,2024-01-17T08:39:48.000Z,To Ky,Quan 12,10.86714,106.632399,5.0,180,light,clear,5.3,user_report,true,57.5,2024-01-17T08:00:00.000Z
FLD02357,2024-01-17T17:36:55.000Z,Do Xuan Hop,Thu Duc,10.832621,106.781162,23.9,120,moderate,slow,35.8,monitoring_station,true,52.73,2024-01-17T17:00:00.000Z
FLD01263,2024-01-17T19:56:49.000Z,Hoa Binh,Tan Phu,10.804236,106.621015,38.7,120,severe,blocked,84.4,user_report,true,63.09,2024-01-17T19:00:00.000Z
FLD00366,2024-01-18T09:43:51.000Z,Ung Van Khiem,Binh Thanh,10.811966,106.710448,13.4,60,light,clear,27.1,IoT_sensor,true,27.38,2024-01-18T09:00:00.000Z
FLD01395,2024-01-18T10:57:52.000Z,Vo Van Kiet,Quan 1,10.761524,106.697576,16.7,60,moderate,slow,21.9,IoT_sensor,true,29.689999999999998,2024-01-18T10:00:00.000Z
FLD00177,2024-01-18T16:17:22.000Z,Hau Giang,Quan 6,10.748297,106.639112,10.2,60,light,clear,11.5,IoT_sensor,true,25.14,2024-01-18T16:00:00.000Z
FLD01463,2024-01-18T18:22:13.000Z,Quang Trung,Go Vap,10.8394,106.66438,9.2,60,light,clear,22.9,IoT_sensor,true,24.439999999999998,2024-01-18T18:00:00.000Z
FLD00168,2024-01-18T18:46:43.000Z,Pham Van Dong,Binh Thanh,10.817294,106.703007,15.9,60,moderate,slow,32.9,IoT_sensor,true,29.13,2024-01-18T18:00:00.000Z
FLD00550,2024-01-18T18:58:11.000Z,Pham Van Dong,Binh Thanh,10.817411,106.703467,16.2,90,moderate,slow,31.0,monitoring_station,true,38.339999999999996,2024-01-18T18:00:00.000Z
FLD00631,2024-01-19T09:59:11.000Z,Tam Binh,Thu Duc,10.86347,106.737992,16.6,30,moderate,slow,34.6,user_report,true,20.62,2024-01-19T09:00:00.000Z
FLD00066,2024-01-19T20:06:14.000Z,Pham Van Dong,Binh Thanh,10.81773,106.702894,5.0,30,light,clear,11.9,IoT_sensor,true,12.5,2024-01-19T20:00:00.000Z
FLD01401,2024-01-19T22:41:46.000Z,To Ky,Quan 12,10.867311,106.630134,29.3,120,moderate,slow,33.2,user_report,true,56.51,2024-01-19T22:00:00.000Z
FLD01354,2024-01-19T23:59:41.000Z,Nguyen Huu Canh,Binh Thanh,10.788616,106.720045,19.6,30,moderate,slow,20.6,IoT_sensor,true,22.72,2024-01-19T23:00:00.000Z
FLD01691,2024-01-20T16:00:48.000Z,Nguyen Trai,Quan 5,10.755753,106.66548,10.6,90,light,clear,18.2,user_report,true,34.42,2024-01-20T16:00:00.000Z
FLD00614,2024-01-21T10:04:42.000Z,Le Thi Rieng,Quan 12,10.860293,106.650318,9.7,90,light,clear,22.9,IoT_sensor,true,33.79,2024-01-21T10:00:00.000Z
FLD00758,2024-01-21T21:02:25.000Z,Nguyen Trai,Quan 5,10.754634,106.664797,8.5,240,light,clear,20.3,user_report,true,77.95,2024-01-21T21:00:00.000Z
FLD01676,2024-01-21T22:57:16.000Z,Pham Van Dong,Binh Thanh,10.819049,106.701351,23.6,120,moderate,slow,40.1,IoT_sensor,true,52.519999999999996,2024-01-21T22:00:00.000Z
FLD00077,2024-01-22T02:12:41.000Z,Vo Van Kiet,Quan 1,10.764088,106.69744,9.7,240,light,clear,16.7,monitoring_station,true,78.78999999999999,2024-01-22T02:00:00.000Z
FLD01425,2024-01-22T06:06:27.000Z,Tam Binh,Thu Duc,10.861495,106.738562,21.4,180,moderate,slow,44.2,IoT_sensor,true,68.98,2024-01-22T06:00:00.000Z
FLD00674,2024-01-22T10:34:18.000Z,CMT8,Quan 3,10.780405,106.679655,13.6,60,light,clear,31.0,IoT_sensor,true,27.52,2024-01-22T10:00:00.000Z
FLD00931,2024-01-22T18:47:04.000Z,Huynh Tan Phat,Quan 7,10.728765,106.720933,15.9,120,moderate,slow,24.2,IoT_sensor,true,47.129999999999995,2024-01-22T18:00:00.000Z
FLD00052,2024-01-23T05:28:13.000Z,Huynh Tan Phat,Quan 7,10.729097,106.724262,13.6,180,light,clear,24.2,IoT_sensor,true,63.519999999999996,2024-01-23T05:00:00.000Z
FLD01082,2024-01-23T12:13:13.000Z,Do Xuan Hop,Thu Duc,10.833805,106.783074,5.0,90,light,clear,8.3,user_report,true,30.5,2024-01-23T12:00:00.000Z
FLD01080,2024-01-24T04:02:37.000Z,Hau Giang,Quan 6,10.746923,106.640719,28.0,90,moderate,slow,45.3,traffic_camera,true,46.599999999999994,2024-01-24T04:00:00.000Z
FLD02026,2024-01-25T14:06:22.000Z,Hoa Binh,Tan Phu,10.802682,106.622375,20.6,90,moderate,slow,17.5,IoT_sensor,true,41.42,2024-01-25T14:00:00.000Z
FLD00544,2024-01-25T19:09:17.000Z,Linh Dong,Thu Duc,10.863384,106.765525,9.1,60,light,clear,18.0,IoT_sensor,true,24.369999999999997,2024-01-25T19:00:00.000Z
FLD02234,2024-01-26T08:18:42.000Z,Kha Van Can,Thu Duc,10.852241,106.754004,18.0,180,moderate,slow,25.2,IoT_sensor,true,66.6,2024-01-26T08:00:00.000Z
FLD01415,2024-01-26T21:26:36.000Z,Quang Trung,Go Vap,10.839531,106.663183,27.0,60,moderate,slow,37.4,traffic_camera,true,36.9,2024-01-26T21:00:00.000Z
FLD00404,2024-01-27T01:42:44.000Z,Tan Ky Tan Quy,Binh Tan,10.786747,106.603789,8.4,240,light,clear,12.7,user_report,true,77.88,2024-01-27T01:00:00.000Z
FLD00514,2024-01-27T13:59:43.000Z,Pham The Hien,Quan 8,10.728898,106.682824,11.8,90,light,clear,11.6,monitoring_station,true,35.26,2024-01-27T13:00:00.000Z
FLD00492,2024-01-27T16:41:33.000Z,CMT8,Quan 3,10.780447,106.678619,18.9,90,moderate,slow,21.1,IoT_sensor,true,40.23,2024-01-27T16:00:00.000Z
FLD02213,2024-01-28T04:01:53.000Z,Tran Xuan Soan,Quan 7,10.751985,106.698971,38.3,180,severe,blocked,69.3,monitoring_station,true,80.81,2024-01-28T04:00:00.000Z
FLD02369,2024-01-28T16:58:44.000Z,Le Van Luong,Quan 7,10.736021,106.70647,9.7,120,light,clear,20.7,user_report,true,42.79,2024-01-28T16:00:00.000Z
FLD01038,2024-01-29T00:20:36.000Z,Nguyen Van Khoi,Go Vap,10.828099,106.694834,5.0,120,light,clear,9.4,IoT_sensor,true,39.5,2024-01-29T00:00:00.000Z
FLD01629,2024-01-29T01:43:13.000Z,Le Thi Rieng,Quan 12,10.862807,106.646955,16.2,60,moderate,slow,26.3,IoT_sensor,true,29.339999999999996,2024-01-29T01:00:00.000Z
FLD00482,2024-01-29T15:04:44.000Z,Nguyen Van Khoi,Go Vap,10.828545,106.694746,5.0,120,light,clear,4.2,IoT_sensor,true,39.5,2024-01-29T15:00:00.000Z
FLD00116,2024-01-29T17:04:18.000Z,Le Van Viet,Thu Duc,10.845622,106.790152,9.6,60,light,clear,9.2,IoT_sensor,true,24.72,2024-01-29T17:00:00.000Z
FLD00375,2024-01-29T22:01:07.000Z,Tran Xuan Soan,Quan 7,10.751529,106.698197,5.0,180,light,clear,11.3,IoT_sensor,true,57.5,2024-01-29T22:00:00.000Z
FLD02216,2024-01-30T03:57:25.000Z,Binh Long,Tan Phu,10.799438,106.617471,18.2,60,moderate,slow,40.1,traffic_camera,true,30.74,2024-01-30T03:00:00.000Z
FLD00531,2024-01-30T06:37:03.000Z,Nguyen Van Qua,Quan 12,10.855122,106.661734,13.0,30,light,clear,12.2,IoT_sensor,true,18.1,2024-01-30T06:00:00.000Z
FLD01524,2024-01-30T16:01:45.000Z,Le Van Viet,Thu Duc,10.84395,106.790227,5.6,60,light,clear,5.3,user_report,true,21.919999999999998,2024-01-30T16:00:00.000Z
FLD01379,2024-01-30T20:50:34.000Z,Vo Van Kiet,Quan 1,10.764364,106.700146,20.7,120,moderate,slow,50.0,traffic_camera,true,50.489999999999995,2024-01-30T20:00:00.000Z
FLD00960,2024-01-30T22:29:20.000Z,Tan Ky Tan Quy,Binh Tan,10.787778,106.601786,10.1,30,light,clear,25.1,IoT_sensor,true,16.07,2024-01-30T22:00:00.000Z
FLD02337,2024-01-31T07:28:09.000Z,Le Dinh Can,Binh Tan,10.766153,106.598004,5.4,120,light,clear,8.3,IoT_sensor,true,39.78,2024-01-31T07:00:00.000Z
FLD01644,2024-01-31T08:12:01.000Z,Xo Viet Nghe Tinh,Binh Thanh,10.806632,106.709777,13.5,120,light,clear,12.1,user_report,true,45.45,2024-01-31T08:00:00.000Z
FLD01733,2024-01-31T12:30:30.000Z,Linh Dong,Thu Duc,10.864727,106.765196,20.7,60,moderate,slow,40.6,IoT_sensor,true,32.489999999999995,2024-01-31T12:00:00.000Z
FLD01381,2024-01-31T19:57:02.000Z,Le Dinh Can,Binh Tan,10.768397,106.597359,32.0,60,severe,blocked,72.0,IoT_sensor,true,40.4,2024-01-31T19:00:00.000Z
FLD00443,2024-02-01T14:17:31.000Z,Vo Van Kiet,Quan 1,10.761381,106.698367,5.0,90,light,clear,7.2,IoT_sensor,true,30.5,2024-02-01T14:00:00.000Z
FLD00130,2024-02-01T20:44:34.000Z,Tran Xuan Soan,Quan 7,10.752777,106.696871,23.7,30,moderate,slow,52.1,monitoring_station,true,25.59,2024-02-01T20:00:00.000Z
FLD02326,2024-02-01T21:40:44.000Z,Lam Van Ben,Quan 7,10.720299,106.68558,6.9,90,light,clear,15.0,IoT_sensor,true,31.83,2024-02-01T21:00:00.000Z
FLD01170,2024-02-02T00:06:16.000Z,Le Dinh Can,Binh Tan,10.765128,106.595893,5.0,90,light,clear,6.9,IoT_sensor,true,30.5,2024-02-02T00:00:00.000Z
FLD00941,2024-02-02T11:09:39.000Z,Tam Binh,Thu Duc,10.863207,106.738166,14.6,60,light,clear,20.6,user_report,true,28.22,2024-02-02T11:00:00.000Z
FLD00557,2024-02-02T19:23:06.000Z,Hoa Binh,Tan Phu,10.805405,106.621288,20.8,60,moderate,slow,35.4,IoT_sensor,true,32.56,2024-02-02T19:00:00.000Z
FLD01938,2024-02-02T20:28:04.000Z,Tran Xuan Soan,Quan 7,10.750895,106.697812,21.2,60,moderate,slow,27.4,IoT_sensor,true,32.839999999999996,2024-02-02T20:00:00.000Z
FLD01314,2024-02-03T09:51:58.000Z,An Duong Vuong,Quan 6,10.753007,106.643342,19.1,60,moderate,slow,23.3,IoT_sensor,true,31.37,2024-02-03T09:00:00.000Z
FLD00402,2024-02-04T04:02:47.000Z,Lam Van Ben,Quan 7,10.717139,106.683782,10.5,180,light,clear,20.8,user_report,true,61.35,2024-02-04T04:00:00.000Z
FLD00134,2024-02-04T04:25:48.000Z,Hoa Binh,Tan Phu,10.802606,106.620698,10.9,90,light,clear,24.1,user_report,true,34.63,2024-02-04T04:00:00.000Z
FLD02259,2024-02-04T10:25:38.000Z,Binh Long,Tan Phu,10.797748,106.615032,8.4,90,light,clear,8.9,user_report,true,32.88,2024-02-04T10:00:00.000Z
FLD00221,2024-02-04T13:13:11.000Z,CMT8,Quan 3,10.783449,106.679102,29.0,90,moderate,slow,35.9,traffic_camera,true,47.3,2024-02-04T13:00:00.000Z
FLD02184,2024-02-04T22:02:20.000Z,Binh Long,Tan Phu,10.798337,106.614741,8.5,60,light,clear,13.7,monitoring_station,true,23.95,2024-02-04T22:00:00.000Z
FLD00571,2024-02-06T04:41:34.000Z,Nguyen Anh Thu,Quan 12,10.878871,106.644986,16.5,60,moderate,slow,14.3,IoT_sensor,true,29.549999999999997,2024-02-06T04:00:00.000Z
FLD00820,2024-02-06T05:44:23.000Z,Vo Van Ngan,Thu Duc,10.85228,106.770251,6.8,60,light,clear,9.6,IoT_sensor,true,22.759999999999998,2024-02-06T05:00:00.000Z
FLD02150,2024-02-06T12:32:44.000Z,An Duong Vuong,Quan 6,10.755631,106.644815,18.8,240,moderate,slow,22.4,IoT_sensor,true,85.16,2024-02-06T12:00:00.000Z
FLD00854,2024-02-06T13:10:30.000Z,Ma Lo,Binh Tan,10.762996,106.612974,16.4,30,moderate,slow,27.0,monitoring_station,true,20.479999999999997,2024-02-06T13:00:00.000Z
FLD02166,2024-02-08T13:25:14.000Z,No Trang Long,Binh Thanh,10.81583,106.699426,6.3,30,light,clear,14.9,monitoring_station,true,13.41,2024-02-08T13:00:00.000Z
FLD00328,2024-02-08T23:15:58.000Z,Hoa Binh,Tan Phu,10.805607,106.621092,14.3,120,light,clear,32.7,traffic_camera,true,46.01,2024-02-08T23:00:00.000Z
FLD01790,2024-02-09T05:44:19.000Z,Hoa Binh,Tan Phu,10.806487,106.624218,16.2,180,moderate,slow,24.3,IoT_sensor,true,65.34,2024-02-09T05:00:00.000Z
FLD02189,2024-02-09T16:49:21.000Z,Nguyen Van Qua,Quan 12,10.855847,106.661917,5.0,90,light,clear,10.9,user_report,true,30.5,2024-02-09T16:00:00.000Z
FLD00613,2024-02-10T04:00:20.000Z,Kha Van Can,Thu Duc,10.850082,106.754781,14.3,30,light,clear,15.7,traffic_camera,true,19.009999999999998,2024-02-10T04:00:00.000Z
FLD01677,2024-02-10T11:58:34.000Z,Nguyen Thi Thap,Quan 7,10.742031,106.715062,16.8,90,moderate,slow,37.1,user_report,true,38.76,2024-02-10T11:00:00.000Z
FLD00816,2024-02-11T05:43:34.000Z,Tam Binh,Thu Duc,10.861359,106.738407,14.1,180,light,clear,18.8,IoT_sensor,true,63.87,2024-02-11T05:00:00.000Z
FLD00913,2024-02-11T07:29:50.000Z,Nguyen Trai,Quan 5,10.757748,106.663742,18.9,30,moderate,slow,33.6,monitoring_station,true,22.229999999999997,2024-02-11T07:00:00.000Z
FLD02250,2024-02-11T20:41:36.000Z,Kha Van Can,Thu Duc,10.850295,106.756232,8.7,30,light,clear,18.1,IoT_sensor,true,15.09,2024-02-11T20:00:00.000Z
FLD00240,2024-02-11T21:42:17.000Z,Da Nam,Quan 8,10.73967,106.673293,25.4,120,moderate,slow,32.2,IoT_sensor,true,53.78,2024-02-11T21:00:00.000Z
FLD01471,2024-02-12T03:40:06.000Z,An Duong Vuong,Quan 6,10.753694,106.646183,8.5,30,light,clear,21.1,IoT_sensor,true,14.95,2024-02-12T03:00:00.000Z
FLD00293,2024-02-12T06:32:51.000Z,Le Dinh Can,Binh Tan,10.766358,106.595337,5.0,180,light,clear,8.4,user_report,true,57.5,2024-02-12T06:00:00.000Z
FLD00243,2024-02-12T07:58:02.000Z,Kinh Duong Vuong,Quan 6,10.744773,106.615837,26.9,120,moderate,slow,45.6,IoT_sensor,true,54.83,2024-02-12T07:00:00.000Z
FLD02024,2024-02-12T19:51:37.000Z,Huynh Tan Phat,Quan 7,10.730092,106.722351,5.0,30,light,clear,10.6,user_report,true,12.5,2024-02-12T19:00:00.000Z
FLD01031,2024-02-12T23:37:45.000Z,Nguyen Huu Canh,Binh Thanh,10.78671,106.721452,5.0,180,light,clear,12.4,traffic_camera,true,57.5,2024-02-12T23:00:00.000Z
FLD01877,2024-02-13T14:15:40.000Z,Le Thi Rieng,Quan 12,10.860034,106.646543,6.1,120,light,clear,14.6,traffic_camera,true,40.269999999999996,2024-02-13T14:00:00.000Z
FLD02151,2024-02-13T16:12:55.000Z,Ung Van Khiem,Binh Thanh,10.813574,106.712013,50.4,30,severe,blocked,114.5,IoT_sensor,true,44.279999999999994,2024-02-13T16:00:00.000Z
FLD02317,2024-02-13T22:49:41.000Z,Vo Van Kiet,Quan 1,10.763651,106.696961,13.2,30,light,clear,12.0,IoT_sensor,true,18.24,2024-02-13T22:00:00.000Z
FLD00301,2024-02-14T15:04:28.000Z,Le Dinh Can,Binh Tan,10.765182,106.597071,11.2,90,light,clear,26.0,user_report,true,34.839999999999996,2024-02-14T15:00:00.000Z
FLD01312,2024-02-14T19:16:21.000Z,Nguyen Thi Thap,Quan 7,10.743233,106.717492,20.1,30,moderate,slow,49.0,monitoring_station,true,23.07,2024-02-14T19:00:00.000Z
FLD00080,2024-02-15T10:43:34.000Z,To Ky,Quan 12,10.867112,106.633321,26.6,120,moderate,slow,46.7,IoT_sensor,true,54.620000000000005,2024-02-15T10:00:00.000Z
FLD00929,2024-02-15T11:46:21.000Z,Kha Van Can,Thu Duc,10.850992,106.754715,6.6,30,light,clear,15.4,IoT_sensor,true,13.62,2024-02-15T11:00:00.000Z
FLD02313,2024-02-15T16:46:58.000Z,Thoai Ngoc Hau,Tan Phu,10.7856,106.629637,30.0,30,severe,blocked,54.7,user_report,true,30.0,2024-02-15T16:00:00.000Z
FLD00430,2024-02-16T05:52:42.000Z,Le Dinh Can,Binh Tan,10.766368,106.595983,11.8,60,light,clear,14.6,user_report,true,26.259999999999998,2024-02-16T05:00:00.000Z
FLD01088,2024-02-16T08:26:18.000Z,Le Van Viet,Thu Duc,10.843071,106.788647,8.5,30,light,clear,9.6,IoT_sensor,true,14.95,2024-02-16T08:00:00.000Z
FLD00538,2024-02-16T12:10:10.000Z,Le Van Viet,Thu Duc,10.8441,106.789216,5.0,30,light,clear,11.5,IoT_sensor,true,12.5,2024-02-16T12:00:00.000Z
FLD01836,2024-02-16T13:14:17.000Z,Nguyen Van Khoi,Go Vap,10.827122,106.694735,13.8,30,light,clear,11.9,IoT_sensor,true,18.66,2024-02-16T13:00:00.000Z
FLD01180,2024-02-17T03:21:30.000Z,Le Van Viet,Thu Duc,10.844987,106.790231,41.1,60,severe,blocked,96.3,IoT_sensor,true,46.769999999999996,2024-02-17T03:00:00.000Z
FLD01960,2024-02-17T05:15:54.000Z,Ta Quang Buu,Quan 8,10.74383,106.66423,40.0,180,severe,blocked,44.4,IoT_sensor,true,82.0,2024-02-17T05:00:00.000Z
FLD02366,2024-02-17T11:22:38.000Z,An Duong Vuong,Quan 6,10.754657,106.646363,14.0,90,light,clear,13.0,IoT_sensor,true,36.8,2024-02-17T11:00:00.000Z
FLD00374,2024-02-17T11:32:28.000Z,Nguyen Anh Thu,Quan 12,10.876821,106.645276,19.3,60,moderate,slow,35.0,user_report,true,31.509999999999998,2024-02-17T11:00:00.000Z
FLD02076,2024-02-17T18:21:52.000Z,Pham Van Dong,Binh Thanh,10.819171,106.702386,5.9,60,light,clear,7.5,IoT_sensor,true,22.13,2024-02-17T18:00:00.000Z
FLD01450,2024-02-18T05:25:48.000Z,Tran Nao,Quan 2,10.782474,106.734603,5.0,120,light,clear,7.3,IoT_sensor,true,39.5,2024-02-18T05:00:00.000Z
FLD01397,2024-02-18T07:06:09.000Z,Ung Van Khiem,Binh Thanh,10.813917,106.709614,40.5,30,severe,blocked,60.1,user_report,true,37.349999999999994,2024-02-18T07:00:00.000Z
FLD00138,2024-02-18T10:39:29.000Z,Nguyen Thi Thap,Quan 7,10.742941,106.714782,8.4,30,light,clear,9.2,IoT_sensor,true,14.879999999999999,2024-02-18T10:00:00.000Z
FLD01050,2024-02-18T12:53:56.000Z,Nguyen Van Qua,Quan 12,10.854631,106.66105,9.4,180,light,clear,20.3,IoT_sensor,true,60.58,2024-02-18T12:00:00.000Z
FLD00764,2024-02-19T07:39:35.000Z,Le Thi Rieng,Quan 12,10.860813,106.649211,14.8,60,light,clear,24.4,IoT_sensor,true,28.36,2024-02-19T07:00:00.000Z
FLD00992,2024-02-19T18:29:00.000Z,Huynh Tan Phat,Quan 7,10.727625,106.721065,16.0,240,moderate,slow,22.3,IoT_sensor,true,83.2,2024-02-19T18:00:00.000Z
FLD01776,2024-02-20T09:05:07.000Z,Pham Van Dong,Binh Thanh,10.820371,106.700932,5.9,90,light,clear,9.3,IoT_sensor,true,31.13,2024-02-20T09:00:00.000Z
FLD00235,2024-02-21T20:22:04.000Z,Kha Van Can,Thu Duc,10.849556,106.756211,8.7,60,light,clear,9.6,user_report,true,24.09,2024-02-21T20:00:00.000Z
FLD00377,2024-02-21T22:07:49.000Z,Nguyen Anh Thu,Quan 12,10.879396,106.642613,16.8,60,moderate,slow,17.4,IoT_sensor,true,29.759999999999998,2024-02-21T22:00:00.000Z
FLD01196,2024-02-22T11:32:21.000Z,Vo Van Kiet,Quan 1,10.763703,106.699685,11.3,90,light,clear,13.8,IoT_sensor,true,34.91,2024-02-22T11:00:00.000Z
FLD02205,2024-02-22T15:00:00.000Z,Thoai Ngoc Hau,Tan Phu,10.787897,106.627234,20.9,90,moderate,slow,47.0,user_report,true,41.629999999999995,2024-02-22T15:00:00.000Z
FLD02154,2024-02-22T16:12:13.000Z,Pham Van Dong,Binh Thanh,10.818148,106.703312,9.2,60,light,clear,14.6,IoT_sensor,true,24.439999999999998,2024-02-22T16:00:00.000Z
FLD00602,2024-02-23T03:44:22.000Z,Linh Dong,Thu Duc,10.863914,106.765039,10.9,60,light,clear,26.5,IoT_sensor,true,25.63,2024-02-23T03:00:00.000Z
FLD01009,2024-02-23T16:27:09.000Z,Binh Long,Tan Phu,10.797598,106.613872,5.0,60,light,clear,5.0,IoT_sensor,true,21.5,2024-02-23T16:00:00.000Z
FLD01654,2024-02-24T12:30:02.000Z,Kinh Duong Vuong,Quan 6,10.742186,106.616884,16.3,120,moderate,slow,40.6,user_report,true,47.41,2024-02-24T12:00:00.000Z
FLD01171,2024-02-24T18:10:17.000Z,Vo Van Ngan,Thu Duc,10.851592,106.770973,25.1,240,moderate,slow,40.3,traffic_camera,true,89.57,2024-02-24T18:00:00.000Z
FLD01902,2024-02-24T20:44:43.000Z,To Ky,Quan 12,10.868293,106.630822,24.4,60,moderate,slow,60.5,user_report,true,35.08,2024-02-24T20:00:00.000Z
FLD02090,2024-02-25T01:04:17.000Z,Linh Dong,Thu Duc,10.864956,106.7667,28.4,90,moderate,slow,57.4,traffic_camera,true,46.879999999999995,2024-02-25T01:00:00.000Z
FLD00868,2024-02-25T13:52:29.000Z,An Duong Vuong,Quan 6,10.754716,106.643774,38.1,30,severe,blocked,75.9,user_report,true,35.67,2024-02-25T13:00:00.000Z
FLD01358,2024-02-25T13:56:30.000Z,Da Nam,Quan 8,10.739552,106.673539,20.1,90,moderate,slow,18.3,user_report,true,41.07,2024-02-25T13:00:00.000Z
FLD00517,2024-02-25T19:25:01.000Z,No Trang Long,Binh Thanh,10.813998,106.697167,9.2,60,light,clear,19.9,monitoring_station,true,24.439999999999998,2024-02-25T19:00:00.000Z
FLD01411,2024-02-25T20:33:02.000Z,Do Xuan Hop,Thu Duc,10.83418,106.782029,26.1,60,moderate,slow,52.8,user_report,true,36.269999999999996,2024-02-25T20:00:00.000Z
FLD00349,2024-02-26T02:49:14.000Z,Le Van Viet,Thu Duc,10.844213,106.788192,21.0,120,moderate,slow,44.5,IoT_sensor,true,50.7,2024-02-26T02:00:00.000Z
FLD02035,2024-02-26T07:17:53.000Z,Binh Long,Tan Phu,10.80077,106.61524,6.9,60,light,clear,15.9,IoT_sensor,true,22.83,2024-02-26T07:00:00.000Z
FLD00733,2024-02-26T14:53:39.000Z,CMT8,Quan 3,10.779873,106.680076,16.2,240,moderate,slow,19.7,IoT_sensor,true,83.34,2024-02-26T14:00:00.000Z
FLD00884,2024-02-27T07:50:53.000Z,No Trang Long,Binh Thanh,10.813919,106.699264,28.2,120,moderate,slow,39.8,user_report,true,55.739999999999995,2024-02-27T07:00:00.000Z
FLD00852,2024-02-28T03:08:46.000Z,Tam Binh,Thu Duc,10.863968,106.737195,5.0,120,light,clear,9.4,IoT_sensor,true,39.5,2024-02-28T03:00:00.000Z
FLD00359,2024-02-28T04:29:42.000Z,Le Van Luong,Quan 7,10.736257,106.703948,6.2,90,light,clear,11.8,IoT_sensor,true,31.34,2024-02-28T04:00:00.000Z
FLD01428,2024-02-28T06:30:52.000Z,Kinh Duong Vuong,Quan 6,10.741809,106.616642,48.6,30,severe,blocked,91.0,traffic_camera,true,43.019999999999996,2024-02-28T06:00:00.000Z
FLD00771,2024-02-28T23:43:39.000Z,Huynh Tan Phat,Quan 7,10.729333,106.722476,20.8,180,moderate,slow,19.0,user_report,true,68.56,2024-02-28T23:00:00.000Z
FLD02283,2024-02-29T09:53:32.000Z,Nguyen Van Khoi,Go Vap,10.829053,106.691677,78.4,60,severe,blocked,137.7,user_report,true,72.88,2024-02-29T09:00:00.000Z
FLD02287,2024-02-29T13:16:47.000Z,Nguyen Van Qua,Quan 12,10.85396,106.662678,5.0,90,light,clear,4.3,IoT_sensor,true,30.5,2024-02-29T13:00:00.000Z
FLD00849,2024-02-29T18:43:56.000Z,Tan Ky Tan Quy,Binh Tan,10.789319,106.603277,40.3,60,severe,blocked,94.9,IoT_sensor,true,46.209999999999994,2024-02-29T18:00:00.000Z
FLD00901,2024-03-01T09:27:37.000Z,Do Xuan Hop,Thu Duc,10.832541,106.784286,5.0,120,light,clear,9.1,user_report,true,39.5,2024-03-01T09:00:00.000Z
FLD01888,2024-03-01T13:58:34.000Z,Phan Huy Ich,Go Vap,10.829763,106.67288,19.1,30,moderate,slow,39.8,traffic_camera,true,22.37,2024-03-01T13:00:00.000Z
FLD01079,2024-03-01T17:03:02.000Z,Tam Binh,Thu Duc,10.861951,106.737558,21.3,60,moderate,slow,46.0,monitoring_station,true,32.91,2024-03-01T17:00:00.000Z
FLD00388,2024-03-01T21:07:23.000Z,Le Thi Rieng,Quan 12,10.85951,106.649924,25.7,90,moderate,slow,42.3,IoT_sensor,true,44.989999999999995,2024-03-01T21:00:00.000Z
FLD00552,2024-03-02T18:35:41.000Z,Do Xuan Hop,Thu Duc,10.831625,106.782985,14.0,30,light,clear,20.0,IoT_sensor,true,18.799999999999997,2024-03-02T18:00:00.000Z
FLD01558,2024-03-02T19:17:33.000Z,Nguyen Trai,Quan 5,10.757419,106.665425,10.8,60,light,clear,15.4,user_report,true,25.56,2024-03-02T19:00:00.000Z
FLD00505,2024-03-03T06:02:46.000Z,Nguyen Anh Thu,Quan 12,10.8766,106.64642,8.2,30,light,clear,13.4,traffic_camera,true,14.739999999999998,2024-03-03T06:00:00.000Z
FLD00890,2024-03-03T08:05:41.000Z,Nguyen Huu Canh,Binh Thanh,10.788708,106.720946,16.3,120,moderate,slow,39.8,user_report,true,47.41,2024-03-03T08:00:00.000Z
FLD01453,2024-03-05T00:12:27.000Z,Hau Giang,Quan 6,10.745627,106.640001,16.1,90,moderate,slow,24.9,traffic_camera,true,38.269999999999996,2024-03-05T00:00:00.000Z
FLD00007,2024-03-05T00:46:23.000Z,Hoa Binh,Tan Phu,10.804384,106.622761,24.8,90,moderate,slow,24.7,IoT_sensor,true,44.36,2024-03-05T00:00:00.000Z
FLD00060,2024-03-05T04:17:22.000Z,Linh Dong,Thu Duc,10.863164,106.766845,10.6,30,light,clear,17.9,IoT_sensor,true,16.419999999999998,2024-03-05T04:00:00.000Z
FLD01384,2024-03-05T23:18:00.000Z,Kinh Duong Vuong,Quan 6,10.744732,106.61491,16.5,30,moderate,slow,35.5,IoT_sensor,true,20.549999999999997,2024-03-05T23:00:00.000Z
FLD00391,2024-03-06T07:26:34.000Z,Nguyen Van Khoi,Go Vap,10.828673,106.694562,61.9,180,severe,blocked,113.7,monitoring_station,true,97.33,2024-03-06T07:00:00.000Z
FLD00370,2024-03-06T13:28:47.000Z,Hau Giang,Quan 6,10.745392,106.641277,25.4,120,moderate,slow,57.0,IoT_sensor,true,53.78,2024-03-06T13:00:00.000Z
FLD00762,2024-03-07T12:04:09.000Z,To Ky,Quan 12,10.864949,106.63037,13.6,60,light,clear,18.5,IoT_sensor,true,27.52,2024-03-07T12:00:00.000Z
FLD00617,2024-03-07T14:21:54.000Z,Lam Van Ben,Quan 7,10.719148,106.686016,19.8,60,moderate,slow,27.6,IoT_sensor,true,31.86,2024-03-07T14:00:00.000Z
FLD00311,2024-03-07T17:17:15.000Z,Pham Van Dong,Binh Thanh,10.819218,106.703582,27.0,120,moderate,slow,50.4,user_report,true,54.9,2024-03-07T17:00:00.000Z
FLD00903,2024-03-08T06:36:31.000Z,Ma Lo,Binh Tan,10.76326,106.614099,11.8,60,light,clear,23.5,IoT_sensor,true,26.259999999999998,2024-03-08T06:00:00.000Z
FLD00255,2024-03-08T18:43:01.000Z,Pham The Hien,Quan 8,10.726697,106.681658,9.2,240,light,clear,16.9,user_report,true,78.44,2024-03-08T18:00:00.000Z
FLD02128,2024-03-09T22:15:00.000Z,No Trang Long,Binh Thanh,10.815628,106.698631,61.6,90,severe,blocked,61.5,monitoring_station,true,70.12,2024-03-09T22:00:00.000Z
FLD00705,2024-03-10T06:54:14.000Z,To Ky,Quan 12,10.868319,106.632408,31.6,180,severe,blocked,40.5,user_report,true,76.12,2024-03-10T06:00:00.000Z
FLD01289,2024-03-10T07:05:44.000Z,CMT8,Quan 3,10.779905,106.681054,6.4,30,light,clear,15.9,IoT_sensor,true,13.48,2024-03-10T07:00:00.000Z
FLD00491,2024-03-10T11:28:52.000Z,Huynh Tan Phat,Quan 7,10.728543,106.72172,5.0,120,light,clear,4.1,user_report,true,39.5,2024-03-10T11:00:00.000Z
FLD00239,2024-03-10T13:39:40.000Z,Nguyen Van Qua,Quan 12,10.855125,106.660637,11.7,30,light,clear,24.7,traffic_camera,true,17.189999999999998,2024-03-10T13:00:00.000Z
FLD00837,2024-03-11T09:03:10.000Z,Nguyen Huu Canh,Binh Thanh,10.789846,106.72153,5.0,30,light,clear,4.4,IoT_sensor,true,12.5,2024-03-11T09:00:00.000Z
FLD01366,2024-03-11T21:06:16.000Z,Quang Trung,Go Vap,10.836809,106.66308,10.5,90,light,clear,26.2,monitoring_station,true,34.35,2024-03-11T21:00:00.000Z
FLD02229,2024-03-11T21:49:15.000Z,Quang Trung,Go Vap,10.83617,106.663405,5.0,90,light,clear,9.8,user_report,true,30.5,2024-03-11T21:00:00.000Z
FLD00417,2024-03-12T05:44:53.000Z,Kha Van Can,Thu Duc,10.851303,106.755505,11.5,60,light,clear,10.9,IoT_sensor,true,26.049999999999997,2024-03-12T05:00:00.000Z
FLD02201,2024-03-12T09:09:28.000Z,Nguyen Van Khoi,Go Vap,10.828014,106.694605,50.5,30,severe,blocked,57.1,user_report,true,44.349999999999994,2024-03-12T09:00:00.000Z
FLD00688,2024-03-13T17:20:23.000Z,Nguyen Huu Canh,Binh Thanh,10.787944,106.719677,10.5,90,light,clear,10.8,monitoring_station,true,34.35,2024-03-13T17:00:00.000Z
FLD00014,2024-03-13T17:24:12.000Z,Thoai Ngoc Hau,Tan Phu,10.784666,106.628476,15.5,90,moderate,slow,14.6,user_report,true,37.85,2024-03-13T17:00:00.000Z
FLD01591,2024-03-14T01:00:31.000Z,Tran Xuan Soan,Quan 7,10.751339,106.699044,20.1,90,moderate,slow,45.6,user_report,true,41.07,2024-03-14T01:00:00.000Z
FLD01792,2024-03-14T03:05:39.000Z,Da Nam,Quan 8,10.742342,106.674984,13.1,120,light,clear,14.9,IoT_sensor,true,45.17,2024-03-14T03:00:00.000Z
FLD00068,2024-03-14T11:23:42.000Z,Nguyen Van Qua,Quan 12,10.854712,106.663116,51.1,120,severe,blocked,104.5,IoT_sensor,true,71.77,2024-03-14T11:00:00.000Z
FLD00998,2024-03-14T18:52:28.000Z,Le Thi Rieng,Quan 12,10.862494,106.647624,20.1,90,moderate,slow,44.3,user_report,true,41.07,2024-03-14T18:00:00.000Z
FLD00536,2024-03-14T21:39:58.000Z,Binh Long,Tan Phu,10.799145,106.615109,15.2,90,moderate,slow,29.3,IoT_sensor,true,37.64,2024-03-14T21:00:00.000Z
FLD00399,2024-03-15T13:23:47.000Z,To Ky,Quan 12,10.867716,106.630812,41.2,60,severe,blocked,87.5,user_report,true,46.84,2024-03-15T13:00:00.000Z
FLD01128,2024-03-16T11:21:50.000Z,Nguyen Huu Canh,Binh Thanh,10.787951,106.722662,16.6,30,moderate,slow,23.2,IoT_sensor,true,20.62,2024-03-16T11:00:00.000Z
FLD01215,2024-03-17T01:54:30.000Z,Nguyen Van Khoi,Go Vap,10.830175,106.694139,14.6,30,light,clear,27.0,monitoring_station,true,19.22,2024-03-17T01:00:00.000Z
FLD00682,2024-03-17T03:53:17.000Z,Nguyen Thi Thap,Quan 7,10.74128,106.714257,9.3,30,light,clear,10.5,traffic_camera,true,15.51,2024-03-17T03:00:00.000Z
FLD01158,2024-03-17T05:57:46.000Z,Tran Xuan Soan,Quan 7,10.749946,106.699639,5.0,60,light,clear,9.2,IoT_sensor,true,21.5,2024-03-17T05:00:00.000Z
FLD01153,2024-03-17T15:37:29.000Z,Le Van Luong,Quan 7,10.736957,106.703587,25.3,60,moderate,slow,20.9,user_report,true,35.71,2024-03-17T15:00:00.000Z
FLD00113,2024-03-17T19:25:13.000Z,Kinh Duong Vuong,Quan 6,10.742209,106.616212,15.6,90,moderate,slow,37.7,user_report,true,37.92,2024-03-17T19:00:00.000Z
FLD01917,2024-03-18T04:19:20.000Z,Da Nam,Quan 8,10.741983,106.672774,19.9,60,moderate,slow,27.5,IoT_sensor,true,31.93,2024-03-18T04:00:00.000Z
FLD00479,2024-03-18T06:24:22.000Z,Nguyen Thi Thap,Quan 7,10.742692,106.714534,5.2,60,light,clear,9.7,traffic_camera,true,21.64,2024-03-18T06:00:00.000Z
FLD01056,2024-03-18T12:35:08.000Z,Le Dinh Can,Binh Tan,10.767392,106.594793,18.8,90,moderate,slow,33.3,user_report,true,40.16,2024-03-18T12:00:00.000Z
FLD00814,2024-03-18T13:08:14.000Z,Kinh Duong Vuong,Quan 6,10.742607,106.615205,11.7,90,light,clear,28.6,IoT_sensor,true,35.19,2024-03-18T13:00:00.000Z
FLD01422,2024-03-19T09:16:48.000Z,Hau Giang,Quan 6,10.745087,106.640043,5.2,90,light,clear,10.0,traffic_camera,true,30.64,2024-03-19T09:00:00.000Z
FLD01497,2024-03-19T10:15:29.000Z,Ta Quang Buu,Quan 8,10.745524,106.666298,5.0,60,light,clear,7.9,user_report,true,21.5,2024-03-19T10:00:00.000Z
FLD00522,2024-03-19T21:18:18.000Z,Nguyen Trai,Quan 5,10.7566,106.665603,21.4,60,moderate,slow,31.7,user_report,true,32.98,2024-03-19T21:00:00.000Z
FLD02381,2024-03-21T02:29:36.000Z,Kinh Duong Vuong,Quan 6,10.742048,106.614525,28.4,30,moderate,slow,63.1,IoT_sensor,true,28.88,2024-03-21T02:00:00.000Z
FLD01325,2024-03-21T09:38:28.000Z,Vo Van Kiet,Quan 1,10.763833,106.699654,23.8,60,moderate,slow,49.3,IoT_sensor,true,34.66,2024-03-21T09:00:00.000Z
FLD02365,2024-03-21T20:25:04.000Z,Linh Dong,Thu Duc,10.862726,106.766031,14.1,60,light,clear,22.6,monitoring_station,true,27.869999999999997,2024-03-21T20:00:00.000Z
FLD01015,2024-03-22T16:16:17.000Z,Ung Van Khiem,Binh Thanh,10.811263,106.709083,15.3,30,moderate,slow,25.1,user_report,true,19.71,2024-03-22T16:00:00.000Z
FLD01580,2024-03-23T02:54:46.000Z,Pham The Hien,Quan 8,10.729392,106.681557,5.0,60,light,clear,12.1,monitoring_station,true,21.5,2024-03-23T02:00:00.000Z
FLD02058,2024-03-23T16:58:17.000Z,An Duong Vuong,Quan 6,10.756364,106.646136,14.6,30,light,clear,27.4,IoT_sensor,true,19.22,2024-03-23T16:00:00.000Z
FLD01261,2024-03-23T20:11:14.000Z,Phan Huy Ich,Go Vap,10.828087,106.67235,5.0,240,light,clear,7.6,IoT_sensor,true,75.5,2024-03-23T20:00:00.000Z
FLD02218,2024-03-24T20:45:45.000Z,Ba Thang Hai,Quan 10,10.776105,106.671854,10.6,90,light,clear,20.9,IoT_sensor,true,34.42,2024-03-24T20:00:00.000Z
FLD00378,2024-03-26T11:34:43.000Z,Do Xuan Hop,Thu Duc,10.834838,106.782594,38.3,30,severe,blocked,72.8,user_report,true,35.809999999999995,2024-03-26T11:00:00.000Z
FLD01223,2024-03-27T12:32:35.000Z,Hau Giang,Quan 6,10.747912,106.64018,6.2,90,light,clear,14.3,IoT_sensor,true,31.34,2024-03-27T12:00:00.000Z
FLD01952,2024-03-28T11:24:38.000Z,Pham Van Dong,Binh Thanh,10.818619,106.703891,19.9,30,moderate,slow,42.8,user_report,true,22.93,2024-03-28T11:00:00.000Z
FLD00768,2024-03-29T11:13:47.000Z,Huynh Tan Phat,Quan 7,10.729459,106.723499,26.9,60,moderate,slow,49.1,user_report,true,36.83,2024-03-29T11:00:00.000Z
FLD00344,2024-03-29T14:38:21.000Z,Huynh Tan Phat,Quan 7,10.72669,106.720834,41.5,180,severe,blocked,101.3,monitoring_station,true,83.05,2024-03-29T14:00:00.000Z
FLD00259,2024-03-29T18:29:11.000Z,Lam Van Ben,Quan 7,10.718822,106.684007,11.9,30,light,clear,21.1,IoT_sensor,true,17.33,2024-03-29T18:00:00.000Z
FLD00468,2024-03-29T23:16:39.000Z,Ung Van Khiem,Binh Thanh,10.811427,106.710297,23.8,30,moderate,slow,27.2,IoT_sensor,true,25.66,2024-03-29T23:00:00.000Z
FLD01132,2024-03-30T02:06:01.000Z,Quang Trung,Go Vap,10.837219,106.664386,14.4,30,light,clear,34.7,IoT_sensor,true,19.08,2024-03-30T02:00:00.000Z
FLD01248,2024-03-30T12:23:33.000Z,Hoa Binh,Tan Phu,10.804255,106.623529,7.0,30,light,clear,14.4,monitoring_station,true,13.899999999999999,2024-03-30T12:00:00.000Z
FLD02100,2024-03-31T04:23:32.000Z,Hau Giang,Quan 6,10.74518,106.639608,11.4,60,light,clear,10.1,monitoring_station,true,25.98,2024-03-31T04:00:00.000Z
FLD01869,2024-03-31T07:16:04.000Z,Ta Quang Buu,Quan 8,10.74555,106.665106,21.6,30,moderate,slow,43.4,user_report,true,24.119999999999997,2024-03-31T07:00:00.000Z
FLD01447,2024-03-31T19:22:28.000Z,Tran Nao,Quan 2,10.782478,106.735899,18.5,30,moderate,slow,26.4,IoT_sensor,true,21.95,2024-03-31T19:00:00.000Z
FLD01273,2024-04-01T01:49:51.000Z,Nguyen Van Khoi,Go Vap,10.828196,106.694111,5.0,30,light,clear,4.0,monitoring_station,true,12.5,2024-04-01T01:00:00.000Z
FLD00270,2024-04-01T23:35:01.000Z,Le Thi Rieng,Quan 12,10.862529,106.649813,6.6,90,light,clear,13.0,IoT_sensor,true,31.619999999999997,2024-04-01T23:00:00.000Z
FLD01356,2024-04-02T03:41:21.000Z,Huynh Tan Phat,Quan 7,10.727827,106.721093,21.6,60,moderate,slow,32.4,user_report,true,33.12,2024-04-02T03:00:00.000Z
FLD02019,2024-04-02T04:30:55.000Z,Tran Xuan Soan,Quan 7,10.75284,106.69989,41.7,60,severe,blocked,36.1,IoT_sensor,true,47.19,2024-04-02T04:00:00.000Z
FLD02237,2024-04-02T16:58:32.000Z,Ma Lo,Binh Tan,10.761526,106.613772,8.0,30,light,clear,13.2,user_report,true,14.6,2024-04-02T16:00:00.000Z
FLD00200,2024-04-02T21:53:25.000Z,Vo Van Ngan,Thu Duc,10.850987,106.772441,21.6,60,moderate,slow,27.9,user_report,true,33.12,2024-04-02T21:00:00.000Z
FLD01559,2024-04-03T05:26:24.000Z,Nguyen Huu Canh,Binh Thanh,10.789648,106.720719,10.8,30,light,clear,19.3,user_report,true,16.56,2024-04-03T05:00:00.000Z
FLD01718,2024-04-03T16:25:42.000Z,Kha Van Can,Thu Duc,10.850221,106.753392,6.3,30,light,clear,5.5,monitoring_station,true,13.41,2024-04-03T16:00:00.000Z
FLD01778,2024-04-03T18:45:35.000Z,To Ky,Quan 12,10.867357,106.63091,5.0,240,light,clear,6.1,monitoring_station,true,75.5,2024-04-03T18:00:00.000Z
FLD02010,2024-04-03T22:15:41.000Z,Le Dinh Can,Binh Tan,10.76665,106.597627,19.4,60,moderate,slow,19.7,IoT_sensor,true,31.58,2024-04-03T22:00:00.000Z
FLD01805,2024-04-04T10:09:13.000Z,Ta Quang Buu,Quan 8,10.744341,106.662783,13.3,60,light,clear,14.6,monitoring_station,true,27.310000000000002,2024-04-04T10:00:00.000Z
FLD00619,2024-04-04T18:40:19.000Z,Nguyen Thi Thap,Quan 7,10.741505,106.716951,18.6,30,moderate,slow,19.6,monitoring_station,true,22.02,2024-04-04T18:00:00.000Z
FLD00273,2024-04-05T11:07:45.000Z,Tran Nao,Quan 2,10.783925,106.734905,20.9,90,moderate,slow,38.9,monitoring_station,true,41.629999999999995,2024-04-05T11:00:00.000Z
FLD02294,2024-04-06T09:16:27.000Z,Nguyen Van Qua,Quan 12,10.85454,106.662454,13.1,30,light,clear,31.4,IoT_sensor,true,18.17,2024-04-06T09:00:00.000Z
FLD00713,2024-04-06T11:49:22.000Z,An Duong Vuong,Quan 6,10.756012,106.645264,16.8,60,moderate,slow,26.3,IoT_sensor,true,29.759999999999998,2024-04-06T11:00:00.000Z
FLD00644,2024-04-06T12:09:14.000Z,Tran Nao,Quan 2,10.785129,106.737138,18.5,30,moderate,slow,34.5,monitoring_station,true,21.95,2024-04-06T12:00:00.000Z
FLD02397,2024-04-07T02:58:01.000Z,Pham The Hien,Quan 8,10.728747,106.685487,9.9,90,light,clear,9.4,user_report,true,33.93,2024-04-07T02:00:00.000Z
FLD02198,2024-04-07T07:03:06.000Z,Nguyen Huu Canh,Binh Thanh,10.786539,106.722125,5.0,60,light,clear,10.3,traffic_camera,true,21.5,2024-04-07T07:00:00.000Z
FLD01860,2024-04-07T10:39:47.000Z,Le Thi Rieng,Quan 12,10.863297,106.649087,21.5,90,moderate,slow,38.5,IoT_sensor,true,42.05,2024-04-07T10:00:00.000Z
FLD01480,2024-04-07T14:17:02.000Z,Binh Long,Tan Phu,10.799861,106.617132,5.0,30,light,clear,12.4,monitoring_station,true,12.5,2024-04-07T14:00:00.000Z
FLD00605,2024-04-07T19:29:55.000Z,Lam Van Ben,Quan 7,10.719807,106.683908,6.2,120,light,clear,15.1,user_report,true,40.34,2024-04-07T19:00:00.000Z
FLD02029,2024-04-07T20:45:16.000Z,Pham Van Dong,Binh Thanh,10.817155,106.703219,19.8,60,moderate,slow,28.5,user_report,true,31.86,2024-04-07T20:00:00.000Z
FLD01455,2024-04-07T23:06:17.000Z,Tran Xuan Soan,Quan 7,10.74964,106.697171,10.1,30,light,clear,21.5,IoT_sensor,true,16.07,2024-04-07T23:00:00.000Z
FLD00580,2024-04-08T16:39:01.000Z,Vo Van Ngan,Thu Duc,10.848909,106.772243,14.8,60,light,clear,19.2,IoT_sensor,true,28.36,2024-04-08T16:00:00.000Z
FLD00258,2024-04-08T16:50:54.000Z,Nguyen Thi Thap,Quan 7,10.739768,106.715113,8.7,120,light,clear,20.6,user_report,true,42.089999999999996,2024-04-08T16:00:00.000Z
FLD00589,2024-04-08T19:58:03.000Z,Ma Lo,Binh Tan,10.763953,106.614404,22.0,30,moderate,slow,21.1,IoT_sensor,true,24.4,2024-04-08T19:00:00.000Z
FLD01863,2024-04-08T20:07:44.000Z,Hoa Binh,Tan Phu,10.804468,106.624083,13.6,240,light,clear,33.6,traffic_camera,true,81.52,2024-04-08T20:00:00.000Z
FLD00226,2024-04-10T06:32:02.000Z,Ung Van Khiem,Binh Thanh,10.811685,106.708901,10.1,90,light,clear,16.9,IoT_sensor,true,34.07,2024-04-10T06:00:00.000Z
FLD00008,2024-04-10T09:51:47.000Z,Quang Trung,Go Vap,10.836858,106.664134,20.2,90,moderate,slow,17.2,IoT_sensor,true,41.14,2024-04-10T09:00:00.000Z
FLD02254,2024-04-10T18:55:32.000Z,Kha Van Can,Thu Duc,10.849767,106.753506,24.6,120,moderate,slow,35.5,user_report,true,53.22,2024-04-10T18:00:00.000Z
FLD00593,2024-04-10T22:08:50.000Z,To Ky,Quan 12,10.867163,106.632818,24.0,30,moderate,slow,50.8,IoT_sensor,true,25.799999999999997,2024-04-10T22:00:00.000Z
FLD01329,2024-04-10T23:13:43.000Z,Le Van Viet,Thu Duc,10.843437,106.790382,10.0,30,light,clear,12.2,monitoring_station,true,16.0,2024-04-10T23:00:00.000Z
FLD00164,2024-04-12T00:13:31.000Z,An Duong Vuong,Quan 6,10.754533,106.644247,6.7,30,light,clear,11.0,IoT_sensor,true,13.69,2024-04-12T00:00:00.000Z
FLD00997,2024-04-12T19:29:56.000Z,Do Xuan Hop,Thu Duc,10.831627,106.784175,29.6,120,moderate,slow,38.7,IoT_sensor,true,56.72,2024-04-12T19:00:00.000Z
FLD01173,2024-04-12T23:12:51.000Z,Vo Van Ngan,Thu Duc,10.850574,106.773238,39.6,30,severe,blocked,88.4,monitoring_station,true,36.72,2024-04-12T23:00:00.000Z
FLD00336,2024-04-13T01:10:51.000Z,Kha Van Can,Thu Duc,10.851783,106.753757,5.0,30,light,clear,10.3,IoT_sensor,true,12.5,2024-04-13T01:00:00.000Z
FLD00628,2024-04-13T06:57:56.000Z,Ba Thang Hai,Quan 10,10.773942,106.669655,5.0,30,light,clear,7.8,monitoring_station,true,12.5,2024-04-13T06:00:00.000Z
FLD01099,2024-04-13T07:23:15.000Z,Lam Van Ben,Quan 7,10.719801,106.685122,40.3,60,severe,blocked,93.7,IoT_sensor,true,46.209999999999994,2024-04-13T07:00:00.000Z
FLD02379,2024-04-13T12:26:34.000Z,No Trang Long,Binh Thanh,10.817313,106.699452,16.6,90,moderate,slow,35.5,user_report,true,38.620000000000005,2024-04-13T12:00:00.000Z
FLD01126,2024-04-13T17:04:16.000Z,Quang Trung,Go Vap,10.837449,106.662685,16.4,90,moderate,slow,33.6,IoT_sensor,true,38.48,2024-04-13T17:00:00.000Z
FLD01350,2024-04-14T20:08:24.000Z,Ba Thang Hai,Quan 10,10.775323,106.668916,10.2,30,light,clear,22.4,monitoring_station,true,16.14,2024-04-14T20:00:00.000Z
FLD01663,2024-04-15T06:13:42.000Z,Tran Nao,Quan 2,10.784865,106.734855,11.2,240,light,clear,22.5,user_report,true,79.84,2024-04-15T06:00:00.000Z
FLD01612,2024-04-15T06:24:29.000Z,Xo Viet Nghe Tinh,Binh Thanh,10.808033,106.71171,5.5,180,light,clear,13.5,traffic_camera,true,57.85,2024-04-15T06:00:00.000Z
FLD01523,2024-04-15T07:58:33.000Z,Nguyen Huu Canh,Binh Thanh,10.789919,106.721043,5.0,180,light,clear,5.7,IoT_sensor,true,57.5,2024-04-15T07:00:00.000Z
FLD00343,2024-04-15T08:44:16.000Z,Nguyen Huu Canh,Binh Thanh,10.786821,106.721314,8.5,90,light,clear,17.8,monitoring_station,true,32.95,2024-04-15T08:00:00.000Z
FLD01246,2024-04-15T18:52:02.000Z,Da Nam,Quan 8,10.741593,106.674575,8.3,30,light,clear,19.2,IoT_sensor,true,14.81,2024-04-15T18:00:00.000Z
FLD02039,2024-04-17T01:46:13.000Z,Hoa Binh,Tan Phu,10.802967,106.620978,14.8,60,light,clear,12.3,IoT_sensor,true,28.36,2024-04-17T01:00:00.000Z
FLD02122,2024-04-17T02:13:14.000Z,Ta Quang Buu,Quan 8,10.745146,106.664625,5.0,90,light,clear,4.5,user_report,true,30.5,2024-04-17T02:00:00.000Z
FLD00791,2024-04-17T18:44:09.000Z,Ung Van Khiem,Binh Thanh,10.810027,106.712322,29.5,90,moderate,slow,56.3,IoT_sensor,true,47.65,2024-04-17T18:00:00.000Z
FLD01751,2024-04-18T08:04:11.000Z,Phan Huy Ich,Go Vap,10.827523,106.67392,12.0,60,light,clear,17.5,user_report,true,26.4,2024-04-18T08:00:00.000Z
FLD00502,2024-04-18T08:34:55.000Z,Nguyen Van Khoi,Go Vap,10.829553,106.692481,28.5,30,moderate,slow,43.7,IoT_sensor,true,28.95,2024-04-18T08:00:00.000Z
FLD00672,2024-04-19T01:51:41.000Z,Nguyen Huu Canh,Binh Thanh,10.788009,106.721227,80.1,60,severe,blocked,77.2,IoT_sensor,true,74.07,2024-04-19T01:00:00.000Z
FLD02298,2024-04-19T07:26:17.000Z,Vo Van Kiet,Quan 1,10.764246,106.697151,5.0,240,light,clear,9.3,IoT_sensor,true,75.5,2024-04-19T07:00:00.000Z
FLD02295,2024-04-19T12:24:21.000Z,Tran Nao,Quan 2,10.782471,106.738187,8.4,90,light,clear,11.4,IoT_sensor,true,32.88,2024-04-19T12:00:00.000Z
FLD01713,2024-04-19T13:19:54.000Z,Lam Van Ben,Quan 7,10.718535,106.684074,8.0,90,light,clear,13.8,IoT_sensor,true,32.6,2024-04-19T13:00:00.000Z
FLD01162,2024-04-19T16:15:57.000Z,Nguyen Anh Thu,Quan 12,10.875565,106.64532,13.7,60,light,clear,33.6,user_report,true,27.589999999999996,2024-04-19T16:00:00.000Z
FLD01573,2024-04-19T17:24:35.000Z,Hau Giang,Quan 6,10.747891,106.640307,26.4,90,moderate,slow,43.5,traffic_camera,true,45.48,2024-04-19T17:00:00.000Z
FLD00486,2024-04-19T20:25:29.000Z,Thoai Ngoc Hau,Tan Phu,10.786862,106.627179,5.0,60,light,clear,8.4,IoT_sensor,true,21.5,2024-04-19T20:00:00.000Z
FLD02112,2024-04-20T01:29:38.000Z,Nguyen Huu Canh,Binh Thanh,10.788472,106.720701,5.7,90,light,clear,6.4,user_report,true,30.99,2024-04-20T01:00:00.000Z
FLD01501,2024-04-20T17:38:18.000Z,An Duong Vuong,Quan 6,10.753304,106.645902,11.3,60,light,clear,23.5,IoT_sensor,true,25.91,2024-04-20T17:00:00.000Z
FLD01168,2024-04-20T20:00:45.000Z,Le Thi Rieng,Quan 12,10.859746,106.649114,16.1,30,moderate,slow,38.0,IoT_sensor,true,20.27,2024-04-20T20:00:00.000Z
FLD00276,2024-04-21T05:11:58.000Z,To Ky,Quan 12,10.865853,106.632763,9.5,180,light,clear,11.4,user_report,true,60.65,2024-04-21T05:00:00.000Z
FLD00880,2024-04-21T08:15:16.000Z,Nguyen Van Khoi,Go Vap,10.829755,106.693804,28.2,180,moderate,slow,53.8,IoT_sensor,true,73.74,2024-04-21T08:00:00.000Z
FLD02182,2024-04-21T12:34:53.000Z,CMT8,Quan 3,10.783001,106.679758,9.8,30,light,clear,8.4,IoT_sensor,true,15.86,2024-04-21T12:00:00.000Z
FLD00480,2024-04-21T16:01:49.000Z,Nguyen Huu Canh,Binh Thanh,10.789297,106.721703,5.5,180,light,clear,12.4,monitoring_station,true,57.85,2024-04-21T16:00:00.000Z
FLD00966,2024-04-21T17:21:01.000Z,Nguyen Van Khoi,Go Vap,10.827934,106.692161,8.0,30,light,clear,13.1,monitoring_station,true,14.6,2024-04-21T17:00:00.000Z
FLD00914,2024-04-21T17:32:34.000Z,Ma Lo,Binh Tan,10.765297,106.614122,11.7,60,light,clear,23.2,IoT_sensor,true,26.189999999999998,2024-04-21T17:00:00.000Z
FLD01434,2024-04-21T20:00:27.000Z,To Ky,Quan 12,10.865643,106.630659,31.1,90,severe,blocked,26.1,IoT_sensor,true,48.769999999999996,2024-04-21T20:00:00.000Z
FLD01267,2024-04-23T12:52:00.000Z,Vo Van Kiet,Quan 1,10.76199,106.698551,13.7,30,light,clear,20.7,user_report,true,18.589999999999996,2024-04-23T12:00:00.000Z
FLD00148,2024-04-23T13:47:33.000Z,Nguyen Anh Thu,Quan 12,10.8786,106.644486,11.5,60,light,clear,14.5,user_report,true,26.049999999999997,2024-04-23T13:00:00.000Z
FLD01873,2024-04-23T19:19:38.000Z,Vo Van Ngan,Thu Duc,10.851991,106.771901,6.3,120,light,clear,6.0,monitoring_station,true,40.41,2024-04-23T19:00:00.000Z
FLD00327,2024-04-23T20:35:31.000Z,No Trang Long,Binh Thanh,10.81676,106.696175,8.3,30,light,clear,20.6,IoT_sensor,true,14.81,2024-04-23T20:00:00.000Z
FLD00943,2024-04-23T23:41:12.000Z,Nguyen Anh Thu,Quan 12,10.876328,106.646227,26.4,180,moderate,slow,57.0,IoT_sensor,true,72.47999999999999,2024-04-23T23:00:00.000Z
FLD01133,2024-04-24T04:02:35.000Z,Quang Trung,Go Vap,10.839078,106.664185,38.4,90,severe,blocked,83.5,user_report,true,53.879999999999995,2024-04-24T04:00:00.000Z
FLD00230,2024-04-24T20:23:09.000Z,Ta Quang Buu,Quan 8,10.744518,106.665938,5.0,180,light,clear,12.3,user_report,true,57.5,2024-04-24T20:00:00.000Z
FLD01850,2024-04-25T21:21:52.000Z,Lam Van Ben,Quan 7,10.717332,106.685007,26.3,60,moderate,slow,56.2,IoT_sensor,true,36.41,2024-04-25T21:00:00.000Z
FLD02016,2024-04-25T22:40:30.000Z,Le Thi Rieng,Quan 12,10.86007,106.646708,11.2,120,light,clear,25.5,monitoring_station,true,43.839999999999996,2024-04-25T22:00:00.000Z
FLD00985,2024-04-26T00:37:59.000Z,Linh Dong,Thu Duc,10.864114,106.766093,30.4,30,severe,blocked,29.0,user_report,true,30.279999999999998,2024-04-26T00:00:00.000Z
FLD01577,2024-04-26T20:23:12.000Z,Vo Van Ngan,Thu Duc,10.852245,106.772393,21.6,180,moderate,slow,24.3,monitoring_station,true,69.12,2024-04-26T20:00:00.000Z
FLD01001,2024-04-27T08:27:09.000Z,Ta Quang Buu,Quan 8,10.746059,106.663697,5.2,90,light,clear,8.1,IoT_sensor,true,30.64,2024-04-27T08:00:00.000Z
FLD02227,2024-04-27T08:55:31.000Z,Hoa Binh,Tan Phu,10.805078,106.623782,21.4,30,moderate,slow,40.0,IoT_sensor,true,23.979999999999997,2024-04-27T08:00:00.000Z
FLD01488,2024-04-27T15:40:38.000Z,CMT8,Quan 3,10.781065,106.68094,31.1,30,severe,blocked,73.3,IoT_sensor,true,30.77,2024-04-27T15:00:00.000Z
FLD01623,2024-04-28T02:08:22.000Z,Le Van Luong,Quan 7,10.735654,106.70677,15.9,240,moderate,slow,21.6,IoT_sensor,true,83.13,2024-04-28T02:00:00.000Z
FLD00151,2024-04-28T12:00:00.000Z,Le Dinh Can,Binh Tan,10.766355,106.597261,29.1,60,moderate,slow,24.5,monitoring_station,true,38.370000000000005,2024-04-28T12:00:00.000Z
FLD01688,2024-04-28T13:52:16.000Z,Nguyen Van Khoi,Go Vap,10.828859,106.691893,10.4,120,light,clear,10.0,traffic_camera,true,43.28,2024-04-28T13:00:00.000Z
FLD02025,2024-04-28T15:43:31.000Z,Le Van Viet,Thu Duc,10.846127,106.790496,5.0,30,light,clear,4.7,user_report,true,12.5,2024-04-28T15:00:00.000Z
FLD02315,2024-04-28T17:02:19.000Z,No Trang Long,Binh Thanh,10.81613,106.697123,16.6,240,moderate,slow,15.8,IoT_sensor,true,83.62,2024-04-28T17:00:00.000Z
FLD00882,2024-04-28T23:32:38.000Z,Ta Quang Buu,Quan 8,10.743171,106.663951,19.2,30,moderate,slow,22.4,IoT_sensor,true,22.439999999999998,2024-04-28T23:00:00.000Z
FLD02232,2024-04-29T09:35:36.000Z,Ba Thang Hai,Quan 10,10.775888,106.669659,26.0,60,moderate,slow,28.5,IoT_sensor,true,36.2,2024-04-29T09:00:00.000Z
FLD00448,2024-04-29T13:02:28.000Z,CMT8,Quan 3,10.78092,106.681062,40.6,90,severe,blocked,95.0,user_report,true,55.42,2024-04-29T13:00:00.000Z
FLD01357,2024-04-29T14:57:10.000Z,Ba Thang Hai,Quan 10,10.773873,106.672442,5.7,120,light,clear,5.2,user_report,true,39.99,2024-04-29T14:00:00.000Z
FLD00938,2024-04-30T20:20:07.000Z,An Duong Vuong,Quan 6,10.755955,106.642588,38.7,120,severe,blocked,52.1,IoT_sensor,true,63.09,2024-04-30T20:00:00.000Z
FLD00249,2024-05-01T03:32:00.000Z,Le Dinh Can,Binh Tan,10.765687,106.594743,26.5,30,moderate,slow,37.8,IoT_sensor,true,27.549999999999997,2024-05-01T03:00:00.000Z
FLD00473,2024-05-01T19:31:03.000Z,Nguyen Van Khoi,Go Vap,10.826622,106.693361,8.6,30,light,clear,19.3,user_report,true,15.02,2024-05-01T19:00:00.000Z
FLD00039,2024-05-02T05:30:06.000Z,Vo Van Ngan,Thu Duc,10.84888,106.772465,21.1,120,moderate,slow,26.0,traffic_camera,true,50.769999999999996,2024-05-02T05:00:00.000Z
FLD00697,2024-05-02T08:18:10.000Z,Vo Van Ngan,Thu Duc,10.848642,106.772909,5.0,60,light,clear,9.0,IoT_sensor,true,21.5,2024-05-02T08:00:00.000Z
FLD00302,2024-05-02T08:56:27.000Z,Le Thi Rieng,Quan 12,10.863463,106.646549,9.0,30,light,clear,10.7,monitoring_station,true,15.3,2024-05-02T08:00:00.000Z
FLD00034,2024-05-02T22:09:41.000Z,Nguyen Thi Thap,Quan 7,10.74293,106.715351,25.6,120,moderate,slow,43.8,IoT_sensor,true,53.92,2024-05-02T22:00:00.000Z
FLD00341,2024-05-03T03:04:10.000Z,Pham Van Dong,Binh Thanh,10.819427,106.702294,11.5,60,light,clear,17.2,IoT_sensor,true,26.049999999999997,2024-05-03T03:00:00.000Z
FLD00951,2024-05-03T06:36:32.000Z,CMT8,Quan 3,10.782968,106.679488,20.9,60,moderate,slow,27.5,monitoring_station,true,32.629999999999995,2024-05-03T06:00:00.000Z
FLD01484,2024-05-04T04:09:08.000Z,Linh Dong,Thu Duc,10.862595,106.764701,13.9,30,light,clear,13.3,IoT_sensor,true,18.73,2024-05-04T04:00:00.000Z
FLD00684,2024-05-04T13:18:27.000Z,Nguyen Trai,Quan 5,10.754673,106.662516,19.4,60,moderate,slow,18.7,IoT_sensor,true,31.58,2024-05-04T13:00:00.000Z
FLD00006,2024-05-04T14:07:17.000Z,Binh Long,Tan Phu,10.800648,106.616159,9.2,90,light,clear,10.5,IoT_sensor,true,33.44,2024-05-04T14:00:00.000Z
FLD01084,2024-05-05T08:16:32.000Z,Da Nam,Quan 8,10.74303,106.671651,19.8,90,moderate,slow,18.4,user_report,true,40.86,2024-05-05T08:00:00.000Z
FLD02339,2024-05-05T14:56:34.000Z,Tran Xuan Soan,Quan 7,10.749875,106.700222,18.2,60,moderate,slow,23.1,monitoring_station,true,30.74,2024-05-05T14:00:00.000Z
FLD01866,2024-05-05T21:26:14.000Z,Nguyen Anh Thu,Quan 12,10.877256,106.643341,15.2,60,moderate,slow,24.8,IoT_sensor,true,28.64,2024-05-05T21:00:00.000Z
FLD00283,2024-05-05T22:53:37.000Z,Nguyen Van Khoi,Go Vap,10.83038,106.692192,14.7,60,light,clear,24.9,IoT_sensor,true,28.29,2024-05-05T22:00:00.000Z
FLD01139,2024-05-06T16:51:11.000Z,Kinh Duong Vuong,Quan 6,10.742726,106.617053,41.2,240,severe,blocked,55.1,traffic_camera,true,100.84,2024-05-06T16:00:00.000Z
FLD01413,2024-05-06T18:45:42.000Z,Xo Viet Nghe Tinh,Binh Thanh,10.805601,106.713393,15.9,60,moderate,slow,20.7,IoT_sensor,true,29.13,2024-05-06T18:00:00.000Z
FLD01925,2024-05-06T22:20:05.000Z,Ba Thang Hai,Quan 10,10.773379,106.671861,30.0,30,severe,blocked,43.2,IoT_sensor,true,30.0,2024-05-06T22:00:00.000Z
FLD00478,2024-05-07T12:22:46.000Z,Nguyen Van Qua,Quan 12,10.855355,106.664489,14.8,90,light,clear,29.2,user_report,true,37.36,2024-05-07T12:00:00.000Z
FLD00150,2024-05-08T08:34:14.000Z,An Duong Vuong,Quan 6,10.75417,106.642974,15.3,240,moderate,slow,23.3,user_report,true,82.71,2024-05-08T08:00:00.000Z
FLD00397,2024-05-09T02:29:04.000Z,Nguyen Thi Thap,Quan 7,10.740728,106.715283,29.9,120,moderate,slow,62.6,IoT_sensor,true,56.92999999999999,2024-05-09T02:00:00.000Z
FLD00974,2024-05-10T03:59:12.000Z,Ta Quang Buu,Quan 8,10.742816,106.662912,19.6,60,moderate,slow,48.5,monitoring_station,true,31.72,2024-05-10T03:00:00.000Z
FLD01123,2024-05-10T11:48:16.000Z,Xo Viet Nghe Tinh,Binh Thanh,10.806691,106.710805,9.3,180,light,clear,13.1,monitoring_station,true,60.51,2024-05-10T11:00:00.000Z
FLD00529,2024-05-10T14:53:18.000Z,Ung Van Khiem,Binh Thanh,10.812015,106.712188,14.7,240,light,clear,35.1,IoT_sensor,true,82.28999999999999,2024-05-10T14:00:00.000Z
FLD01269,2024-05-11T02:06:13.000Z,Nguyen Trai,Quan 5,10.757272,106.665839,40.9,30,severe,blocked,41.1,user_report,true,37.629999999999995,2024-05-11T02:00:00.000Z
FLD01755,2024-05-11T03:44:00.000Z,Tran Nao,Quan 2,10.783216,106.738452,5.9,30,light,clear,11.9,traffic_camera,true,13.129999999999999,2024-05-11T03:00:00.000Z
FLD01154,2024-05-12T00:50:01.000Z,Tan Ky Tan Quy,Binh Tan,10.789233,106.604234,24.2,90,moderate,slow,25.3,user_report,true,43.94,2024-05-12T00:00:00.000Z
FLD02243,2024-05-12T14:51:03.000Z,CMT8,Quan 3,10.782323,106.680112,14.4,90,light,clear,25.8,user_report,true,37.08,2024-05-12T14:00:00.000Z
FLD00110,2024-05-12T19:44:54.000Z,Linh Dong,Thu Duc,10.86387,106.766678,24.9,30,moderate,slow,34.4,traffic_camera,true,26.429999999999996,2024-05-12T19:00:00.000Z
FLD01194,2024-05-12T23:15:55.000Z,Nguyen Van Qua,Quan 12,10.853752,106.661561,25.1,60,moderate,slow,38.2,monitoring_station,true,35.57,2024-05-12T23:00:00.000Z
FLD01553,2024-05-12T23:17:50.000Z,Pham The Hien,Quan 8,10.728729,106.684306,11.8,240,light,clear,21.5,traffic_camera,true,80.26,2024-05-12T23:00:00.000Z
FLD02314,2024-05-14T02:25:26.000Z,Tran Nao,Quan 2,10.781819,106.737374,11.7,60,light,clear,12.7,IoT_sensor,true,26.189999999999998,2024-05-14T02:00:00.000Z
FLD01063,2024-05-14T10:59:46.000Z,Nguyen Huu Canh,Binh Thanh,10.788618,106.721171,14.0,120,light,clear,26.2,IoT_sensor,true,45.8,2024-05-14T10:00:00.000Z
FLD01440,2024-05-15T06:09:56.000Z,Ta Quang Buu,Quan 8,10.745427,106.664834,28.6,90,moderate,slow,60.2,monitoring_station,true,47.019999999999996,2024-05-15T06:00:00.000Z
FLD02247,2024-05-15T18:35:54.000Z,Kinh Duong Vuong,Quan 6,10.744822,106.616084,26.1,120,moderate,slow,38.9,IoT_sensor,true,54.269999999999996,2024-05-15T18:00:00.000Z
FLD01511,2024-05-16T06:12:55.000Z,Binh Long,Tan Phu,10.798298,106.61612,10.5,90,light,clear,15.9,IoT_sensor,true,34.35,2024-05-16T06:00:00.000Z
FLD01703,2024-05-16T13:25:02.000Z,Hoa Binh,Tan Phu,10.803427,106.620561,14.1,120,light,clear,11.4,user_report,true,45.87,2024-05-16T13:00:00.000Z
FLD00030,2024-05-16T16:29:59.000Z,Le Van Viet,Thu Duc,10.843462,106.787585,8.6,180,light,clear,11.0,IoT_sensor,true,60.019999999999996,2024-05-16T16:00:00.000Z
FLD00340,2024-05-16T20:58:32.000Z,Binh Long,Tan Phu,10.79858,106.615891,25.5,60,moderate,slow,27.0,user_report,true,35.849999999999994,2024-05-16T20:00:00.000Z
FLD01708,2024-05-17T00:00:28.000Z,Le Dinh Can,Binh Tan,10.76797,106.595596,11.0,60,light,clear,9.5,traffic_camera,true,25.7,2024-05-17T00:00:00.000Z
FLD01855,2024-05-17T02:39:12.000Z,Vo Van Kiet,Quan 1,10.760903,106.699118,5.0,120,light,clear,7.2,traffic_camera,true,39.5,2024-05-17T02:00:00.000Z
FLD01349,2024-05-17T14:45:32.000Z,Nguyen Huu Canh,Binh Thanh,10.786226,106.721136,24.5,90,moderate,slow,25.9,monitoring_station,true,44.15,2024-05-17T14:00:00.000Z
FLD01945,2024-05-17T23:37:56.000Z,Tan Ky Tan Quy,Binh Tan,10.788858,106.601889,19.0,120,moderate,slow,41.6,IoT_sensor,true,49.3,2024-05-17T23:00:00.000Z
FLD01222,2024-05-18T16:46:42.000Z,Ung Van Khiem,Binh Thanh,10.813517,106.712374,11.1,60,light,clear,24.0,traffic_camera,true,25.77,2024-05-18T16:00:00.000Z
FLD02152,2024-05-18T21:24:07.000Z,Ta Quang Buu,Quan 8,10.744056,106.666285,21.8,120,moderate,slow,33.6,user_report,true,51.26,2024-05-18T21:00:00.000Z
FLD00988,2024-05-18T22:37:43.000Z,Thoai Ngoc Hau,Tan Phu,10.784979,106.627456,6.1,90,light,clear,7.4,monitoring_station,true,31.27,2024-05-18T22:00:00.000Z
FLD01412,2024-05-19T01:05:39.000Z,Tam Binh,Thu Duc,10.862626,106.738553,8.6,60,light,clear,16.6,IoT_sensor,true,24.02,2024-05-19T01:00:00.000Z
FLD00530,2024-05-19T04:55:29.000Z,Tan Ky Tan Quy,Binh Tan,10.789076,106.602089,14.1,90,light,clear,16.4,user_report,true,36.87,2024-05-19T04:00:00.000Z
FLD02143,2024-05-19T09:53:51.000Z,To Ky,Quan 12,10.865618,106.630552,5.0,120,light,clear,4.4,user_report,true,39.5,2024-05-19T09:00:00.000Z
FLD01259,2024-05-19T22:02:53.000Z,Kinh Duong Vuong,Quan 6,10.741642,106.614478,50.4,240,severe,blocked,75.9,IoT_sensor,true,107.28,2024-05-19T22:00:00.000Z
FLD02021,2024-05-20T07:36:41.000Z,Do Xuan Hop,Thu Duc,10.831663,106.780764,38.4,30,severe,blocked,50.1,IoT_sensor,true,35.879999999999995,2024-05-20T07:00:00.000Z
FLD01853,2024-05-20T08:25:56.000Z,Thoai Ngoc Hau,Tan Phu,10.786139,106.629683,29.5,60,moderate,slow,41.4,user_report,true,38.65,2024-05-20T08:00:00.000Z
FLD00253,2024-05-22T09:47:56.000Z,No Trang Long,Binh Thanh,10.815725,106.696365,20.4,120,moderate,slow,46.5,monitoring_station,true,50.28,2024-05-22T09:00:00.000Z
FLD01867,2024-05-22T13:05:42.000Z,No Trang Long,Binh Thanh,10.817219,106.699244,6.6,90,light,clear,12.7,IoT_sensor,true,31.619999999999997,2024-05-22T13:00:00.000Z
FLD01953,2024-05-22T15:21:12.000Z,Linh Dong,Thu Duc,10.863176,106.767491,19.6,30,moderate,slow,29.1,traffic_camera,true,22.72,2024-05-22T15:00:00.000Z
FLD00958,2024-05-23T10:17:03.000Z,Vo Van Ngan,Thu Duc,10.848697,106.771209,21.7,90,moderate,slow,42.4,IoT_sensor,true,42.19,2024-05-23T10:00:00.000Z
FLD00779,2024-05-23T11:32:31.000Z,An Duong Vuong,Quan 6,10.755373,106.643474,5.0,60,light,clear,12.3,IoT_sensor,true,21.5,2024-05-23T11:00:00.000Z
FLD00421,2024-05-23T15:36:05.000Z,Thoai Ngoc Hau,Tan Phu,10.785896,106.629293,38.9,60,severe,blocked,94.6,traffic_camera,true,45.23,2024-05-23T15:00:00.000Z
FLD00611,2024-05-24T22:52:15.000Z,Le Dinh Can,Binh Tan,10.765185,106.596527,29.0,240,moderate,slow,24.4,IoT_sensor,true,92.3,2024-05-24T22:00:00.000Z
FLD00537,2024-05-24T22:54:59.000Z,Nguyen Van Qua,Quan 12,10.855461,106.661829,16.1,180,moderate,slow,21.1,user_report,true,65.27,2024-05-24T22:00:00.000Z
FLD02022,2024-05-25T00:22:14.000Z,Vo Van Kiet,Quan 1,10.761921,106.699841,6.3,60,light,clear,6.1,IoT_sensor,true,22.41,2024-05-25T00:00:00.000Z
FLD01999,2024-05-26T01:47:45.000Z,Tan Ky Tan Quy,Binh Tan,10.789934,106.601759,19.1,30,moderate,slow,36.0,IoT_sensor,true,22.37,2024-05-26T01:00:00.000Z
FLD01674,2024-05-26T07:13:34.000Z,Da Nam,Quan 8,10.741999,106.673782,23.2,60,moderate,slow,53.6,IoT_sensor,true,34.239999999999995,2024-05-26T07:00:00.000Z
FLD00747,2024-05-26T08:41:28.000Z,Kinh Duong Vuong,Quan 6,10.743196,106.615058,19.8,60,moderate,slow,29.9,IoT_sensor,true,31.86,2024-05-26T08:00:00.000Z
FLD01531,2024-05-27T17:03:15.000Z,To Ky,Quan 12,10.867858,106.632313,5.4,60,light,clear,10.9,traffic_camera,true,21.78,2024-05-27T17:00:00.000Z
FLD01172,2024-05-27T17:26:54.000Z,Da Nam,Quan 8,10.743213,106.671625,19.6,90,moderate,slow,46.5,user_report,true,40.72,2024-05-27T17:00:00.000Z
FLD01034,2024-05-28T02:21:56.000Z,Vo Van Ngan,Thu Duc,10.849407,106.772241,5.0,120,light,clear,6.9,traffic_camera,true,39.5,2024-05-28T02:00:00.000Z
FLD02087,2024-05-28T04:23:32.000Z,Kinh Duong Vuong,Quan 6,10.745184,106.616012,5.8,30,light,clear,13.1,traffic_camera,true,13.059999999999999,2024-05-28T04:00:00.000Z
FLD01954,2024-05-28T09:23:50.000Z,Nguyen Huu Canh,Binh Thanh,10.788228,106.723143,5.3,30,light,clear,8.6,user_report,true,12.709999999999999,2024-05-28T09:00:00.000Z
FLD01905,2024-05-28T10:57:35.000Z,Xo Viet Nghe Tinh,Binh Thanh,10.808015,106.710969,29.5,30,moderate,slow,67.4,IoT_sensor,true,29.65,2024-05-28T10:00:00.000Z
FLD01351,2024-05-29T04:17:49.000Z,Le Van Luong,Quan 7,10.737377,106.703782,18.5,240,moderate,slow,34.6,IoT_sensor,true,84.95,2024-05-29T04:00:00.000Z
FLD00114,2024-05-29T15:56:32.000Z,Tran Nao,Quan 2,10.78414,106.73571,5.0,180,light,clear,12.4,user_report,true,57.5,2024-05-29T15:00:00.000Z
FLD00755,2024-05-29T19:38:18.000Z,Do Xuan Hop,Thu Duc,10.834591,106.78126,9.3,90,light,clear,17.4,user_report,true,33.51,2024-05-29T19:00:00.000Z
FLD02296,2024-05-30T05:59:32.000Z,Tan Ky Tan Quy,Binh Tan,10.790476,106.600543,81.9,60,severe,blocked,162.7,IoT_sensor,true,75.33,2024-05-30T05:00:00.000Z
FLD01838,2024-05-31T02:26:49.000Z,Le Dinh Can,Binh Tan,10.766413,106.595418,31.7,60,severe,blocked,51.4,IoT_sensor,true,40.19,2024-05-31T02:00:00.000Z
FLD00620,2024-05-31T11:00:40.000Z,Do Xuan Hop,Thu Duc,10.833038,106.781797,6.9,90,light,clear,14.3,monitoring_station,true,31.83,2024-05-31T11:00:00.000Z
FLD00722,2024-05-31T13:50:58.000Z,Tran Xuan Soan,Quan 7,10.751846,106.700159,6.4,30,light,clear,10.3,IoT_sensor,true,13.48,2024-05-31T13:00:00.000Z
FLD00982,2024-05-31T15:41:04.000Z,Le Dinh Can,Binh Tan,10.76505,106.595089,5.6,90,light,clear,11.1,IoT_sensor,true,30.919999999999998,2024-05-31T15:00:00.000Z
FLD02074,2024-05-31T15:47:13.000Z,Lam Van Ben,Quan 7,10.720346,106.682594,20.2,180,moderate,slow,25.8,user_report,true,68.14,2024-05-31T15:00:00.000Z
FLD00163,2024-05-31T17:15:59.000Z,Da Nam,Quan 8,10.741239,106.672415,25.2,30,moderate,slow,48.1,IoT_sensor,true,26.639999999999997,2024-05-31T17:00:00.000Z
FLD02371,2024-06-01T00:56:30.000Z,Vo Van Kiet,Quan 1,10.764207,106.698173,11.5,60,light,clear,18.8,monitoring_station,true,26.049999999999997,2024-06-01T00:00:00.000Z
FLD01210,2024-06-01T01:03:54.000Z,Nguyen Trai,Quan 5,10.757234,106.666348,8.2,60,light,clear,18.7,IoT_sensor,true,23.74,2024-06-01T01:00:00.000Z
FLD00032,2024-06-01T18:42:45.000Z,Hau Giang,Quan 6,10.744697,106.638994,5.0,30,light,clear,8.9,IoT_sensor,true,12.5,2024-06-01T18:00:00.000Z
FLD02354,2024-06-03T01:12:33.000Z,To Ky,Quan 12,10.86542,106.631334,16.0,180,moderate,slow,21.6,user_report,true,65.2,2024-06-03T01:00:00.000Z
FLD00009,2024-06-03T03:51:27.000Z,Tran Nao,Quan 2,10.784636,106.737157,8.2,60,light,clear,15.8,IoT_sensor,true,23.74,2024-06-03T03:00:00.000Z
FLD01822,2024-06-03T12:16:12.000Z,Thoai Ngoc Hau,Tan Phu,10.785698,106.627716,16.6,60,moderate,slow,29.0,monitoring_station,true,29.62,2024-06-03T12:00:00.000Z
FLD00716,2024-06-03T17:23:54.000Z,Pham The Hien,Quan 8,10.726112,106.68426,15.0,180,moderate,slow,32.7,monitoring_station,true,64.5,2024-06-03T17:00:00.000Z
FLD00334,2024-06-03T18:01:34.000Z,Nguyen Van Khoi,Go Vap,10.829598,106.69386,6.3,90,light,clear,13.0,IoT_sensor,true,31.41,2024-06-03T18:00:00.000Z
FLD01854,2024-06-04T01:28:17.000Z,An Duong Vuong,Quan 6,10.753099,106.645973,10.0,90,light,clear,21.5,IoT_sensor,true,34.0,2024-06-04T01:00:00.000Z
FLD00719,2024-06-04T07:42:28.000Z,Kinh Duong Vuong,Quan 6,10.745467,106.615774,10.9,240,light,clear,16.2,monitoring_station,true,79.63,2024-06-04T07:00:00.000Z
FLD00277,2024-06-04T09:13:47.000Z,Linh Dong,Thu Duc,10.862704,106.767193,26.2,30,moderate,slow,63.7,user_report,true,27.34,2024-06-04T09:00:00.000Z
FLD00945,2024-06-04T14:49:55.000Z,Kinh Duong Vuong,Quan 6,10.745285,106.616941,5.4,90,light,clear,9.5,IoT_sensor,true,30.78,2024-06-04T14:00:00.000Z
FLD01316,2024-06-05T15:06:17.000Z,Huynh Tan Phat,Quan 7,10.727204,106.720733,20.1,60,moderate,slow,42.4,user_report,true,32.07,2024-06-05T15:00:00.000Z
FLD01602,2024-06-05T19:42:14.000Z,Hau Giang,Quan 6,10.748268,106.63836,24.7,30,moderate,slow,43.5,traffic_camera,true,26.29,2024-06-05T19:00:00.000Z
FLD01421,2024-06-05T23:16:21.000Z,Hoa Binh,Tan Phu,10.803274,106.623027,24.1,90,moderate,slow,39.6,IoT_sensor,true,43.870000000000005,2024-06-05T23:00:00.000Z
FLD02280,2024-06-06T00:07:00.000Z,Nguyen Van Khoi,Go Vap,10.828058,106.695476,13.8,60,light,clear,30.9,monitoring_station,true,27.66,2024-06-06T00:00:00.000Z
FLD00875,2024-06-06T00:15:22.000Z,Ung Van Khiem,Binh Thanh,10.813109,106.712382,5.0,30,light,clear,5.1,user_report,true,12.5,2024-06-06T00:00:00.000Z
FLD00900,2024-06-06T13:03:57.000Z,Nguyen Huu Canh,Binh Thanh,10.788995,106.722403,5.1,60,light,clear,5.8,traffic_camera,true,21.57,2024-06-06T13:00:00.000Z
FLD01279,2024-06-07T01:24:35.000Z,Le Dinh Can,Binh Tan,10.765913,106.598444,9.1,240,light,clear,9.2,user_report,true,78.37,2024-06-07T01:00:00.000Z
FLD01387,2024-06-07T06:06:42.000Z,Thoai Ngoc Hau,Tan Phu,10.78625,106.630022,18.3,120,moderate,slow,35.0,user_report,true,48.81,2024-06-07T06:00:00.000Z
FLD01042,2024-06-07T08:29:24.000Z,Ba Thang Hai,Quan 10,10.774465,106.672212,78.7,60,severe,blocked,125.1,IoT_sensor,true,73.09,2024-06-07T08:00:00.000Z
FLD00123,2024-06-07T12:26:10.000Z,Le Van Luong,Quan 7,10.737597,106.703963,5.0,60,light,clear,11.1,monitoring_station,true,21.5,2024-06-07T12:00:00.000Z
FLD00507,2024-06-08T02:58:30.000Z,Huynh Tan Phat,Quan 7,10.729754,106.721142,18.1,90,moderate,slow,21.9,traffic_camera,true,39.67,2024-06-08T02:00:00.000Z
FLD00977,2024-06-08T11:34:12.000Z,To Ky,Quan 12,10.86641,106.631901,31.4,60,severe,blocked,55.0,user_report,true,39.98,2024-06-08T11:00:00.000Z
FLD02171,2024-06-08T15:02:36.000Z,Da Nam,Quan 8,10.74156,106.67377,20.9,90,moderate,slow,47.8,IoT_sensor,true,41.629999999999995,2024-06-08T15:00:00.000Z
FLD00159,2024-06-08T17:19:08.000Z,Linh Dong,Thu Duc,10.866223,106.765949,9.6,30,light,clear,20.4,IoT_sensor,true,15.719999999999999,2024-06-08T17:00:00.000Z
FLD01959,2024-06-09T03:59:19.000Z,Da Nam,Quan 8,10.743338,106.674985,6.6,240,light,clear,7.5,user_report,true,76.62,2024-06-09T03:00:00.000Z
FLD01768,2024-06-09T15:00:22.000Z,Ma Lo,Binh Tan,10.765095,106.611507,21.8,30,moderate,slow,25.5,monitoring_station,true,24.259999999999998,2024-06-09T15:00:00.000Z
FLD00355,2024-06-09T15:34:28.000Z,Linh Dong,Thu Duc,10.865092,106.765052,5.0,30,light,clear,8.7,IoT_sensor,true,12.5,2024-06-09T15:00:00.000Z
FLD02202,2024-06-09T22:08:22.000Z,An Duong Vuong,Quan 6,10.756415,106.643246,38.7,30,severe,blocked,49.9,monitoring_station,true,36.09,2024-06-09T22:00:00.000Z
FLD02140,2024-06-10T00:21:25.000Z,Nguyen Anh Thu,Quan 12,10.877822,106.642616,19.3,30,moderate,slow,46.7,traffic_camera,true,22.509999999999998,2024-06-10T00:00:00.000Z
FLD00216,2024-06-10T01:00:19.000Z,Ba Thang Hai,Quan 10,10.773207,106.671798,19.0,30,moderate,slow,29.9,IoT_sensor,true,22.299999999999997,2024-06-10T01:00:00.000Z
FLD00956,2024-06-10T03:13:56.000Z,Ung Van Khiem,Binh Thanh,10.812981,106.709541,5.0,240,light,clear,7.6,user_report,true,75.5,2024-06-10T03:00:00.000Z
FLD01135,2024-06-10T16:22:38.000Z,Thoai Ngoc Hau,Tan Phu,10.787294,106.629712,15.8,90,moderate,slow,12.6,user_report,true,38.06,2024-06-10T16:00:00.000Z
FLD00957,2024-06-12T00:18:45.000Z,Le Thi Rieng,Quan 12,10.861784,106.649244,5.9,90,light,clear,5.9,IoT_sensor,true,31.13,2024-06-12T00:00:00.000Z
FLD01302,2024-06-13T02:28:49.000Z,Pham The Hien,Quan 8,10.72787,106.682731,10.9,90,light,clear,10.5,traffic_camera,true,34.63,2024-06-13T02:00:00.000Z
FLD02301,2024-06-13T04:49:58.000Z,Nguyen Anh Thu,Quan 12,10.878579,106.646469,14.9,90,light,clear,13.9,monitoring_station,true,37.43,2024-06-13T04:00:00.000Z
FLD02236,2024-06-13T08:19:23.000Z,Lam Van Ben,Quan 7,10.719827,106.683526,10.3,30,light,clear,14.7,IoT_sensor,true,16.21,2024-06-13T08:00:00.000Z
FLD00618,2024-06-13T08:51:05.000Z,Nguyen Van Khoi,Go Vap,10.827199,106.695231,10.7,30,light,clear,15.2,traffic_camera,true,16.49,2024-06-13T08:00:00.000Z
FLD01348,2024-06-14T00:42:27.000Z,Pham Van Dong,Binh Thanh,10.818421,106.703503,13.7,60,light,clear,31.2,monitoring_station,true,27.589999999999996,2024-06-14T00:00:00.000Z
FLD00874,2024-06-14T00:55:32.000Z,To Ky,Quan 12,10.866855,106.632277,5.0,90,light,clear,4.1,user_report,true,30.5,2024-06-14T00:00:00.000Z
FLD00280,2024-06-14T12:58:17.000Z,Ta Quang Buu,Quan 8,10.743361,106.663153,5.0,120,light,clear,5.9,IoT_sensor,true,39.5,2024-06-14T12:00:00.000Z
FLD01014,2024-06-14T13:40:16.000Z,Hau Giang,Quan 6,10.747098,106.637875,11.4,240,light,clear,20.9,IoT_sensor,true,79.98,2024-06-14T13:00:00.000Z
FLD01686,2024-06-14T15:15:54.000Z,Le Van Viet,Thu Duc,10.846209,106.790666,29.1,30,moderate,slow,34.4,user_report,true,29.37,2024-06-14T15:00:00.000Z
FLD01546,2024-06-15T09:14:00.000Z,Vo Van Ngan,Thu Duc,10.852312,106.773022,7.0,90,light,clear,12.3,IoT_sensor,true,31.9,2024-06-15T09:00:00.000Z
FLD00581,2024-06-15T14:07:22.000Z,Tan Ky Tan Quy,Binh Tan,10.787444,106.603701,5.0,60,light,clear,4.0,IoT_sensor,true,21.5,2024-06-15T14:00:00.000Z
FLD01424,2024-06-15T19:10:24.000Z,Tam Binh,Thu Duc,10.86111,106.73676,11.8,120,light,clear,20.1,IoT_sensor,true,44.26,2024-06-15T19:00:00.000Z
FLD00970,2024-06-15T20:29:52.000Z,Phan Huy Ich,Go Vap,10.829422,106.673553,8.5,60,light,clear,14.5,IoT_sensor,true,23.95,2024-06-15T20:00:00.000Z
FLD00801,2024-06-16T14:20:15.000Z,Vo Van Kiet,Quan 1,10.763648,106.699135,15.2,30,moderate,slow,28.3,IoT_sensor,true,19.64,2024-06-16T14:00:00.000Z
FLD00840,2024-06-16T23:39:29.000Z,Le Thi Rieng,Quan 12,10.859981,106.64826,9.3,120,light,clear,21.9,monitoring_station,true,42.51,2024-06-16T23:00:00.000Z
FLD01189,2024-06-18T07:50:12.000Z,An Duong Vuong,Quan 6,10.754745,106.646423,31.1,60,severe,blocked,60.3,IoT_sensor,true,39.769999999999996,2024-06-18T07:00:00.000Z
FLD00046,2024-06-18T20:17:12.000Z,Ung Van Khiem,Binh Thanh,10.810362,106.712088,11.3,30,light,clear,21.8,traffic_camera,true,16.91,2024-06-18T20:00:00.000Z
FLD01115,2024-06-19T22:16:26.000Z,Tran Nao,Quan 2,10.783645,106.73456,7.0,180,light,clear,13.0,monitoring_station,true,58.9,2024-06-19T22:00:00.000Z
FLD00435,2024-06-20T01:57:18.000Z,Hoa Binh,Tan Phu,10.804084,106.62172,16.3,60,moderate,slow,37.0,user_report,true,29.41,2024-06-20T01:00:00.000Z
FLD00798,2024-06-20T10:53:13.000Z,Le Thi Rieng,Quan 12,10.859769,106.648111,39.3,60,severe,blocked,77.5,IoT_sensor,true,45.51,2024-06-20T10:00:00.000Z
FLD00896,2024-06-20T12:27:04.000Z,Nguyen Anh Thu,Quan 12,10.87601,106.644152,18.9,60,moderate,slow,45.3,monitoring_station,true,31.229999999999997,2024-06-20T12:00:00.000Z
FLD01586,2024-06-20T19:20:43.000Z,Nguyen Anh Thu,Quan 12,10.877212,106.644303,79.6,90,severe,blocked,87.2,user_report,true,82.72,2024-06-20T19:00:00.000Z
FLD00412,2024-06-21T08:46:27.000Z,CMT8,Quan 3,10.78218,106.680256,10.3,90,light,clear,10.9,IoT_sensor,true,34.21,2024-06-21T08:00:00.000Z
FLD01588,2024-06-21T09:56:35.000Z,Kinh Duong Vuong,Quan 6,10.742959,106.613879,15.4,180,moderate,slow,35.5,IoT_sensor,true,64.78,2024-06-21T09:00:00.000Z
FLD01446,2024-06-22T19:22:11.000Z,Thoai Ngoc Hau,Tan Phu,10.785316,106.630065,8.9,30,light,clear,13.9,user_report,true,15.23,2024-06-22T19:00:00.000Z
FLD01343,2024-06-23T01:50:57.000Z,Pham The Hien,Quan 8,10.726452,106.682671,25.5,30,moderate,slow,47.0,IoT_sensor,true,26.849999999999998,2024-06-23T01:00:00.000Z
FLD00262,2024-06-24T09:15:35.000Z,Phan Huy Ich,Go Vap,10.829503,106.674456,28.9,60,moderate,slow,62.2,IoT_sensor,true,38.23,2024-06-24T09:00:00.000Z
FLD02341,2024-06-25T18:38:49.000Z,An Duong Vuong,Quan 6,10.752959,106.645533,6.4,120,light,clear,6.7,IoT_sensor,true,40.48,2024-06-25T18:00:00.000Z
FLD00021,2024-06-25T21:26:38.000Z,Ta Quang Buu,Quan 8,10.742878,106.665487,30.1,60,severe,blocked,57.9,monitoring_station,true,39.07,2024-06-25T21:00:00.000Z
FLD02391,2024-06-26T07:39:56.000Z,Nguyen Huu Canh,Binh Thanh,10.78937,106.722557,39.8,240,severe,blocked,76.0,monitoring_station,true,99.86,2024-06-26T07:00:00.000Z
FLD01408,2024-06-26T09:52:37.000Z,Tran Xuan Soan,Quan 7,10.749876,106.699123,11.7,30,light,clear,15.5,user_report,true,17.189999999999998,2024-06-26T09:00:00.000Z
FLD00271,2024-06-26T13:21:32.000Z,Nguyen Trai,Quan 5,10.756249,106.665524,19.3,90,moderate,slow,34.7,traffic_camera,true,40.51,2024-06-26T13:00:00.000Z
FLD01956,2024-06-27T02:10:56.000Z,Tran Xuan Soan,Quan 7,10.751644,106.697508,16.4,30,moderate,slow,24.6,user_report,true,20.479999999999997,2024-06-27T02:00:00.000Z
FLD00562,2024-06-27T06:08:31.000Z,Nguyen Thi Thap,Quan 7,10.741911,106.713722,13.5,120,light,clear,23.4,IoT_sensor,true,45.45,2024-06-27T06:00:00.000Z
FLD01335,2024-06-27T15:26:17.000Z,Nguyen Trai,Quan 5,10.755371,106.663607,5.0,30,light,clear,11.8,traffic_camera,true,12.5,2024-06-27T15:00:00.000Z
FLD01726,2024-06-28T15:04:26.000Z,Xo Viet Nghe Tinh,Binh Thanh,10.807535,106.71041,5.1,30,light,clear,12.2,user_report,true,12.57,2024-06-28T15:00:00.000Z
FLD01749,2024-06-29T05:18:26.000Z,Vo Van Ngan,Thu Duc,10.850557,106.771422,25.4,30,moderate,slow,43.3,IoT_sensor,true,26.779999999999998,2024-06-29T05:00:00.000Z
FLD01127,2024-06-29T14:38:29.000Z,Kha Van Can,Thu Duc,10.849725,106.754168,24.3,30,moderate,slow,57.5,user_report,true,26.009999999999998,2024-06-29T14:00:00.000Z
FLD00807,2024-06-29T18:05:50.000Z,Nguyen Van Khoi,Go Vap,10.826718,106.692782,6.5,120,light,clear,5.4,user_report,true,40.55,2024-06-29T18:00:00.000Z
FLD00181,2024-06-30T00:10:45.000Z,Nguyen Trai,Quan 5,10.755282,106.66414,23.4,60,moderate,slow,33.5,user_report,true,34.379999999999995,2024-06-30T00:00:00.000Z
FLD00944,2024-06-30T01:39:51.000Z,Nguyen Anh Thu,Quan 12,10.875524,106.642573,30.4,60,severe,blocked,71.6,IoT_sensor,true,39.28,2024-06-30T01:00:00.000Z
FLD01625,2024-06-30T02:20:15.000Z,Ung Van Khiem,Binh Thanh,10.810183,106.711853,11.0,90,light,clear,17.5,user_report,true,34.7,2024-06-30T02:00:00.000Z
FLD01178,2024-06-30T04:35:21.000Z,Huynh Tan Phat,Quan 7,10.727993,106.724236,26.0,180,moderate,slow,39.9,monitoring_station,true,72.2,2024-06-30T04:00:00.000Z
FLD00042,2024-06-30T11:57:52.000Z,CMT8,Quan 3,10.783245,106.680252,24.1,60,moderate,slow,25.7,IoT_sensor,true,34.870000000000005,2024-06-30T11:00:00.000Z
FLD01756,2024-07-01T00:12:11.000Z,No Trang Long,Binh Thanh,10.815996,106.696801,26.3,30,moderate,slow,29.9,IoT_sensor,true,27.41,2024-07-01T00:00:00.000Z
FLD01147,2024-07-01T14:31:12.000Z,Thoai Ngoc Hau,Tan Phu,10.785273,106.627984,13.9,90,light,clear,11.2,IoT_sensor,true,36.730000000000004,2024-07-01T14:00:00.000Z
FLD02193,2024-07-02T06:23:04.000Z,CMT8,Quan 3,10.782046,106.681066,9.5,120,light,clear,10.9,IoT_sensor,true,42.65,2024-07-02T06:00:00.000Z
FLD00859,2024-07-02T13:18:07.000Z,Ta Quang Buu,Quan 8,10.743464,106.665793,10.4,30,light,clear,16.1,user_report,true,16.28,2024-07-02T13:00:00.000Z
FLD00385,2024-07-02T21:24:30.000Z,Le Van Viet,Thu Duc,10.846005,106.790672,6.2,60,light,clear,5.0,monitoring_station,true,22.34,2024-07-02T21:00:00.000Z
FLD01435,2024-07-02T23:05:10.000Z,Linh Dong,Thu Duc,10.864726,106.767197,6.7,60,light,clear,8.6,monitoring_station,true,22.689999999999998,2024-07-02T23:00:00.000Z
FLD01741,2024-07-03T01:49:32.000Z,Vo Van Kiet,Quan 1,10.763741,106.696562,23.3,90,moderate,slow,25.3,user_report,true,43.31,2024-07-03T01:00:00.000Z
FLD00904,2024-07-03T05:04:14.000Z,Tan Ky Tan Quy,Binh Tan,10.789579,106.601794,26.3,60,moderate,slow,45.8,IoT_sensor,true,36.41,2024-07-03T05:00:00.000Z
FLD00313,2024-07-03T15:19:17.000Z,Tran Nao,Quan 2,10.78263,106.736887,6.5,90,light,clear,5.5,IoT_sensor,true,31.55,2024-07-03T15:00:00.000Z
FLD00911,2024-07-03T21:01:43.000Z,Ta Quang Buu,Quan 8,10.746424,106.663537,15.5,30,moderate,slow,17.7,IoT_sensor,true,19.85,2024-07-03T21:00:00.000Z
FLD02160,2024-07-03T22:19:59.000Z,To Ky,Quan 12,10.868292,106.633469,10.2,30,light,clear,12.7,user_report,true,16.14,2024-07-03T22:00:00.000Z
FLD01362,2024-07-04T07:33:32.000Z,Kinh Duong Vuong,Quan 6,10.743335,106.614309,18.0,60,moderate,slow,27.2,monitoring_station,true,30.6,2024-07-04T07:00:00.000Z
FLD00763,2024-07-04T23:48:23.000Z,Ta Quang Buu,Quan 8,10.745094,106.664754,5.0,60,light,clear,8.4,IoT_sensor,true,21.5,2024-07-04T23:00:00.000Z
FLD00999,2024-07-05T01:31:18.000Z,Ba Thang Hai,Quan 10,10.774213,106.672234,5.0,180,light,clear,5.2,IoT_sensor,true,57.5,2024-07-05T01:00:00.000Z
FLD01744,2024-07-05T03:41:41.000Z,Nguyen Thi Thap,Quan 7,10.742811,106.716021,5.5,30,light,clear,13.1,traffic_camera,true,12.85,2024-07-05T03:00:00.000Z
FLD00379,2024-07-05T20:49:26.000Z,Thoai Ngoc Hau,Tan Phu,10.787135,106.627036,31.3,60,severe,blocked,52.0,IoT_sensor,true,39.91,2024-07-05T20:00:00.000Z
FLD02118,2024-07-06T06:23:16.000Z,Nguyen Huu Canh,Binh Thanh,10.787978,106.723271,10.8,60,light,clear,25.0,monitoring_station,true,25.56,2024-07-06T06:00:00.000Z
FLD01584,2024-07-06T08:38:59.000Z,Ung Van Khiem,Binh Thanh,10.812445,106.70931,38.0,60,severe,blocked,84.8,IoT_sensor,true,44.599999999999994,2024-07-06T08:00:00.000Z
FLD01699,2024-07-06T11:44:19.000Z,Ma Lo,Binh Tan,10.761814,106.615421,20.0,180,moderate,slow,19.7,IoT_sensor,true,68.0,2024-07-06T11:00:00.000Z
FLD00065,2024-07-07T07:11:10.000Z,Binh Long,Tan Phu,10.799094,106.617169,21.4,60,moderate,slow,36.5,user_report,true,32.98,2024-07-07T07:00:00.000Z
FLD00751,2024-07-07T13:23:09.000Z,To Ky,Quan 12,10.864676,106.631864,13.3,120,light,clear,20.0,monitoring_station,true,45.31,2024-07-07T13:00:00.000Z
FLD00330,2024-07-08T11:45:49.000Z,Tan Ky Tan Quy,Binh Tan,10.787233,106.602377,19.0,60,moderate,slow,24.4,IoT_sensor,true,31.299999999999997,2024-07-08T11:00:00.000Z
FLD00990,2024-07-08T16:50:03.000Z,Nguyen Thi Thap,Quan 7,10.741122,106.715225,24.8,30,moderate,slow,41.0,IoT_sensor,true,26.36,2024-07-08T16:00:00.000Z
FLD01160,2024-07-09T07:26:50.000Z,Do Xuan Hop,Thu Duc,10.833679,106.780644,39.7,60,severe,blocked,98.5,IoT_sensor,true,45.79,2024-07-09T07:00:00.000Z
FLD02388,2024-07-09T09:03:08.000Z,Le Thi Rieng,Quan 12,10.860564,106.648144,5.0,90,light,clear,10.2,IoT_sensor,true,30.5,2024-07-09T09:00:00.000Z
FLD02349,2024-07-10T09:34:09.000Z,Lam Van Ben,Quan 7,10.716537,106.684561,16.2,30,moderate,slow,22.8,IoT_sensor,true,20.339999999999996,2024-07-10T09:00:00.000Z
FLD01856,2024-07-12T20:52:11.000Z,Binh Long,Tan Phu,10.799465,106.615342,14.3,60,light,clear,24.6,user_report,true,28.009999999999998,2024-07-12T20:00:00.000Z
FLD01058,2024-07-13T11:07:28.000Z,To Ky,Quan 12,10.866536,106.629831,40.5,30,severe,blocked,38.3,user_report,true,37.349999999999994,2024-07-13T11:00:00.000Z
FLD02023,2024-07-13T14:59:24.000Z,Vo Van Kiet,Quan 1,10.764056,106.7,5.0,30,light,clear,5.7,monitoring_station,true,12.5,2024-07-13T14:00:00.000Z
FLD00247,2024-07-14T05:35:26.000Z,Ba Thang Hai,Quan 10,10.774165,106.66926,6.7,180,light,clear,9.4,IoT_sensor,true,58.69,2024-07-14T05:00:00.000Z
FLD02177,2024-07-14T13:20:11.000Z,To Ky,Quan 12,10.868436,106.633484,29.8,30,moderate,slow,48.3,user_report,true,29.86,2024-07-14T13:00:00.000Z
FLD02044,2024-07-14T16:23:37.000Z,Da Nam,Quan 8,10.740333,106.674389,29.8,90,moderate,slow,29.0,IoT_sensor,true,47.86,2024-07-14T16:00:00.000Z
FLD01812,2024-07-15T12:00:51.000Z,Kinh Duong Vuong,Quan 6,10.745489,106.616312,40.8,120,severe,blocked,99.5,monitoring_station,true,64.56,2024-07-15T12:00:00.000Z
FLD00212,2024-07-15T13:17:24.000Z,Nguyen Trai,Quan 5,10.754787,106.665711,6.4,30,light,clear,10.0,user_report,true,13.48,2024-07-15T13:00:00.000Z
FLD01653,2024-07-15T13:26:56.000Z,Huynh Tan Phat,Quan 7,10.726926,106.723627,13.4,120,light,clear,28.1,IoT_sensor,true,45.379999999999995,2024-07-15T13:00:00.000Z
FLD01760,2024-07-15T21:28:38.000Z,Tran Xuan Soan,Quan 7,10.750265,106.70047,19.7,30,moderate,slow,26.8,traffic_camera,true,22.79,2024-07-15T21:00:00.000Z
FLD00071,2024-07-16T12:14:48.000Z,Huynh Tan Phat,Quan 7,10.729353,106.723595,23.1,60,moderate,slow,22.8,IoT_sensor,true,34.17,2024-07-16T12:00:00.000Z
FLD00026,2024-07-16T13:48:16.000Z,Vo Van Kiet,Quan 1,10.764365,106.698884,5.2,90,light,clear,5.4,IoT_sensor,true,30.64,2024-07-16T13:00:00.000Z
FLD01687,2024-07-17T08:13:56.000Z,Phan Huy Ich,Go Vap,10.82778,106.671812,49.9,30,severe,blocked,58.7,monitoring_station,true,43.93,2024-07-17T08:00:00.000Z
FLD00812,2024-07-17T23:44:42.000Z,Pham Van Dong,Binh Thanh,10.818047,106.70162,14.8,30,light,clear,15.0,monitoring_station,true,19.36,2024-07-17T23:00:00.000Z
FLD01998,2024-07-18T02:09:00.000Z,Le Dinh Can,Binh Tan,10.767952,106.594509,25.6,60,moderate,slow,32.5,IoT_sensor,true,35.92,2024-07-18T02:00:00.000Z
FLD01849,2024-07-18T21:37:07.000Z,Nguyen Huu Canh,Binh Thanh,10.789342,106.723357,15.7,90,moderate,slow,31.4,IoT_sensor,true,37.989999999999995,2024-07-18T21:00:00.000Z
FLD02181,2024-07-20T03:38:48.000Z,Ba Thang Hai,Quan 10,10.775953,106.669985,49.9,30,severe,blocked,109.4,monitoring_station,true,43.93,2024-07-20T03:00:00.000Z
FLD00685,2024-07-20T15:25:57.000Z,Nguyen Thi Thap,Quan 7,10.74191,106.715341,20.2,60,moderate,slow,46.8,user_report,true,32.14,2024-07-20T15:00:00.000Z
FLD01213,2024-07-20T18:26:28.000Z,Tan Ky Tan Quy,Binh Tan,10.789112,106.603369,49.7,90,severe,blocked,39.8,monitoring_station,true,61.79,2024-07-20T18:00:00.000Z
FLD00278,2024-07-20T18:58:49.000Z,An Duong Vuong,Quan 6,10.755232,106.646302,15.2,30,moderate,slow,25.0,monitoring_station,true,19.64,2024-07-20T18:00:00.000Z
FLD01916,2024-07-22T11:55:31.000Z,Phan Huy Ich,Go Vap,10.830972,106.674478,8.3,30,light,clear,18.1,IoT_sensor,true,14.81,2024-07-22T11:00:00.000Z
FLD02275,2024-07-22T23:23:24.000Z,Tam Binh,Thu Duc,10.861512,106.739713,20.0,90,moderate,slow,27.0,IoT_sensor,true,41.0,2024-07-22T23:00:00.000Z
FLD00099,2024-07-23T00:05:05.000Z,To Ky,Quan 12,10.867238,106.630858,13.8,60,light,clear,14.1,IoT_sensor,true,27.66,2024-07-23T00:00:00.000Z
FLD00424,2024-07-23T04:29:44.000Z,Nguyen Van Khoi,Go Vap,10.828061,106.693211,25.3,30,moderate,slow,22.9,user_report,true,26.71,2024-07-23T04:00:00.000Z
FLD01229,2024-07-23T07:46:44.000Z,Xo Viet Nghe Tinh,Binh Thanh,10.806881,106.713094,5.0,90,light,clear,6.4,IoT_sensor,true,30.5,2024-07-23T07:00:00.000Z
FLD00667,2024-07-23T13:45:38.000Z,Vo Van Kiet,Quan 1,10.760744,106.698495,31.3,60,severe,blocked,55.3,IoT_sensor,true,39.91,2024-07-23T13:00:00.000Z
FLD01734,2024-07-23T15:26:39.000Z,Tran Xuan Soan,Quan 7,10.749627,106.698943,13.9,90,light,clear,20.7,IoT_sensor,true,36.730000000000004,2024-07-23T15:00:00.000Z
FLD00793,2024-07-23T18:51:52.000Z,Pham The Hien,Quan 8,10.726125,106.683188,14.2,90,light,clear,17.0,IoT_sensor,true,36.94,2024-07-23T18:00:00.000Z
FLD01894,2024-07-25T10:12:45.000Z,Linh Dong,Thu Duc,10.863651,106.765427,29.5,30,moderate,slow,37.6,user_report,true,29.65,2024-07-25T10:00:00.000Z
FLD00899,2024-07-25T13:16:41.000Z,Le Dinh Can,Binh Tan,10.768461,106.594678,5.0,30,light,clear,4.6,IoT_sensor,true,12.5,2024-07-25T13:00:00.000Z
FLD01403,2024-07-25T15:05:07.000Z,Nguyen Thi Thap,Quan 7,10.742415,106.717311,20.1,60,moderate,slow,41.3,IoT_sensor,true,32.07,2024-07-25T15:00:00.000Z
FLD00107,2024-07-25T19:45:26.000Z,Ung Van Khiem,Binh Thanh,10.811738,106.709027,31.1,60,severe,blocked,52.9,user_report,true,39.769999999999996,2024-07-25T19:00:00.000Z
FLD02363,2024-07-26T00:04:41.000Z,Nguyen Thi Thap,Quan 7,10.742869,106.713844,9.3,180,light,clear,12.5,monitoring_station,true,60.51,2024-07-26T00:00:00.000Z
FLD01989,2024-07-26T04:10:54.000Z,Vo Van Kiet,Quan 1,10.763515,106.700204,48.7,120,severe,blocked,91.0,IoT_sensor,true,70.09,2024-07-26T04:00:00.000Z
FLD00105,2024-07-26T17:56:05.000Z,Nguyen Van Khoi,Go Vap,10.828154,106.693299,6.6,30,light,clear,14.8,IoT_sensor,true,13.62,2024-07-26T17:00:00.000Z
FLD02334,2024-07-27T01:15:44.000Z,Tran Nao,Quan 2,10.785039,106.7357,16.0,90,moderate,slow,36.4,traffic_camera,true,38.2,2024-07-27T01:00:00.000Z
FLD00707,2024-07-27T11:49:15.000Z,Kinh Duong Vuong,Quan 6,10.744977,106.614936,14.9,60,light,clear,25.1,user_report,true,28.43,2024-07-27T11:00:00.000Z
FLD01089,2024-07-27T23:23:05.000Z,Tan Ky Tan Quy,Binh Tan,10.789974,106.603261,13.2,90,light,clear,27.0,user_report,true,36.239999999999995,2024-07-27T23:00:00.000Z
FLD00440,2024-07-28T11:14:08.000Z,Pham Van Dong,Binh Thanh,10.818084,106.701762,18.3,90,moderate,slow,44.1,traffic_camera,true,39.81,2024-07-28T11:00:00.000Z
FLD02233,2024-07-29T17:57:04.000Z,Tran Xuan Soan,Quan 7,10.751764,106.698402,8.3,240,light,clear,19.8,IoT_sensor,true,77.81,2024-07-29T17:00:00.000Z
FLD00115,2024-07-30T09:26:22.000Z,Lam Van Ben,Quan 7,10.720128,106.684177,11.0,60,light,clear,22.3,user_report,true,25.7,2024-07-30T09:00:00.000Z
FLD00192,2024-07-30T15:32:36.000Z,An Duong Vuong,Quan 6,10.75596,106.642624,10.8,90,light,clear,9.7,user_report,true,34.56,2024-07-30T15:00:00.000Z
FLD02292,2024-07-30T19:49:07.000Z,Ung Van Khiem,Binh Thanh,10.8107,106.708921,10.1,60,light,clear,13.0,traffic_camera,true,25.07,2024-07-30T19:00:00.000Z
FLD01179,2024-07-31T08:07:42.000Z,Hau Giang,Quan 6,10.746013,106.638708,23.8,30,moderate,slow,24.8,monitoring_station,true,25.66,2024-07-31T08:00:00.000Z
FLD00757,2024-07-31T22:10:32.000Z,Quang Trung,Go Vap,10.838007,106.663269,16.2,30,moderate,slow,22.3,IoT_sensor,true,20.339999999999996,2024-07-31T22:00:00.000Z
FLD01353,2024-08-01T06:29:53.000Z,Le Van Viet,Thu Duc,10.846238,106.791222,9.8,180,light,clear,14.2,IoT_sensor,true,60.86,2024-08-01T06:00:00.000Z
FLD00044,2024-08-01T14:49:56.000Z,Ta Quang Buu,Quan 8,10.742549,106.664317,6.4,90,light,clear,11.5,IoT_sensor,true,31.48,2024-08-01T14:00:00.000Z
FLD00364,2024-08-01T19:54:13.000Z,Tran Xuan Soan,Quan 7,10.752779,106.698434,6.8,90,light,clear,13.6,user_report,true,31.759999999999998,2024-08-01T19:00:00.000Z
FLD00702,2024-08-02T03:02:47.000Z,Ung Van Khiem,Binh Thanh,10.812401,106.709424,5.8,60,light,clear,11.6,user_report,true,22.06,2024-08-02T03:00:00.000Z
FLD00621,2024-08-02T14:56:09.000Z,Tran Xuan Soan,Quan 7,10.751207,106.699665,21.8,90,moderate,slow,35.6,IoT_sensor,true,42.26,2024-08-02T14:00:00.000Z
FLD01407,2024-08-02T19:24:41.000Z,Tam Binh,Thu Duc,10.862788,106.738166,10.2,90,light,clear,15.9,IoT_sensor,true,34.14,2024-08-02T19:00:00.000Z
FLD00316,2024-08-02T20:52:34.000Z,Tam Binh,Thu Duc,10.860981,106.737338,9.5,30,light,clear,14.6,monitoring_station,true,15.649999999999999,2024-08-02T20:00:00.000Z
FLD01692,2024-08-02T23:03:36.000Z,Nguyen Van Qua,Quan 12,10.85615,106.663202,25.6,180,moderate,slow,42.5,IoT_sensor,true,71.92,2024-08-02T23:00:00.000Z
FLD02220,2024-08-03T01:04:29.000Z,Tan Ky Tan Quy,Binh Tan,10.788798,106.602241,20.1,90,moderate,slow,42.7,IoT_sensor,true,41.07,2024-08-03T01:00:00.000Z
FLD00442,2024-08-03T05:34:39.000Z,Pham Van Dong,Binh Thanh,10.817058,106.702474,5.1,30,light,clear,5.8,IoT_sensor,true,12.57,2024-08-03T05:00:00.000Z
FLD00100,2024-08-03T20:52:38.000Z,Nguyen Huu Canh,Binh Thanh,10.786743,106.721588,8.4,120,light,clear,10.7,monitoring_station,true,41.88,2024-08-03T20:00:00.000Z
FLD00819,2024-08-04T06:52:31.000Z,Linh Dong,Thu Duc,10.865791,106.765693,26.7,180,moderate,slow,59.5,IoT_sensor,true,72.69,2024-08-04T06:00:00.000Z
FLD00474,2024-08-04T15:41:12.000Z,Nguyen Van Qua,Quan 12,10.854547,106.662192,11.8,180,light,clear,25.8,IoT_sensor,true,62.26,2024-08-04T15:00:00.000Z
FLD01815,2024-08-05T00:31:49.000Z,To Ky,Quan 12,10.86578,106.629537,6.6,60,light,clear,11.3,IoT_sensor,true,22.619999999999997,2024-08-05T00:00:00.000Z
FLD02358,2024-08-06T06:04:32.000Z,Huynh Tan Phat,Quan 7,10.72701,106.721391,23.3,60,moderate,slow,19.9,IoT_sensor,true,34.31,2024-08-06T06:00:00.000Z
FLD00428,2024-08-06T10:12:50.000Z,Ung Van Khiem,Binh Thanh,10.811111,106.709967,15.9,90,moderate,slow,20.4,IoT_sensor,true,38.129999999999995,2024-08-06T10:00:00.000Z
FLD00556,2024-08-06T16:00:34.000Z,Tan Ky Tan Quy,Binh Tan,10.786675,106.602258,10.5,30,light,clear,22.1,user_report,true,16.35,2024-08-06T16:00:00.000Z
FLD01264,2024-08-07T00:31:05.000Z,Huynh Tan Phat,Quan 7,10.729095,106.72127,5.0,180,light,clear,9.1,IoT_sensor,true,57.5,2024-08-07T00:00:00.000Z
FLD00629,2024-08-07T09:33:27.000Z,To Ky,Quan 12,10.866613,106.63002,41.2,30,severe,blocked,62.3,user_report,true,37.84,2024-08-07T09:00:00.000Z
FLD01027,2024-08-07T14:12:35.000Z,Xo Viet Nghe Tinh,Binh Thanh,10.807383,106.710958,10.0,30,light,clear,14.4,IoT_sensor,true,16.0,2024-08-07T14:00:00.000Z
FLD02187,2024-08-07T14:29:13.000Z,Vo Van Ngan,Thu Duc,10.852214,106.772813,5.0,60,light,clear,7.8,IoT_sensor,true,21.5,2024-08-07T14:00:00.000Z
FLD00651,2024-08-07T15:30:33.000Z,Hoa Binh,Tan Phu,10.804907,106.620623,6.3,90,light,clear,11.0,user_report,true,31.41,2024-08-07T15:00:00.000Z
FLD01100,2024-08-07T18:13:30.000Z,Ung Van Khiem,Binh Thanh,10.812397,106.711334,21.7,30,moderate,slow,43.6,IoT_sensor,true,24.189999999999998,2024-08-07T18:00:00.000Z
FLD00012,2024-08-08T03:00:38.000Z,Tran Xuan Soan,Quan 7,10.751297,106.697589,30.8,60,severe,blocked,65.4,traffic_camera,true,39.56,2024-08-08T03:00:00.000Z
FLD01834,2024-08-08T06:53:40.000Z,Hau Giang,Quan 6,10.747562,106.637983,10.2,30,light,clear,11.0,IoT_sensor,true,16.14,2024-08-08T06:00:00.000Z
FLD01472,2024-08-08T23:35:28.000Z,Vo Van Ngan,Thu Duc,10.849489,106.772816,11.5,30,light,clear,9.5,monitoring_station,true,17.049999999999997,2024-08-08T23:00:00.000Z
FLD02137,2024-08-09T10:40:38.000Z,To Ky,Quan 12,10.867861,106.632322,5.7,30,light,clear,10.6,IoT_sensor,true,12.99,2024-08-09T10:00:00.000Z
FLD00403,2024-08-09T13:48:44.000Z,Le Van Luong,Quan 7,10.738041,106.70619,19.1,60,moderate,slow,37.0,monitoring_station,true,31.37,2024-08-09T13:00:00.000Z
FLD01614,2024-08-09T14:28:53.000Z,Quang Trung,Go Vap,10.836385,106.664832,21.8,180,moderate,slow,23.1,IoT_sensor,true,69.26,2024-08-09T14:00:00.000Z
FLD01225,2024-08-10T01:41:52.000Z,No Trang Long,Binh Thanh,10.817247,106.697011,24.0,90,moderate,slow,52.9,IoT_sensor,true,43.8,2024-08-10T01:00:00.000Z
FLD02345,2024-08-10T16:55:23.000Z,CMT8,Quan 3,10.781996,106.680723,15.0,60,moderate,slow,27.0,IoT_sensor,true,28.5,2024-08-10T16:00:00.000Z
FLD00367,2024-08-10T19:12:15.000Z,Nguyen Huu Canh,Binh Thanh,10.787024,106.723498,25.0,60,moderate,slow,60.1,IoT_sensor,true,35.5,2024-08-10T19:00:00.000Z
FLD01963,2024-08-10T23:08:25.000Z,Huynh Tan Phat,Quan 7,10.72934,106.72177,15.7,90,moderate,slow,23.1,user_report,true,37.989999999999995,2024-08-10T23:00:00.000Z
FLD00679,2024-08-11T01:42:59.000Z,Le Dinh Can,Binh Tan,10.765545,106.598308,48.5,60,severe,blocked,45.8,user_report,true,51.949999999999996,2024-08-11T01:00:00.000Z
FLD00452,2024-08-11T02:50:08.000Z,Thoai Ngoc Hau,Tan Phu,10.787281,106.63014,18.6,90,moderate,slow,39.8,IoT_sensor,true,40.019999999999996,2024-08-11T02:00:00.000Z
FLD00773,2024-08-11T06:31:03.000Z,Ba Thang Hai,Quan 10,10.773959,106.672136,5.5,90,light,clear,7.1,user_report,true,30.85,2024-08-11T06:00:00.000Z
FLD01903,2024-08-12T09:42:37.000Z,Vo Van Kiet,Quan 1,10.761568,106.700184,8.3,180,light,clear,20.0,IoT_sensor,true,59.81,2024-08-12T09:00:00.000Z
FLD00069,2024-08-12T22:32:31.000Z,Kinh Duong Vuong,Quan 6,10.741664,106.616609,59.2,90,severe,blocked,82.2,user_report,true,68.44,2024-08-12T22:00:00.000Z
FLD01485,2024-08-13T01:12:29.000Z,Kinh Duong Vuong,Quan 6,10.741609,106.615545,9.0,60,light,clear,17.5,IoT_sensor,true,24.3,2024-08-13T01:00:00.000Z
FLD00511,2024-08-13T16:28:15.000Z,Tran Nao,Quan 2,10.78309,106.736992,8.8,240,light,clear,9.8,IoT_sensor,true,78.16,2024-08-13T16:00:00.000Z
FLD00362,2024-08-13T21:04:15.000Z,Kha Van Can,Thu Duc,10.850735,106.754761,14.1,60,light,clear,30.6,IoT_sensor,true,27.869999999999997,2024-08-13T21:00:00.000Z
FLD02300,2024-08-14T09:08:22.000Z,Pham The Hien,Quan 8,10.72927,106.684144,15.4,90,moderate,slow,29.6,monitoring_station,true,37.78,2024-08-14T09:00:00.000Z
FLD00806,2024-08-14T17:22:28.000Z,Nguyen Anh Thu,Quan 12,10.877293,106.646132,15.1,120,moderate,slow,25.9,user_report,true,46.57,2024-08-14T17:00:00.000Z
FLD02121,2024-08-14T20:36:24.000Z,Tam Binh,Thu Duc,10.861946,106.736624,13.2,90,light,clear,21.5,IoT_sensor,true,36.239999999999995,2024-08-14T20:00:00.000Z
FLD01208,2024-08-14T23:08:39.000Z,Nguyen Trai,Quan 5,10.755431,106.664484,13.6,120,light,clear,33.9,IoT_sensor,true,45.519999999999996,2024-08-14T23:00:00.000Z
FLD01492,2024-08-15T01:57:31.000Z,Ung Van Khiem,Binh Thanh,10.812722,106.711816,13.7,240,light,clear,21.1,traffic_camera,true,81.59,2024-08-15T01:00:00.000Z
FLD02037,2024-08-16T02:11:15.000Z,Huynh Tan Phat,Quan 7,10.727968,106.723479,9.9,60,light,clear,21.5,user_report,true,24.93,2024-08-16T02:00:00.000Z
FLD02102,2024-08-16T06:40:40.000Z,Quang Trung,Go Vap,10.839725,106.664915,38.3,180,severe,blocked,43.0,IoT_sensor,true,80.81,2024-08-16T06:00:00.000Z
FLD00908,2024-08-16T18:29:43.000Z,Nguyen Anh Thu,Quan 12,10.875802,106.646073,9.6,240,light,clear,17.3,user_report,true,78.72,2024-08-16T18:00:00.000Z
FLD00127,2024-08-17T02:28:56.000Z,Kha Van Can,Thu Duc,10.85265,106.755828,9.8,60,light,clear,19.0,IoT_sensor,true,24.86,2024-08-17T02:00:00.000Z
FLD00749,2024-08-17T07:28:36.000Z,Nguyen Van Khoi,Go Vap,10.826742,106.691534,5.4,120,light,clear,9.8,IoT_sensor,true,39.78,2024-08-17T07:00:00.000Z
FLD01039,2024-08-17T11:26:05.000Z,Nguyen Thi Thap,Quan 7,10.740742,106.717432,6.1,60,light,clear,12.4,IoT_sensor,true,22.27,2024-08-17T11:00:00.000Z
FLD01321,2024-08-17T17:13:43.000Z,Nguyen Trai,Quan 5,10.757693,106.662632,6.2,30,light,clear,6.6,user_report,true,13.34,2024-08-17T17:00:00.000Z
FLD01745,2024-08-17T23:41:19.000Z,Tran Nao,Quan 2,10.783224,106.73735,21.9,60,moderate,slow,53.9,IoT_sensor,true,33.33,2024-08-17T23:00:00.000Z
FLD00802,2024-08-18T14:20:10.000Z,Nguyen Van Khoi,Go Vap,10.827355,106.692293,23.3,90,moderate,slow,29.5,user_report,true,43.31,2024-08-18T14:00:00.000Z
FLD02191,2024-08-18T19:48:16.000Z,Nguyen Huu Canh,Binh Thanh,10.787274,106.719597,24.3,60,moderate,slow,43.1,IoT_sensor,true,35.01,2024-08-18T19:00:00.000Z
FLD00625,2024-08-19T00:57:58.000Z,Ung Van Khiem,Binh Thanh,10.812939,106.711575,14.2,90,light,clear,11.6,user_report,true,36.94,2024-08-19T00:00:00.000Z
FLD00930,2024-08-19T23:32:59.000Z,Le Dinh Can,Binh Tan,10.765324,106.596121,6.0,60,light,clear,9.1,IoT_sensor,true,22.2,2024-08-19T23:00:00.000Z
FLD00352,2024-08-20T11:42:37.000Z,Hau Giang,Quan 6,10.745254,106.637807,48.6,90,severe,blocked,95.9,user_report,true,61.019999999999996,2024-08-20T11:00:00.000Z
FLD00094,2024-08-21T05:01:19.000Z,Ba Thang Hai,Quan 10,10.772876,106.672059,15.1,30,moderate,slow,25.4,monitoring_station,true,19.57,2024-08-21T05:00:00.000Z
FLD01794,2024-08-21T09:42:27.000Z,Tam Binh,Thu Duc,10.861945,106.738321,9.0,30,light,clear,9.0,IoT_sensor,true,15.3,2024-08-21T09:00:00.000Z
FLD01619,2024-08-21T22:54:31.000Z,Vo Van Kiet,Quan 1,10.763094,106.696799,49.3,30,severe,blocked,80.1,IoT_sensor,true,43.51,2024-08-21T22:00:00.000Z
FLD02343,2024-08-22T03:50:20.000Z,Nguyen Trai,Quan 5,10.754866,106.66631,16.6,240,moderate,slow,33.9,user_report,true,83.62,2024-08-22T03:00:00.000Z
FLD01021,2024-08-22T04:47:21.000Z,Linh Dong,Thu Duc,10.864581,106.764534,25.4,120,moderate,slow,40.4,user_report,true,53.78,2024-08-22T04:00:00.000Z
FLD02127,2024-08-22T06:57:34.000Z,Hau Giang,Quan 6,10.74776,106.638027,30.8,120,severe,blocked,32.9,IoT_sensor,true,57.56,2024-08-22T06:00:00.000Z
FLD02303,2024-08-22T13:01:45.000Z,Nguyen Anh Thu,Quan 12,10.878123,106.645228,16.2,60,moderate,slow,35.6,monitoring_station,true,29.339999999999996,2024-08-22T13:00:00.000Z
FLD01188,2024-08-22T13:46:42.000Z,Le Van Luong,Quan 7,10.736379,106.705919,30.0,30,severe,blocked,63.6,IoT_sensor,true,30.0,2024-08-22T13:00:00.000Z
FLD00465,2024-08-22T16:34:11.000Z,Nguyen Anh Thu,Quan 12,10.879175,106.645727,21.6,90,moderate,slow,43.0,IoT_sensor,true,42.12,2024-08-22T16:00:00.000Z
FLD02124,2024-08-23T01:09:19.000Z,Ta Quang Buu,Quan 8,10.743009,106.665845,19.2,60,moderate,slow,47.5,IoT_sensor,true,31.439999999999998,2024-08-23T01:00:00.000Z
FLD00566,2024-08-23T05:36:37.000Z,Tran Xuan Soan,Quan 7,10.753479,106.698722,39.2,60,severe,blocked,54.3,monitoring_station,true,45.44,2024-08-23T05:00:00.000Z
FLD01218,2024-08-23T18:39:01.000Z,Lam Van Ben,Quan 7,10.718553,106.686277,8.8,240,light,clear,15.1,user_report,true,78.16,2024-08-23T18:00:00.000Z
FLD02375,2024-08-24T00:08:26.000Z,Huynh Tan Phat,Quan 7,10.727249,106.721997,5.0,180,light,clear,9.2,user_report,true,57.5,2024-08-24T00:00:00.000Z
FLD02049,2024-08-24T13:48:36.000Z,To Ky,Quan 12,10.865876,106.630049,16.3,30,moderate,slow,14.9,user_report,true,20.41,2024-08-24T13:00:00.000Z
FLD00061,2024-08-24T16:25:43.000Z,Tan Ky Tan Quy,Binh Tan,10.78682,106.603521,16.4,240,moderate,slow,25.6,IoT_sensor,true,83.48,2024-08-24T16:00:00.000Z
FLD00444,2024-08-25T11:31:56.000Z,Phan Huy Ich,Go Vap,10.827557,106.670881,81.9,60,severe,blocked,110.6,IoT_sensor,true,75.33,2024-08-25T11:00:00.000Z
FLD01334,2024-08-25T19:15:47.000Z,Le Van Luong,Quan 7,10.738322,106.703711,5.0,30,light,clear,10.5,traffic_camera,true,12.5,2024-08-25T19:00:00.000Z
FLD01499,2024-08-26T09:26:39.000Z,Nguyen Huu Canh,Binh Thanh,10.787049,106.721204,11.1,120,light,clear,20.6,IoT_sensor,true,43.769999999999996,2024-08-26T09:00:00.000Z
FLD01185,2024-08-26T14:53:56.000Z,Nguyen Anh Thu,Quan 12,10.87591,106.643284,23.9,90,moderate,slow,20.3,IoT_sensor,true,43.73,2024-08-26T14:00:00.000Z
FLD00183,2024-08-27T00:49:03.000Z,Thoai Ngoc Hau,Tan Phu,10.785658,106.629684,23.4,60,moderate,slow,26.1,IoT_sensor,true,34.379999999999995,2024-08-27T00:00:00.000Z
FLD01305,2024-08-27T02:29:09.000Z,Ta Quang Buu,Quan 8,10.745537,106.665939,9.7,180,light,clear,10.3,IoT_sensor,true,60.79,2024-08-27T02:00:00.000Z
FLD01286,2024-08-27T05:44:23.000Z,Le Van Viet,Thu Duc,10.845658,106.789721,11.6,120,light,clear,15.9,IoT_sensor,true,44.12,2024-08-27T05:00:00.000Z
FLD02288,2024-08-27T07:55:39.000Z,Tran Xuan Soan,Quan 7,10.752049,106.70023,15.3,180,moderate,slow,32.6,user_report,true,64.71,2024-08-27T07:00:00.000Z
FLD00504,2024-08-27T14:05:03.000Z,Quang Trung,Go Vap,10.838665,106.665963,24.3,90,moderate,slow,40.2,user_report,true,44.01,2024-08-27T14:00:00.000Z
FLD02211,2024-08-27T22:33:20.000Z,Nguyen Trai,Quan 5,10.755336,106.666341,11.8,30,light,clear,29.3,user_report,true,17.259999999999998,2024-08-27T22:00:00.000Z
FLD00799,2024-08-28T10:02:57.000Z,Vo Van Kiet,Quan 1,10.762471,106.699684,8.7,90,light,clear,11.0,user_report,true,33.089999999999996,2024-08-28T10:00:00.000Z
FLD01094,2024-08-28T19:51:52.000Z,Ta Quang Buu,Quan 8,10.743516,106.665293,10.2,120,light,clear,14.7,IoT_sensor,true,43.14,2024-08-28T19:00:00.000Z
FLD01940,2024-08-29T03:13:56.000Z,Nguyen Huu Canh,Binh Thanh,10.787452,106.722625,11.8,30,light,clear,20.4,user_report,true,17.259999999999998,2024-08-29T03:00:00.000Z
FLD01752,2024-08-29T15:03:41.000Z,Huynh Tan Phat,Quan 7,10.729887,106.720786,21.8,30,moderate,slow,21.8,user_report,true,24.259999999999998,2024-08-29T15:00:00.000Z
FLD01476,2024-08-29T15:43:11.000Z,Binh Long,Tan Phu,10.801499,106.616569,11.9,90,light,clear,29.1,traffic_camera,true,35.33,2024-08-29T15:00:00.000Z
FLD00395,2024-08-29T20:40:44.000Z,Vo Van Kiet,Quan 1,10.76167,106.699696,6.4,120,light,clear,8.9,user_report,true,40.48,2024-08-29T20:00:00.000Z
FLD01846,2024-08-30T04:37:36.000Z,Kha Van Can,Thu Duc,10.85135,106.755255,25.5,180,moderate,slow,54.2,user_report,true,71.85,2024-08-30T04:00:00.000Z
FLD01192,2024-08-30T09:26:38.000Z,Xo Viet Nghe Tinh,Binh Thanh,10.808338,106.713438,20.4,120,moderate,slow,34.3,monitoring_station,true,50.28,2024-08-30T09:00:00.000Z
FLD01232,2024-08-30T11:39:05.000Z,Le Dinh Can,Binh Tan,10.767212,106.595999,25.4,120,moderate,slow,44.2,user_report,true,53.78,2024-08-30T11:00:00.000Z
FLD00179,2024-08-30T19:36:40.000Z,Ta Quang Buu,Quan 8,10.743512,106.665603,9.1,240,light,clear,13.9,IoT_sensor,true,78.37,2024-08-30T19:00:00.000Z
FLD00826,2024-08-30T22:06:06.000Z,Kha Van Can,Thu Duc,10.849858,106.753931,30.6,90,severe,blocked,25.0,IoT_sensor,true,48.42,2024-08-30T22:00:00.000Z
